fold,role,row_position,repo_id,repo_full_name,cutoff_week,target_end_week,target_value
1,train,0,858127,pandas-dev/pandas,2010-09-20 00:00:00+00:00,2010-10-18 00:00:00+00:00,25.0
1,train,1,858127,pandas-dev/pandas,2010-09-27 00:00:00+00:00,2010-10-25 00:00:00+00:00,33.0
1,train,2,858127,pandas-dev/pandas,2010-10-04 00:00:00+00:00,2010-11-01 00:00:00+00:00,30.0
1,train,3,858127,pandas-dev/pandas,2010-10-11 00:00:00+00:00,2010-11-08 00:00:00+00:00,32.0
1,train,4,858127,pandas-dev/pandas,2010-10-18 00:00:00+00:00,2010-11-15 00:00:00+00:00,32.0
1,train,5,858127,pandas-dev/pandas,2010-10-25 00:00:00+00:00,2010-11-22 00:00:00+00:00,26.0
1,train,6,858127,pandas-dev/pandas,2010-11-01 00:00:00+00:00,2010-11-29 00:00:00+00:00,27.0
1,train,7,858127,pandas-dev/pandas,2010-11-08 00:00:00+00:00,2010-12-06 00:00:00+00:00,26.0
1,train,8,858127,pandas-dev/pandas,2010-11-15 00:00:00+00:00,2010-12-13 00:00:00+00:00,27.0
1,train,9,858127,pandas-dev/pandas,2010-11-22 00:00:00+00:00,2010-12-20 00:00:00+00:00,26.0
1,train,10,858127,pandas-dev/pandas,2010-11-29 00:00:00+00:00,2010-12-27 00:00:00+00:00,23.0
1,train,11,858127,pandas-dev/pandas,2010-12-06 00:00:00+00:00,2011-01-03 00:00:00+00:00,26.0
1,train,12,858127,pandas-dev/pandas,2010-12-13 00:00:00+00:00,2011-01-10 00:00:00+00:00,29.0
1,train,13,858127,pandas-dev/pandas,2010-12-20 00:00:00+00:00,2011-01-17 00:00:00+00:00,27.0
1,train,14,858127,pandas-dev/pandas,2010-12-27 00:00:00+00:00,2011-01-24 00:00:00+00:00,30.0
1,train,15,858127,pandas-dev/pandas,2011-01-03 00:00:00+00:00,2011-01-31 00:00:00+00:00,27.0
1,train,16,858127,pandas-dev/pandas,2011-01-10 00:00:00+00:00,2011-02-07 00:00:00+00:00,22.0
1,train,17,858127,pandas-dev/pandas,2011-01-17 00:00:00+00:00,2011-02-14 00:00:00+00:00,27.0
1,train,18,858127,pandas-dev/pandas,2011-01-24 00:00:00+00:00,2011-02-21 00:00:00+00:00,22.0
1,train,19,858127,pandas-dev/pandas,2011-01-31 00:00:00+00:00,2011-02-28 00:00:00+00:00,22.0
1,train,20,858127,pandas-dev/pandas,2011-02-07 00:00:00+00:00,2011-03-07 00:00:00+00:00,19.0
1,train,21,858127,pandas-dev/pandas,2011-02-14 00:00:00+00:00,2011-03-14 00:00:00+00:00,16.0
1,train,22,858127,pandas-dev/pandas,2011-02-21 00:00:00+00:00,2011-03-21 00:00:00+00:00,18.0
1,train,23,858127,pandas-dev/pandas,2011-02-28 00:00:00+00:00,2011-03-28 00:00:00+00:00,23.0
1,train,24,858127,pandas-dev/pandas,2011-03-07 00:00:00+00:00,2011-04-04 00:00:00+00:00,28.0
1,train,25,858127,pandas-dev/pandas,2011-03-14 00:00:00+00:00,2011-04-11 00:00:00+00:00,33.0
1,train,26,858127,pandas-dev/pandas,2011-03-21 00:00:00+00:00,2011-04-18 00:00:00+00:00,35.0
1,train,27,858127,pandas-dev/pandas,2011-03-28 00:00:00+00:00,2011-04-25 00:00:00+00:00,32.0
1,train,28,858127,pandas-dev/pandas,2011-04-04 00:00:00+00:00,2011-05-02 00:00:00+00:00,31.0
1,train,29,858127,pandas-dev/pandas,2011-04-11 00:00:00+00:00,2011-05-09 00:00:00+00:00,25.0
1,train,30,858127,pandas-dev/pandas,2011-04-18 00:00:00+00:00,2011-05-16 00:00:00+00:00,28.0
1,train,31,858127,pandas-dev/pandas,2011-04-25 00:00:00+00:00,2011-05-23 00:00:00+00:00,27.0
1,train,32,858127,pandas-dev/pandas,2011-05-02 00:00:00+00:00,2011-05-30 00:00:00+00:00,24.0
1,train,33,858127,pandas-dev/pandas,2011-05-09 00:00:00+00:00,2011-06-06 00:00:00+00:00,25.0
1,train,34,858127,pandas-dev/pandas,2011-05-16 00:00:00+00:00,2011-06-13 00:00:00+00:00,22.0
1,train,35,858127,pandas-dev/pandas,2011-05-23 00:00:00+00:00,2011-06-20 00:00:00+00:00,22.0
1,train,36,858127,pandas-dev/pandas,2011-05-30 00:00:00+00:00,2011-06-27 00:00:00+00:00,28.0
1,train,37,858127,pandas-dev/pandas,2011-06-06 00:00:00+00:00,2011-07-04 00:00:00+00:00,29.0
1,train,38,858127,pandas-dev/pandas,2011-06-13 00:00:00+00:00,2011-07-11 00:00:00+00:00,28.0
1,train,39,858127,pandas-dev/pandas,2011-06-20 00:00:00+00:00,2011-07-18 00:00:00+00:00,26.0
1,train,40,858127,pandas-dev/pandas,2011-06-27 00:00:00+00:00,2011-07-25 00:00:00+00:00,22.0
1,train,41,858127,pandas-dev/pandas,2011-07-04 00:00:00+00:00,2011-08-01 00:00:00+00:00,19.0
1,train,42,858127,pandas-dev/pandas,2011-07-11 00:00:00+00:00,2011-08-08 00:00:00+00:00,16.0
1,train,43,858127,pandas-dev/pandas,2011-07-18 00:00:00+00:00,2011-08-15 00:00:00+00:00,16.0
1,train,44,858127,pandas-dev/pandas,2011-07-25 00:00:00+00:00,2011-08-22 00:00:00+00:00,17.0
1,train,45,858127,pandas-dev/pandas,2011-08-01 00:00:00+00:00,2011-08-29 00:00:00+00:00,18.0
1,train,46,858127,pandas-dev/pandas,2011-08-08 00:00:00+00:00,2011-09-05 00:00:00+00:00,21.0
1,train,47,858127,pandas-dev/pandas,2011-08-15 00:00:00+00:00,2011-09-12 00:00:00+00:00,22.0
1,train,48,858127,pandas-dev/pandas,2011-08-22 00:00:00+00:00,2011-09-19 00:00:00+00:00,22.0
1,train,49,858127,pandas-dev/pandas,2011-08-29 00:00:00+00:00,2011-09-26 00:00:00+00:00,23.0
1,train,50,858127,pandas-dev/pandas,2011-09-05 00:00:00+00:00,2011-10-03 00:00:00+00:00,25.0
1,train,51,858127,pandas-dev/pandas,2011-09-12 00:00:00+00:00,2011-10-10 00:00:00+00:00,26.0
1,train,52,858127,pandas-dev/pandas,2011-09-19 00:00:00+00:00,2011-10-17 00:00:00+00:00,25.0
1,train,53,858127,pandas-dev/pandas,2011-09-26 00:00:00+00:00,2011-10-24 00:00:00+00:00,21.0
1,train,54,858127,pandas-dev/pandas,2011-10-03 00:00:00+00:00,2011-10-31 00:00:00+00:00,19.0
1,train,55,858127,pandas-dev/pandas,2011-10-10 00:00:00+00:00,2011-11-07 00:00:00+00:00,16.0
1,train,56,858127,pandas-dev/pandas,2011-10-17 00:00:00+00:00,2011-11-14 00:00:00+00:00,19.0
1,train,57,858127,pandas-dev/pandas,2011-10-24 00:00:00+00:00,2011-11-21 00:00:00+00:00,22.0
1,train,58,858127,pandas-dev/pandas,2011-10-31 00:00:00+00:00,2011-11-28 00:00:00+00:00,22.0
1,train,59,858127,pandas-dev/pandas,2011-11-07 00:00:00+00:00,2011-12-05 00:00:00+00:00,27.0
1,train,60,858127,pandas-dev/pandas,2011-11-14 00:00:00+00:00,2011-12-12 00:00:00+00:00,23.0
1,train,61,858127,pandas-dev/pandas,2011-11-21 00:00:00+00:00,2011-12-19 00:00:00+00:00,25.0
1,train,62,858127,pandas-dev/pandas,2011-11-28 00:00:00+00:00,2011-12-26 00:00:00+00:00,22.0
1,train,63,858127,pandas-dev/pandas,2011-12-05 00:00:00+00:00,2012-01-02 00:00:00+00:00,24.0
1,train,64,858127,pandas-dev/pandas,2011-12-12 00:00:00+00:00,2012-01-09 00:00:00+00:00,28.0
1,train,65,858127,pandas-dev/pandas,2011-12-19 00:00:00+00:00,2012-01-16 00:00:00+00:00,26.0
1,train,66,858127,pandas-dev/pandas,2011-12-26 00:00:00+00:00,2012-01-23 00:00:00+00:00,28.0
1,train,67,858127,pandas-dev/pandas,2012-01-02 00:00:00+00:00,2012-01-30 00:00:00+00:00,24.0
1,train,68,858127,pandas-dev/pandas,2012-01-09 00:00:00+00:00,2012-02-06 00:00:00+00:00,22.0
1,train,69,858127,pandas-dev/pandas,2012-01-16 00:00:00+00:00,2012-02-13 00:00:00+00:00,20.0
1,train,70,858127,pandas-dev/pandas,2012-01-23 00:00:00+00:00,2012-02-20 00:00:00+00:00,23.0
1,train,71,858127,pandas-dev/pandas,2012-01-30 00:00:00+00:00,2012-02-27 00:00:00+00:00,22.0
1,train,72,858127,pandas-dev/pandas,2012-02-06 00:00:00+00:00,2012-03-05 00:00:00+00:00,21.0
1,train,73,858127,pandas-dev/pandas,2012-02-13 00:00:00+00:00,2012-03-12 00:00:00+00:00,25.0
1,train,74,858127,pandas-dev/pandas,2012-02-20 00:00:00+00:00,2012-03-19 00:00:00+00:00,22.0
1,train,75,858127,pandas-dev/pandas,2012-02-27 00:00:00+00:00,2012-03-26 00:00:00+00:00,19.0
1,train,76,858127,pandas-dev/pandas,2012-03-05 00:00:00+00:00,2012-04-02 00:00:00+00:00,18.0
1,train,77,858127,pandas-dev/pandas,2012-03-12 00:00:00+00:00,2012-04-09 00:00:00+00:00,18.0
1,train,78,858127,pandas-dev/pandas,2012-03-19 00:00:00+00:00,2012-04-16 00:00:00+00:00,16.0
1,train,79,858127,pandas-dev/pandas,2012-03-26 00:00:00+00:00,2012-04-23 00:00:00+00:00,21.0
1,train,80,858127,pandas-dev/pandas,2012-04-02 00:00:00+00:00,2012-04-30 00:00:00+00:00,20.0
1,train,81,858127,pandas-dev/pandas,2012-04-09 00:00:00+00:00,2012-05-07 00:00:00+00:00,16.0
1,train,82,858127,pandas-dev/pandas,2012-04-16 00:00:00+00:00,2012-05-14 00:00:00+00:00,16.0
1,train,83,858127,pandas-dev/pandas,2012-04-23 00:00:00+00:00,2012-05-21 00:00:00+00:00,13.0
1,train,84,858127,pandas-dev/pandas,2012-04-30 00:00:00+00:00,2012-05-28 00:00:00+00:00,14.0
1,train,85,858127,pandas-dev/pandas,2012-05-07 00:00:00+00:00,2012-06-04 00:00:00+00:00,16.0
1,train,86,858127,pandas-dev/pandas,2012-05-14 00:00:00+00:00,2012-06-11 00:00:00+00:00,17.0
1,train,87,858127,pandas-dev/pandas,2012-05-21 00:00:00+00:00,2012-06-18 00:00:00+00:00,23.0
1,train,88,858127,pandas-dev/pandas,2012-05-28 00:00:00+00:00,2012-06-25 00:00:00+00:00,20.0
1,train,89,858127,pandas-dev/pandas,2012-06-04 00:00:00+00:00,2012-07-02 00:00:00+00:00,19.0
1,train,90,858127,pandas-dev/pandas,2012-06-11 00:00:00+00:00,2012-07-09 00:00:00+00:00,18.0
1,train,91,858127,pandas-dev/pandas,2012-06-18 00:00:00+00:00,2012-07-16 00:00:00+00:00,16.0
1,train,92,858127,pandas-dev/pandas,2012-06-25 00:00:00+00:00,2012-07-23 00:00:00+00:00,21.0
1,train,93,858127,pandas-dev/pandas,2012-07-02 00:00:00+00:00,2012-07-30 00:00:00+00:00,23.0
1,train,94,858127,pandas-dev/pandas,2012-07-09 00:00:00+00:00,2012-08-06 00:00:00+00:00,22.0
1,train,95,858127,pandas-dev/pandas,2012-07-16 00:00:00+00:00,2012-08-13 00:00:00+00:00,15.0
1,train,96,858127,pandas-dev/pandas,2012-07-23 00:00:00+00:00,2012-08-20 00:00:00+00:00,10.0
1,train,104,1644196,JuliaLang/julia,2011-05-16 00:00:00+00:00,2011-06-13 00:00:00+00:00,37.0
1,train,105,1644196,JuliaLang/julia,2011-05-23 00:00:00+00:00,2011-06-20 00:00:00+00:00,46.0
1,train,106,1644196,JuliaLang/julia,2011-05-30 00:00:00+00:00,2011-06-27 00:00:00+00:00,41.0
1,train,107,1644196,JuliaLang/julia,2011-06-06 00:00:00+00:00,2011-07-04 00:00:00+00:00,35.0
1,train,108,1644196,JuliaLang/julia,2011-06-13 00:00:00+00:00,2011-07-11 00:00:00+00:00,25.0
1,train,109,1644196,JuliaLang/julia,2011-06-20 00:00:00+00:00,2011-07-18 00:00:00+00:00,19.0
1,train,110,1644196,JuliaLang/julia,2011-06-27 00:00:00+00:00,2011-07-25 00:00:00+00:00,19.0
1,train,111,1644196,JuliaLang/julia,2011-07-04 00:00:00+00:00,2011-08-01 00:00:00+00:00,18.0
1,train,112,1644196,JuliaLang/julia,2011-07-11 00:00:00+00:00,2011-08-08 00:00:00+00:00,23.0
1,train,113,1644196,JuliaLang/julia,2011-07-18 00:00:00+00:00,2011-08-15 00:00:00+00:00,31.0
1,train,114,1644196,JuliaLang/julia,2011-07-25 00:00:00+00:00,2011-08-22 00:00:00+00:00,31.0
1,train,115,1644196,JuliaLang/julia,2011-08-01 00:00:00+00:00,2011-08-29 00:00:00+00:00,32.0
1,train,116,1644196,JuliaLang/julia,2011-08-08 00:00:00+00:00,2011-09-05 00:00:00+00:00,37.0
1,train,117,1644196,JuliaLang/julia,2011-08-15 00:00:00+00:00,2011-09-12 00:00:00+00:00,29.0
1,train,118,1644196,JuliaLang/julia,2011-08-22 00:00:00+00:00,2011-09-19 00:00:00+00:00,34.0
1,train,119,1644196,JuliaLang/julia,2011-08-29 00:00:00+00:00,2011-09-26 00:00:00+00:00,41.0
1,train,120,1644196,JuliaLang/julia,2011-09-05 00:00:00+00:00,2011-10-03 00:00:00+00:00,37.0
1,train,121,1644196,JuliaLang/julia,2011-09-12 00:00:00+00:00,2011-10-10 00:00:00+00:00,36.0
1,train,122,1644196,JuliaLang/julia,2011-09-19 00:00:00+00:00,2011-10-17 00:00:00+00:00,31.0
1,train,123,1644196,JuliaLang/julia,2011-09-26 00:00:00+00:00,2011-10-24 00:00:00+00:00,24.0
1,train,124,1644196,JuliaLang/julia,2011-10-03 00:00:00+00:00,2011-10-31 00:00:00+00:00,21.0
1,train,125,1644196,JuliaLang/julia,2011-10-10 00:00:00+00:00,2011-11-07 00:00:00+00:00,23.0
1,train,126,1644196,JuliaLang/julia,2011-10-17 00:00:00+00:00,2011-11-14 00:00:00+00:00,23.0
1,train,127,1644196,JuliaLang/julia,2011-10-24 00:00:00+00:00,2011-11-21 00:00:00+00:00,24.0
1,train,128,1644196,JuliaLang/julia,2011-10-31 00:00:00+00:00,2011-11-28 00:00:00+00:00,29.0
1,train,129,1644196,JuliaLang/julia,2011-11-07 00:00:00+00:00,2011-12-05 00:00:00+00:00,30.0
1,train,130,1644196,JuliaLang/julia,2011-11-14 00:00:00+00:00,2011-12-12 00:00:00+00:00,35.0
1,train,131,1644196,JuliaLang/julia,2011-11-21 00:00:00+00:00,2011-12-19 00:00:00+00:00,33.0
1,train,132,1644196,JuliaLang/julia,2011-11-28 00:00:00+00:00,2011-12-26 00:00:00+00:00,26.0
1,train,133,1644196,JuliaLang/julia,2011-12-05 00:00:00+00:00,2012-01-02 00:00:00+00:00,25.0
1,train,134,1644196,JuliaLang/julia,2011-12-12 00:00:00+00:00,2012-01-09 00:00:00+00:00,25.0
1,train,135,1644196,JuliaLang/julia,2011-12-19 00:00:00+00:00,2012-01-16 00:00:00+00:00,30.0
1,train,136,1644196,JuliaLang/julia,2011-12-26 00:00:00+00:00,2012-01-23 00:00:00+00:00,31.0
1,train,144,5108051,opencv/opencv,2012-08-13 00:00:00+00:00,2012-09-10 00:00:00+00:00,7.0
1,train,145,5108051,opencv/opencv,2012-08-20 00:00:00+00:00,2012-09-17 00:00:00+00:00,5.0
1,train,146,5108051,opencv/opencv,2012-08-27 00:00:00+00:00,2012-09-24 00:00:00+00:00,5.0
1,train,147,5108051,opencv/opencv,2012-09-03 00:00:00+00:00,2012-10-01 00:00:00+00:00,5.0
1,train,148,5108051,opencv/opencv,2012-09-10 00:00:00+00:00,2012-10-08 00:00:00+00:00,4.0
1,train,149,5108051,opencv/opencv,2012-09-17 00:00:00+00:00,2012-10-15 00:00:00+00:00,8.0
1,train,150,5108051,opencv/opencv,2012-09-24 00:00:00+00:00,2012-10-22 00:00:00+00:00,8.0
1,train,151,5108051,opencv/opencv,2012-10-01 00:00:00+00:00,2012-10-29 00:00:00+00:00,8.0
1,train,152,5108051,opencv/opencv,2012-12-24 00:00:00+00:00,2013-01-21 00:00:00+00:00,7.0
1,train,153,5108051,opencv/opencv,2013-02-04 00:00:00+00:00,2013-03-04 00:00:00+00:00,72.0
1,train,154,5108051,opencv/opencv,2013-02-11 00:00:00+00:00,2013-03-11 00:00:00+00:00,71.0
1,train,155,5108051,opencv/opencv,2013-02-18 00:00:00+00:00,2013-03-18 00:00:00+00:00,87.0
1,train,156,5108051,opencv/opencv,2013-02-25 00:00:00+00:00,2013-03-25 00:00:00+00:00,81.0
1,train,157,5108051,opencv/opencv,2013-03-04 00:00:00+00:00,2013-04-01 00:00:00+00:00,84.0
1,train,158,5108051,opencv/opencv,2013-03-11 00:00:00+00:00,2013-04-08 00:00:00+00:00,93.0
1,train,159,5108051,opencv/opencv,2013-03-18 00:00:00+00:00,2013-04-15 00:00:00+00:00,105.0
1,train,160,5108051,opencv/opencv,2013-03-25 00:00:00+00:00,2013-04-22 00:00:00+00:00,120.0
1,train,161,5108051,opencv/opencv,2013-04-01 00:00:00+00:00,2013-04-29 00:00:00+00:00,115.0
1,train,162,5108051,opencv/opencv,2013-04-08 00:00:00+00:00,2013-05-06 00:00:00+00:00,108.0
1,train,163,5108051,opencv/opencv,2013-04-15 00:00:00+00:00,2013-05-13 00:00:00+00:00,82.0
1,train,164,5108051,opencv/opencv,2013-04-22 00:00:00+00:00,2013-05-20 00:00:00+00:00,63.0
1,train,165,5108051,opencv/opencv,2013-04-29 00:00:00+00:00,2013-05-27 00:00:00+00:00,73.0
1,train,166,5108051,opencv/opencv,2013-05-06 00:00:00+00:00,2013-06-03 00:00:00+00:00,80.0
1,train,167,5108051,opencv/opencv,2013-05-13 00:00:00+00:00,2013-06-10 00:00:00+00:00,87.0
1,train,168,5108051,opencv/opencv,2013-05-20 00:00:00+00:00,2013-06-17 00:00:00+00:00,96.0
1,train,169,5108051,opencv/opencv,2013-05-27 00:00:00+00:00,2013-06-24 00:00:00+00:00,95.0
1,train,170,5108051,opencv/opencv,2013-06-03 00:00:00+00:00,2013-07-01 00:00:00+00:00,101.0
1,train,171,5108051,opencv/opencv,2013-06-10 00:00:00+00:00,2013-07-08 00:00:00+00:00,105.0
1,train,172,5108051,opencv/opencv,2013-06-17 00:00:00+00:00,2013-07-15 00:00:00+00:00,103.0
1,train,173,5108051,opencv/opencv,2013-06-24 00:00:00+00:00,2013-07-22 00:00:00+00:00,101.0
1,train,181,5625464,pyenv/pyenv,2013-02-25 00:00:00+00:00,2013-03-25 00:00:00+00:00,12.0
1,train,182,5625464,pyenv/pyenv,2013-03-04 00:00:00+00:00,2013-04-01 00:00:00+00:00,10.0
1,train,183,5625464,pyenv/pyenv,2013-03-11 00:00:00+00:00,2013-04-08 00:00:00+00:00,10.0
1,train,184,5625464,pyenv/pyenv,2013-03-18 00:00:00+00:00,2013-04-15 00:00:00+00:00,9.0
1,train,185,5625464,pyenv/pyenv,2013-03-25 00:00:00+00:00,2013-04-22 00:00:00+00:00,8.0
1,train,186,5625464,pyenv/pyenv,2013-04-01 00:00:00+00:00,2013-04-29 00:00:00+00:00,8.0
1,train,187,5625464,pyenv/pyenv,2013-04-08 00:00:00+00:00,2013-05-06 00:00:00+00:00,10.0
1,train,188,5625464,pyenv/pyenv,2013-04-15 00:00:00+00:00,2013-05-13 00:00:00+00:00,15.0
1,train,189,5625464,pyenv/pyenv,2013-04-22 00:00:00+00:00,2013-05-20 00:00:00+00:00,16.0
1,train,190,5625464,pyenv/pyenv,2013-04-29 00:00:00+00:00,2013-05-27 00:00:00+00:00,18.0
1,train,191,5625464,pyenv/pyenv,2013-05-06 00:00:00+00:00,2013-06-03 00:00:00+00:00,17.0
1,train,192,5625464,pyenv/pyenv,2013-05-13 00:00:00+00:00,2013-06-10 00:00:00+00:00,16.0
1,train,193,5625464,pyenv/pyenv,2013-05-20 00:00:00+00:00,2013-06-17 00:00:00+00:00,19.0
1,train,194,5625464,pyenv/pyenv,2013-05-27 00:00:00+00:00,2013-06-24 00:00:00+00:00,20.0
1,train,195,5625464,pyenv/pyenv,2013-06-03 00:00:00+00:00,2013-07-01 00:00:00+00:00,24.0
1,train,196,5625464,pyenv/pyenv,2013-06-10 00:00:00+00:00,2013-07-08 00:00:00+00:00,25.0
1,train,197,5625464,pyenv/pyenv,2013-06-17 00:00:00+00:00,2013-07-15 00:00:00+00:00,44.0
1,train,198,5625464,pyenv/pyenv,2013-06-24 00:00:00+00:00,2013-07-22 00:00:00+00:00,60.0
1,train,199,5625464,pyenv/pyenv,2013-07-01 00:00:00+00:00,2013-07-29 00:00:00+00:00,72.0
1,train,200,5625464,pyenv/pyenv,2013-07-08 00:00:00+00:00,2013-08-05 00:00:00+00:00,89.0
1,train,201,5625464,pyenv/pyenv,2013-07-15 00:00:00+00:00,2013-08-12 00:00:00+00:00,91.0
1,train,202,5625464,pyenv/pyenv,2013-07-22 00:00:00+00:00,2013-08-19 00:00:00+00:00,89.0
1,train,203,5625464,pyenv/pyenv,2013-07-29 00:00:00+00:00,2013-08-26 00:00:00+00:00,88.0
1,train,204,5625464,pyenv/pyenv,2013-08-05 00:00:00+00:00,2013-09-02 00:00:00+00:00,87.0
1,train,205,5625464,pyenv/pyenv,2013-08-12 00:00:00+00:00,2013-09-09 00:00:00+00:00,79.0
1,train,206,5625464,pyenv/pyenv,2013-08-19 00:00:00+00:00,2013-09-16 00:00:00+00:00,67.0
1,train,207,5625464,pyenv/pyenv,2013-08-26 00:00:00+00:00,2013-09-23 00:00:00+00:00,65.0
1,train,208,5625464,pyenv/pyenv,2013-09-02 00:00:00+00:00,2013-09-30 00:00:00+00:00,66.0
1,train,209,5625464,pyenv/pyenv,2013-09-09 00:00:00+00:00,2013-10-07 00:00:00+00:00,59.0
1,train,210,5625464,pyenv/pyenv,2013-09-16 00:00:00+00:00,2013-10-14 00:00:00+00:00,141.0
1,train,211,5625464,pyenv/pyenv,2013-09-23 00:00:00+00:00,2013-10-21 00:00:00+00:00,158.0
1,train,212,5625464,pyenv/pyenv,2013-09-30 00:00:00+00:00,2013-10-28 00:00:00+00:00,159.0
1,train,213,5625464,pyenv/pyenv,2013-10-07 00:00:00+00:00,2013-11-04 00:00:00+00:00,165.0
1,train,214,5625464,pyenv/pyenv,2013-10-14 00:00:00+00:00,2013-11-11 00:00:00+00:00,106.0
1,train,215,5625464,pyenv/pyenv,2013-10-21 00:00:00+00:00,2013-11-18 00:00:00+00:00,93.0
1,train,216,5625464,pyenv/pyenv,2013-10-28 00:00:00+00:00,2013-11-25 00:00:00+00:00,100.0
1,train,217,5625464,pyenv/pyenv,2013-11-04 00:00:00+00:00,2013-12-02 00:00:00+00:00,98.0
1,train,218,5625464,pyenv/pyenv,2013-11-11 00:00:00+00:00,2013-12-09 00:00:00+00:00,93.0
1,train,219,5625464,pyenv/pyenv,2013-11-18 00:00:00+00:00,2013-12-16 00:00:00+00:00,86.0
1,train,220,5625464,pyenv/pyenv,2013-11-25 00:00:00+00:00,2013-12-23 00:00:00+00:00,66.0
1,train,221,5625464,pyenv/pyenv,2013-12-02 00:00:00+00:00,2013-12-30 00:00:00+00:00,74.0
1,train,222,5625464,pyenv/pyenv,2013-12-09 00:00:00+00:00,2014-01-06 00:00:00+00:00,70.0
1,train,223,5625464,pyenv/pyenv,2013-12-16 00:00:00+00:00,2014-01-13 00:00:00+00:00,90.0
1,train,224,5625464,pyenv/pyenv,2013-12-23 00:00:00+00:00,2014-01-20 00:00:00+00:00,98.0
1,train,225,5625464,pyenv/pyenv,2013-12-30 00:00:00+00:00,2014-01-27 00:00:00+00:00,91.0
1,train,226,5625464,pyenv/pyenv,2014-01-06 00:00:00+00:00,2014-02-03 00:00:00+00:00,86.0
1,train,227,5625464,pyenv/pyenv,2014-01-13 00:00:00+00:00,2014-02-10 00:00:00+00:00,67.0
1,train,228,5625464,pyenv/pyenv,2014-01-20 00:00:00+00:00,2014-02-17 00:00:00+00:00,59.0
1,train,229,5625464,pyenv/pyenv,2014-01-27 00:00:00+00:00,2014-02-24 00:00:00+00:00,56.0
1,train,230,5625464,pyenv/pyenv,2014-02-03 00:00:00+00:00,2014-03-03 00:00:00+00:00,66.0
1,train,231,5625464,pyenv/pyenv,2014-02-10 00:00:00+00:00,2014-03-10 00:00:00+00:00,73.0
1,train,232,5625464,pyenv/pyenv,2014-02-17 00:00:00+00:00,2014-03-17 00:00:00+00:00,81.0
1,train,233,5625464,pyenv/pyenv,2014-02-24 00:00:00+00:00,2014-03-24 00:00:00+00:00,90.0
1,train,234,5625464,pyenv/pyenv,2014-03-03 00:00:00+00:00,2014-03-31 00:00:00+00:00,86.0
1,train,235,5625464,pyenv/pyenv,2014-03-10 00:00:00+00:00,2014-04-07 00:00:00+00:00,83.0
1,train,236,5625464,pyenv/pyenv,2014-03-17 00:00:00+00:00,2014-04-14 00:00:00+00:00,85.0
1,train,237,5625464,pyenv/pyenv,2014-03-24 00:00:00+00:00,2014-04-21 00:00:00+00:00,83.0
1,train,238,5625464,pyenv/pyenv,2014-03-31 00:00:00+00:00,2014-04-28 00:00:00+00:00,80.0
1,train,239,5625464,pyenv/pyenv,2014-04-07 00:00:00+00:00,2014-05-05 00:00:00+00:00,83.0
1,train,240,5625464,pyenv/pyenv,2014-04-14 00:00:00+00:00,2014-05-12 00:00:00+00:00,81.0
1,train,248,19745004,odoo/odoo,2014-06-09 00:00:00+00:00,2014-07-07 00:00:00+00:00,119.0
1,train,249,19745004,odoo/odoo,2014-06-16 00:00:00+00:00,2014-07-14 00:00:00+00:00,119.0
1,train,250,19745004,odoo/odoo,2014-06-23 00:00:00+00:00,2014-07-21 00:00:00+00:00,113.0
1,train,251,19745004,odoo/odoo,2014-06-30 00:00:00+00:00,2014-07-28 00:00:00+00:00,110.0
1,train,252,19745004,odoo/odoo,2014-07-07 00:00:00+00:00,2014-08-04 00:00:00+00:00,100.0
1,train,253,19745004,odoo/odoo,2014-07-14 00:00:00+00:00,2014-08-11 00:00:00+00:00,103.0
1,train,254,19745004,odoo/odoo,2014-07-21 00:00:00+00:00,2014-08-18 00:00:00+00:00,98.0
1,train,262,22887094,tesseract-ocr/tesseract,2015-01-05 00:00:00+00:00,2015-02-02 00:00:00+00:00,9.0
1,train,263,22887094,tesseract-ocr/tesseract,2015-01-12 00:00:00+00:00,2015-02-09 00:00:00+00:00,8.0
1,train,264,22887094,tesseract-ocr/tesseract,2015-02-23 00:00:00+00:00,2015-03-23 00:00:00+00:00,13.0
1,train,265,22887094,tesseract-ocr/tesseract,2015-03-02 00:00:00+00:00,2015-03-30 00:00:00+00:00,15.0
1,train,266,22887094,tesseract-ocr/tesseract,2015-03-09 00:00:00+00:00,2015-04-06 00:00:00+00:00,12.0
1,train,267,22887094,tesseract-ocr/tesseract,2015-03-16 00:00:00+00:00,2015-04-13 00:00:00+00:00,15.0
1,train,268,22887094,tesseract-ocr/tesseract,2015-03-23 00:00:00+00:00,2015-04-20 00:00:00+00:00,14.0
1,train,269,22887094,tesseract-ocr/tesseract,2015-03-30 00:00:00+00:00,2015-04-27 00:00:00+00:00,12.0
1,train,270,22887094,tesseract-ocr/tesseract,2015-04-06 00:00:00+00:00,2015-05-04 00:00:00+00:00,14.0
1,train,271,22887094,tesseract-ocr/tesseract,2015-04-13 00:00:00+00:00,2015-05-11 00:00:00+00:00,15.0
1,train,272,22887094,tesseract-ocr/tesseract,2015-04-20 00:00:00+00:00,2015-05-18 00:00:00+00:00,17.0
1,train,273,22887094,tesseract-ocr/tesseract,2015-04-27 00:00:00+00:00,2015-05-25 00:00:00+00:00,21.0
1,train,274,22887094,tesseract-ocr/tesseract,2015-05-04 00:00:00+00:00,2015-06-01 00:00:00+00:00,26.0
1,train,275,22887094,tesseract-ocr/tesseract,2015-05-11 00:00:00+00:00,2015-06-08 00:00:00+00:00,27.0
1,train,283,23088740,axios/axios,2014-09-29 00:00:00+00:00,2014-10-27 00:00:00+00:00,19.0
1,train,284,23088740,axios/axios,2014-10-06 00:00:00+00:00,2014-11-03 00:00:00+00:00,14.0
1,train,285,23088740,axios/axios,2014-10-13 00:00:00+00:00,2014-11-10 00:00:00+00:00,12.0
1,train,286,23088740,axios/axios,2014-10-20 00:00:00+00:00,2014-11-17 00:00:00+00:00,12.0
1,train,287,23088740,axios/axios,2014-10-27 00:00:00+00:00,2014-11-24 00:00:00+00:00,12.0
1,train,288,23088740,axios/axios,2014-11-03 00:00:00+00:00,2014-12-01 00:00:00+00:00,14.0
1,train,289,23088740,axios/axios,2014-11-10 00:00:00+00:00,2014-12-08 00:00:00+00:00,13.0
1,train,290,23088740,axios/axios,2014-11-17 00:00:00+00:00,2014-12-15 00:00:00+00:00,18.0
1,train,291,23088740,axios/axios,2014-11-24 00:00:00+00:00,2014-12-22 00:00:00+00:00,18.0
1,train,292,23088740,axios/axios,2014-12-01 00:00:00+00:00,2014-12-29 00:00:00+00:00,17.0
1,train,293,23088740,axios/axios,2014-12-08 00:00:00+00:00,2015-01-05 00:00:00+00:00,17.0
1,train,294,23088740,axios/axios,2014-12-15 00:00:00+00:00,2015-01-12 00:00:00+00:00,20.0
1,train,295,23088740,axios/axios,2014-12-22 00:00:00+00:00,2015-01-19 00:00:00+00:00,27.0
1,train,296,23088740,axios/axios,2014-12-29 00:00:00+00:00,2015-01-26 00:00:00+00:00,28.0
1,train,297,23088740,axios/axios,2015-01-05 00:00:00+00:00,2015-02-02 00:00:00+00:00,32.0
1,train,298,23088740,axios/axios,2015-01-12 00:00:00+00:00,2015-02-09 00:00:00+00:00,33.0
1,train,299,23088740,axios/axios,2015-01-19 00:00:00+00:00,2015-02-16 00:00:00+00:00,42.0
1,train,300,23088740,axios/axios,2015-01-26 00:00:00+00:00,2015-02-23 00:00:00+00:00,47.0
1,train,301,23088740,axios/axios,2015-02-02 00:00:00+00:00,2015-03-02 00:00:00+00:00,64.0
1,train,302,23088740,axios/axios,2015-02-09 00:00:00+00:00,2015-03-09 00:00:00+00:00,73.0
1,train,303,23088740,axios/axios,2015-02-16 00:00:00+00:00,2015-03-16 00:00:00+00:00,66.0
1,train,304,23088740,axios/axios,2015-02-23 00:00:00+00:00,2015-03-23 00:00:00+00:00,68.0
1,train,305,23088740,axios/axios,2015-03-02 00:00:00+00:00,2015-03-30 00:00:00+00:00,58.0
1,train,306,23088740,axios/axios,2015-03-09 00:00:00+00:00,2015-04-06 00:00:00+00:00,54.0
1,train,307,23088740,axios/axios,2015-03-16 00:00:00+00:00,2015-04-13 00:00:00+00:00,57.0
1,train,308,23088740,axios/axios,2015-03-23 00:00:00+00:00,2015-04-20 00:00:00+00:00,54.0
1,train,309,23088740,axios/axios,2015-03-30 00:00:00+00:00,2015-04-27 00:00:00+00:00,73.0
1,train,310,23088740,axios/axios,2015-04-06 00:00:00+00:00,2015-05-04 00:00:00+00:00,85.0
1,train,311,23088740,axios/axios,2015-04-13 00:00:00+00:00,2015-05-11 00:00:00+00:00,90.0
1,train,312,23088740,axios/axios,2015-04-20 00:00:00+00:00,2015-05-18 00:00:00+00:00,102.0
1,train,313,23088740,axios/axios,2015-04-27 00:00:00+00:00,2015-05-25 00:00:00+00:00,89.0
1,train,314,23088740,axios/axios,2015-05-04 00:00:00+00:00,2015-06-01 00:00:00+00:00,91.0
1,train,315,23088740,axios/axios,2015-05-11 00:00:00+00:00,2015-06-08 00:00:00+00:00,95.0
1,train,316,23088740,axios/axios,2015-05-18 00:00:00+00:00,2015-06-15 00:00:00+00:00,84.0
1,train,317,23088740,axios/axios,2015-05-25 00:00:00+00:00,2015-06-22 00:00:00+00:00,97.0
1,train,318,23088740,axios/axios,2015-06-01 00:00:00+00:00,2015-06-29 00:00:00+00:00,131.0
1,train,319,23088740,axios/axios,2015-06-08 00:00:00+00:00,2015-07-06 00:00:00+00:00,154.0
1,train,320,23088740,axios/axios,2015-06-15 00:00:00+00:00,2015-07-13 00:00:00+00:00,167.0
1,train,328,32689863,3b1b/manim,2015-11-16 00:00:00+00:00,2015-12-14 00:00:00+00:00,9.0
1,train,329,32689863,3b1b/manim,2015-11-23 00:00:00+00:00,2015-12-21 00:00:00+00:00,8.0
1,train,330,32689863,3b1b/manim,2016-05-02 00:00:00+00:00,2016-05-30 00:00:00+00:00,8.0
1,train,331,32689863,3b1b/manim,2016-05-09 00:00:00+00:00,2016-06-06 00:00:00+00:00,8.0
1,train,332,32689863,3b1b/manim,2016-05-16 00:00:00+00:00,2016-06-13 00:00:00+00:00,8.0
1,train,333,32689863,3b1b/manim,2016-05-23 00:00:00+00:00,2016-06-20 00:00:00+00:00,10.0
1,train,334,32689863,3b1b/manim,2016-07-11 00:00:00+00:00,2016-08-08 00:00:00+00:00,77.0
1,train,335,32689863,3b1b/manim,2016-07-18 00:00:00+00:00,2016-08-15 00:00:00+00:00,92.0
1,train,336,32689863,3b1b/manim,2016-07-25 00:00:00+00:00,2016-08-22 00:00:00+00:00,107.0
1,train,337,32689863,3b1b/manim,2016-08-01 00:00:00+00:00,2016-08-29 00:00:00+00:00,93.0
1,train,338,32689863,3b1b/manim,2016-08-08 00:00:00+00:00,2016-09-05 00:00:00+00:00,57.0
1,train,339,32689863,3b1b/manim,2016-08-15 00:00:00+00:00,2016-09-12 00:00:00+00:00,48.0
1,train,340,32689863,3b1b/manim,2016-08-22 00:00:00+00:00,2016-09-19 00:00:00+00:00,37.0
1,train,341,32689863,3b1b/manim,2016-08-29 00:00:00+00:00,2016-09-26 00:00:00+00:00,35.0
1,train,342,32689863,3b1b/manim,2016-09-05 00:00:00+00:00,2016-10-03 00:00:00+00:00,35.0
1,train,343,32689863,3b1b/manim,2016-09-12 00:00:00+00:00,2016-10-10 00:00:00+00:00,31.0
1,train,344,32689863,3b1b/manim,2016-09-19 00:00:00+00:00,2016-10-17 00:00:00+00:00,44.0
1,train,345,32689863,3b1b/manim,2016-09-26 00:00:00+00:00,2016-10-24 00:00:00+00:00,44.0
1,train,346,32689863,3b1b/manim,2016-10-03 00:00:00+00:00,2016-10-31 00:00:00+00:00,59.0
1,train,347,32689863,3b1b/manim,2016-10-10 00:00:00+00:00,2016-11-07 00:00:00+00:00,77.0
1,train,348,32689863,3b1b/manim,2016-10-17 00:00:00+00:00,2016-11-14 00:00:00+00:00,72.0
1,train,349,32689863,3b1b/manim,2016-10-24 00:00:00+00:00,2016-11-21 00:00:00+00:00,84.0
1,train,350,32689863,3b1b/manim,2016-10-31 00:00:00+00:00,2016-11-28 00:00:00+00:00,75.0
1,train,351,32689863,3b1b/manim,2016-11-07 00:00:00+00:00,2016-12-05 00:00:00+00:00,72.0
1,train,352,32689863,3b1b/manim,2016-11-14 00:00:00+00:00,2016-12-12 00:00:00+00:00,81.0
1,train,353,32689863,3b1b/manim,2016-11-21 00:00:00+00:00,2016-12-19 00:00:00+00:00,76.0
1,train,354,32689863,3b1b/manim,2016-11-28 00:00:00+00:00,2016-12-26 00:00:00+00:00,78.0
1,train,355,32689863,3b1b/manim,2016-12-05 00:00:00+00:00,2017-01-02 00:00:00+00:00,84.0
1,train,356,32689863,3b1b/manim,2016-12-12 00:00:00+00:00,2017-01-09 00:00:00+00:00,68.0
1,train,357,32689863,3b1b/manim,2016-12-19 00:00:00+00:00,2017-01-16 00:00:00+00:00,63.0
1,train,358,32689863,3b1b/manim,2016-12-26 00:00:00+00:00,2017-01-23 00:00:00+00:00,66.0
1,train,359,32689863,3b1b/manim,2017-01-02 00:00:00+00:00,2017-01-30 00:00:00+00:00,65.0
1,train,360,32689863,3b1b/manim,2017-01-09 00:00:00+00:00,2017-02-06 00:00:00+00:00,118.0
1,train,361,32689863,3b1b/manim,2017-01-16 00:00:00+00:00,2017-02-13 00:00:00+00:00,144.0
1,train,362,32689863,3b1b/manim,2017-01-23 00:00:00+00:00,2017-02-20 00:00:00+00:00,136.0
1,train,363,32689863,3b1b/manim,2017-01-30 00:00:00+00:00,2017-02-27 00:00:00+00:00,134.0
1,train,364,32689863,3b1b/manim,2017-02-06 00:00:00+00:00,2017-03-06 00:00:00+00:00,100.0
1,train,365,32689863,3b1b/manim,2017-02-13 00:00:00+00:00,2017-03-13 00:00:00+00:00,83.0
1,train,366,32689863,3b1b/manim,2017-02-20 00:00:00+00:00,2017-03-20 00:00:00+00:00,91.0
1,train,367,32689863,3b1b/manim,2017-02-27 00:00:00+00:00,2017-03-27 00:00:00+00:00,96.0
1,train,368,32689863,3b1b/manim,2017-03-06 00:00:00+00:00,2017-04-03 00:00:00+00:00,94.0
1,train,376,33884891,apache/airflow,2015-06-29 00:00:00+00:00,2015-07-27 00:00:00+00:00,110.0
1,train,377,33884891,apache/airflow,2015-07-06 00:00:00+00:00,2015-08-03 00:00:00+00:00,87.0
1,train,378,33884891,apache/airflow,2015-07-13 00:00:00+00:00,2015-08-10 00:00:00+00:00,70.0
1,train,379,33884891,apache/airflow,2015-07-20 00:00:00+00:00,2015-08-17 00:00:00+00:00,84.0
1,train,387,43441403,strapi/strapi,2015-10-26 00:00:00+00:00,2015-11-23 00:00:00+00:00,19.0
1,train,388,43441403,strapi/strapi,2015-11-02 00:00:00+00:00,2015-11-30 00:00:00+00:00,24.0
1,train,389,43441403,strapi/strapi,2015-11-09 00:00:00+00:00,2015-12-07 00:00:00+00:00,31.0
1,train,390,43441403,strapi/strapi,2015-11-16 00:00:00+00:00,2015-12-14 00:00:00+00:00,71.0
1,train,391,43441403,strapi/strapi,2015-11-23 00:00:00+00:00,2015-12-21 00:00:00+00:00,88.0
1,train,392,43441403,strapi/strapi,2015-11-30 00:00:00+00:00,2015-12-28 00:00:00+00:00,87.0
1,train,393,43441403,strapi/strapi,2015-12-07 00:00:00+00:00,2016-01-04 00:00:00+00:00,90.0
1,train,394,43441403,strapi/strapi,2015-12-14 00:00:00+00:00,2016-01-11 00:00:00+00:00,50.0
1,train,395,43441403,strapi/strapi,2015-12-21 00:00:00+00:00,2016-01-18 00:00:00+00:00,39.0
1,train,396,43441403,strapi/strapi,2015-12-28 00:00:00+00:00,2016-01-25 00:00:00+00:00,43.0
1,train,397,43441403,strapi/strapi,2016-01-04 00:00:00+00:00,2016-02-01 00:00:00+00:00,44.0
1,train,398,43441403,strapi/strapi,2016-01-11 00:00:00+00:00,2016-02-08 00:00:00+00:00,40.0
1,train,399,43441403,strapi/strapi,2016-01-18 00:00:00+00:00,2016-02-15 00:00:00+00:00,50.0
1,train,400,43441403,strapi/strapi,2016-01-25 00:00:00+00:00,2016-02-22 00:00:00+00:00,45.0
1,train,401,43441403,strapi/strapi,2016-02-01 00:00:00+00:00,2016-02-29 00:00:00+00:00,85.0
1,train,402,43441403,strapi/strapi,2016-02-08 00:00:00+00:00,2016-03-07 00:00:00+00:00,106.0
1,train,403,43441403,strapi/strapi,2016-02-15 00:00:00+00:00,2016-03-14 00:00:00+00:00,97.0
1,train,411,58028038,521xueweihan/HelloGitHub,2016-08-22 00:00:00+00:00,2016-09-19 00:00:00+00:00,33.0
1,train,412,58028038,521xueweihan/HelloGitHub,2016-08-29 00:00:00+00:00,2016-09-26 00:00:00+00:00,100.0
1,train,413,58028038,521xueweihan/HelloGitHub,2016-09-05 00:00:00+00:00,2016-10-03 00:00:00+00:00,90.0
1,train,414,58028038,521xueweihan/HelloGitHub,2016-09-12 00:00:00+00:00,2016-10-10 00:00:00+00:00,94.0
1,train,415,58028038,521xueweihan/HelloGitHub,2016-09-19 00:00:00+00:00,2016-10-17 00:00:00+00:00,97.0
1,train,416,58028038,521xueweihan/HelloGitHub,2016-09-26 00:00:00+00:00,2016-10-24 00:00:00+00:00,26.0
1,train,417,58028038,521xueweihan/HelloGitHub,2016-10-03 00:00:00+00:00,2016-10-31 00:00:00+00:00,34.0
1,train,418,58028038,521xueweihan/HelloGitHub,2016-10-10 00:00:00+00:00,2016-11-07 00:00:00+00:00,31.0
1,train,419,58028038,521xueweihan/HelloGitHub,2016-10-17 00:00:00+00:00,2016-11-14 00:00:00+00:00,27.0
1,train,420,58028038,521xueweihan/HelloGitHub,2016-10-24 00:00:00+00:00,2016-11-21 00:00:00+00:00,25.0
1,train,421,58028038,521xueweihan/HelloGitHub,2016-10-31 00:00:00+00:00,2016-11-28 00:00:00+00:00,72.0
1,train,422,58028038,521xueweihan/HelloGitHub,2016-11-07 00:00:00+00:00,2016-12-05 00:00:00+00:00,74.0
1,train,423,58028038,521xueweihan/HelloGitHub,2016-11-14 00:00:00+00:00,2016-12-12 00:00:00+00:00,77.0
1,train,424,58028038,521xueweihan/HelloGitHub,2016-11-21 00:00:00+00:00,2016-12-19 00:00:00+00:00,80.0
1,train,425,58028038,521xueweihan/HelloGitHub,2016-11-28 00:00:00+00:00,2016-12-26 00:00:00+00:00,38.0
1,train,426,58028038,521xueweihan/HelloGitHub,2016-12-05 00:00:00+00:00,2017-01-02 00:00:00+00:00,40.0
1,train,434,63476337,TheAlgorithms/Python,2016-08-22 00:00:00+00:00,2016-09-19 00:00:00+00:00,70.0
1,train,435,63476337,TheAlgorithms/Python,2016-08-29 00:00:00+00:00,2016-09-26 00:00:00+00:00,62.0
1,train,436,63476337,TheAlgorithms/Python,2016-09-05 00:00:00+00:00,2016-10-03 00:00:00+00:00,55.0
1,train,437,63476337,TheAlgorithms/Python,2016-09-12 00:00:00+00:00,2016-10-10 00:00:00+00:00,61.0
1,train,438,63476337,TheAlgorithms/Python,2016-09-19 00:00:00+00:00,2016-10-17 00:00:00+00:00,63.0
1,train,439,63476337,TheAlgorithms/Python,2016-09-26 00:00:00+00:00,2016-10-24 00:00:00+00:00,63.0
1,train,440,63476337,TheAlgorithms/Python,2016-10-03 00:00:00+00:00,2016-10-31 00:00:00+00:00,60.0
1,train,441,63476337,TheAlgorithms/Python,2016-10-10 00:00:00+00:00,2016-11-07 00:00:00+00:00,61.0
1,train,442,63476337,TheAlgorithms/Python,2016-10-17 00:00:00+00:00,2016-11-14 00:00:00+00:00,59.0
1,train,443,63476337,TheAlgorithms/Python,2016-10-24 00:00:00+00:00,2016-11-21 00:00:00+00:00,62.0
1,train,444,63476337,TheAlgorithms/Python,2016-10-31 00:00:00+00:00,2016-11-28 00:00:00+00:00,56.0
1,train,445,63476337,TheAlgorithms/Python,2016-11-07 00:00:00+00:00,2016-12-05 00:00:00+00:00,52.0
1,train,446,63476337,TheAlgorithms/Python,2016-11-14 00:00:00+00:00,2016-12-12 00:00:00+00:00,59.0
1,train,447,63476337,TheAlgorithms/Python,2016-11-21 00:00:00+00:00,2016-12-19 00:00:00+00:00,64.0
1,train,448,63476337,TheAlgorithms/Python,2016-11-28 00:00:00+00:00,2016-12-26 00:00:00+00:00,63.0
1,train,449,63476337,TheAlgorithms/Python,2016-12-05 00:00:00+00:00,2017-01-02 00:00:00+00:00,63.0
1,train,450,63476337,TheAlgorithms/Python,2016-12-12 00:00:00+00:00,2017-01-09 00:00:00+00:00,63.0
1,train,451,63476337,TheAlgorithms/Python,2016-12-19 00:00:00+00:00,2017-01-16 00:00:00+00:00,51.0
1,train,452,63476337,TheAlgorithms/Python,2016-12-26 00:00:00+00:00,2017-01-23 00:00:00+00:00,56.0
1,train,453,63476337,TheAlgorithms/Python,2017-01-02 00:00:00+00:00,2017-01-30 00:00:00+00:00,55.0
1,train,454,63476337,TheAlgorithms/Python,2017-01-09 00:00:00+00:00,2017-02-06 00:00:00+00:00,48.0
1,train,455,63476337,TheAlgorithms/Python,2017-01-16 00:00:00+00:00,2017-02-13 00:00:00+00:00,51.0
1,train,456,63476337,TheAlgorithms/Python,2017-01-23 00:00:00+00:00,2017-02-20 00:00:00+00:00,53.0
1,train,457,63476337,TheAlgorithms/Python,2017-01-30 00:00:00+00:00,2017-02-27 00:00:00+00:00,59.0
1,train,458,63476337,TheAlgorithms/Python,2017-02-06 00:00:00+00:00,2017-03-06 00:00:00+00:00,78.0
1,train,459,63476337,TheAlgorithms/Python,2017-02-13 00:00:00+00:00,2017-03-13 00:00:00+00:00,97.0
1,train,460,63476337,TheAlgorithms/Python,2017-02-20 00:00:00+00:00,2017-03-20 00:00:00+00:00,104.0
1,train,461,63476337,TheAlgorithms/Python,2017-02-27 00:00:00+00:00,2017-03-27 00:00:00+00:00,113.0
1,train,462,63476337,TheAlgorithms/Python,2017-03-06 00:00:00+00:00,2017-04-03 00:00:00+00:00,98.0
1,train,463,63476337,TheAlgorithms/Python,2017-03-13 00:00:00+00:00,2017-04-10 00:00:00+00:00,81.0
1,train,464,63476337,TheAlgorithms/Python,2017-03-20 00:00:00+00:00,2017-04-17 00:00:00+00:00,82.0
1,train,465,63476337,TheAlgorithms/Python,2017-03-27 00:00:00+00:00,2017-04-24 00:00:00+00:00,73.0
1,train,466,63476337,TheAlgorithms/Python,2017-04-03 00:00:00+00:00,2017-05-01 00:00:00+00:00,84.0
1,train,474,65750241,expo/expo,2016-09-12 00:00:00+00:00,2016-10-10 00:00:00+00:00,184.0
1,train,475,65750241,expo/expo,2016-09-19 00:00:00+00:00,2016-10-17 00:00:00+00:00,179.0
1,train,476,65750241,expo/expo,2016-09-26 00:00:00+00:00,2016-10-24 00:00:00+00:00,67.0
1,train,477,65750241,expo/expo,2016-10-03 00:00:00+00:00,2016-10-31 00:00:00+00:00,57.0
1,train,478,65750241,expo/expo,2016-10-10 00:00:00+00:00,2016-11-07 00:00:00+00:00,57.0
1,train,479,65750241,expo/expo,2016-10-17 00:00:00+00:00,2016-11-14 00:00:00+00:00,67.0
1,train,480,65750241,expo/expo,2016-10-24 00:00:00+00:00,2016-11-21 00:00:00+00:00,65.0
1,train,481,65750241,expo/expo,2016-10-31 00:00:00+00:00,2016-11-28 00:00:00+00:00,74.0
1,train,482,65750241,expo/expo,2016-11-07 00:00:00+00:00,2016-12-05 00:00:00+00:00,62.0
1,train,483,65750241,expo/expo,2016-11-14 00:00:00+00:00,2016-12-12 00:00:00+00:00,59.0
1,train,484,65750241,expo/expo,2016-11-21 00:00:00+00:00,2016-12-19 00:00:00+00:00,65.0
1,train,485,65750241,expo/expo,2016-11-28 00:00:00+00:00,2016-12-26 00:00:00+00:00,52.0
1,train,486,65750241,expo/expo,2016-12-05 00:00:00+00:00,2017-01-02 00:00:00+00:00,62.0
1,train,487,65750241,expo/expo,2016-12-12 00:00:00+00:00,2017-01-09 00:00:00+00:00,62.0
1,train,488,65750241,expo/expo,2016-12-19 00:00:00+00:00,2017-01-16 00:00:00+00:00,56.0
1,train,489,65750241,expo/expo,2016-12-26 00:00:00+00:00,2017-01-23 00:00:00+00:00,63.0
1,train,490,65750241,expo/expo,2017-01-02 00:00:00+00:00,2017-01-30 00:00:00+00:00,57.0
1,train,491,65750241,expo/expo,2017-01-09 00:00:00+00:00,2017-02-06 00:00:00+00:00,47.0
1,train,492,65750241,expo/expo,2017-01-16 00:00:00+00:00,2017-02-13 00:00:00+00:00,56.0
1,train,493,65750241,expo/expo,2017-01-23 00:00:00+00:00,2017-02-20 00:00:00+00:00,53.0
1,train,494,65750241,expo/expo,2017-01-30 00:00:00+00:00,2017-02-27 00:00:00+00:00,46.0
1,train,495,65750241,expo/expo,2017-02-06 00:00:00+00:00,2017-03-06 00:00:00+00:00,58.0
1,train,496,65750241,expo/expo,2017-02-13 00:00:00+00:00,2017-03-13 00:00:00+00:00,120.0
1,train,497,65750241,expo/expo,2017-02-20 00:00:00+00:00,2017-03-20 00:00:00+00:00,144.0
1,train,498,65750241,expo/expo,2017-02-27 00:00:00+00:00,2017-03-27 00:00:00+00:00,158.0
1,train,499,65750241,expo/expo,2017-03-06 00:00:00+00:00,2017-04-03 00:00:00+00:00,155.0
1,train,500,65750241,expo/expo,2017-03-13 00:00:00+00:00,2017-04-10 00:00:00+00:00,104.0
1,train,501,65750241,expo/expo,2017-03-20 00:00:00+00:00,2017-04-17 00:00:00+00:00,107.0
1,train,502,65750241,expo/expo,2017-03-27 00:00:00+00:00,2017-04-24 00:00:00+00:00,125.0
1,train,510,80945428,nestjs/nest,2017-03-13 00:00:00+00:00,2017-04-10 00:00:00+00:00,51.0
1,train,511,80945428,nestjs/nest,2017-03-20 00:00:00+00:00,2017-04-17 00:00:00+00:00,58.0
1,train,512,80945428,nestjs/nest,2017-03-27 00:00:00+00:00,2017-04-24 00:00:00+00:00,24.0
1,train,513,80945428,nestjs/nest,2017-04-03 00:00:00+00:00,2017-05-01 00:00:00+00:00,283.0
1,train,514,80945428,nestjs/nest,2017-04-10 00:00:00+00:00,2017-05-08 00:00:00+00:00,445.0
1,train,515,80945428,nestjs/nest,2017-04-17 00:00:00+00:00,2017-05-15 00:00:00+00:00,474.0
1,train,523,91629816,freqtrade/freqtrade,2017-08-07 00:00:00+00:00,2017-09-04 00:00:00+00:00,17.0
1,train,524,91629816,freqtrade/freqtrade,2017-08-14 00:00:00+00:00,2017-09-11 00:00:00+00:00,21.0
1,train,525,91629816,freqtrade/freqtrade,2017-08-21 00:00:00+00:00,2017-09-18 00:00:00+00:00,22.0
1,train,526,91629816,freqtrade/freqtrade,2017-08-28 00:00:00+00:00,2017-09-25 00:00:00+00:00,28.0
1,train,527,91629816,freqtrade/freqtrade,2017-09-04 00:00:00+00:00,2017-10-02 00:00:00+00:00,27.0
1,train,528,91629816,freqtrade/freqtrade,2017-09-11 00:00:00+00:00,2017-10-09 00:00:00+00:00,24.0
1,train,529,91629816,freqtrade/freqtrade,2017-09-18 00:00:00+00:00,2017-10-16 00:00:00+00:00,21.0
1,train,530,91629816,freqtrade/freqtrade,2017-09-25 00:00:00+00:00,2017-10-23 00:00:00+00:00,18.0
1,train,531,91629816,freqtrade/freqtrade,2017-10-02 00:00:00+00:00,2017-10-30 00:00:00+00:00,18.0
1,train,532,91629816,freqtrade/freqtrade,2017-10-09 00:00:00+00:00,2017-11-06 00:00:00+00:00,26.0
1,train,533,91629816,freqtrade/freqtrade,2017-10-16 00:00:00+00:00,2017-11-13 00:00:00+00:00,34.0
1,train,534,91629816,freqtrade/freqtrade,2017-10-23 00:00:00+00:00,2017-11-20 00:00:00+00:00,41.0
1,train,535,91629816,freqtrade/freqtrade,2017-10-30 00:00:00+00:00,2017-11-27 00:00:00+00:00,57.0
1,train,536,91629816,freqtrade/freqtrade,2017-11-06 00:00:00+00:00,2017-12-04 00:00:00+00:00,69.0
1,train,537,91629816,freqtrade/freqtrade,2017-11-13 00:00:00+00:00,2017-12-11 00:00:00+00:00,82.0
1,train,538,91629816,freqtrade/freqtrade,2017-11-20 00:00:00+00:00,2017-12-18 00:00:00+00:00,85.0
1,train,539,91629816,freqtrade/freqtrade,2017-11-27 00:00:00+00:00,2017-12-25 00:00:00+00:00,88.0
1,train,540,91629816,freqtrade/freqtrade,2017-12-04 00:00:00+00:00,2018-01-01 00:00:00+00:00,112.0
1,train,541,91629816,freqtrade/freqtrade,2017-12-11 00:00:00+00:00,2018-01-08 00:00:00+00:00,132.0
1,train,542,91629816,freqtrade/freqtrade,2017-12-18 00:00:00+00:00,2018-01-15 00:00:00+00:00,148.0
1,train,543,91629816,freqtrade/freqtrade,2017-12-25 00:00:00+00:00,2018-01-22 00:00:00+00:00,154.0
1,train,544,91629816,freqtrade/freqtrade,2018-01-01 00:00:00+00:00,2018-01-29 00:00:00+00:00,164.0
1,train,545,91629816,freqtrade/freqtrade,2018-01-08 00:00:00+00:00,2018-02-05 00:00:00+00:00,147.0
1,train,546,91629816,freqtrade/freqtrade,2018-01-15 00:00:00+00:00,2018-02-12 00:00:00+00:00,134.0
1,train,547,91629816,freqtrade/freqtrade,2018-01-22 00:00:00+00:00,2018-02-19 00:00:00+00:00,119.0
1,train,548,91629816,freqtrade/freqtrade,2018-01-29 00:00:00+00:00,2018-02-26 00:00:00+00:00,88.0
1,train,549,91629816,freqtrade/freqtrade,2018-02-05 00:00:00+00:00,2018-03-05 00:00:00+00:00,70.0
1,train,550,91629816,freqtrade/freqtrade,2018-02-12 00:00:00+00:00,2018-03-12 00:00:00+00:00,59.0
1,train,551,91629816,freqtrade/freqtrade,2018-02-19 00:00:00+00:00,2018-03-19 00:00:00+00:00,63.0
1,train,552,91629816,freqtrade/freqtrade,2018-02-26 00:00:00+00:00,2018-03-26 00:00:00+00:00,56.0
1,train,553,91629816,freqtrade/freqtrade,2018-03-05 00:00:00+00:00,2018-04-02 00:00:00+00:00,57.0
1,train,554,91629816,freqtrade/freqtrade,2018-03-12 00:00:00+00:00,2018-04-09 00:00:00+00:00,62.0
1,train,555,91629816,freqtrade/freqtrade,2018-03-19 00:00:00+00:00,2018-04-16 00:00:00+00:00,53.0
1,train,556,91629816,freqtrade/freqtrade,2018-03-26 00:00:00+00:00,2018-04-23 00:00:00+00:00,48.0
1,train,557,91629816,freqtrade/freqtrade,2018-04-02 00:00:00+00:00,2018-04-30 00:00:00+00:00,51.0
1,train,558,91629816,freqtrade/freqtrade,2018-04-09 00:00:00+00:00,2018-05-07 00:00:00+00:00,48.0
1,train,559,91629816,freqtrade/freqtrade,2018-04-16 00:00:00+00:00,2018-05-14 00:00:00+00:00,46.0
1,train,560,91629816,freqtrade/freqtrade,2018-04-23 00:00:00+00:00,2018-05-21 00:00:00+00:00,48.0
1,train,561,91629816,freqtrade/freqtrade,2018-04-30 00:00:00+00:00,2018-05-28 00:00:00+00:00,53.0
1,train,562,91629816,freqtrade/freqtrade,2018-05-07 00:00:00+00:00,2018-06-04 00:00:00+00:00,51.0
1,train,563,91629816,freqtrade/freqtrade,2018-05-14 00:00:00+00:00,2018-06-11 00:00:00+00:00,54.0
1,train,564,91629816,freqtrade/freqtrade,2018-05-21 00:00:00+00:00,2018-06-18 00:00:00+00:00,57.0
1,train,565,91629816,freqtrade/freqtrade,2018-05-28 00:00:00+00:00,2018-06-25 00:00:00+00:00,52.0
1,train,566,91629816,freqtrade/freqtrade,2018-06-04 00:00:00+00:00,2018-07-02 00:00:00+00:00,58.0
1,train,567,91629816,freqtrade/freqtrade,2018-06-11 00:00:00+00:00,2018-07-09 00:00:00+00:00,53.0
1,train,568,91629816,freqtrade/freqtrade,2018-06-18 00:00:00+00:00,2018-07-16 00:00:00+00:00,56.0
1,train,569,91629816,freqtrade/freqtrade,2018-06-25 00:00:00+00:00,2018-07-23 00:00:00+00:00,57.0
1,train,570,91629816,freqtrade/freqtrade,2018-07-02 00:00:00+00:00,2018-07-30 00:00:00+00:00,52.0
1,train,571,91629816,freqtrade/freqtrade,2018-07-09 00:00:00+00:00,2018-08-06 00:00:00+00:00,53.0
1,train,572,91629816,freqtrade/freqtrade,2018-07-16 00:00:00+00:00,2018-08-13 00:00:00+00:00,43.0
1,train,573,91629816,freqtrade/freqtrade,2018-07-23 00:00:00+00:00,2018-08-20 00:00:00+00:00,48.0
1,train,574,91629816,freqtrade/freqtrade,2018-07-30 00:00:00+00:00,2018-08-27 00:00:00+00:00,48.0
1,train,575,91629816,freqtrade/freqtrade,2018-08-06 00:00:00+00:00,2018-09-03 00:00:00+00:00,58.0
1,train,576,91629816,freqtrade/freqtrade,2018-08-13 00:00:00+00:00,2018-09-10 00:00:00+00:00,124.0
1,train,577,91629816,freqtrade/freqtrade,2018-08-20 00:00:00+00:00,2018-09-17 00:00:00+00:00,177.0
1,train,578,91629816,freqtrade/freqtrade,2018-08-27 00:00:00+00:00,2018-09-24 00:00:00+00:00,183.0
1,train,579,91629816,freqtrade/freqtrade,2018-09-03 00:00:00+00:00,2018-10-01 00:00:00+00:00,177.0
1,train,580,91629816,freqtrade/freqtrade,2018-09-10 00:00:00+00:00,2018-10-08 00:00:00+00:00,108.0
1,train,581,91629816,freqtrade/freqtrade,2018-09-17 00:00:00+00:00,2018-10-15 00:00:00+00:00,47.0
1,train,582,91629816,freqtrade/freqtrade,2018-09-24 00:00:00+00:00,2018-10-22 00:00:00+00:00,41.0
1,train,583,91629816,freqtrade/freqtrade,2018-10-01 00:00:00+00:00,2018-10-29 00:00:00+00:00,39.0
1,train,584,91629816,freqtrade/freqtrade,2018-10-08 00:00:00+00:00,2018-11-05 00:00:00+00:00,62.0
1,train,585,91629816,freqtrade/freqtrade,2018-10-15 00:00:00+00:00,2018-11-12 00:00:00+00:00,69.0
1,train,586,91629816,freqtrade/freqtrade,2018-10-22 00:00:00+00:00,2018-11-19 00:00:00+00:00,62.0
1,train,587,91629816,freqtrade/freqtrade,2018-10-29 00:00:00+00:00,2018-11-26 00:00:00+00:00,71.0
1,train,588,91629816,freqtrade/freqtrade,2018-11-05 00:00:00+00:00,2018-12-03 00:00:00+00:00,53.0
1,train,589,91629816,freqtrade/freqtrade,2018-11-12 00:00:00+00:00,2018-12-10 00:00:00+00:00,45.0
1,train,590,91629816,freqtrade/freqtrade,2018-11-19 00:00:00+00:00,2018-12-17 00:00:00+00:00,83.0
1,train,598,135614069,sudheerj/reactjs-interview-questions,2018-08-27 00:00:00+00:00,2018-09-24 00:00:00+00:00,29.0
1,train,599,135614069,sudheerj/reactjs-interview-questions,2018-09-03 00:00:00+00:00,2018-10-01 00:00:00+00:00,30.0
1,train,600,135614069,sudheerj/reactjs-interview-questions,2018-09-10 00:00:00+00:00,2018-10-08 00:00:00+00:00,135.0
1,train,601,135614069,sudheerj/reactjs-interview-questions,2018-09-17 00:00:00+00:00,2018-10-15 00:00:00+00:00,262.0
1,train,602,135614069,sudheerj/reactjs-interview-questions,2018-09-24 00:00:00+00:00,2018-10-22 00:00:00+00:00,312.0
1,train,603,135614069,sudheerj/reactjs-interview-questions,2018-10-01 00:00:00+00:00,2018-10-29 00:00:00+00:00,335.0
1,train,604,135614069,sudheerj/reactjs-interview-questions,2018-10-08 00:00:00+00:00,2018-11-05 00:00:00+00:00,272.0
1,train,605,135614069,sudheerj/reactjs-interview-questions,2018-10-15 00:00:00+00:00,2018-11-12 00:00:00+00:00,167.0
1,train,606,135614069,sudheerj/reactjs-interview-questions,2018-10-22 00:00:00+00:00,2018-11-19 00:00:00+00:00,138.0
1,train,614,192925833,prisma/prisma,2019-07-15 00:00:00+00:00,2019-08-12 00:00:00+00:00,217.0
1,train,615,192925833,prisma/prisma,2019-07-22 00:00:00+00:00,2019-08-19 00:00:00+00:00,209.0
1,train,616,192925833,prisma/prisma,2019-07-29 00:00:00+00:00,2019-08-26 00:00:00+00:00,173.0
1,train,624,307260205,yt-dlp/yt-dlp,2021-01-25 00:00:00+00:00,2021-02-22 00:00:00+00:00,151.0
1,train,625,307260205,yt-dlp/yt-dlp,2021-02-01 00:00:00+00:00,2021-03-01 00:00:00+00:00,161.0
1,train,626,307260205,yt-dlp/yt-dlp,2021-02-08 00:00:00+00:00,2021-03-08 00:00:00+00:00,151.0
1,train,627,307260205,yt-dlp/yt-dlp,2021-02-15 00:00:00+00:00,2021-03-15 00:00:00+00:00,133.0
1,train,628,307260205,yt-dlp/yt-dlp,2021-02-22 00:00:00+00:00,2021-03-22 00:00:00+00:00,139.0
1,train,629,307260205,yt-dlp/yt-dlp,2021-03-01 00:00:00+00:00,2021-03-29 00:00:00+00:00,149.0
1,train,637,357728969,oven-sh/bun,2021-10-18 00:00:00+00:00,2021-11-15 00:00:00+00:00,290.0
1,train,638,357728969,oven-sh/bun,2021-10-25 00:00:00+00:00,2021-11-22 00:00:00+00:00,237.0
1,train,639,357728969,oven-sh/bun,2021-11-01 00:00:00+00:00,2021-11-29 00:00:00+00:00,230.0
1,train,640,357728969,oven-sh/bun,2021-11-08 00:00:00+00:00,2021-12-06 00:00:00+00:00,183.0
1,train,641,357728969,oven-sh/bun,2021-11-15 00:00:00+00:00,2021-12-13 00:00:00+00:00,97.0
1,train,642,357728969,oven-sh/bun,2021-11-22 00:00:00+00:00,2021-12-20 00:00:00+00:00,90.0
1,train,643,357728969,oven-sh/bun,2021-11-29 00:00:00+00:00,2021-12-27 00:00:00+00:00,68.0
1,train,644,357728969,oven-sh/bun,2021-12-06 00:00:00+00:00,2022-01-03 00:00:00+00:00,62.0
1,train,645,357728969,oven-sh/bun,2021-12-13 00:00:00+00:00,2022-01-10 00:00:00+00:00,56.0
1,train,646,357728969,oven-sh/bun,2021-12-20 00:00:00+00:00,2022-01-17 00:00:00+00:00,60.0
1,train,647,357728969,oven-sh/bun,2021-12-27 00:00:00+00:00,2022-01-24 00:00:00+00:00,73.0
1,train,648,357728969,oven-sh/bun,2022-01-03 00:00:00+00:00,2022-01-31 00:00:00+00:00,70.0
1,train,649,357728969,oven-sh/bun,2022-01-10 00:00:00+00:00,2022-02-07 00:00:00+00:00,67.0
1,train,657,542284380,usebruno/bruno,2022-11-28 00:00:00+00:00,2022-12-26 00:00:00+00:00,8.0
1,train,658,542284380,usebruno/bruno,2022-12-05 00:00:00+00:00,2023-01-02 00:00:00+00:00,7.0
1,train,659,542284380,usebruno/bruno,2023-01-16 00:00:00+00:00,2023-02-13 00:00:00+00:00,47.0
1,train,660,542284380,usebruno/bruno,2023-01-23 00:00:00+00:00,2023-02-20 00:00:00+00:00,36.0
1,train,661,542284380,usebruno/bruno,2023-01-30 00:00:00+00:00,2023-02-27 00:00:00+00:00,70.0
1,train,662,542284380,usebruno/bruno,2023-02-06 00:00:00+00:00,2023-03-06 00:00:00+00:00,88.0
1,train,663,542284380,usebruno/bruno,2023-02-13 00:00:00+00:00,2023-03-13 00:00:00+00:00,84.0
1,train,664,542284380,usebruno/bruno,2023-02-20 00:00:00+00:00,2023-03-20 00:00:00+00:00,83.0
1,train,665,542284380,usebruno/bruno,2023-02-27 00:00:00+00:00,2023-03-27 00:00:00+00:00,52.0
1,train,666,542284380,usebruno/bruno,2023-03-06 00:00:00+00:00,2023-04-03 00:00:00+00:00,24.0
1,train,667,542284380,usebruno/bruno,2023-03-13 00:00:00+00:00,2023-04-10 00:00:00+00:00,22.0
1,train,668,542284380,usebruno/bruno,2023-03-20 00:00:00+00:00,2023-04-17 00:00:00+00:00,15.0
1,train,669,542284380,usebruno/bruno,2023-03-27 00:00:00+00:00,2023-04-24 00:00:00+00:00,12.0
1,train,670,542284380,usebruno/bruno,2023-04-03 00:00:00+00:00,2023-05-01 00:00:00+00:00,12.0
1,train,671,542284380,usebruno/bruno,2023-04-10 00:00:00+00:00,2023-05-08 00:00:00+00:00,11.0
1,train,679,695864515,hacksider/Deep-Live-Cam,2023-12-04 00:00:00+00:00,2024-01-01 00:00:00+00:00,12.0
1,train,680,695864515,hacksider/Deep-Live-Cam,2023-12-11 00:00:00+00:00,2024-01-08 00:00:00+00:00,14.0
1,train,681,695864515,hacksider/Deep-Live-Cam,2023-12-18 00:00:00+00:00,2024-01-15 00:00:00+00:00,14.0
1,train,682,695864515,hacksider/Deep-Live-Cam,2023-12-25 00:00:00+00:00,2024-01-22 00:00:00+00:00,16.0
1,train,683,695864515,hacksider/Deep-Live-Cam,2024-01-01 00:00:00+00:00,2024-01-29 00:00:00+00:00,15.0
1,train,684,695864515,hacksider/Deep-Live-Cam,2024-01-08 00:00:00+00:00,2024-02-05 00:00:00+00:00,13.0
1,train,692,997737944,ruvnet/RuView,2025-06-30 00:00:00+00:00,2025-07-28 00:00:00+00:00,9.0
1,validation,101,858127,pandas-dev/pandas,2013-02-11 00:00:00+00:00,2013-03-11 00:00:00+00:00,80.0
1,validation,141,1644196,JuliaLang/julia,2012-01-30 00:00:00+00:00,2012-02-27 00:00:00+00:00,33.0
1,validation,178,5108051,opencv/opencv,2013-07-29 00:00:00+00:00,2013-08-26 00:00:00+00:00,106.0
1,validation,245,5625464,pyenv/pyenv,2014-05-19 00:00:00+00:00,2014-06-16 00:00:00+00:00,70.0
1,validation,259,19745004,odoo/odoo,2014-08-25 00:00:00+00:00,2014-09-22 00:00:00+00:00,141.0
1,validation,280,22887094,tesseract-ocr/tesseract,2015-06-15 00:00:00+00:00,2015-07-13 00:00:00+00:00,252.0
1,validation,325,23088740,axios/axios,2015-07-20 00:00:00+00:00,2015-08-17 00:00:00+00:00,145.0
1,validation,373,32689863,3b1b/manim,2017-04-10 00:00:00+00:00,2017-05-08 00:00:00+00:00,232.0
1,validation,384,33884891,apache/airflow,2015-08-24 00:00:00+00:00,2015-09-21 00:00:00+00:00,278.0
1,validation,408,43441403,strapi/strapi,2016-03-21 00:00:00+00:00,2016-04-18 00:00:00+00:00,59.0
1,validation,431,58028038,521xueweihan/HelloGitHub,2017-01-09 00:00:00+00:00,2017-02-06 00:00:00+00:00,46.0
1,validation,471,63476337,TheAlgorithms/Python,2017-05-08 00:00:00+00:00,2017-06-05 00:00:00+00:00,100.0
1,validation,507,65750241,expo/expo,2017-05-01 00:00:00+00:00,2017-05-29 00:00:00+00:00,118.0
1,validation,520,80945428,nestjs/nest,2017-05-22 00:00:00+00:00,2017-06-19 00:00:00+00:00,109.0
1,validation,595,91629816,freqtrade/freqtrade,2018-12-24 00:00:00+00:00,2019-01-21 00:00:00+00:00,51.0
1,validation,611,135614069,sudheerj/reactjs-interview-questions,2018-11-26 00:00:00+00:00,2018-12-24 00:00:00+00:00,76.0
1,validation,621,192925833,prisma/prisma,2019-09-02 00:00:00+00:00,2019-09-30 00:00:00+00:00,156.0
1,validation,634,307260205,yt-dlp/yt-dlp,2021-04-05 00:00:00+00:00,2021-05-03 00:00:00+00:00,113.0
1,validation,654,357728969,oven-sh/bun,2022-02-14 00:00:00+00:00,2022-03-14 00:00:00+00:00,87.0
1,validation,676,542284380,usebruno/bruno,2023-05-15 00:00:00+00:00,2023-06-12 00:00:00+00:00,10.0
1,validation,689,695864515,hacksider/Deep-Live-Cam,2024-02-12 00:00:00+00:00,2024-03-11 00:00:00+00:00,13.0
1,validation,697,997737944,ruvnet/RuView,2025-08-04 00:00:00+00:00,2025-09-01 00:00:00+00:00,100.0
2,train,0,858127,pandas-dev/pandas,2010-09-20 00:00:00+00:00,2010-10-18 00:00:00+00:00,25.0
2,train,1,858127,pandas-dev/pandas,2010-09-27 00:00:00+00:00,2010-10-25 00:00:00+00:00,33.0
2,train,2,858127,pandas-dev/pandas,2010-10-04 00:00:00+00:00,2010-11-01 00:00:00+00:00,30.0
2,train,3,858127,pandas-dev/pandas,2010-10-11 00:00:00+00:00,2010-11-08 00:00:00+00:00,32.0
2,train,4,858127,pandas-dev/pandas,2010-10-18 00:00:00+00:00,2010-11-15 00:00:00+00:00,32.0
2,train,5,858127,pandas-dev/pandas,2010-10-25 00:00:00+00:00,2010-11-22 00:00:00+00:00,26.0
2,train,6,858127,pandas-dev/pandas,2010-11-01 00:00:00+00:00,2010-11-29 00:00:00+00:00,27.0
2,train,7,858127,pandas-dev/pandas,2010-11-08 00:00:00+00:00,2010-12-06 00:00:00+00:00,26.0
2,train,8,858127,pandas-dev/pandas,2010-11-15 00:00:00+00:00,2010-12-13 00:00:00+00:00,27.0
2,train,9,858127,pandas-dev/pandas,2010-11-22 00:00:00+00:00,2010-12-20 00:00:00+00:00,26.0
2,train,10,858127,pandas-dev/pandas,2010-11-29 00:00:00+00:00,2010-12-27 00:00:00+00:00,23.0
2,train,11,858127,pandas-dev/pandas,2010-12-06 00:00:00+00:00,2011-01-03 00:00:00+00:00,26.0
2,train,12,858127,pandas-dev/pandas,2010-12-13 00:00:00+00:00,2011-01-10 00:00:00+00:00,29.0
2,train,13,858127,pandas-dev/pandas,2010-12-20 00:00:00+00:00,2011-01-17 00:00:00+00:00,27.0
2,train,14,858127,pandas-dev/pandas,2010-12-27 00:00:00+00:00,2011-01-24 00:00:00+00:00,30.0
2,train,15,858127,pandas-dev/pandas,2011-01-03 00:00:00+00:00,2011-01-31 00:00:00+00:00,27.0
2,train,16,858127,pandas-dev/pandas,2011-01-10 00:00:00+00:00,2011-02-07 00:00:00+00:00,22.0
2,train,17,858127,pandas-dev/pandas,2011-01-17 00:00:00+00:00,2011-02-14 00:00:00+00:00,27.0
2,train,18,858127,pandas-dev/pandas,2011-01-24 00:00:00+00:00,2011-02-21 00:00:00+00:00,22.0
2,train,19,858127,pandas-dev/pandas,2011-01-31 00:00:00+00:00,2011-02-28 00:00:00+00:00,22.0
2,train,20,858127,pandas-dev/pandas,2011-02-07 00:00:00+00:00,2011-03-07 00:00:00+00:00,19.0
2,train,21,858127,pandas-dev/pandas,2011-02-14 00:00:00+00:00,2011-03-14 00:00:00+00:00,16.0
2,train,22,858127,pandas-dev/pandas,2011-02-21 00:00:00+00:00,2011-03-21 00:00:00+00:00,18.0
2,train,23,858127,pandas-dev/pandas,2011-02-28 00:00:00+00:00,2011-03-28 00:00:00+00:00,23.0
2,train,24,858127,pandas-dev/pandas,2011-03-07 00:00:00+00:00,2011-04-04 00:00:00+00:00,28.0
2,train,25,858127,pandas-dev/pandas,2011-03-14 00:00:00+00:00,2011-04-11 00:00:00+00:00,33.0
2,train,26,858127,pandas-dev/pandas,2011-03-21 00:00:00+00:00,2011-04-18 00:00:00+00:00,35.0
2,train,27,858127,pandas-dev/pandas,2011-03-28 00:00:00+00:00,2011-04-25 00:00:00+00:00,32.0
2,train,28,858127,pandas-dev/pandas,2011-04-04 00:00:00+00:00,2011-05-02 00:00:00+00:00,31.0
2,train,29,858127,pandas-dev/pandas,2011-04-11 00:00:00+00:00,2011-05-09 00:00:00+00:00,25.0
2,train,30,858127,pandas-dev/pandas,2011-04-18 00:00:00+00:00,2011-05-16 00:00:00+00:00,28.0
2,train,31,858127,pandas-dev/pandas,2011-04-25 00:00:00+00:00,2011-05-23 00:00:00+00:00,27.0
2,train,32,858127,pandas-dev/pandas,2011-05-02 00:00:00+00:00,2011-05-30 00:00:00+00:00,24.0
2,train,33,858127,pandas-dev/pandas,2011-05-09 00:00:00+00:00,2011-06-06 00:00:00+00:00,25.0
2,train,34,858127,pandas-dev/pandas,2011-05-16 00:00:00+00:00,2011-06-13 00:00:00+00:00,22.0
2,train,35,858127,pandas-dev/pandas,2011-05-23 00:00:00+00:00,2011-06-20 00:00:00+00:00,22.0
2,train,36,858127,pandas-dev/pandas,2011-05-30 00:00:00+00:00,2011-06-27 00:00:00+00:00,28.0
2,train,37,858127,pandas-dev/pandas,2011-06-06 00:00:00+00:00,2011-07-04 00:00:00+00:00,29.0
2,train,38,858127,pandas-dev/pandas,2011-06-13 00:00:00+00:00,2011-07-11 00:00:00+00:00,28.0
2,train,39,858127,pandas-dev/pandas,2011-06-20 00:00:00+00:00,2011-07-18 00:00:00+00:00,26.0
2,train,40,858127,pandas-dev/pandas,2011-06-27 00:00:00+00:00,2011-07-25 00:00:00+00:00,22.0
2,train,41,858127,pandas-dev/pandas,2011-07-04 00:00:00+00:00,2011-08-01 00:00:00+00:00,19.0
2,train,42,858127,pandas-dev/pandas,2011-07-11 00:00:00+00:00,2011-08-08 00:00:00+00:00,16.0
2,train,43,858127,pandas-dev/pandas,2011-07-18 00:00:00+00:00,2011-08-15 00:00:00+00:00,16.0
2,train,44,858127,pandas-dev/pandas,2011-07-25 00:00:00+00:00,2011-08-22 00:00:00+00:00,17.0
2,train,45,858127,pandas-dev/pandas,2011-08-01 00:00:00+00:00,2011-08-29 00:00:00+00:00,18.0
2,train,46,858127,pandas-dev/pandas,2011-08-08 00:00:00+00:00,2011-09-05 00:00:00+00:00,21.0
2,train,47,858127,pandas-dev/pandas,2011-08-15 00:00:00+00:00,2011-09-12 00:00:00+00:00,22.0
2,train,48,858127,pandas-dev/pandas,2011-08-22 00:00:00+00:00,2011-09-19 00:00:00+00:00,22.0
2,train,49,858127,pandas-dev/pandas,2011-08-29 00:00:00+00:00,2011-09-26 00:00:00+00:00,23.0
2,train,50,858127,pandas-dev/pandas,2011-09-05 00:00:00+00:00,2011-10-03 00:00:00+00:00,25.0
2,train,51,858127,pandas-dev/pandas,2011-09-12 00:00:00+00:00,2011-10-10 00:00:00+00:00,26.0
2,train,52,858127,pandas-dev/pandas,2011-09-19 00:00:00+00:00,2011-10-17 00:00:00+00:00,25.0
2,train,53,858127,pandas-dev/pandas,2011-09-26 00:00:00+00:00,2011-10-24 00:00:00+00:00,21.0
2,train,54,858127,pandas-dev/pandas,2011-10-03 00:00:00+00:00,2011-10-31 00:00:00+00:00,19.0
2,train,55,858127,pandas-dev/pandas,2011-10-10 00:00:00+00:00,2011-11-07 00:00:00+00:00,16.0
2,train,56,858127,pandas-dev/pandas,2011-10-17 00:00:00+00:00,2011-11-14 00:00:00+00:00,19.0
2,train,57,858127,pandas-dev/pandas,2011-10-24 00:00:00+00:00,2011-11-21 00:00:00+00:00,22.0
2,train,58,858127,pandas-dev/pandas,2011-10-31 00:00:00+00:00,2011-11-28 00:00:00+00:00,22.0
2,train,59,858127,pandas-dev/pandas,2011-11-07 00:00:00+00:00,2011-12-05 00:00:00+00:00,27.0
2,train,60,858127,pandas-dev/pandas,2011-11-14 00:00:00+00:00,2011-12-12 00:00:00+00:00,23.0
2,train,61,858127,pandas-dev/pandas,2011-11-21 00:00:00+00:00,2011-12-19 00:00:00+00:00,25.0
2,train,62,858127,pandas-dev/pandas,2011-11-28 00:00:00+00:00,2011-12-26 00:00:00+00:00,22.0
2,train,63,858127,pandas-dev/pandas,2011-12-05 00:00:00+00:00,2012-01-02 00:00:00+00:00,24.0
2,train,64,858127,pandas-dev/pandas,2011-12-12 00:00:00+00:00,2012-01-09 00:00:00+00:00,28.0
2,train,65,858127,pandas-dev/pandas,2011-12-19 00:00:00+00:00,2012-01-16 00:00:00+00:00,26.0
2,train,66,858127,pandas-dev/pandas,2011-12-26 00:00:00+00:00,2012-01-23 00:00:00+00:00,28.0
2,train,67,858127,pandas-dev/pandas,2012-01-02 00:00:00+00:00,2012-01-30 00:00:00+00:00,24.0
2,train,68,858127,pandas-dev/pandas,2012-01-09 00:00:00+00:00,2012-02-06 00:00:00+00:00,22.0
2,train,69,858127,pandas-dev/pandas,2012-01-16 00:00:00+00:00,2012-02-13 00:00:00+00:00,20.0
2,train,70,858127,pandas-dev/pandas,2012-01-23 00:00:00+00:00,2012-02-20 00:00:00+00:00,23.0
2,train,71,858127,pandas-dev/pandas,2012-01-30 00:00:00+00:00,2012-02-27 00:00:00+00:00,22.0
2,train,72,858127,pandas-dev/pandas,2012-02-06 00:00:00+00:00,2012-03-05 00:00:00+00:00,21.0
2,train,73,858127,pandas-dev/pandas,2012-02-13 00:00:00+00:00,2012-03-12 00:00:00+00:00,25.0
2,train,74,858127,pandas-dev/pandas,2012-02-20 00:00:00+00:00,2012-03-19 00:00:00+00:00,22.0
2,train,75,858127,pandas-dev/pandas,2012-02-27 00:00:00+00:00,2012-03-26 00:00:00+00:00,19.0
2,train,76,858127,pandas-dev/pandas,2012-03-05 00:00:00+00:00,2012-04-02 00:00:00+00:00,18.0
2,train,77,858127,pandas-dev/pandas,2012-03-12 00:00:00+00:00,2012-04-09 00:00:00+00:00,18.0
2,train,78,858127,pandas-dev/pandas,2012-03-19 00:00:00+00:00,2012-04-16 00:00:00+00:00,16.0
2,train,79,858127,pandas-dev/pandas,2012-03-26 00:00:00+00:00,2012-04-23 00:00:00+00:00,21.0
2,train,80,858127,pandas-dev/pandas,2012-04-02 00:00:00+00:00,2012-04-30 00:00:00+00:00,20.0
2,train,81,858127,pandas-dev/pandas,2012-04-09 00:00:00+00:00,2012-05-07 00:00:00+00:00,16.0
2,train,82,858127,pandas-dev/pandas,2012-04-16 00:00:00+00:00,2012-05-14 00:00:00+00:00,16.0
2,train,83,858127,pandas-dev/pandas,2012-04-23 00:00:00+00:00,2012-05-21 00:00:00+00:00,13.0
2,train,84,858127,pandas-dev/pandas,2012-04-30 00:00:00+00:00,2012-05-28 00:00:00+00:00,14.0
2,train,85,858127,pandas-dev/pandas,2012-05-07 00:00:00+00:00,2012-06-04 00:00:00+00:00,16.0
2,train,86,858127,pandas-dev/pandas,2012-05-14 00:00:00+00:00,2012-06-11 00:00:00+00:00,17.0
2,train,87,858127,pandas-dev/pandas,2012-05-21 00:00:00+00:00,2012-06-18 00:00:00+00:00,23.0
2,train,88,858127,pandas-dev/pandas,2012-05-28 00:00:00+00:00,2012-06-25 00:00:00+00:00,20.0
2,train,89,858127,pandas-dev/pandas,2012-06-04 00:00:00+00:00,2012-07-02 00:00:00+00:00,19.0
2,train,90,858127,pandas-dev/pandas,2012-06-11 00:00:00+00:00,2012-07-09 00:00:00+00:00,18.0
2,train,91,858127,pandas-dev/pandas,2012-06-18 00:00:00+00:00,2012-07-16 00:00:00+00:00,16.0
2,train,92,858127,pandas-dev/pandas,2012-06-25 00:00:00+00:00,2012-07-23 00:00:00+00:00,21.0
2,train,93,858127,pandas-dev/pandas,2012-07-02 00:00:00+00:00,2012-07-30 00:00:00+00:00,23.0
2,train,94,858127,pandas-dev/pandas,2012-07-09 00:00:00+00:00,2012-08-06 00:00:00+00:00,22.0
2,train,95,858127,pandas-dev/pandas,2012-07-16 00:00:00+00:00,2012-08-13 00:00:00+00:00,15.0
2,train,96,858127,pandas-dev/pandas,2012-07-23 00:00:00+00:00,2012-08-20 00:00:00+00:00,10.0
2,train,97,858127,pandas-dev/pandas,2012-07-30 00:00:00+00:00,2012-08-27 00:00:00+00:00,6.0
2,train,104,1644196,JuliaLang/julia,2011-05-16 00:00:00+00:00,2011-06-13 00:00:00+00:00,37.0
2,train,105,1644196,JuliaLang/julia,2011-05-23 00:00:00+00:00,2011-06-20 00:00:00+00:00,46.0
2,train,106,1644196,JuliaLang/julia,2011-05-30 00:00:00+00:00,2011-06-27 00:00:00+00:00,41.0
2,train,107,1644196,JuliaLang/julia,2011-06-06 00:00:00+00:00,2011-07-04 00:00:00+00:00,35.0
2,train,108,1644196,JuliaLang/julia,2011-06-13 00:00:00+00:00,2011-07-11 00:00:00+00:00,25.0
2,train,109,1644196,JuliaLang/julia,2011-06-20 00:00:00+00:00,2011-07-18 00:00:00+00:00,19.0
2,train,110,1644196,JuliaLang/julia,2011-06-27 00:00:00+00:00,2011-07-25 00:00:00+00:00,19.0
2,train,111,1644196,JuliaLang/julia,2011-07-04 00:00:00+00:00,2011-08-01 00:00:00+00:00,18.0
2,train,112,1644196,JuliaLang/julia,2011-07-11 00:00:00+00:00,2011-08-08 00:00:00+00:00,23.0
2,train,113,1644196,JuliaLang/julia,2011-07-18 00:00:00+00:00,2011-08-15 00:00:00+00:00,31.0
2,train,114,1644196,JuliaLang/julia,2011-07-25 00:00:00+00:00,2011-08-22 00:00:00+00:00,31.0
2,train,115,1644196,JuliaLang/julia,2011-08-01 00:00:00+00:00,2011-08-29 00:00:00+00:00,32.0
2,train,116,1644196,JuliaLang/julia,2011-08-08 00:00:00+00:00,2011-09-05 00:00:00+00:00,37.0
2,train,117,1644196,JuliaLang/julia,2011-08-15 00:00:00+00:00,2011-09-12 00:00:00+00:00,29.0
2,train,118,1644196,JuliaLang/julia,2011-08-22 00:00:00+00:00,2011-09-19 00:00:00+00:00,34.0
2,train,119,1644196,JuliaLang/julia,2011-08-29 00:00:00+00:00,2011-09-26 00:00:00+00:00,41.0
2,train,120,1644196,JuliaLang/julia,2011-09-05 00:00:00+00:00,2011-10-03 00:00:00+00:00,37.0
2,train,121,1644196,JuliaLang/julia,2011-09-12 00:00:00+00:00,2011-10-10 00:00:00+00:00,36.0
2,train,122,1644196,JuliaLang/julia,2011-09-19 00:00:00+00:00,2011-10-17 00:00:00+00:00,31.0
2,train,123,1644196,JuliaLang/julia,2011-09-26 00:00:00+00:00,2011-10-24 00:00:00+00:00,24.0
2,train,124,1644196,JuliaLang/julia,2011-10-03 00:00:00+00:00,2011-10-31 00:00:00+00:00,21.0
2,train,125,1644196,JuliaLang/julia,2011-10-10 00:00:00+00:00,2011-11-07 00:00:00+00:00,23.0
2,train,126,1644196,JuliaLang/julia,2011-10-17 00:00:00+00:00,2011-11-14 00:00:00+00:00,23.0
2,train,127,1644196,JuliaLang/julia,2011-10-24 00:00:00+00:00,2011-11-21 00:00:00+00:00,24.0
2,train,128,1644196,JuliaLang/julia,2011-10-31 00:00:00+00:00,2011-11-28 00:00:00+00:00,29.0
2,train,129,1644196,JuliaLang/julia,2011-11-07 00:00:00+00:00,2011-12-05 00:00:00+00:00,30.0
2,train,130,1644196,JuliaLang/julia,2011-11-14 00:00:00+00:00,2011-12-12 00:00:00+00:00,35.0
2,train,131,1644196,JuliaLang/julia,2011-11-21 00:00:00+00:00,2011-12-19 00:00:00+00:00,33.0
2,train,132,1644196,JuliaLang/julia,2011-11-28 00:00:00+00:00,2011-12-26 00:00:00+00:00,26.0
2,train,133,1644196,JuliaLang/julia,2011-12-05 00:00:00+00:00,2012-01-02 00:00:00+00:00,25.0
2,train,134,1644196,JuliaLang/julia,2011-12-12 00:00:00+00:00,2012-01-09 00:00:00+00:00,25.0
2,train,135,1644196,JuliaLang/julia,2011-12-19 00:00:00+00:00,2012-01-16 00:00:00+00:00,30.0
2,train,136,1644196,JuliaLang/julia,2011-12-26 00:00:00+00:00,2012-01-23 00:00:00+00:00,31.0
2,train,137,1644196,JuliaLang/julia,2012-01-02 00:00:00+00:00,2012-01-30 00:00:00+00:00,35.0
2,train,144,5108051,opencv/opencv,2012-08-13 00:00:00+00:00,2012-09-10 00:00:00+00:00,7.0
2,train,145,5108051,opencv/opencv,2012-08-20 00:00:00+00:00,2012-09-17 00:00:00+00:00,5.0
2,train,146,5108051,opencv/opencv,2012-08-27 00:00:00+00:00,2012-09-24 00:00:00+00:00,5.0
2,train,147,5108051,opencv/opencv,2012-09-03 00:00:00+00:00,2012-10-01 00:00:00+00:00,5.0
2,train,148,5108051,opencv/opencv,2012-09-10 00:00:00+00:00,2012-10-08 00:00:00+00:00,4.0
2,train,149,5108051,opencv/opencv,2012-09-17 00:00:00+00:00,2012-10-15 00:00:00+00:00,8.0
2,train,150,5108051,opencv/opencv,2012-09-24 00:00:00+00:00,2012-10-22 00:00:00+00:00,8.0
2,train,151,5108051,opencv/opencv,2012-10-01 00:00:00+00:00,2012-10-29 00:00:00+00:00,8.0
2,train,152,5108051,opencv/opencv,2012-12-24 00:00:00+00:00,2013-01-21 00:00:00+00:00,7.0
2,train,153,5108051,opencv/opencv,2013-02-04 00:00:00+00:00,2013-03-04 00:00:00+00:00,72.0
2,train,154,5108051,opencv/opencv,2013-02-11 00:00:00+00:00,2013-03-11 00:00:00+00:00,71.0
2,train,155,5108051,opencv/opencv,2013-02-18 00:00:00+00:00,2013-03-18 00:00:00+00:00,87.0
2,train,156,5108051,opencv/opencv,2013-02-25 00:00:00+00:00,2013-03-25 00:00:00+00:00,81.0
2,train,157,5108051,opencv/opencv,2013-03-04 00:00:00+00:00,2013-04-01 00:00:00+00:00,84.0
2,train,158,5108051,opencv/opencv,2013-03-11 00:00:00+00:00,2013-04-08 00:00:00+00:00,93.0
2,train,159,5108051,opencv/opencv,2013-03-18 00:00:00+00:00,2013-04-15 00:00:00+00:00,105.0
2,train,160,5108051,opencv/opencv,2013-03-25 00:00:00+00:00,2013-04-22 00:00:00+00:00,120.0
2,train,161,5108051,opencv/opencv,2013-04-01 00:00:00+00:00,2013-04-29 00:00:00+00:00,115.0
2,train,162,5108051,opencv/opencv,2013-04-08 00:00:00+00:00,2013-05-06 00:00:00+00:00,108.0
2,train,163,5108051,opencv/opencv,2013-04-15 00:00:00+00:00,2013-05-13 00:00:00+00:00,82.0
2,train,164,5108051,opencv/opencv,2013-04-22 00:00:00+00:00,2013-05-20 00:00:00+00:00,63.0
2,train,165,5108051,opencv/opencv,2013-04-29 00:00:00+00:00,2013-05-27 00:00:00+00:00,73.0
2,train,166,5108051,opencv/opencv,2013-05-06 00:00:00+00:00,2013-06-03 00:00:00+00:00,80.0
2,train,167,5108051,opencv/opencv,2013-05-13 00:00:00+00:00,2013-06-10 00:00:00+00:00,87.0
2,train,168,5108051,opencv/opencv,2013-05-20 00:00:00+00:00,2013-06-17 00:00:00+00:00,96.0
2,train,169,5108051,opencv/opencv,2013-05-27 00:00:00+00:00,2013-06-24 00:00:00+00:00,95.0
2,train,170,5108051,opencv/opencv,2013-06-03 00:00:00+00:00,2013-07-01 00:00:00+00:00,101.0
2,train,171,5108051,opencv/opencv,2013-06-10 00:00:00+00:00,2013-07-08 00:00:00+00:00,105.0
2,train,172,5108051,opencv/opencv,2013-06-17 00:00:00+00:00,2013-07-15 00:00:00+00:00,103.0
2,train,173,5108051,opencv/opencv,2013-06-24 00:00:00+00:00,2013-07-22 00:00:00+00:00,101.0
2,train,174,5108051,opencv/opencv,2013-07-01 00:00:00+00:00,2013-07-29 00:00:00+00:00,96.0
2,train,181,5625464,pyenv/pyenv,2013-02-25 00:00:00+00:00,2013-03-25 00:00:00+00:00,12.0
2,train,182,5625464,pyenv/pyenv,2013-03-04 00:00:00+00:00,2013-04-01 00:00:00+00:00,10.0
2,train,183,5625464,pyenv/pyenv,2013-03-11 00:00:00+00:00,2013-04-08 00:00:00+00:00,10.0
2,train,184,5625464,pyenv/pyenv,2013-03-18 00:00:00+00:00,2013-04-15 00:00:00+00:00,9.0
2,train,185,5625464,pyenv/pyenv,2013-03-25 00:00:00+00:00,2013-04-22 00:00:00+00:00,8.0
2,train,186,5625464,pyenv/pyenv,2013-04-01 00:00:00+00:00,2013-04-29 00:00:00+00:00,8.0
2,train,187,5625464,pyenv/pyenv,2013-04-08 00:00:00+00:00,2013-05-06 00:00:00+00:00,10.0
2,train,188,5625464,pyenv/pyenv,2013-04-15 00:00:00+00:00,2013-05-13 00:00:00+00:00,15.0
2,train,189,5625464,pyenv/pyenv,2013-04-22 00:00:00+00:00,2013-05-20 00:00:00+00:00,16.0
2,train,190,5625464,pyenv/pyenv,2013-04-29 00:00:00+00:00,2013-05-27 00:00:00+00:00,18.0
2,train,191,5625464,pyenv/pyenv,2013-05-06 00:00:00+00:00,2013-06-03 00:00:00+00:00,17.0
2,train,192,5625464,pyenv/pyenv,2013-05-13 00:00:00+00:00,2013-06-10 00:00:00+00:00,16.0
2,train,193,5625464,pyenv/pyenv,2013-05-20 00:00:00+00:00,2013-06-17 00:00:00+00:00,19.0
2,train,194,5625464,pyenv/pyenv,2013-05-27 00:00:00+00:00,2013-06-24 00:00:00+00:00,20.0
2,train,195,5625464,pyenv/pyenv,2013-06-03 00:00:00+00:00,2013-07-01 00:00:00+00:00,24.0
2,train,196,5625464,pyenv/pyenv,2013-06-10 00:00:00+00:00,2013-07-08 00:00:00+00:00,25.0
2,train,197,5625464,pyenv/pyenv,2013-06-17 00:00:00+00:00,2013-07-15 00:00:00+00:00,44.0
2,train,198,5625464,pyenv/pyenv,2013-06-24 00:00:00+00:00,2013-07-22 00:00:00+00:00,60.0
2,train,199,5625464,pyenv/pyenv,2013-07-01 00:00:00+00:00,2013-07-29 00:00:00+00:00,72.0
2,train,200,5625464,pyenv/pyenv,2013-07-08 00:00:00+00:00,2013-08-05 00:00:00+00:00,89.0
2,train,201,5625464,pyenv/pyenv,2013-07-15 00:00:00+00:00,2013-08-12 00:00:00+00:00,91.0
2,train,202,5625464,pyenv/pyenv,2013-07-22 00:00:00+00:00,2013-08-19 00:00:00+00:00,89.0
2,train,203,5625464,pyenv/pyenv,2013-07-29 00:00:00+00:00,2013-08-26 00:00:00+00:00,88.0
2,train,204,5625464,pyenv/pyenv,2013-08-05 00:00:00+00:00,2013-09-02 00:00:00+00:00,87.0
2,train,205,5625464,pyenv/pyenv,2013-08-12 00:00:00+00:00,2013-09-09 00:00:00+00:00,79.0
2,train,206,5625464,pyenv/pyenv,2013-08-19 00:00:00+00:00,2013-09-16 00:00:00+00:00,67.0
2,train,207,5625464,pyenv/pyenv,2013-08-26 00:00:00+00:00,2013-09-23 00:00:00+00:00,65.0
2,train,208,5625464,pyenv/pyenv,2013-09-02 00:00:00+00:00,2013-09-30 00:00:00+00:00,66.0
2,train,209,5625464,pyenv/pyenv,2013-09-09 00:00:00+00:00,2013-10-07 00:00:00+00:00,59.0
2,train,210,5625464,pyenv/pyenv,2013-09-16 00:00:00+00:00,2013-10-14 00:00:00+00:00,141.0
2,train,211,5625464,pyenv/pyenv,2013-09-23 00:00:00+00:00,2013-10-21 00:00:00+00:00,158.0
2,train,212,5625464,pyenv/pyenv,2013-09-30 00:00:00+00:00,2013-10-28 00:00:00+00:00,159.0
2,train,213,5625464,pyenv/pyenv,2013-10-07 00:00:00+00:00,2013-11-04 00:00:00+00:00,165.0
2,train,214,5625464,pyenv/pyenv,2013-10-14 00:00:00+00:00,2013-11-11 00:00:00+00:00,106.0
2,train,215,5625464,pyenv/pyenv,2013-10-21 00:00:00+00:00,2013-11-18 00:00:00+00:00,93.0
2,train,216,5625464,pyenv/pyenv,2013-10-28 00:00:00+00:00,2013-11-25 00:00:00+00:00,100.0
2,train,217,5625464,pyenv/pyenv,2013-11-04 00:00:00+00:00,2013-12-02 00:00:00+00:00,98.0
2,train,218,5625464,pyenv/pyenv,2013-11-11 00:00:00+00:00,2013-12-09 00:00:00+00:00,93.0
2,train,219,5625464,pyenv/pyenv,2013-11-18 00:00:00+00:00,2013-12-16 00:00:00+00:00,86.0
2,train,220,5625464,pyenv/pyenv,2013-11-25 00:00:00+00:00,2013-12-23 00:00:00+00:00,66.0
2,train,221,5625464,pyenv/pyenv,2013-12-02 00:00:00+00:00,2013-12-30 00:00:00+00:00,74.0
2,train,222,5625464,pyenv/pyenv,2013-12-09 00:00:00+00:00,2014-01-06 00:00:00+00:00,70.0
2,train,223,5625464,pyenv/pyenv,2013-12-16 00:00:00+00:00,2014-01-13 00:00:00+00:00,90.0
2,train,224,5625464,pyenv/pyenv,2013-12-23 00:00:00+00:00,2014-01-20 00:00:00+00:00,98.0
2,train,225,5625464,pyenv/pyenv,2013-12-30 00:00:00+00:00,2014-01-27 00:00:00+00:00,91.0
2,train,226,5625464,pyenv/pyenv,2014-01-06 00:00:00+00:00,2014-02-03 00:00:00+00:00,86.0
2,train,227,5625464,pyenv/pyenv,2014-01-13 00:00:00+00:00,2014-02-10 00:00:00+00:00,67.0
2,train,228,5625464,pyenv/pyenv,2014-01-20 00:00:00+00:00,2014-02-17 00:00:00+00:00,59.0
2,train,229,5625464,pyenv/pyenv,2014-01-27 00:00:00+00:00,2014-02-24 00:00:00+00:00,56.0
2,train,230,5625464,pyenv/pyenv,2014-02-03 00:00:00+00:00,2014-03-03 00:00:00+00:00,66.0
2,train,231,5625464,pyenv/pyenv,2014-02-10 00:00:00+00:00,2014-03-10 00:00:00+00:00,73.0
2,train,232,5625464,pyenv/pyenv,2014-02-17 00:00:00+00:00,2014-03-17 00:00:00+00:00,81.0
2,train,233,5625464,pyenv/pyenv,2014-02-24 00:00:00+00:00,2014-03-24 00:00:00+00:00,90.0
2,train,234,5625464,pyenv/pyenv,2014-03-03 00:00:00+00:00,2014-03-31 00:00:00+00:00,86.0
2,train,235,5625464,pyenv/pyenv,2014-03-10 00:00:00+00:00,2014-04-07 00:00:00+00:00,83.0
2,train,236,5625464,pyenv/pyenv,2014-03-17 00:00:00+00:00,2014-04-14 00:00:00+00:00,85.0
2,train,237,5625464,pyenv/pyenv,2014-03-24 00:00:00+00:00,2014-04-21 00:00:00+00:00,83.0
2,train,238,5625464,pyenv/pyenv,2014-03-31 00:00:00+00:00,2014-04-28 00:00:00+00:00,80.0
2,train,239,5625464,pyenv/pyenv,2014-04-07 00:00:00+00:00,2014-05-05 00:00:00+00:00,83.0
2,train,240,5625464,pyenv/pyenv,2014-04-14 00:00:00+00:00,2014-05-12 00:00:00+00:00,81.0
2,train,241,5625464,pyenv/pyenv,2014-04-21 00:00:00+00:00,2014-05-19 00:00:00+00:00,75.0
2,train,248,19745004,odoo/odoo,2014-06-09 00:00:00+00:00,2014-07-07 00:00:00+00:00,119.0
2,train,249,19745004,odoo/odoo,2014-06-16 00:00:00+00:00,2014-07-14 00:00:00+00:00,119.0
2,train,250,19745004,odoo/odoo,2014-06-23 00:00:00+00:00,2014-07-21 00:00:00+00:00,113.0
2,train,251,19745004,odoo/odoo,2014-06-30 00:00:00+00:00,2014-07-28 00:00:00+00:00,110.0
2,train,252,19745004,odoo/odoo,2014-07-07 00:00:00+00:00,2014-08-04 00:00:00+00:00,100.0
2,train,253,19745004,odoo/odoo,2014-07-14 00:00:00+00:00,2014-08-11 00:00:00+00:00,103.0
2,train,254,19745004,odoo/odoo,2014-07-21 00:00:00+00:00,2014-08-18 00:00:00+00:00,98.0
2,train,255,19745004,odoo/odoo,2014-07-28 00:00:00+00:00,2014-08-25 00:00:00+00:00,110.0
2,train,262,22887094,tesseract-ocr/tesseract,2015-01-05 00:00:00+00:00,2015-02-02 00:00:00+00:00,9.0
2,train,263,22887094,tesseract-ocr/tesseract,2015-01-12 00:00:00+00:00,2015-02-09 00:00:00+00:00,8.0
2,train,264,22887094,tesseract-ocr/tesseract,2015-02-23 00:00:00+00:00,2015-03-23 00:00:00+00:00,13.0
2,train,265,22887094,tesseract-ocr/tesseract,2015-03-02 00:00:00+00:00,2015-03-30 00:00:00+00:00,15.0
2,train,266,22887094,tesseract-ocr/tesseract,2015-03-09 00:00:00+00:00,2015-04-06 00:00:00+00:00,12.0
2,train,267,22887094,tesseract-ocr/tesseract,2015-03-16 00:00:00+00:00,2015-04-13 00:00:00+00:00,15.0
2,train,268,22887094,tesseract-ocr/tesseract,2015-03-23 00:00:00+00:00,2015-04-20 00:00:00+00:00,14.0
2,train,269,22887094,tesseract-ocr/tesseract,2015-03-30 00:00:00+00:00,2015-04-27 00:00:00+00:00,12.0
2,train,270,22887094,tesseract-ocr/tesseract,2015-04-06 00:00:00+00:00,2015-05-04 00:00:00+00:00,14.0
2,train,271,22887094,tesseract-ocr/tesseract,2015-04-13 00:00:00+00:00,2015-05-11 00:00:00+00:00,15.0
2,train,272,22887094,tesseract-ocr/tesseract,2015-04-20 00:00:00+00:00,2015-05-18 00:00:00+00:00,17.0
2,train,273,22887094,tesseract-ocr/tesseract,2015-04-27 00:00:00+00:00,2015-05-25 00:00:00+00:00,21.0
2,train,274,22887094,tesseract-ocr/tesseract,2015-05-04 00:00:00+00:00,2015-06-01 00:00:00+00:00,26.0
2,train,275,22887094,tesseract-ocr/tesseract,2015-05-11 00:00:00+00:00,2015-06-08 00:00:00+00:00,27.0
2,train,276,22887094,tesseract-ocr/tesseract,2015-05-18 00:00:00+00:00,2015-06-15 00:00:00+00:00,33.0
2,train,283,23088740,axios/axios,2014-09-29 00:00:00+00:00,2014-10-27 00:00:00+00:00,19.0
2,train,284,23088740,axios/axios,2014-10-06 00:00:00+00:00,2014-11-03 00:00:00+00:00,14.0
2,train,285,23088740,axios/axios,2014-10-13 00:00:00+00:00,2014-11-10 00:00:00+00:00,12.0
2,train,286,23088740,axios/axios,2014-10-20 00:00:00+00:00,2014-11-17 00:00:00+00:00,12.0
2,train,287,23088740,axios/axios,2014-10-27 00:00:00+00:00,2014-11-24 00:00:00+00:00,12.0
2,train,288,23088740,axios/axios,2014-11-03 00:00:00+00:00,2014-12-01 00:00:00+00:00,14.0
2,train,289,23088740,axios/axios,2014-11-10 00:00:00+00:00,2014-12-08 00:00:00+00:00,13.0
2,train,290,23088740,axios/axios,2014-11-17 00:00:00+00:00,2014-12-15 00:00:00+00:00,18.0
2,train,291,23088740,axios/axios,2014-11-24 00:00:00+00:00,2014-12-22 00:00:00+00:00,18.0
2,train,292,23088740,axios/axios,2014-12-01 00:00:00+00:00,2014-12-29 00:00:00+00:00,17.0
2,train,293,23088740,axios/axios,2014-12-08 00:00:00+00:00,2015-01-05 00:00:00+00:00,17.0
2,train,294,23088740,axios/axios,2014-12-15 00:00:00+00:00,2015-01-12 00:00:00+00:00,20.0
2,train,295,23088740,axios/axios,2014-12-22 00:00:00+00:00,2015-01-19 00:00:00+00:00,27.0
2,train,296,23088740,axios/axios,2014-12-29 00:00:00+00:00,2015-01-26 00:00:00+00:00,28.0
2,train,297,23088740,axios/axios,2015-01-05 00:00:00+00:00,2015-02-02 00:00:00+00:00,32.0
2,train,298,23088740,axios/axios,2015-01-12 00:00:00+00:00,2015-02-09 00:00:00+00:00,33.0
2,train,299,23088740,axios/axios,2015-01-19 00:00:00+00:00,2015-02-16 00:00:00+00:00,42.0
2,train,300,23088740,axios/axios,2015-01-26 00:00:00+00:00,2015-02-23 00:00:00+00:00,47.0
2,train,301,23088740,axios/axios,2015-02-02 00:00:00+00:00,2015-03-02 00:00:00+00:00,64.0
2,train,302,23088740,axios/axios,2015-02-09 00:00:00+00:00,2015-03-09 00:00:00+00:00,73.0
2,train,303,23088740,axios/axios,2015-02-16 00:00:00+00:00,2015-03-16 00:00:00+00:00,66.0
2,train,304,23088740,axios/axios,2015-02-23 00:00:00+00:00,2015-03-23 00:00:00+00:00,68.0
2,train,305,23088740,axios/axios,2015-03-02 00:00:00+00:00,2015-03-30 00:00:00+00:00,58.0
2,train,306,23088740,axios/axios,2015-03-09 00:00:00+00:00,2015-04-06 00:00:00+00:00,54.0
2,train,307,23088740,axios/axios,2015-03-16 00:00:00+00:00,2015-04-13 00:00:00+00:00,57.0
2,train,308,23088740,axios/axios,2015-03-23 00:00:00+00:00,2015-04-20 00:00:00+00:00,54.0
2,train,309,23088740,axios/axios,2015-03-30 00:00:00+00:00,2015-04-27 00:00:00+00:00,73.0
2,train,310,23088740,axios/axios,2015-04-06 00:00:00+00:00,2015-05-04 00:00:00+00:00,85.0
2,train,311,23088740,axios/axios,2015-04-13 00:00:00+00:00,2015-05-11 00:00:00+00:00,90.0
2,train,312,23088740,axios/axios,2015-04-20 00:00:00+00:00,2015-05-18 00:00:00+00:00,102.0
2,train,313,23088740,axios/axios,2015-04-27 00:00:00+00:00,2015-05-25 00:00:00+00:00,89.0
2,train,314,23088740,axios/axios,2015-05-04 00:00:00+00:00,2015-06-01 00:00:00+00:00,91.0
2,train,315,23088740,axios/axios,2015-05-11 00:00:00+00:00,2015-06-08 00:00:00+00:00,95.0
2,train,316,23088740,axios/axios,2015-05-18 00:00:00+00:00,2015-06-15 00:00:00+00:00,84.0
2,train,317,23088740,axios/axios,2015-05-25 00:00:00+00:00,2015-06-22 00:00:00+00:00,97.0
2,train,318,23088740,axios/axios,2015-06-01 00:00:00+00:00,2015-06-29 00:00:00+00:00,131.0
2,train,319,23088740,axios/axios,2015-06-08 00:00:00+00:00,2015-07-06 00:00:00+00:00,154.0
2,train,320,23088740,axios/axios,2015-06-15 00:00:00+00:00,2015-07-13 00:00:00+00:00,167.0
2,train,321,23088740,axios/axios,2015-06-22 00:00:00+00:00,2015-07-20 00:00:00+00:00,170.0
2,train,328,32689863,3b1b/manim,2015-11-16 00:00:00+00:00,2015-12-14 00:00:00+00:00,9.0
2,train,329,32689863,3b1b/manim,2015-11-23 00:00:00+00:00,2015-12-21 00:00:00+00:00,8.0
2,train,330,32689863,3b1b/manim,2016-05-02 00:00:00+00:00,2016-05-30 00:00:00+00:00,8.0
2,train,331,32689863,3b1b/manim,2016-05-09 00:00:00+00:00,2016-06-06 00:00:00+00:00,8.0
2,train,332,32689863,3b1b/manim,2016-05-16 00:00:00+00:00,2016-06-13 00:00:00+00:00,8.0
2,train,333,32689863,3b1b/manim,2016-05-23 00:00:00+00:00,2016-06-20 00:00:00+00:00,10.0
2,train,334,32689863,3b1b/manim,2016-07-11 00:00:00+00:00,2016-08-08 00:00:00+00:00,77.0
2,train,335,32689863,3b1b/manim,2016-07-18 00:00:00+00:00,2016-08-15 00:00:00+00:00,92.0
2,train,336,32689863,3b1b/manim,2016-07-25 00:00:00+00:00,2016-08-22 00:00:00+00:00,107.0
2,train,337,32689863,3b1b/manim,2016-08-01 00:00:00+00:00,2016-08-29 00:00:00+00:00,93.0
2,train,338,32689863,3b1b/manim,2016-08-08 00:00:00+00:00,2016-09-05 00:00:00+00:00,57.0
2,train,339,32689863,3b1b/manim,2016-08-15 00:00:00+00:00,2016-09-12 00:00:00+00:00,48.0
2,train,340,32689863,3b1b/manim,2016-08-22 00:00:00+00:00,2016-09-19 00:00:00+00:00,37.0
2,train,341,32689863,3b1b/manim,2016-08-29 00:00:00+00:00,2016-09-26 00:00:00+00:00,35.0
2,train,342,32689863,3b1b/manim,2016-09-05 00:00:00+00:00,2016-10-03 00:00:00+00:00,35.0
2,train,343,32689863,3b1b/manim,2016-09-12 00:00:00+00:00,2016-10-10 00:00:00+00:00,31.0
2,train,344,32689863,3b1b/manim,2016-09-19 00:00:00+00:00,2016-10-17 00:00:00+00:00,44.0
2,train,345,32689863,3b1b/manim,2016-09-26 00:00:00+00:00,2016-10-24 00:00:00+00:00,44.0
2,train,346,32689863,3b1b/manim,2016-10-03 00:00:00+00:00,2016-10-31 00:00:00+00:00,59.0
2,train,347,32689863,3b1b/manim,2016-10-10 00:00:00+00:00,2016-11-07 00:00:00+00:00,77.0
2,train,348,32689863,3b1b/manim,2016-10-17 00:00:00+00:00,2016-11-14 00:00:00+00:00,72.0
2,train,349,32689863,3b1b/manim,2016-10-24 00:00:00+00:00,2016-11-21 00:00:00+00:00,84.0
2,train,350,32689863,3b1b/manim,2016-10-31 00:00:00+00:00,2016-11-28 00:00:00+00:00,75.0
2,train,351,32689863,3b1b/manim,2016-11-07 00:00:00+00:00,2016-12-05 00:00:00+00:00,72.0
2,train,352,32689863,3b1b/manim,2016-11-14 00:00:00+00:00,2016-12-12 00:00:00+00:00,81.0
2,train,353,32689863,3b1b/manim,2016-11-21 00:00:00+00:00,2016-12-19 00:00:00+00:00,76.0
2,train,354,32689863,3b1b/manim,2016-11-28 00:00:00+00:00,2016-12-26 00:00:00+00:00,78.0
2,train,355,32689863,3b1b/manim,2016-12-05 00:00:00+00:00,2017-01-02 00:00:00+00:00,84.0
2,train,356,32689863,3b1b/manim,2016-12-12 00:00:00+00:00,2017-01-09 00:00:00+00:00,68.0
2,train,357,32689863,3b1b/manim,2016-12-19 00:00:00+00:00,2017-01-16 00:00:00+00:00,63.0
2,train,358,32689863,3b1b/manim,2016-12-26 00:00:00+00:00,2017-01-23 00:00:00+00:00,66.0
2,train,359,32689863,3b1b/manim,2017-01-02 00:00:00+00:00,2017-01-30 00:00:00+00:00,65.0
2,train,360,32689863,3b1b/manim,2017-01-09 00:00:00+00:00,2017-02-06 00:00:00+00:00,118.0
2,train,361,32689863,3b1b/manim,2017-01-16 00:00:00+00:00,2017-02-13 00:00:00+00:00,144.0
2,train,362,32689863,3b1b/manim,2017-01-23 00:00:00+00:00,2017-02-20 00:00:00+00:00,136.0
2,train,363,32689863,3b1b/manim,2017-01-30 00:00:00+00:00,2017-02-27 00:00:00+00:00,134.0
2,train,364,32689863,3b1b/manim,2017-02-06 00:00:00+00:00,2017-03-06 00:00:00+00:00,100.0
2,train,365,32689863,3b1b/manim,2017-02-13 00:00:00+00:00,2017-03-13 00:00:00+00:00,83.0
2,train,366,32689863,3b1b/manim,2017-02-20 00:00:00+00:00,2017-03-20 00:00:00+00:00,91.0
2,train,367,32689863,3b1b/manim,2017-02-27 00:00:00+00:00,2017-03-27 00:00:00+00:00,96.0
2,train,368,32689863,3b1b/manim,2017-03-06 00:00:00+00:00,2017-04-03 00:00:00+00:00,94.0
2,train,369,32689863,3b1b/manim,2017-03-13 00:00:00+00:00,2017-04-10 00:00:00+00:00,98.0
2,train,376,33884891,apache/airflow,2015-06-29 00:00:00+00:00,2015-07-27 00:00:00+00:00,110.0
2,train,377,33884891,apache/airflow,2015-07-06 00:00:00+00:00,2015-08-03 00:00:00+00:00,87.0
2,train,378,33884891,apache/airflow,2015-07-13 00:00:00+00:00,2015-08-10 00:00:00+00:00,70.0
2,train,379,33884891,apache/airflow,2015-07-20 00:00:00+00:00,2015-08-17 00:00:00+00:00,84.0
2,train,380,33884891,apache/airflow,2015-07-27 00:00:00+00:00,2015-08-24 00:00:00+00:00,78.0
2,train,387,43441403,strapi/strapi,2015-10-26 00:00:00+00:00,2015-11-23 00:00:00+00:00,19.0
2,train,388,43441403,strapi/strapi,2015-11-02 00:00:00+00:00,2015-11-30 00:00:00+00:00,24.0
2,train,389,43441403,strapi/strapi,2015-11-09 00:00:00+00:00,2015-12-07 00:00:00+00:00,31.0
2,train,390,43441403,strapi/strapi,2015-11-16 00:00:00+00:00,2015-12-14 00:00:00+00:00,71.0
2,train,391,43441403,strapi/strapi,2015-11-23 00:00:00+00:00,2015-12-21 00:00:00+00:00,88.0
2,train,392,43441403,strapi/strapi,2015-11-30 00:00:00+00:00,2015-12-28 00:00:00+00:00,87.0
2,train,393,43441403,strapi/strapi,2015-12-07 00:00:00+00:00,2016-01-04 00:00:00+00:00,90.0
2,train,394,43441403,strapi/strapi,2015-12-14 00:00:00+00:00,2016-01-11 00:00:00+00:00,50.0
2,train,395,43441403,strapi/strapi,2015-12-21 00:00:00+00:00,2016-01-18 00:00:00+00:00,39.0
2,train,396,43441403,strapi/strapi,2015-12-28 00:00:00+00:00,2016-01-25 00:00:00+00:00,43.0
2,train,397,43441403,strapi/strapi,2016-01-04 00:00:00+00:00,2016-02-01 00:00:00+00:00,44.0
2,train,398,43441403,strapi/strapi,2016-01-11 00:00:00+00:00,2016-02-08 00:00:00+00:00,40.0
2,train,399,43441403,strapi/strapi,2016-01-18 00:00:00+00:00,2016-02-15 00:00:00+00:00,50.0
2,train,400,43441403,strapi/strapi,2016-01-25 00:00:00+00:00,2016-02-22 00:00:00+00:00,45.0
2,train,401,43441403,strapi/strapi,2016-02-01 00:00:00+00:00,2016-02-29 00:00:00+00:00,85.0
2,train,402,43441403,strapi/strapi,2016-02-08 00:00:00+00:00,2016-03-07 00:00:00+00:00,106.0
2,train,403,43441403,strapi/strapi,2016-02-15 00:00:00+00:00,2016-03-14 00:00:00+00:00,97.0
2,train,404,43441403,strapi/strapi,2016-02-22 00:00:00+00:00,2016-03-21 00:00:00+00:00,98.0
2,train,411,58028038,521xueweihan/HelloGitHub,2016-08-22 00:00:00+00:00,2016-09-19 00:00:00+00:00,33.0
2,train,412,58028038,521xueweihan/HelloGitHub,2016-08-29 00:00:00+00:00,2016-09-26 00:00:00+00:00,100.0
2,train,413,58028038,521xueweihan/HelloGitHub,2016-09-05 00:00:00+00:00,2016-10-03 00:00:00+00:00,90.0
2,train,414,58028038,521xueweihan/HelloGitHub,2016-09-12 00:00:00+00:00,2016-10-10 00:00:00+00:00,94.0
2,train,415,58028038,521xueweihan/HelloGitHub,2016-09-19 00:00:00+00:00,2016-10-17 00:00:00+00:00,97.0
2,train,416,58028038,521xueweihan/HelloGitHub,2016-09-26 00:00:00+00:00,2016-10-24 00:00:00+00:00,26.0
2,train,417,58028038,521xueweihan/HelloGitHub,2016-10-03 00:00:00+00:00,2016-10-31 00:00:00+00:00,34.0
2,train,418,58028038,521xueweihan/HelloGitHub,2016-10-10 00:00:00+00:00,2016-11-07 00:00:00+00:00,31.0
2,train,419,58028038,521xueweihan/HelloGitHub,2016-10-17 00:00:00+00:00,2016-11-14 00:00:00+00:00,27.0
2,train,420,58028038,521xueweihan/HelloGitHub,2016-10-24 00:00:00+00:00,2016-11-21 00:00:00+00:00,25.0
2,train,421,58028038,521xueweihan/HelloGitHub,2016-10-31 00:00:00+00:00,2016-11-28 00:00:00+00:00,72.0
2,train,422,58028038,521xueweihan/HelloGitHub,2016-11-07 00:00:00+00:00,2016-12-05 00:00:00+00:00,74.0
2,train,423,58028038,521xueweihan/HelloGitHub,2016-11-14 00:00:00+00:00,2016-12-12 00:00:00+00:00,77.0
2,train,424,58028038,521xueweihan/HelloGitHub,2016-11-21 00:00:00+00:00,2016-12-19 00:00:00+00:00,80.0
2,train,425,58028038,521xueweihan/HelloGitHub,2016-11-28 00:00:00+00:00,2016-12-26 00:00:00+00:00,38.0
2,train,426,58028038,521xueweihan/HelloGitHub,2016-12-05 00:00:00+00:00,2017-01-02 00:00:00+00:00,40.0
2,train,427,58028038,521xueweihan/HelloGitHub,2016-12-12 00:00:00+00:00,2017-01-09 00:00:00+00:00,37.0
2,train,434,63476337,TheAlgorithms/Python,2016-08-22 00:00:00+00:00,2016-09-19 00:00:00+00:00,70.0
2,train,435,63476337,TheAlgorithms/Python,2016-08-29 00:00:00+00:00,2016-09-26 00:00:00+00:00,62.0
2,train,436,63476337,TheAlgorithms/Python,2016-09-05 00:00:00+00:00,2016-10-03 00:00:00+00:00,55.0
2,train,437,63476337,TheAlgorithms/Python,2016-09-12 00:00:00+00:00,2016-10-10 00:00:00+00:00,61.0
2,train,438,63476337,TheAlgorithms/Python,2016-09-19 00:00:00+00:00,2016-10-17 00:00:00+00:00,63.0
2,train,439,63476337,TheAlgorithms/Python,2016-09-26 00:00:00+00:00,2016-10-24 00:00:00+00:00,63.0
2,train,440,63476337,TheAlgorithms/Python,2016-10-03 00:00:00+00:00,2016-10-31 00:00:00+00:00,60.0
2,train,441,63476337,TheAlgorithms/Python,2016-10-10 00:00:00+00:00,2016-11-07 00:00:00+00:00,61.0
2,train,442,63476337,TheAlgorithms/Python,2016-10-17 00:00:00+00:00,2016-11-14 00:00:00+00:00,59.0
2,train,443,63476337,TheAlgorithms/Python,2016-10-24 00:00:00+00:00,2016-11-21 00:00:00+00:00,62.0
2,train,444,63476337,TheAlgorithms/Python,2016-10-31 00:00:00+00:00,2016-11-28 00:00:00+00:00,56.0
2,train,445,63476337,TheAlgorithms/Python,2016-11-07 00:00:00+00:00,2016-12-05 00:00:00+00:00,52.0
2,train,446,63476337,TheAlgorithms/Python,2016-11-14 00:00:00+00:00,2016-12-12 00:00:00+00:00,59.0
2,train,447,63476337,TheAlgorithms/Python,2016-11-21 00:00:00+00:00,2016-12-19 00:00:00+00:00,64.0
2,train,448,63476337,TheAlgorithms/Python,2016-11-28 00:00:00+00:00,2016-12-26 00:00:00+00:00,63.0
2,train,449,63476337,TheAlgorithms/Python,2016-12-05 00:00:00+00:00,2017-01-02 00:00:00+00:00,63.0
2,train,450,63476337,TheAlgorithms/Python,2016-12-12 00:00:00+00:00,2017-01-09 00:00:00+00:00,63.0
2,train,451,63476337,TheAlgorithms/Python,2016-12-19 00:00:00+00:00,2017-01-16 00:00:00+00:00,51.0
2,train,452,63476337,TheAlgorithms/Python,2016-12-26 00:00:00+00:00,2017-01-23 00:00:00+00:00,56.0
2,train,453,63476337,TheAlgorithms/Python,2017-01-02 00:00:00+00:00,2017-01-30 00:00:00+00:00,55.0
2,train,454,63476337,TheAlgorithms/Python,2017-01-09 00:00:00+00:00,2017-02-06 00:00:00+00:00,48.0
2,train,455,63476337,TheAlgorithms/Python,2017-01-16 00:00:00+00:00,2017-02-13 00:00:00+00:00,51.0
2,train,456,63476337,TheAlgorithms/Python,2017-01-23 00:00:00+00:00,2017-02-20 00:00:00+00:00,53.0
2,train,457,63476337,TheAlgorithms/Python,2017-01-30 00:00:00+00:00,2017-02-27 00:00:00+00:00,59.0
2,train,458,63476337,TheAlgorithms/Python,2017-02-06 00:00:00+00:00,2017-03-06 00:00:00+00:00,78.0
2,train,459,63476337,TheAlgorithms/Python,2017-02-13 00:00:00+00:00,2017-03-13 00:00:00+00:00,97.0
2,train,460,63476337,TheAlgorithms/Python,2017-02-20 00:00:00+00:00,2017-03-20 00:00:00+00:00,104.0
2,train,461,63476337,TheAlgorithms/Python,2017-02-27 00:00:00+00:00,2017-03-27 00:00:00+00:00,113.0
2,train,462,63476337,TheAlgorithms/Python,2017-03-06 00:00:00+00:00,2017-04-03 00:00:00+00:00,98.0
2,train,463,63476337,TheAlgorithms/Python,2017-03-13 00:00:00+00:00,2017-04-10 00:00:00+00:00,81.0
2,train,464,63476337,TheAlgorithms/Python,2017-03-20 00:00:00+00:00,2017-04-17 00:00:00+00:00,82.0
2,train,465,63476337,TheAlgorithms/Python,2017-03-27 00:00:00+00:00,2017-04-24 00:00:00+00:00,73.0
2,train,466,63476337,TheAlgorithms/Python,2017-04-03 00:00:00+00:00,2017-05-01 00:00:00+00:00,84.0
2,train,467,63476337,TheAlgorithms/Python,2017-04-10 00:00:00+00:00,2017-05-08 00:00:00+00:00,86.0
2,train,474,65750241,expo/expo,2016-09-12 00:00:00+00:00,2016-10-10 00:00:00+00:00,184.0
2,train,475,65750241,expo/expo,2016-09-19 00:00:00+00:00,2016-10-17 00:00:00+00:00,179.0
2,train,476,65750241,expo/expo,2016-09-26 00:00:00+00:00,2016-10-24 00:00:00+00:00,67.0
2,train,477,65750241,expo/expo,2016-10-03 00:00:00+00:00,2016-10-31 00:00:00+00:00,57.0
2,train,478,65750241,expo/expo,2016-10-10 00:00:00+00:00,2016-11-07 00:00:00+00:00,57.0
2,train,479,65750241,expo/expo,2016-10-17 00:00:00+00:00,2016-11-14 00:00:00+00:00,67.0
2,train,480,65750241,expo/expo,2016-10-24 00:00:00+00:00,2016-11-21 00:00:00+00:00,65.0
2,train,481,65750241,expo/expo,2016-10-31 00:00:00+00:00,2016-11-28 00:00:00+00:00,74.0
2,train,482,65750241,expo/expo,2016-11-07 00:00:00+00:00,2016-12-05 00:00:00+00:00,62.0
2,train,483,65750241,expo/expo,2016-11-14 00:00:00+00:00,2016-12-12 00:00:00+00:00,59.0
2,train,484,65750241,expo/expo,2016-11-21 00:00:00+00:00,2016-12-19 00:00:00+00:00,65.0
2,train,485,65750241,expo/expo,2016-11-28 00:00:00+00:00,2016-12-26 00:00:00+00:00,52.0
2,train,486,65750241,expo/expo,2016-12-05 00:00:00+00:00,2017-01-02 00:00:00+00:00,62.0
2,train,487,65750241,expo/expo,2016-12-12 00:00:00+00:00,2017-01-09 00:00:00+00:00,62.0
2,train,488,65750241,expo/expo,2016-12-19 00:00:00+00:00,2017-01-16 00:00:00+00:00,56.0
2,train,489,65750241,expo/expo,2016-12-26 00:00:00+00:00,2017-01-23 00:00:00+00:00,63.0
2,train,490,65750241,expo/expo,2017-01-02 00:00:00+00:00,2017-01-30 00:00:00+00:00,57.0
2,train,491,65750241,expo/expo,2017-01-09 00:00:00+00:00,2017-02-06 00:00:00+00:00,47.0
2,train,492,65750241,expo/expo,2017-01-16 00:00:00+00:00,2017-02-13 00:00:00+00:00,56.0
2,train,493,65750241,expo/expo,2017-01-23 00:00:00+00:00,2017-02-20 00:00:00+00:00,53.0
2,train,494,65750241,expo/expo,2017-01-30 00:00:00+00:00,2017-02-27 00:00:00+00:00,46.0
2,train,495,65750241,expo/expo,2017-02-06 00:00:00+00:00,2017-03-06 00:00:00+00:00,58.0
2,train,496,65750241,expo/expo,2017-02-13 00:00:00+00:00,2017-03-13 00:00:00+00:00,120.0
2,train,497,65750241,expo/expo,2017-02-20 00:00:00+00:00,2017-03-20 00:00:00+00:00,144.0
2,train,498,65750241,expo/expo,2017-02-27 00:00:00+00:00,2017-03-27 00:00:00+00:00,158.0
2,train,499,65750241,expo/expo,2017-03-06 00:00:00+00:00,2017-04-03 00:00:00+00:00,155.0
2,train,500,65750241,expo/expo,2017-03-13 00:00:00+00:00,2017-04-10 00:00:00+00:00,104.0
2,train,501,65750241,expo/expo,2017-03-20 00:00:00+00:00,2017-04-17 00:00:00+00:00,107.0
2,train,502,65750241,expo/expo,2017-03-27 00:00:00+00:00,2017-04-24 00:00:00+00:00,125.0
2,train,503,65750241,expo/expo,2017-04-03 00:00:00+00:00,2017-05-01 00:00:00+00:00,136.0
2,train,510,80945428,nestjs/nest,2017-03-13 00:00:00+00:00,2017-04-10 00:00:00+00:00,51.0
2,train,511,80945428,nestjs/nest,2017-03-20 00:00:00+00:00,2017-04-17 00:00:00+00:00,58.0
2,train,512,80945428,nestjs/nest,2017-03-27 00:00:00+00:00,2017-04-24 00:00:00+00:00,24.0
2,train,513,80945428,nestjs/nest,2017-04-03 00:00:00+00:00,2017-05-01 00:00:00+00:00,283.0
2,train,514,80945428,nestjs/nest,2017-04-10 00:00:00+00:00,2017-05-08 00:00:00+00:00,445.0
2,train,515,80945428,nestjs/nest,2017-04-17 00:00:00+00:00,2017-05-15 00:00:00+00:00,474.0
2,train,516,80945428,nestjs/nest,2017-04-24 00:00:00+00:00,2017-05-22 00:00:00+00:00,513.0
2,train,523,91629816,freqtrade/freqtrade,2017-08-07 00:00:00+00:00,2017-09-04 00:00:00+00:00,17.0
2,train,524,91629816,freqtrade/freqtrade,2017-08-14 00:00:00+00:00,2017-09-11 00:00:00+00:00,21.0
2,train,525,91629816,freqtrade/freqtrade,2017-08-21 00:00:00+00:00,2017-09-18 00:00:00+00:00,22.0
2,train,526,91629816,freqtrade/freqtrade,2017-08-28 00:00:00+00:00,2017-09-25 00:00:00+00:00,28.0
2,train,527,91629816,freqtrade/freqtrade,2017-09-04 00:00:00+00:00,2017-10-02 00:00:00+00:00,27.0
2,train,528,91629816,freqtrade/freqtrade,2017-09-11 00:00:00+00:00,2017-10-09 00:00:00+00:00,24.0
2,train,529,91629816,freqtrade/freqtrade,2017-09-18 00:00:00+00:00,2017-10-16 00:00:00+00:00,21.0
2,train,530,91629816,freqtrade/freqtrade,2017-09-25 00:00:00+00:00,2017-10-23 00:00:00+00:00,18.0
2,train,531,91629816,freqtrade/freqtrade,2017-10-02 00:00:00+00:00,2017-10-30 00:00:00+00:00,18.0
2,train,532,91629816,freqtrade/freqtrade,2017-10-09 00:00:00+00:00,2017-11-06 00:00:00+00:00,26.0
2,train,533,91629816,freqtrade/freqtrade,2017-10-16 00:00:00+00:00,2017-11-13 00:00:00+00:00,34.0
2,train,534,91629816,freqtrade/freqtrade,2017-10-23 00:00:00+00:00,2017-11-20 00:00:00+00:00,41.0
2,train,535,91629816,freqtrade/freqtrade,2017-10-30 00:00:00+00:00,2017-11-27 00:00:00+00:00,57.0
2,train,536,91629816,freqtrade/freqtrade,2017-11-06 00:00:00+00:00,2017-12-04 00:00:00+00:00,69.0
2,train,537,91629816,freqtrade/freqtrade,2017-11-13 00:00:00+00:00,2017-12-11 00:00:00+00:00,82.0
2,train,538,91629816,freqtrade/freqtrade,2017-11-20 00:00:00+00:00,2017-12-18 00:00:00+00:00,85.0
2,train,539,91629816,freqtrade/freqtrade,2017-11-27 00:00:00+00:00,2017-12-25 00:00:00+00:00,88.0
2,train,540,91629816,freqtrade/freqtrade,2017-12-04 00:00:00+00:00,2018-01-01 00:00:00+00:00,112.0
2,train,541,91629816,freqtrade/freqtrade,2017-12-11 00:00:00+00:00,2018-01-08 00:00:00+00:00,132.0
2,train,542,91629816,freqtrade/freqtrade,2017-12-18 00:00:00+00:00,2018-01-15 00:00:00+00:00,148.0
2,train,543,91629816,freqtrade/freqtrade,2017-12-25 00:00:00+00:00,2018-01-22 00:00:00+00:00,154.0
2,train,544,91629816,freqtrade/freqtrade,2018-01-01 00:00:00+00:00,2018-01-29 00:00:00+00:00,164.0
2,train,545,91629816,freqtrade/freqtrade,2018-01-08 00:00:00+00:00,2018-02-05 00:00:00+00:00,147.0
2,train,546,91629816,freqtrade/freqtrade,2018-01-15 00:00:00+00:00,2018-02-12 00:00:00+00:00,134.0
2,train,547,91629816,freqtrade/freqtrade,2018-01-22 00:00:00+00:00,2018-02-19 00:00:00+00:00,119.0
2,train,548,91629816,freqtrade/freqtrade,2018-01-29 00:00:00+00:00,2018-02-26 00:00:00+00:00,88.0
2,train,549,91629816,freqtrade/freqtrade,2018-02-05 00:00:00+00:00,2018-03-05 00:00:00+00:00,70.0
2,train,550,91629816,freqtrade/freqtrade,2018-02-12 00:00:00+00:00,2018-03-12 00:00:00+00:00,59.0
2,train,551,91629816,freqtrade/freqtrade,2018-02-19 00:00:00+00:00,2018-03-19 00:00:00+00:00,63.0
2,train,552,91629816,freqtrade/freqtrade,2018-02-26 00:00:00+00:00,2018-03-26 00:00:00+00:00,56.0
2,train,553,91629816,freqtrade/freqtrade,2018-03-05 00:00:00+00:00,2018-04-02 00:00:00+00:00,57.0
2,train,554,91629816,freqtrade/freqtrade,2018-03-12 00:00:00+00:00,2018-04-09 00:00:00+00:00,62.0
2,train,555,91629816,freqtrade/freqtrade,2018-03-19 00:00:00+00:00,2018-04-16 00:00:00+00:00,53.0
2,train,556,91629816,freqtrade/freqtrade,2018-03-26 00:00:00+00:00,2018-04-23 00:00:00+00:00,48.0
2,train,557,91629816,freqtrade/freqtrade,2018-04-02 00:00:00+00:00,2018-04-30 00:00:00+00:00,51.0
2,train,558,91629816,freqtrade/freqtrade,2018-04-09 00:00:00+00:00,2018-05-07 00:00:00+00:00,48.0
2,train,559,91629816,freqtrade/freqtrade,2018-04-16 00:00:00+00:00,2018-05-14 00:00:00+00:00,46.0
2,train,560,91629816,freqtrade/freqtrade,2018-04-23 00:00:00+00:00,2018-05-21 00:00:00+00:00,48.0
2,train,561,91629816,freqtrade/freqtrade,2018-04-30 00:00:00+00:00,2018-05-28 00:00:00+00:00,53.0
2,train,562,91629816,freqtrade/freqtrade,2018-05-07 00:00:00+00:00,2018-06-04 00:00:00+00:00,51.0
2,train,563,91629816,freqtrade/freqtrade,2018-05-14 00:00:00+00:00,2018-06-11 00:00:00+00:00,54.0
2,train,564,91629816,freqtrade/freqtrade,2018-05-21 00:00:00+00:00,2018-06-18 00:00:00+00:00,57.0
2,train,565,91629816,freqtrade/freqtrade,2018-05-28 00:00:00+00:00,2018-06-25 00:00:00+00:00,52.0
2,train,566,91629816,freqtrade/freqtrade,2018-06-04 00:00:00+00:00,2018-07-02 00:00:00+00:00,58.0
2,train,567,91629816,freqtrade/freqtrade,2018-06-11 00:00:00+00:00,2018-07-09 00:00:00+00:00,53.0
2,train,568,91629816,freqtrade/freqtrade,2018-06-18 00:00:00+00:00,2018-07-16 00:00:00+00:00,56.0
2,train,569,91629816,freqtrade/freqtrade,2018-06-25 00:00:00+00:00,2018-07-23 00:00:00+00:00,57.0
2,train,570,91629816,freqtrade/freqtrade,2018-07-02 00:00:00+00:00,2018-07-30 00:00:00+00:00,52.0
2,train,571,91629816,freqtrade/freqtrade,2018-07-09 00:00:00+00:00,2018-08-06 00:00:00+00:00,53.0
2,train,572,91629816,freqtrade/freqtrade,2018-07-16 00:00:00+00:00,2018-08-13 00:00:00+00:00,43.0
2,train,573,91629816,freqtrade/freqtrade,2018-07-23 00:00:00+00:00,2018-08-20 00:00:00+00:00,48.0
2,train,574,91629816,freqtrade/freqtrade,2018-07-30 00:00:00+00:00,2018-08-27 00:00:00+00:00,48.0
2,train,575,91629816,freqtrade/freqtrade,2018-08-06 00:00:00+00:00,2018-09-03 00:00:00+00:00,58.0
2,train,576,91629816,freqtrade/freqtrade,2018-08-13 00:00:00+00:00,2018-09-10 00:00:00+00:00,124.0
2,train,577,91629816,freqtrade/freqtrade,2018-08-20 00:00:00+00:00,2018-09-17 00:00:00+00:00,177.0
2,train,578,91629816,freqtrade/freqtrade,2018-08-27 00:00:00+00:00,2018-09-24 00:00:00+00:00,183.0
2,train,579,91629816,freqtrade/freqtrade,2018-09-03 00:00:00+00:00,2018-10-01 00:00:00+00:00,177.0
2,train,580,91629816,freqtrade/freqtrade,2018-09-10 00:00:00+00:00,2018-10-08 00:00:00+00:00,108.0
2,train,581,91629816,freqtrade/freqtrade,2018-09-17 00:00:00+00:00,2018-10-15 00:00:00+00:00,47.0
2,train,582,91629816,freqtrade/freqtrade,2018-09-24 00:00:00+00:00,2018-10-22 00:00:00+00:00,41.0
2,train,583,91629816,freqtrade/freqtrade,2018-10-01 00:00:00+00:00,2018-10-29 00:00:00+00:00,39.0
2,train,584,91629816,freqtrade/freqtrade,2018-10-08 00:00:00+00:00,2018-11-05 00:00:00+00:00,62.0
2,train,585,91629816,freqtrade/freqtrade,2018-10-15 00:00:00+00:00,2018-11-12 00:00:00+00:00,69.0
2,train,586,91629816,freqtrade/freqtrade,2018-10-22 00:00:00+00:00,2018-11-19 00:00:00+00:00,62.0
2,train,587,91629816,freqtrade/freqtrade,2018-10-29 00:00:00+00:00,2018-11-26 00:00:00+00:00,71.0
2,train,588,91629816,freqtrade/freqtrade,2018-11-05 00:00:00+00:00,2018-12-03 00:00:00+00:00,53.0
2,train,589,91629816,freqtrade/freqtrade,2018-11-12 00:00:00+00:00,2018-12-10 00:00:00+00:00,45.0
2,train,590,91629816,freqtrade/freqtrade,2018-11-19 00:00:00+00:00,2018-12-17 00:00:00+00:00,83.0
2,train,591,91629816,freqtrade/freqtrade,2018-11-26 00:00:00+00:00,2018-12-24 00:00:00+00:00,72.0
2,train,598,135614069,sudheerj/reactjs-interview-questions,2018-08-27 00:00:00+00:00,2018-09-24 00:00:00+00:00,29.0
2,train,599,135614069,sudheerj/reactjs-interview-questions,2018-09-03 00:00:00+00:00,2018-10-01 00:00:00+00:00,30.0
2,train,600,135614069,sudheerj/reactjs-interview-questions,2018-09-10 00:00:00+00:00,2018-10-08 00:00:00+00:00,135.0
2,train,601,135614069,sudheerj/reactjs-interview-questions,2018-09-17 00:00:00+00:00,2018-10-15 00:00:00+00:00,262.0
2,train,602,135614069,sudheerj/reactjs-interview-questions,2018-09-24 00:00:00+00:00,2018-10-22 00:00:00+00:00,312.0
2,train,603,135614069,sudheerj/reactjs-interview-questions,2018-10-01 00:00:00+00:00,2018-10-29 00:00:00+00:00,335.0
2,train,604,135614069,sudheerj/reactjs-interview-questions,2018-10-08 00:00:00+00:00,2018-11-05 00:00:00+00:00,272.0
2,train,605,135614069,sudheerj/reactjs-interview-questions,2018-10-15 00:00:00+00:00,2018-11-12 00:00:00+00:00,167.0
2,train,606,135614069,sudheerj/reactjs-interview-questions,2018-10-22 00:00:00+00:00,2018-11-19 00:00:00+00:00,138.0
2,train,607,135614069,sudheerj/reactjs-interview-questions,2018-10-29 00:00:00+00:00,2018-11-26 00:00:00+00:00,127.0
2,train,614,192925833,prisma/prisma,2019-07-15 00:00:00+00:00,2019-08-12 00:00:00+00:00,217.0
2,train,615,192925833,prisma/prisma,2019-07-22 00:00:00+00:00,2019-08-19 00:00:00+00:00,209.0
2,train,616,192925833,prisma/prisma,2019-07-29 00:00:00+00:00,2019-08-26 00:00:00+00:00,173.0
2,train,617,192925833,prisma/prisma,2019-08-05 00:00:00+00:00,2019-09-02 00:00:00+00:00,206.0
2,train,624,307260205,yt-dlp/yt-dlp,2021-01-25 00:00:00+00:00,2021-02-22 00:00:00+00:00,151.0
2,train,625,307260205,yt-dlp/yt-dlp,2021-02-01 00:00:00+00:00,2021-03-01 00:00:00+00:00,161.0
2,train,626,307260205,yt-dlp/yt-dlp,2021-02-08 00:00:00+00:00,2021-03-08 00:00:00+00:00,151.0
2,train,627,307260205,yt-dlp/yt-dlp,2021-02-15 00:00:00+00:00,2021-03-15 00:00:00+00:00,133.0
2,train,628,307260205,yt-dlp/yt-dlp,2021-02-22 00:00:00+00:00,2021-03-22 00:00:00+00:00,139.0
2,train,629,307260205,yt-dlp/yt-dlp,2021-03-01 00:00:00+00:00,2021-03-29 00:00:00+00:00,149.0
2,train,630,307260205,yt-dlp/yt-dlp,2021-03-08 00:00:00+00:00,2021-04-05 00:00:00+00:00,150.0
2,train,637,357728969,oven-sh/bun,2021-10-18 00:00:00+00:00,2021-11-15 00:00:00+00:00,290.0
2,train,638,357728969,oven-sh/bun,2021-10-25 00:00:00+00:00,2021-11-22 00:00:00+00:00,237.0
2,train,639,357728969,oven-sh/bun,2021-11-01 00:00:00+00:00,2021-11-29 00:00:00+00:00,230.0
2,train,640,357728969,oven-sh/bun,2021-11-08 00:00:00+00:00,2021-12-06 00:00:00+00:00,183.0
2,train,641,357728969,oven-sh/bun,2021-11-15 00:00:00+00:00,2021-12-13 00:00:00+00:00,97.0
2,train,642,357728969,oven-sh/bun,2021-11-22 00:00:00+00:00,2021-12-20 00:00:00+00:00,90.0
2,train,643,357728969,oven-sh/bun,2021-11-29 00:00:00+00:00,2021-12-27 00:00:00+00:00,68.0
2,train,644,357728969,oven-sh/bun,2021-12-06 00:00:00+00:00,2022-01-03 00:00:00+00:00,62.0
2,train,645,357728969,oven-sh/bun,2021-12-13 00:00:00+00:00,2022-01-10 00:00:00+00:00,56.0
2,train,646,357728969,oven-sh/bun,2021-12-20 00:00:00+00:00,2022-01-17 00:00:00+00:00,60.0
2,train,647,357728969,oven-sh/bun,2021-12-27 00:00:00+00:00,2022-01-24 00:00:00+00:00,73.0
2,train,648,357728969,oven-sh/bun,2022-01-03 00:00:00+00:00,2022-01-31 00:00:00+00:00,70.0
2,train,649,357728969,oven-sh/bun,2022-01-10 00:00:00+00:00,2022-02-07 00:00:00+00:00,67.0
2,train,650,357728969,oven-sh/bun,2022-01-17 00:00:00+00:00,2022-02-14 00:00:00+00:00,48.0
2,train,657,542284380,usebruno/bruno,2022-11-28 00:00:00+00:00,2022-12-26 00:00:00+00:00,8.0
2,train,658,542284380,usebruno/bruno,2022-12-05 00:00:00+00:00,2023-01-02 00:00:00+00:00,7.0
2,train,659,542284380,usebruno/bruno,2023-01-16 00:00:00+00:00,2023-02-13 00:00:00+00:00,47.0
2,train,660,542284380,usebruno/bruno,2023-01-23 00:00:00+00:00,2023-02-20 00:00:00+00:00,36.0
2,train,661,542284380,usebruno/bruno,2023-01-30 00:00:00+00:00,2023-02-27 00:00:00+00:00,70.0
2,train,662,542284380,usebruno/bruno,2023-02-06 00:00:00+00:00,2023-03-06 00:00:00+00:00,88.0
2,train,663,542284380,usebruno/bruno,2023-02-13 00:00:00+00:00,2023-03-13 00:00:00+00:00,84.0
2,train,664,542284380,usebruno/bruno,2023-02-20 00:00:00+00:00,2023-03-20 00:00:00+00:00,83.0
2,train,665,542284380,usebruno/bruno,2023-02-27 00:00:00+00:00,2023-03-27 00:00:00+00:00,52.0
2,train,666,542284380,usebruno/bruno,2023-03-06 00:00:00+00:00,2023-04-03 00:00:00+00:00,24.0
2,train,667,542284380,usebruno/bruno,2023-03-13 00:00:00+00:00,2023-04-10 00:00:00+00:00,22.0
2,train,668,542284380,usebruno/bruno,2023-03-20 00:00:00+00:00,2023-04-17 00:00:00+00:00,15.0
2,train,669,542284380,usebruno/bruno,2023-03-27 00:00:00+00:00,2023-04-24 00:00:00+00:00,12.0
2,train,670,542284380,usebruno/bruno,2023-04-03 00:00:00+00:00,2023-05-01 00:00:00+00:00,12.0
2,train,671,542284380,usebruno/bruno,2023-04-10 00:00:00+00:00,2023-05-08 00:00:00+00:00,11.0
2,train,672,542284380,usebruno/bruno,2023-04-17 00:00:00+00:00,2023-05-15 00:00:00+00:00,11.0
2,train,679,695864515,hacksider/Deep-Live-Cam,2023-12-04 00:00:00+00:00,2024-01-01 00:00:00+00:00,12.0
2,train,680,695864515,hacksider/Deep-Live-Cam,2023-12-11 00:00:00+00:00,2024-01-08 00:00:00+00:00,14.0
2,train,681,695864515,hacksider/Deep-Live-Cam,2023-12-18 00:00:00+00:00,2024-01-15 00:00:00+00:00,14.0
2,train,682,695864515,hacksider/Deep-Live-Cam,2023-12-25 00:00:00+00:00,2024-01-22 00:00:00+00:00,16.0
2,train,683,695864515,hacksider/Deep-Live-Cam,2024-01-01 00:00:00+00:00,2024-01-29 00:00:00+00:00,15.0
2,train,684,695864515,hacksider/Deep-Live-Cam,2024-01-08 00:00:00+00:00,2024-02-05 00:00:00+00:00,13.0
2,train,685,695864515,hacksider/Deep-Live-Cam,2024-01-15 00:00:00+00:00,2024-02-12 00:00:00+00:00,11.0
2,train,692,997737944,ruvnet/RuView,2025-06-30 00:00:00+00:00,2025-07-28 00:00:00+00:00,9.0
2,train,693,997737944,ruvnet/RuView,2025-07-07 00:00:00+00:00,2025-08-04 00:00:00+00:00,12.0
2,validation,102,858127,pandas-dev/pandas,2013-02-18 00:00:00+00:00,2013-03-18 00:00:00+00:00,89.0
2,validation,142,1644196,JuliaLang/julia,2012-02-06 00:00:00+00:00,2012-03-05 00:00:00+00:00,28.0
2,validation,179,5108051,opencv/opencv,2013-08-05 00:00:00+00:00,2013-09-02 00:00:00+00:00,115.0
2,validation,246,5625464,pyenv/pyenv,2014-05-26 00:00:00+00:00,2014-06-23 00:00:00+00:00,74.0
2,validation,260,19745004,odoo/odoo,2014-09-01 00:00:00+00:00,2014-09-29 00:00:00+00:00,192.0
2,validation,281,22887094,tesseract-ocr/tesseract,2015-06-22 00:00:00+00:00,2015-07-20 00:00:00+00:00,248.0
2,validation,326,23088740,axios/axios,2015-07-27 00:00:00+00:00,2015-08-24 00:00:00+00:00,139.0
2,validation,374,32689863,3b1b/manim,2017-04-17 00:00:00+00:00,2017-05-15 00:00:00+00:00,219.0
2,validation,385,33884891,apache/airflow,2015-08-31 00:00:00+00:00,2015-09-28 00:00:00+00:00,243.0
2,validation,409,43441403,strapi/strapi,2016-03-28 00:00:00+00:00,2016-04-25 00:00:00+00:00,56.0
2,validation,432,58028038,521xueweihan/HelloGitHub,2017-01-16 00:00:00+00:00,2017-02-13 00:00:00+00:00,50.0
2,validation,472,63476337,TheAlgorithms/Python,2017-05-15 00:00:00+00:00,2017-06-12 00:00:00+00:00,101.0
2,validation,508,65750241,expo/expo,2017-05-08 00:00:00+00:00,2017-06-05 00:00:00+00:00,121.0
2,validation,521,80945428,nestjs/nest,2017-05-29 00:00:00+00:00,2017-06-26 00:00:00+00:00,69.0
2,validation,596,91629816,freqtrade/freqtrade,2018-12-31 00:00:00+00:00,2019-01-28 00:00:00+00:00,48.0
2,validation,612,135614069,sudheerj/reactjs-interview-questions,2018-12-03 00:00:00+00:00,2018-12-31 00:00:00+00:00,76.0
2,validation,622,192925833,prisma/prisma,2019-09-09 00:00:00+00:00,2019-10-07 00:00:00+00:00,166.0
2,validation,635,307260205,yt-dlp/yt-dlp,2021-04-12 00:00:00+00:00,2021-05-10 00:00:00+00:00,117.0
2,validation,655,357728969,oven-sh/bun,2022-02-21 00:00:00+00:00,2022-03-21 00:00:00+00:00,107.0
2,validation,677,542284380,usebruno/bruno,2023-05-22 00:00:00+00:00,2023-06-19 00:00:00+00:00,11.0
2,validation,690,695864515,hacksider/Deep-Live-Cam,2024-02-19 00:00:00+00:00,2024-03-18 00:00:00+00:00,11.0
2,validation,698,997737944,ruvnet/RuView,2025-08-11 00:00:00+00:00,2025-09-08 00:00:00+00:00,107.0
3,train,0,858127,pandas-dev/pandas,2010-09-20 00:00:00+00:00,2010-10-18 00:00:00+00:00,25.0
3,train,1,858127,pandas-dev/pandas,2010-09-27 00:00:00+00:00,2010-10-25 00:00:00+00:00,33.0
3,train,2,858127,pandas-dev/pandas,2010-10-04 00:00:00+00:00,2010-11-01 00:00:00+00:00,30.0
3,train,3,858127,pandas-dev/pandas,2010-10-11 00:00:00+00:00,2010-11-08 00:00:00+00:00,32.0
3,train,4,858127,pandas-dev/pandas,2010-10-18 00:00:00+00:00,2010-11-15 00:00:00+00:00,32.0
3,train,5,858127,pandas-dev/pandas,2010-10-25 00:00:00+00:00,2010-11-22 00:00:00+00:00,26.0
3,train,6,858127,pandas-dev/pandas,2010-11-01 00:00:00+00:00,2010-11-29 00:00:00+00:00,27.0
3,train,7,858127,pandas-dev/pandas,2010-11-08 00:00:00+00:00,2010-12-06 00:00:00+00:00,26.0
3,train,8,858127,pandas-dev/pandas,2010-11-15 00:00:00+00:00,2010-12-13 00:00:00+00:00,27.0
3,train,9,858127,pandas-dev/pandas,2010-11-22 00:00:00+00:00,2010-12-20 00:00:00+00:00,26.0
3,train,10,858127,pandas-dev/pandas,2010-11-29 00:00:00+00:00,2010-12-27 00:00:00+00:00,23.0
3,train,11,858127,pandas-dev/pandas,2010-12-06 00:00:00+00:00,2011-01-03 00:00:00+00:00,26.0
3,train,12,858127,pandas-dev/pandas,2010-12-13 00:00:00+00:00,2011-01-10 00:00:00+00:00,29.0
3,train,13,858127,pandas-dev/pandas,2010-12-20 00:00:00+00:00,2011-01-17 00:00:00+00:00,27.0
3,train,14,858127,pandas-dev/pandas,2010-12-27 00:00:00+00:00,2011-01-24 00:00:00+00:00,30.0
3,train,15,858127,pandas-dev/pandas,2011-01-03 00:00:00+00:00,2011-01-31 00:00:00+00:00,27.0
3,train,16,858127,pandas-dev/pandas,2011-01-10 00:00:00+00:00,2011-02-07 00:00:00+00:00,22.0
3,train,17,858127,pandas-dev/pandas,2011-01-17 00:00:00+00:00,2011-02-14 00:00:00+00:00,27.0
3,train,18,858127,pandas-dev/pandas,2011-01-24 00:00:00+00:00,2011-02-21 00:00:00+00:00,22.0
3,train,19,858127,pandas-dev/pandas,2011-01-31 00:00:00+00:00,2011-02-28 00:00:00+00:00,22.0
3,train,20,858127,pandas-dev/pandas,2011-02-07 00:00:00+00:00,2011-03-07 00:00:00+00:00,19.0
3,train,21,858127,pandas-dev/pandas,2011-02-14 00:00:00+00:00,2011-03-14 00:00:00+00:00,16.0
3,train,22,858127,pandas-dev/pandas,2011-02-21 00:00:00+00:00,2011-03-21 00:00:00+00:00,18.0
3,train,23,858127,pandas-dev/pandas,2011-02-28 00:00:00+00:00,2011-03-28 00:00:00+00:00,23.0
3,train,24,858127,pandas-dev/pandas,2011-03-07 00:00:00+00:00,2011-04-04 00:00:00+00:00,28.0
3,train,25,858127,pandas-dev/pandas,2011-03-14 00:00:00+00:00,2011-04-11 00:00:00+00:00,33.0
3,train,26,858127,pandas-dev/pandas,2011-03-21 00:00:00+00:00,2011-04-18 00:00:00+00:00,35.0
3,train,27,858127,pandas-dev/pandas,2011-03-28 00:00:00+00:00,2011-04-25 00:00:00+00:00,32.0
3,train,28,858127,pandas-dev/pandas,2011-04-04 00:00:00+00:00,2011-05-02 00:00:00+00:00,31.0
3,train,29,858127,pandas-dev/pandas,2011-04-11 00:00:00+00:00,2011-05-09 00:00:00+00:00,25.0
3,train,30,858127,pandas-dev/pandas,2011-04-18 00:00:00+00:00,2011-05-16 00:00:00+00:00,28.0
3,train,31,858127,pandas-dev/pandas,2011-04-25 00:00:00+00:00,2011-05-23 00:00:00+00:00,27.0
3,train,32,858127,pandas-dev/pandas,2011-05-02 00:00:00+00:00,2011-05-30 00:00:00+00:00,24.0
3,train,33,858127,pandas-dev/pandas,2011-05-09 00:00:00+00:00,2011-06-06 00:00:00+00:00,25.0
3,train,34,858127,pandas-dev/pandas,2011-05-16 00:00:00+00:00,2011-06-13 00:00:00+00:00,22.0
3,train,35,858127,pandas-dev/pandas,2011-05-23 00:00:00+00:00,2011-06-20 00:00:00+00:00,22.0
3,train,36,858127,pandas-dev/pandas,2011-05-30 00:00:00+00:00,2011-06-27 00:00:00+00:00,28.0
3,train,37,858127,pandas-dev/pandas,2011-06-06 00:00:00+00:00,2011-07-04 00:00:00+00:00,29.0
3,train,38,858127,pandas-dev/pandas,2011-06-13 00:00:00+00:00,2011-07-11 00:00:00+00:00,28.0
3,train,39,858127,pandas-dev/pandas,2011-06-20 00:00:00+00:00,2011-07-18 00:00:00+00:00,26.0
3,train,40,858127,pandas-dev/pandas,2011-06-27 00:00:00+00:00,2011-07-25 00:00:00+00:00,22.0
3,train,41,858127,pandas-dev/pandas,2011-07-04 00:00:00+00:00,2011-08-01 00:00:00+00:00,19.0
3,train,42,858127,pandas-dev/pandas,2011-07-11 00:00:00+00:00,2011-08-08 00:00:00+00:00,16.0
3,train,43,858127,pandas-dev/pandas,2011-07-18 00:00:00+00:00,2011-08-15 00:00:00+00:00,16.0
3,train,44,858127,pandas-dev/pandas,2011-07-25 00:00:00+00:00,2011-08-22 00:00:00+00:00,17.0
3,train,45,858127,pandas-dev/pandas,2011-08-01 00:00:00+00:00,2011-08-29 00:00:00+00:00,18.0
3,train,46,858127,pandas-dev/pandas,2011-08-08 00:00:00+00:00,2011-09-05 00:00:00+00:00,21.0
3,train,47,858127,pandas-dev/pandas,2011-08-15 00:00:00+00:00,2011-09-12 00:00:00+00:00,22.0
3,train,48,858127,pandas-dev/pandas,2011-08-22 00:00:00+00:00,2011-09-19 00:00:00+00:00,22.0
3,train,49,858127,pandas-dev/pandas,2011-08-29 00:00:00+00:00,2011-09-26 00:00:00+00:00,23.0
3,train,50,858127,pandas-dev/pandas,2011-09-05 00:00:00+00:00,2011-10-03 00:00:00+00:00,25.0
3,train,51,858127,pandas-dev/pandas,2011-09-12 00:00:00+00:00,2011-10-10 00:00:00+00:00,26.0
3,train,52,858127,pandas-dev/pandas,2011-09-19 00:00:00+00:00,2011-10-17 00:00:00+00:00,25.0
3,train,53,858127,pandas-dev/pandas,2011-09-26 00:00:00+00:00,2011-10-24 00:00:00+00:00,21.0
3,train,54,858127,pandas-dev/pandas,2011-10-03 00:00:00+00:00,2011-10-31 00:00:00+00:00,19.0
3,train,55,858127,pandas-dev/pandas,2011-10-10 00:00:00+00:00,2011-11-07 00:00:00+00:00,16.0
3,train,56,858127,pandas-dev/pandas,2011-10-17 00:00:00+00:00,2011-11-14 00:00:00+00:00,19.0
3,train,57,858127,pandas-dev/pandas,2011-10-24 00:00:00+00:00,2011-11-21 00:00:00+00:00,22.0
3,train,58,858127,pandas-dev/pandas,2011-10-31 00:00:00+00:00,2011-11-28 00:00:00+00:00,22.0
3,train,59,858127,pandas-dev/pandas,2011-11-07 00:00:00+00:00,2011-12-05 00:00:00+00:00,27.0
3,train,60,858127,pandas-dev/pandas,2011-11-14 00:00:00+00:00,2011-12-12 00:00:00+00:00,23.0
3,train,61,858127,pandas-dev/pandas,2011-11-21 00:00:00+00:00,2011-12-19 00:00:00+00:00,25.0
3,train,62,858127,pandas-dev/pandas,2011-11-28 00:00:00+00:00,2011-12-26 00:00:00+00:00,22.0
3,train,63,858127,pandas-dev/pandas,2011-12-05 00:00:00+00:00,2012-01-02 00:00:00+00:00,24.0
3,train,64,858127,pandas-dev/pandas,2011-12-12 00:00:00+00:00,2012-01-09 00:00:00+00:00,28.0
3,train,65,858127,pandas-dev/pandas,2011-12-19 00:00:00+00:00,2012-01-16 00:00:00+00:00,26.0
3,train,66,858127,pandas-dev/pandas,2011-12-26 00:00:00+00:00,2012-01-23 00:00:00+00:00,28.0
3,train,67,858127,pandas-dev/pandas,2012-01-02 00:00:00+00:00,2012-01-30 00:00:00+00:00,24.0
3,train,68,858127,pandas-dev/pandas,2012-01-09 00:00:00+00:00,2012-02-06 00:00:00+00:00,22.0
3,train,69,858127,pandas-dev/pandas,2012-01-16 00:00:00+00:00,2012-02-13 00:00:00+00:00,20.0
3,train,70,858127,pandas-dev/pandas,2012-01-23 00:00:00+00:00,2012-02-20 00:00:00+00:00,23.0
3,train,71,858127,pandas-dev/pandas,2012-01-30 00:00:00+00:00,2012-02-27 00:00:00+00:00,22.0
3,train,72,858127,pandas-dev/pandas,2012-02-06 00:00:00+00:00,2012-03-05 00:00:00+00:00,21.0
3,train,73,858127,pandas-dev/pandas,2012-02-13 00:00:00+00:00,2012-03-12 00:00:00+00:00,25.0
3,train,74,858127,pandas-dev/pandas,2012-02-20 00:00:00+00:00,2012-03-19 00:00:00+00:00,22.0
3,train,75,858127,pandas-dev/pandas,2012-02-27 00:00:00+00:00,2012-03-26 00:00:00+00:00,19.0
3,train,76,858127,pandas-dev/pandas,2012-03-05 00:00:00+00:00,2012-04-02 00:00:00+00:00,18.0
3,train,77,858127,pandas-dev/pandas,2012-03-12 00:00:00+00:00,2012-04-09 00:00:00+00:00,18.0
3,train,78,858127,pandas-dev/pandas,2012-03-19 00:00:00+00:00,2012-04-16 00:00:00+00:00,16.0
3,train,79,858127,pandas-dev/pandas,2012-03-26 00:00:00+00:00,2012-04-23 00:00:00+00:00,21.0
3,train,80,858127,pandas-dev/pandas,2012-04-02 00:00:00+00:00,2012-04-30 00:00:00+00:00,20.0
3,train,81,858127,pandas-dev/pandas,2012-04-09 00:00:00+00:00,2012-05-07 00:00:00+00:00,16.0
3,train,82,858127,pandas-dev/pandas,2012-04-16 00:00:00+00:00,2012-05-14 00:00:00+00:00,16.0
3,train,83,858127,pandas-dev/pandas,2012-04-23 00:00:00+00:00,2012-05-21 00:00:00+00:00,13.0
3,train,84,858127,pandas-dev/pandas,2012-04-30 00:00:00+00:00,2012-05-28 00:00:00+00:00,14.0
3,train,85,858127,pandas-dev/pandas,2012-05-07 00:00:00+00:00,2012-06-04 00:00:00+00:00,16.0
3,train,86,858127,pandas-dev/pandas,2012-05-14 00:00:00+00:00,2012-06-11 00:00:00+00:00,17.0
3,train,87,858127,pandas-dev/pandas,2012-05-21 00:00:00+00:00,2012-06-18 00:00:00+00:00,23.0
3,train,88,858127,pandas-dev/pandas,2012-05-28 00:00:00+00:00,2012-06-25 00:00:00+00:00,20.0
3,train,89,858127,pandas-dev/pandas,2012-06-04 00:00:00+00:00,2012-07-02 00:00:00+00:00,19.0
3,train,90,858127,pandas-dev/pandas,2012-06-11 00:00:00+00:00,2012-07-09 00:00:00+00:00,18.0
3,train,91,858127,pandas-dev/pandas,2012-06-18 00:00:00+00:00,2012-07-16 00:00:00+00:00,16.0
3,train,92,858127,pandas-dev/pandas,2012-06-25 00:00:00+00:00,2012-07-23 00:00:00+00:00,21.0
3,train,93,858127,pandas-dev/pandas,2012-07-02 00:00:00+00:00,2012-07-30 00:00:00+00:00,23.0
3,train,94,858127,pandas-dev/pandas,2012-07-09 00:00:00+00:00,2012-08-06 00:00:00+00:00,22.0
3,train,95,858127,pandas-dev/pandas,2012-07-16 00:00:00+00:00,2012-08-13 00:00:00+00:00,15.0
3,train,96,858127,pandas-dev/pandas,2012-07-23 00:00:00+00:00,2012-08-20 00:00:00+00:00,10.0
3,train,97,858127,pandas-dev/pandas,2012-07-30 00:00:00+00:00,2012-08-27 00:00:00+00:00,6.0
3,train,98,858127,pandas-dev/pandas,2012-08-06 00:00:00+00:00,2012-09-03 00:00:00+00:00,5.0
3,train,104,1644196,JuliaLang/julia,2011-05-16 00:00:00+00:00,2011-06-13 00:00:00+00:00,37.0
3,train,105,1644196,JuliaLang/julia,2011-05-23 00:00:00+00:00,2011-06-20 00:00:00+00:00,46.0
3,train,106,1644196,JuliaLang/julia,2011-05-30 00:00:00+00:00,2011-06-27 00:00:00+00:00,41.0
3,train,107,1644196,JuliaLang/julia,2011-06-06 00:00:00+00:00,2011-07-04 00:00:00+00:00,35.0
3,train,108,1644196,JuliaLang/julia,2011-06-13 00:00:00+00:00,2011-07-11 00:00:00+00:00,25.0
3,train,109,1644196,JuliaLang/julia,2011-06-20 00:00:00+00:00,2011-07-18 00:00:00+00:00,19.0
3,train,110,1644196,JuliaLang/julia,2011-06-27 00:00:00+00:00,2011-07-25 00:00:00+00:00,19.0
3,train,111,1644196,JuliaLang/julia,2011-07-04 00:00:00+00:00,2011-08-01 00:00:00+00:00,18.0
3,train,112,1644196,JuliaLang/julia,2011-07-11 00:00:00+00:00,2011-08-08 00:00:00+00:00,23.0
3,train,113,1644196,JuliaLang/julia,2011-07-18 00:00:00+00:00,2011-08-15 00:00:00+00:00,31.0
3,train,114,1644196,JuliaLang/julia,2011-07-25 00:00:00+00:00,2011-08-22 00:00:00+00:00,31.0
3,train,115,1644196,JuliaLang/julia,2011-08-01 00:00:00+00:00,2011-08-29 00:00:00+00:00,32.0
3,train,116,1644196,JuliaLang/julia,2011-08-08 00:00:00+00:00,2011-09-05 00:00:00+00:00,37.0
3,train,117,1644196,JuliaLang/julia,2011-08-15 00:00:00+00:00,2011-09-12 00:00:00+00:00,29.0
3,train,118,1644196,JuliaLang/julia,2011-08-22 00:00:00+00:00,2011-09-19 00:00:00+00:00,34.0
3,train,119,1644196,JuliaLang/julia,2011-08-29 00:00:00+00:00,2011-09-26 00:00:00+00:00,41.0
3,train,120,1644196,JuliaLang/julia,2011-09-05 00:00:00+00:00,2011-10-03 00:00:00+00:00,37.0
3,train,121,1644196,JuliaLang/julia,2011-09-12 00:00:00+00:00,2011-10-10 00:00:00+00:00,36.0
3,train,122,1644196,JuliaLang/julia,2011-09-19 00:00:00+00:00,2011-10-17 00:00:00+00:00,31.0
3,train,123,1644196,JuliaLang/julia,2011-09-26 00:00:00+00:00,2011-10-24 00:00:00+00:00,24.0
3,train,124,1644196,JuliaLang/julia,2011-10-03 00:00:00+00:00,2011-10-31 00:00:00+00:00,21.0
3,train,125,1644196,JuliaLang/julia,2011-10-10 00:00:00+00:00,2011-11-07 00:00:00+00:00,23.0
3,train,126,1644196,JuliaLang/julia,2011-10-17 00:00:00+00:00,2011-11-14 00:00:00+00:00,23.0
3,train,127,1644196,JuliaLang/julia,2011-10-24 00:00:00+00:00,2011-11-21 00:00:00+00:00,24.0
3,train,128,1644196,JuliaLang/julia,2011-10-31 00:00:00+00:00,2011-11-28 00:00:00+00:00,29.0
3,train,129,1644196,JuliaLang/julia,2011-11-07 00:00:00+00:00,2011-12-05 00:00:00+00:00,30.0
3,train,130,1644196,JuliaLang/julia,2011-11-14 00:00:00+00:00,2011-12-12 00:00:00+00:00,35.0
3,train,131,1644196,JuliaLang/julia,2011-11-21 00:00:00+00:00,2011-12-19 00:00:00+00:00,33.0
3,train,132,1644196,JuliaLang/julia,2011-11-28 00:00:00+00:00,2011-12-26 00:00:00+00:00,26.0
3,train,133,1644196,JuliaLang/julia,2011-12-05 00:00:00+00:00,2012-01-02 00:00:00+00:00,25.0
3,train,134,1644196,JuliaLang/julia,2011-12-12 00:00:00+00:00,2012-01-09 00:00:00+00:00,25.0
3,train,135,1644196,JuliaLang/julia,2011-12-19 00:00:00+00:00,2012-01-16 00:00:00+00:00,30.0
3,train,136,1644196,JuliaLang/julia,2011-12-26 00:00:00+00:00,2012-01-23 00:00:00+00:00,31.0
3,train,137,1644196,JuliaLang/julia,2012-01-02 00:00:00+00:00,2012-01-30 00:00:00+00:00,35.0
3,train,138,1644196,JuliaLang/julia,2012-01-09 00:00:00+00:00,2012-02-06 00:00:00+00:00,32.0
3,train,144,5108051,opencv/opencv,2012-08-13 00:00:00+00:00,2012-09-10 00:00:00+00:00,7.0
3,train,145,5108051,opencv/opencv,2012-08-20 00:00:00+00:00,2012-09-17 00:00:00+00:00,5.0
3,train,146,5108051,opencv/opencv,2012-08-27 00:00:00+00:00,2012-09-24 00:00:00+00:00,5.0
3,train,147,5108051,opencv/opencv,2012-09-03 00:00:00+00:00,2012-10-01 00:00:00+00:00,5.0
3,train,148,5108051,opencv/opencv,2012-09-10 00:00:00+00:00,2012-10-08 00:00:00+00:00,4.0
3,train,149,5108051,opencv/opencv,2012-09-17 00:00:00+00:00,2012-10-15 00:00:00+00:00,8.0
3,train,150,5108051,opencv/opencv,2012-09-24 00:00:00+00:00,2012-10-22 00:00:00+00:00,8.0
3,train,151,5108051,opencv/opencv,2012-10-01 00:00:00+00:00,2012-10-29 00:00:00+00:00,8.0
3,train,152,5108051,opencv/opencv,2012-12-24 00:00:00+00:00,2013-01-21 00:00:00+00:00,7.0
3,train,153,5108051,opencv/opencv,2013-02-04 00:00:00+00:00,2013-03-04 00:00:00+00:00,72.0
3,train,154,5108051,opencv/opencv,2013-02-11 00:00:00+00:00,2013-03-11 00:00:00+00:00,71.0
3,train,155,5108051,opencv/opencv,2013-02-18 00:00:00+00:00,2013-03-18 00:00:00+00:00,87.0
3,train,156,5108051,opencv/opencv,2013-02-25 00:00:00+00:00,2013-03-25 00:00:00+00:00,81.0
3,train,157,5108051,opencv/opencv,2013-03-04 00:00:00+00:00,2013-04-01 00:00:00+00:00,84.0
3,train,158,5108051,opencv/opencv,2013-03-11 00:00:00+00:00,2013-04-08 00:00:00+00:00,93.0
3,train,159,5108051,opencv/opencv,2013-03-18 00:00:00+00:00,2013-04-15 00:00:00+00:00,105.0
3,train,160,5108051,opencv/opencv,2013-03-25 00:00:00+00:00,2013-04-22 00:00:00+00:00,120.0
3,train,161,5108051,opencv/opencv,2013-04-01 00:00:00+00:00,2013-04-29 00:00:00+00:00,115.0
3,train,162,5108051,opencv/opencv,2013-04-08 00:00:00+00:00,2013-05-06 00:00:00+00:00,108.0
3,train,163,5108051,opencv/opencv,2013-04-15 00:00:00+00:00,2013-05-13 00:00:00+00:00,82.0
3,train,164,5108051,opencv/opencv,2013-04-22 00:00:00+00:00,2013-05-20 00:00:00+00:00,63.0
3,train,165,5108051,opencv/opencv,2013-04-29 00:00:00+00:00,2013-05-27 00:00:00+00:00,73.0
3,train,166,5108051,opencv/opencv,2013-05-06 00:00:00+00:00,2013-06-03 00:00:00+00:00,80.0
3,train,167,5108051,opencv/opencv,2013-05-13 00:00:00+00:00,2013-06-10 00:00:00+00:00,87.0
3,train,168,5108051,opencv/opencv,2013-05-20 00:00:00+00:00,2013-06-17 00:00:00+00:00,96.0
3,train,169,5108051,opencv/opencv,2013-05-27 00:00:00+00:00,2013-06-24 00:00:00+00:00,95.0
3,train,170,5108051,opencv/opencv,2013-06-03 00:00:00+00:00,2013-07-01 00:00:00+00:00,101.0
3,train,171,5108051,opencv/opencv,2013-06-10 00:00:00+00:00,2013-07-08 00:00:00+00:00,105.0
3,train,172,5108051,opencv/opencv,2013-06-17 00:00:00+00:00,2013-07-15 00:00:00+00:00,103.0
3,train,173,5108051,opencv/opencv,2013-06-24 00:00:00+00:00,2013-07-22 00:00:00+00:00,101.0
3,train,174,5108051,opencv/opencv,2013-07-01 00:00:00+00:00,2013-07-29 00:00:00+00:00,96.0
3,train,175,5108051,opencv/opencv,2013-07-08 00:00:00+00:00,2013-08-05 00:00:00+00:00,93.0
3,train,181,5625464,pyenv/pyenv,2013-02-25 00:00:00+00:00,2013-03-25 00:00:00+00:00,12.0
3,train,182,5625464,pyenv/pyenv,2013-03-04 00:00:00+00:00,2013-04-01 00:00:00+00:00,10.0
3,train,183,5625464,pyenv/pyenv,2013-03-11 00:00:00+00:00,2013-04-08 00:00:00+00:00,10.0
3,train,184,5625464,pyenv/pyenv,2013-03-18 00:00:00+00:00,2013-04-15 00:00:00+00:00,9.0
3,train,185,5625464,pyenv/pyenv,2013-03-25 00:00:00+00:00,2013-04-22 00:00:00+00:00,8.0
3,train,186,5625464,pyenv/pyenv,2013-04-01 00:00:00+00:00,2013-04-29 00:00:00+00:00,8.0
3,train,187,5625464,pyenv/pyenv,2013-04-08 00:00:00+00:00,2013-05-06 00:00:00+00:00,10.0
3,train,188,5625464,pyenv/pyenv,2013-04-15 00:00:00+00:00,2013-05-13 00:00:00+00:00,15.0
3,train,189,5625464,pyenv/pyenv,2013-04-22 00:00:00+00:00,2013-05-20 00:00:00+00:00,16.0
3,train,190,5625464,pyenv/pyenv,2013-04-29 00:00:00+00:00,2013-05-27 00:00:00+00:00,18.0
3,train,191,5625464,pyenv/pyenv,2013-05-06 00:00:00+00:00,2013-06-03 00:00:00+00:00,17.0
3,train,192,5625464,pyenv/pyenv,2013-05-13 00:00:00+00:00,2013-06-10 00:00:00+00:00,16.0
3,train,193,5625464,pyenv/pyenv,2013-05-20 00:00:00+00:00,2013-06-17 00:00:00+00:00,19.0
3,train,194,5625464,pyenv/pyenv,2013-05-27 00:00:00+00:00,2013-06-24 00:00:00+00:00,20.0
3,train,195,5625464,pyenv/pyenv,2013-06-03 00:00:00+00:00,2013-07-01 00:00:00+00:00,24.0
3,train,196,5625464,pyenv/pyenv,2013-06-10 00:00:00+00:00,2013-07-08 00:00:00+00:00,25.0
3,train,197,5625464,pyenv/pyenv,2013-06-17 00:00:00+00:00,2013-07-15 00:00:00+00:00,44.0
3,train,198,5625464,pyenv/pyenv,2013-06-24 00:00:00+00:00,2013-07-22 00:00:00+00:00,60.0
3,train,199,5625464,pyenv/pyenv,2013-07-01 00:00:00+00:00,2013-07-29 00:00:00+00:00,72.0
3,train,200,5625464,pyenv/pyenv,2013-07-08 00:00:00+00:00,2013-08-05 00:00:00+00:00,89.0
3,train,201,5625464,pyenv/pyenv,2013-07-15 00:00:00+00:00,2013-08-12 00:00:00+00:00,91.0
3,train,202,5625464,pyenv/pyenv,2013-07-22 00:00:00+00:00,2013-08-19 00:00:00+00:00,89.0
3,train,203,5625464,pyenv/pyenv,2013-07-29 00:00:00+00:00,2013-08-26 00:00:00+00:00,88.0
3,train,204,5625464,pyenv/pyenv,2013-08-05 00:00:00+00:00,2013-09-02 00:00:00+00:00,87.0
3,train,205,5625464,pyenv/pyenv,2013-08-12 00:00:00+00:00,2013-09-09 00:00:00+00:00,79.0
3,train,206,5625464,pyenv/pyenv,2013-08-19 00:00:00+00:00,2013-09-16 00:00:00+00:00,67.0
3,train,207,5625464,pyenv/pyenv,2013-08-26 00:00:00+00:00,2013-09-23 00:00:00+00:00,65.0
3,train,208,5625464,pyenv/pyenv,2013-09-02 00:00:00+00:00,2013-09-30 00:00:00+00:00,66.0
3,train,209,5625464,pyenv/pyenv,2013-09-09 00:00:00+00:00,2013-10-07 00:00:00+00:00,59.0
3,train,210,5625464,pyenv/pyenv,2013-09-16 00:00:00+00:00,2013-10-14 00:00:00+00:00,141.0
3,train,211,5625464,pyenv/pyenv,2013-09-23 00:00:00+00:00,2013-10-21 00:00:00+00:00,158.0
3,train,212,5625464,pyenv/pyenv,2013-09-30 00:00:00+00:00,2013-10-28 00:00:00+00:00,159.0
3,train,213,5625464,pyenv/pyenv,2013-10-07 00:00:00+00:00,2013-11-04 00:00:00+00:00,165.0
3,train,214,5625464,pyenv/pyenv,2013-10-14 00:00:00+00:00,2013-11-11 00:00:00+00:00,106.0
3,train,215,5625464,pyenv/pyenv,2013-10-21 00:00:00+00:00,2013-11-18 00:00:00+00:00,93.0
3,train,216,5625464,pyenv/pyenv,2013-10-28 00:00:00+00:00,2013-11-25 00:00:00+00:00,100.0
3,train,217,5625464,pyenv/pyenv,2013-11-04 00:00:00+00:00,2013-12-02 00:00:00+00:00,98.0
3,train,218,5625464,pyenv/pyenv,2013-11-11 00:00:00+00:00,2013-12-09 00:00:00+00:00,93.0
3,train,219,5625464,pyenv/pyenv,2013-11-18 00:00:00+00:00,2013-12-16 00:00:00+00:00,86.0
3,train,220,5625464,pyenv/pyenv,2013-11-25 00:00:00+00:00,2013-12-23 00:00:00+00:00,66.0
3,train,221,5625464,pyenv/pyenv,2013-12-02 00:00:00+00:00,2013-12-30 00:00:00+00:00,74.0
3,train,222,5625464,pyenv/pyenv,2013-12-09 00:00:00+00:00,2014-01-06 00:00:00+00:00,70.0
3,train,223,5625464,pyenv/pyenv,2013-12-16 00:00:00+00:00,2014-01-13 00:00:00+00:00,90.0
3,train,224,5625464,pyenv/pyenv,2013-12-23 00:00:00+00:00,2014-01-20 00:00:00+00:00,98.0
3,train,225,5625464,pyenv/pyenv,2013-12-30 00:00:00+00:00,2014-01-27 00:00:00+00:00,91.0
3,train,226,5625464,pyenv/pyenv,2014-01-06 00:00:00+00:00,2014-02-03 00:00:00+00:00,86.0
3,train,227,5625464,pyenv/pyenv,2014-01-13 00:00:00+00:00,2014-02-10 00:00:00+00:00,67.0
3,train,228,5625464,pyenv/pyenv,2014-01-20 00:00:00+00:00,2014-02-17 00:00:00+00:00,59.0
3,train,229,5625464,pyenv/pyenv,2014-01-27 00:00:00+00:00,2014-02-24 00:00:00+00:00,56.0
3,train,230,5625464,pyenv/pyenv,2014-02-03 00:00:00+00:00,2014-03-03 00:00:00+00:00,66.0
3,train,231,5625464,pyenv/pyenv,2014-02-10 00:00:00+00:00,2014-03-10 00:00:00+00:00,73.0
3,train,232,5625464,pyenv/pyenv,2014-02-17 00:00:00+00:00,2014-03-17 00:00:00+00:00,81.0
3,train,233,5625464,pyenv/pyenv,2014-02-24 00:00:00+00:00,2014-03-24 00:00:00+00:00,90.0
3,train,234,5625464,pyenv/pyenv,2014-03-03 00:00:00+00:00,2014-03-31 00:00:00+00:00,86.0
3,train,235,5625464,pyenv/pyenv,2014-03-10 00:00:00+00:00,2014-04-07 00:00:00+00:00,83.0
3,train,236,5625464,pyenv/pyenv,2014-03-17 00:00:00+00:00,2014-04-14 00:00:00+00:00,85.0
3,train,237,5625464,pyenv/pyenv,2014-03-24 00:00:00+00:00,2014-04-21 00:00:00+00:00,83.0
3,train,238,5625464,pyenv/pyenv,2014-03-31 00:00:00+00:00,2014-04-28 00:00:00+00:00,80.0
3,train,239,5625464,pyenv/pyenv,2014-04-07 00:00:00+00:00,2014-05-05 00:00:00+00:00,83.0
3,train,240,5625464,pyenv/pyenv,2014-04-14 00:00:00+00:00,2014-05-12 00:00:00+00:00,81.0
3,train,241,5625464,pyenv/pyenv,2014-04-21 00:00:00+00:00,2014-05-19 00:00:00+00:00,75.0
3,train,242,5625464,pyenv/pyenv,2014-04-28 00:00:00+00:00,2014-05-26 00:00:00+00:00,73.0
3,train,248,19745004,odoo/odoo,2014-06-09 00:00:00+00:00,2014-07-07 00:00:00+00:00,119.0
3,train,249,19745004,odoo/odoo,2014-06-16 00:00:00+00:00,2014-07-14 00:00:00+00:00,119.0
3,train,250,19745004,odoo/odoo,2014-06-23 00:00:00+00:00,2014-07-21 00:00:00+00:00,113.0
3,train,251,19745004,odoo/odoo,2014-06-30 00:00:00+00:00,2014-07-28 00:00:00+00:00,110.0
3,train,252,19745004,odoo/odoo,2014-07-07 00:00:00+00:00,2014-08-04 00:00:00+00:00,100.0
3,train,253,19745004,odoo/odoo,2014-07-14 00:00:00+00:00,2014-08-11 00:00:00+00:00,103.0
3,train,254,19745004,odoo/odoo,2014-07-21 00:00:00+00:00,2014-08-18 00:00:00+00:00,98.0
3,train,255,19745004,odoo/odoo,2014-07-28 00:00:00+00:00,2014-08-25 00:00:00+00:00,110.0
3,train,256,19745004,odoo/odoo,2014-08-04 00:00:00+00:00,2014-09-01 00:00:00+00:00,116.0
3,train,262,22887094,tesseract-ocr/tesseract,2015-01-05 00:00:00+00:00,2015-02-02 00:00:00+00:00,9.0
3,train,263,22887094,tesseract-ocr/tesseract,2015-01-12 00:00:00+00:00,2015-02-09 00:00:00+00:00,8.0
3,train,264,22887094,tesseract-ocr/tesseract,2015-02-23 00:00:00+00:00,2015-03-23 00:00:00+00:00,13.0
3,train,265,22887094,tesseract-ocr/tesseract,2015-03-02 00:00:00+00:00,2015-03-30 00:00:00+00:00,15.0
3,train,266,22887094,tesseract-ocr/tesseract,2015-03-09 00:00:00+00:00,2015-04-06 00:00:00+00:00,12.0
3,train,267,22887094,tesseract-ocr/tesseract,2015-03-16 00:00:00+00:00,2015-04-13 00:00:00+00:00,15.0
3,train,268,22887094,tesseract-ocr/tesseract,2015-03-23 00:00:00+00:00,2015-04-20 00:00:00+00:00,14.0
3,train,269,22887094,tesseract-ocr/tesseract,2015-03-30 00:00:00+00:00,2015-04-27 00:00:00+00:00,12.0
3,train,270,22887094,tesseract-ocr/tesseract,2015-04-06 00:00:00+00:00,2015-05-04 00:00:00+00:00,14.0
3,train,271,22887094,tesseract-ocr/tesseract,2015-04-13 00:00:00+00:00,2015-05-11 00:00:00+00:00,15.0
3,train,272,22887094,tesseract-ocr/tesseract,2015-04-20 00:00:00+00:00,2015-05-18 00:00:00+00:00,17.0
3,train,273,22887094,tesseract-ocr/tesseract,2015-04-27 00:00:00+00:00,2015-05-25 00:00:00+00:00,21.0
3,train,274,22887094,tesseract-ocr/tesseract,2015-05-04 00:00:00+00:00,2015-06-01 00:00:00+00:00,26.0
3,train,275,22887094,tesseract-ocr/tesseract,2015-05-11 00:00:00+00:00,2015-06-08 00:00:00+00:00,27.0
3,train,276,22887094,tesseract-ocr/tesseract,2015-05-18 00:00:00+00:00,2015-06-15 00:00:00+00:00,33.0
3,train,277,22887094,tesseract-ocr/tesseract,2015-05-25 00:00:00+00:00,2015-06-22 00:00:00+00:00,99.0
3,train,283,23088740,axios/axios,2014-09-29 00:00:00+00:00,2014-10-27 00:00:00+00:00,19.0
3,train,284,23088740,axios/axios,2014-10-06 00:00:00+00:00,2014-11-03 00:00:00+00:00,14.0
3,train,285,23088740,axios/axios,2014-10-13 00:00:00+00:00,2014-11-10 00:00:00+00:00,12.0
3,train,286,23088740,axios/axios,2014-10-20 00:00:00+00:00,2014-11-17 00:00:00+00:00,12.0
3,train,287,23088740,axios/axios,2014-10-27 00:00:00+00:00,2014-11-24 00:00:00+00:00,12.0
3,train,288,23088740,axios/axios,2014-11-03 00:00:00+00:00,2014-12-01 00:00:00+00:00,14.0
3,train,289,23088740,axios/axios,2014-11-10 00:00:00+00:00,2014-12-08 00:00:00+00:00,13.0
3,train,290,23088740,axios/axios,2014-11-17 00:00:00+00:00,2014-12-15 00:00:00+00:00,18.0
3,train,291,23088740,axios/axios,2014-11-24 00:00:00+00:00,2014-12-22 00:00:00+00:00,18.0
3,train,292,23088740,axios/axios,2014-12-01 00:00:00+00:00,2014-12-29 00:00:00+00:00,17.0
3,train,293,23088740,axios/axios,2014-12-08 00:00:00+00:00,2015-01-05 00:00:00+00:00,17.0
3,train,294,23088740,axios/axios,2014-12-15 00:00:00+00:00,2015-01-12 00:00:00+00:00,20.0
3,train,295,23088740,axios/axios,2014-12-22 00:00:00+00:00,2015-01-19 00:00:00+00:00,27.0
3,train,296,23088740,axios/axios,2014-12-29 00:00:00+00:00,2015-01-26 00:00:00+00:00,28.0
3,train,297,23088740,axios/axios,2015-01-05 00:00:00+00:00,2015-02-02 00:00:00+00:00,32.0
3,train,298,23088740,axios/axios,2015-01-12 00:00:00+00:00,2015-02-09 00:00:00+00:00,33.0
3,train,299,23088740,axios/axios,2015-01-19 00:00:00+00:00,2015-02-16 00:00:00+00:00,42.0
3,train,300,23088740,axios/axios,2015-01-26 00:00:00+00:00,2015-02-23 00:00:00+00:00,47.0
3,train,301,23088740,axios/axios,2015-02-02 00:00:00+00:00,2015-03-02 00:00:00+00:00,64.0
3,train,302,23088740,axios/axios,2015-02-09 00:00:00+00:00,2015-03-09 00:00:00+00:00,73.0
3,train,303,23088740,axios/axios,2015-02-16 00:00:00+00:00,2015-03-16 00:00:00+00:00,66.0
3,train,304,23088740,axios/axios,2015-02-23 00:00:00+00:00,2015-03-23 00:00:00+00:00,68.0
3,train,305,23088740,axios/axios,2015-03-02 00:00:00+00:00,2015-03-30 00:00:00+00:00,58.0
3,train,306,23088740,axios/axios,2015-03-09 00:00:00+00:00,2015-04-06 00:00:00+00:00,54.0
3,train,307,23088740,axios/axios,2015-03-16 00:00:00+00:00,2015-04-13 00:00:00+00:00,57.0
3,train,308,23088740,axios/axios,2015-03-23 00:00:00+00:00,2015-04-20 00:00:00+00:00,54.0
3,train,309,23088740,axios/axios,2015-03-30 00:00:00+00:00,2015-04-27 00:00:00+00:00,73.0
3,train,310,23088740,axios/axios,2015-04-06 00:00:00+00:00,2015-05-04 00:00:00+00:00,85.0
3,train,311,23088740,axios/axios,2015-04-13 00:00:00+00:00,2015-05-11 00:00:00+00:00,90.0
3,train,312,23088740,axios/axios,2015-04-20 00:00:00+00:00,2015-05-18 00:00:00+00:00,102.0
3,train,313,23088740,axios/axios,2015-04-27 00:00:00+00:00,2015-05-25 00:00:00+00:00,89.0
3,train,314,23088740,axios/axios,2015-05-04 00:00:00+00:00,2015-06-01 00:00:00+00:00,91.0
3,train,315,23088740,axios/axios,2015-05-11 00:00:00+00:00,2015-06-08 00:00:00+00:00,95.0
3,train,316,23088740,axios/axios,2015-05-18 00:00:00+00:00,2015-06-15 00:00:00+00:00,84.0
3,train,317,23088740,axios/axios,2015-05-25 00:00:00+00:00,2015-06-22 00:00:00+00:00,97.0
3,train,318,23088740,axios/axios,2015-06-01 00:00:00+00:00,2015-06-29 00:00:00+00:00,131.0
3,train,319,23088740,axios/axios,2015-06-08 00:00:00+00:00,2015-07-06 00:00:00+00:00,154.0
3,train,320,23088740,axios/axios,2015-06-15 00:00:00+00:00,2015-07-13 00:00:00+00:00,167.0
3,train,321,23088740,axios/axios,2015-06-22 00:00:00+00:00,2015-07-20 00:00:00+00:00,170.0
3,train,322,23088740,axios/axios,2015-06-29 00:00:00+00:00,2015-07-27 00:00:00+00:00,144.0
3,train,328,32689863,3b1b/manim,2015-11-16 00:00:00+00:00,2015-12-14 00:00:00+00:00,9.0
3,train,329,32689863,3b1b/manim,2015-11-23 00:00:00+00:00,2015-12-21 00:00:00+00:00,8.0
3,train,330,32689863,3b1b/manim,2016-05-02 00:00:00+00:00,2016-05-30 00:00:00+00:00,8.0
3,train,331,32689863,3b1b/manim,2016-05-09 00:00:00+00:00,2016-06-06 00:00:00+00:00,8.0
3,train,332,32689863,3b1b/manim,2016-05-16 00:00:00+00:00,2016-06-13 00:00:00+00:00,8.0
3,train,333,32689863,3b1b/manim,2016-05-23 00:00:00+00:00,2016-06-20 00:00:00+00:00,10.0
3,train,334,32689863,3b1b/manim,2016-07-11 00:00:00+00:00,2016-08-08 00:00:00+00:00,77.0
3,train,335,32689863,3b1b/manim,2016-07-18 00:00:00+00:00,2016-08-15 00:00:00+00:00,92.0
3,train,336,32689863,3b1b/manim,2016-07-25 00:00:00+00:00,2016-08-22 00:00:00+00:00,107.0
3,train,337,32689863,3b1b/manim,2016-08-01 00:00:00+00:00,2016-08-29 00:00:00+00:00,93.0
3,train,338,32689863,3b1b/manim,2016-08-08 00:00:00+00:00,2016-09-05 00:00:00+00:00,57.0
3,train,339,32689863,3b1b/manim,2016-08-15 00:00:00+00:00,2016-09-12 00:00:00+00:00,48.0
3,train,340,32689863,3b1b/manim,2016-08-22 00:00:00+00:00,2016-09-19 00:00:00+00:00,37.0
3,train,341,32689863,3b1b/manim,2016-08-29 00:00:00+00:00,2016-09-26 00:00:00+00:00,35.0
3,train,342,32689863,3b1b/manim,2016-09-05 00:00:00+00:00,2016-10-03 00:00:00+00:00,35.0
3,train,343,32689863,3b1b/manim,2016-09-12 00:00:00+00:00,2016-10-10 00:00:00+00:00,31.0
3,train,344,32689863,3b1b/manim,2016-09-19 00:00:00+00:00,2016-10-17 00:00:00+00:00,44.0
3,train,345,32689863,3b1b/manim,2016-09-26 00:00:00+00:00,2016-10-24 00:00:00+00:00,44.0
3,train,346,32689863,3b1b/manim,2016-10-03 00:00:00+00:00,2016-10-31 00:00:00+00:00,59.0
3,train,347,32689863,3b1b/manim,2016-10-10 00:00:00+00:00,2016-11-07 00:00:00+00:00,77.0
3,train,348,32689863,3b1b/manim,2016-10-17 00:00:00+00:00,2016-11-14 00:00:00+00:00,72.0
3,train,349,32689863,3b1b/manim,2016-10-24 00:00:00+00:00,2016-11-21 00:00:00+00:00,84.0
3,train,350,32689863,3b1b/manim,2016-10-31 00:00:00+00:00,2016-11-28 00:00:00+00:00,75.0
3,train,351,32689863,3b1b/manim,2016-11-07 00:00:00+00:00,2016-12-05 00:00:00+00:00,72.0
3,train,352,32689863,3b1b/manim,2016-11-14 00:00:00+00:00,2016-12-12 00:00:00+00:00,81.0
3,train,353,32689863,3b1b/manim,2016-11-21 00:00:00+00:00,2016-12-19 00:00:00+00:00,76.0
3,train,354,32689863,3b1b/manim,2016-11-28 00:00:00+00:00,2016-12-26 00:00:00+00:00,78.0
3,train,355,32689863,3b1b/manim,2016-12-05 00:00:00+00:00,2017-01-02 00:00:00+00:00,84.0
3,train,356,32689863,3b1b/manim,2016-12-12 00:00:00+00:00,2017-01-09 00:00:00+00:00,68.0
3,train,357,32689863,3b1b/manim,2016-12-19 00:00:00+00:00,2017-01-16 00:00:00+00:00,63.0
3,train,358,32689863,3b1b/manim,2016-12-26 00:00:00+00:00,2017-01-23 00:00:00+00:00,66.0
3,train,359,32689863,3b1b/manim,2017-01-02 00:00:00+00:00,2017-01-30 00:00:00+00:00,65.0
3,train,360,32689863,3b1b/manim,2017-01-09 00:00:00+00:00,2017-02-06 00:00:00+00:00,118.0
3,train,361,32689863,3b1b/manim,2017-01-16 00:00:00+00:00,2017-02-13 00:00:00+00:00,144.0
3,train,362,32689863,3b1b/manim,2017-01-23 00:00:00+00:00,2017-02-20 00:00:00+00:00,136.0
3,train,363,32689863,3b1b/manim,2017-01-30 00:00:00+00:00,2017-02-27 00:00:00+00:00,134.0
3,train,364,32689863,3b1b/manim,2017-02-06 00:00:00+00:00,2017-03-06 00:00:00+00:00,100.0
3,train,365,32689863,3b1b/manim,2017-02-13 00:00:00+00:00,2017-03-13 00:00:00+00:00,83.0
3,train,366,32689863,3b1b/manim,2017-02-20 00:00:00+00:00,2017-03-20 00:00:00+00:00,91.0
3,train,367,32689863,3b1b/manim,2017-02-27 00:00:00+00:00,2017-03-27 00:00:00+00:00,96.0
3,train,368,32689863,3b1b/manim,2017-03-06 00:00:00+00:00,2017-04-03 00:00:00+00:00,94.0
3,train,369,32689863,3b1b/manim,2017-03-13 00:00:00+00:00,2017-04-10 00:00:00+00:00,98.0
3,train,370,32689863,3b1b/manim,2017-03-20 00:00:00+00:00,2017-04-17 00:00:00+00:00,125.0
3,train,376,33884891,apache/airflow,2015-06-29 00:00:00+00:00,2015-07-27 00:00:00+00:00,110.0
3,train,377,33884891,apache/airflow,2015-07-06 00:00:00+00:00,2015-08-03 00:00:00+00:00,87.0
3,train,378,33884891,apache/airflow,2015-07-13 00:00:00+00:00,2015-08-10 00:00:00+00:00,70.0
3,train,379,33884891,apache/airflow,2015-07-20 00:00:00+00:00,2015-08-17 00:00:00+00:00,84.0
3,train,380,33884891,apache/airflow,2015-07-27 00:00:00+00:00,2015-08-24 00:00:00+00:00,78.0
3,train,381,33884891,apache/airflow,2015-08-03 00:00:00+00:00,2015-08-31 00:00:00+00:00,138.0
3,train,387,43441403,strapi/strapi,2015-10-26 00:00:00+00:00,2015-11-23 00:00:00+00:00,19.0
3,train,388,43441403,strapi/strapi,2015-11-02 00:00:00+00:00,2015-11-30 00:00:00+00:00,24.0
3,train,389,43441403,strapi/strapi,2015-11-09 00:00:00+00:00,2015-12-07 00:00:00+00:00,31.0
3,train,390,43441403,strapi/strapi,2015-11-16 00:00:00+00:00,2015-12-14 00:00:00+00:00,71.0
3,train,391,43441403,strapi/strapi,2015-11-23 00:00:00+00:00,2015-12-21 00:00:00+00:00,88.0
3,train,392,43441403,strapi/strapi,2015-11-30 00:00:00+00:00,2015-12-28 00:00:00+00:00,87.0
3,train,393,43441403,strapi/strapi,2015-12-07 00:00:00+00:00,2016-01-04 00:00:00+00:00,90.0
3,train,394,43441403,strapi/strapi,2015-12-14 00:00:00+00:00,2016-01-11 00:00:00+00:00,50.0
3,train,395,43441403,strapi/strapi,2015-12-21 00:00:00+00:00,2016-01-18 00:00:00+00:00,39.0
3,train,396,43441403,strapi/strapi,2015-12-28 00:00:00+00:00,2016-01-25 00:00:00+00:00,43.0
3,train,397,43441403,strapi/strapi,2016-01-04 00:00:00+00:00,2016-02-01 00:00:00+00:00,44.0
3,train,398,43441403,strapi/strapi,2016-01-11 00:00:00+00:00,2016-02-08 00:00:00+00:00,40.0
3,train,399,43441403,strapi/strapi,2016-01-18 00:00:00+00:00,2016-02-15 00:00:00+00:00,50.0
3,train,400,43441403,strapi/strapi,2016-01-25 00:00:00+00:00,2016-02-22 00:00:00+00:00,45.0
3,train,401,43441403,strapi/strapi,2016-02-01 00:00:00+00:00,2016-02-29 00:00:00+00:00,85.0
3,train,402,43441403,strapi/strapi,2016-02-08 00:00:00+00:00,2016-03-07 00:00:00+00:00,106.0
3,train,403,43441403,strapi/strapi,2016-02-15 00:00:00+00:00,2016-03-14 00:00:00+00:00,97.0
3,train,404,43441403,strapi/strapi,2016-02-22 00:00:00+00:00,2016-03-21 00:00:00+00:00,98.0
3,train,405,43441403,strapi/strapi,2016-02-29 00:00:00+00:00,2016-03-28 00:00:00+00:00,55.0
3,train,411,58028038,521xueweihan/HelloGitHub,2016-08-22 00:00:00+00:00,2016-09-19 00:00:00+00:00,33.0
3,train,412,58028038,521xueweihan/HelloGitHub,2016-08-29 00:00:00+00:00,2016-09-26 00:00:00+00:00,100.0
3,train,413,58028038,521xueweihan/HelloGitHub,2016-09-05 00:00:00+00:00,2016-10-03 00:00:00+00:00,90.0
3,train,414,58028038,521xueweihan/HelloGitHub,2016-09-12 00:00:00+00:00,2016-10-10 00:00:00+00:00,94.0
3,train,415,58028038,521xueweihan/HelloGitHub,2016-09-19 00:00:00+00:00,2016-10-17 00:00:00+00:00,97.0
3,train,416,58028038,521xueweihan/HelloGitHub,2016-09-26 00:00:00+00:00,2016-10-24 00:00:00+00:00,26.0
3,train,417,58028038,521xueweihan/HelloGitHub,2016-10-03 00:00:00+00:00,2016-10-31 00:00:00+00:00,34.0
3,train,418,58028038,521xueweihan/HelloGitHub,2016-10-10 00:00:00+00:00,2016-11-07 00:00:00+00:00,31.0
3,train,419,58028038,521xueweihan/HelloGitHub,2016-10-17 00:00:00+00:00,2016-11-14 00:00:00+00:00,27.0
3,train,420,58028038,521xueweihan/HelloGitHub,2016-10-24 00:00:00+00:00,2016-11-21 00:00:00+00:00,25.0
3,train,421,58028038,521xueweihan/HelloGitHub,2016-10-31 00:00:00+00:00,2016-11-28 00:00:00+00:00,72.0
3,train,422,58028038,521xueweihan/HelloGitHub,2016-11-07 00:00:00+00:00,2016-12-05 00:00:00+00:00,74.0
3,train,423,58028038,521xueweihan/HelloGitHub,2016-11-14 00:00:00+00:00,2016-12-12 00:00:00+00:00,77.0
3,train,424,58028038,521xueweihan/HelloGitHub,2016-11-21 00:00:00+00:00,2016-12-19 00:00:00+00:00,80.0
3,train,425,58028038,521xueweihan/HelloGitHub,2016-11-28 00:00:00+00:00,2016-12-26 00:00:00+00:00,38.0
3,train,426,58028038,521xueweihan/HelloGitHub,2016-12-05 00:00:00+00:00,2017-01-02 00:00:00+00:00,40.0
3,train,427,58028038,521xueweihan/HelloGitHub,2016-12-12 00:00:00+00:00,2017-01-09 00:00:00+00:00,37.0
3,train,428,58028038,521xueweihan/HelloGitHub,2016-12-19 00:00:00+00:00,2017-01-16 00:00:00+00:00,35.0
3,train,434,63476337,TheAlgorithms/Python,2016-08-22 00:00:00+00:00,2016-09-19 00:00:00+00:00,70.0
3,train,435,63476337,TheAlgorithms/Python,2016-08-29 00:00:00+00:00,2016-09-26 00:00:00+00:00,62.0
3,train,436,63476337,TheAlgorithms/Python,2016-09-05 00:00:00+00:00,2016-10-03 00:00:00+00:00,55.0
3,train,437,63476337,TheAlgorithms/Python,2016-09-12 00:00:00+00:00,2016-10-10 00:00:00+00:00,61.0
3,train,438,63476337,TheAlgorithms/Python,2016-09-19 00:00:00+00:00,2016-10-17 00:00:00+00:00,63.0
3,train,439,63476337,TheAlgorithms/Python,2016-09-26 00:00:00+00:00,2016-10-24 00:00:00+00:00,63.0
3,train,440,63476337,TheAlgorithms/Python,2016-10-03 00:00:00+00:00,2016-10-31 00:00:00+00:00,60.0
3,train,441,63476337,TheAlgorithms/Python,2016-10-10 00:00:00+00:00,2016-11-07 00:00:00+00:00,61.0
3,train,442,63476337,TheAlgorithms/Python,2016-10-17 00:00:00+00:00,2016-11-14 00:00:00+00:00,59.0
3,train,443,63476337,TheAlgorithms/Python,2016-10-24 00:00:00+00:00,2016-11-21 00:00:00+00:00,62.0
3,train,444,63476337,TheAlgorithms/Python,2016-10-31 00:00:00+00:00,2016-11-28 00:00:00+00:00,56.0
3,train,445,63476337,TheAlgorithms/Python,2016-11-07 00:00:00+00:00,2016-12-05 00:00:00+00:00,52.0
3,train,446,63476337,TheAlgorithms/Python,2016-11-14 00:00:00+00:00,2016-12-12 00:00:00+00:00,59.0
3,train,447,63476337,TheAlgorithms/Python,2016-11-21 00:00:00+00:00,2016-12-19 00:00:00+00:00,64.0
3,train,448,63476337,TheAlgorithms/Python,2016-11-28 00:00:00+00:00,2016-12-26 00:00:00+00:00,63.0
3,train,449,63476337,TheAlgorithms/Python,2016-12-05 00:00:00+00:00,2017-01-02 00:00:00+00:00,63.0
3,train,450,63476337,TheAlgorithms/Python,2016-12-12 00:00:00+00:00,2017-01-09 00:00:00+00:00,63.0
3,train,451,63476337,TheAlgorithms/Python,2016-12-19 00:00:00+00:00,2017-01-16 00:00:00+00:00,51.0
3,train,452,63476337,TheAlgorithms/Python,2016-12-26 00:00:00+00:00,2017-01-23 00:00:00+00:00,56.0
3,train,453,63476337,TheAlgorithms/Python,2017-01-02 00:00:00+00:00,2017-01-30 00:00:00+00:00,55.0
3,train,454,63476337,TheAlgorithms/Python,2017-01-09 00:00:00+00:00,2017-02-06 00:00:00+00:00,48.0
3,train,455,63476337,TheAlgorithms/Python,2017-01-16 00:00:00+00:00,2017-02-13 00:00:00+00:00,51.0
3,train,456,63476337,TheAlgorithms/Python,2017-01-23 00:00:00+00:00,2017-02-20 00:00:00+00:00,53.0
3,train,457,63476337,TheAlgorithms/Python,2017-01-30 00:00:00+00:00,2017-02-27 00:00:00+00:00,59.0
3,train,458,63476337,TheAlgorithms/Python,2017-02-06 00:00:00+00:00,2017-03-06 00:00:00+00:00,78.0
3,train,459,63476337,TheAlgorithms/Python,2017-02-13 00:00:00+00:00,2017-03-13 00:00:00+00:00,97.0
3,train,460,63476337,TheAlgorithms/Python,2017-02-20 00:00:00+00:00,2017-03-20 00:00:00+00:00,104.0
3,train,461,63476337,TheAlgorithms/Python,2017-02-27 00:00:00+00:00,2017-03-27 00:00:00+00:00,113.0
3,train,462,63476337,TheAlgorithms/Python,2017-03-06 00:00:00+00:00,2017-04-03 00:00:00+00:00,98.0
3,train,463,63476337,TheAlgorithms/Python,2017-03-13 00:00:00+00:00,2017-04-10 00:00:00+00:00,81.0
3,train,464,63476337,TheAlgorithms/Python,2017-03-20 00:00:00+00:00,2017-04-17 00:00:00+00:00,82.0
3,train,465,63476337,TheAlgorithms/Python,2017-03-27 00:00:00+00:00,2017-04-24 00:00:00+00:00,73.0
3,train,466,63476337,TheAlgorithms/Python,2017-04-03 00:00:00+00:00,2017-05-01 00:00:00+00:00,84.0
3,train,467,63476337,TheAlgorithms/Python,2017-04-10 00:00:00+00:00,2017-05-08 00:00:00+00:00,86.0
3,train,468,63476337,TheAlgorithms/Python,2017-04-17 00:00:00+00:00,2017-05-15 00:00:00+00:00,82.0
3,train,474,65750241,expo/expo,2016-09-12 00:00:00+00:00,2016-10-10 00:00:00+00:00,184.0
3,train,475,65750241,expo/expo,2016-09-19 00:00:00+00:00,2016-10-17 00:00:00+00:00,179.0
3,train,476,65750241,expo/expo,2016-09-26 00:00:00+00:00,2016-10-24 00:00:00+00:00,67.0
3,train,477,65750241,expo/expo,2016-10-03 00:00:00+00:00,2016-10-31 00:00:00+00:00,57.0
3,train,478,65750241,expo/expo,2016-10-10 00:00:00+00:00,2016-11-07 00:00:00+00:00,57.0
3,train,479,65750241,expo/expo,2016-10-17 00:00:00+00:00,2016-11-14 00:00:00+00:00,67.0
3,train,480,65750241,expo/expo,2016-10-24 00:00:00+00:00,2016-11-21 00:00:00+00:00,65.0
3,train,481,65750241,expo/expo,2016-10-31 00:00:00+00:00,2016-11-28 00:00:00+00:00,74.0
3,train,482,65750241,expo/expo,2016-11-07 00:00:00+00:00,2016-12-05 00:00:00+00:00,62.0
3,train,483,65750241,expo/expo,2016-11-14 00:00:00+00:00,2016-12-12 00:00:00+00:00,59.0
3,train,484,65750241,expo/expo,2016-11-21 00:00:00+00:00,2016-12-19 00:00:00+00:00,65.0
3,train,485,65750241,expo/expo,2016-11-28 00:00:00+00:00,2016-12-26 00:00:00+00:00,52.0
3,train,486,65750241,expo/expo,2016-12-05 00:00:00+00:00,2017-01-02 00:00:00+00:00,62.0
3,train,487,65750241,expo/expo,2016-12-12 00:00:00+00:00,2017-01-09 00:00:00+00:00,62.0
3,train,488,65750241,expo/expo,2016-12-19 00:00:00+00:00,2017-01-16 00:00:00+00:00,56.0
3,train,489,65750241,expo/expo,2016-12-26 00:00:00+00:00,2017-01-23 00:00:00+00:00,63.0
3,train,490,65750241,expo/expo,2017-01-02 00:00:00+00:00,2017-01-30 00:00:00+00:00,57.0
3,train,491,65750241,expo/expo,2017-01-09 00:00:00+00:00,2017-02-06 00:00:00+00:00,47.0
3,train,492,65750241,expo/expo,2017-01-16 00:00:00+00:00,2017-02-13 00:00:00+00:00,56.0
3,train,493,65750241,expo/expo,2017-01-23 00:00:00+00:00,2017-02-20 00:00:00+00:00,53.0
3,train,494,65750241,expo/expo,2017-01-30 00:00:00+00:00,2017-02-27 00:00:00+00:00,46.0
3,train,495,65750241,expo/expo,2017-02-06 00:00:00+00:00,2017-03-06 00:00:00+00:00,58.0
3,train,496,65750241,expo/expo,2017-02-13 00:00:00+00:00,2017-03-13 00:00:00+00:00,120.0
3,train,497,65750241,expo/expo,2017-02-20 00:00:00+00:00,2017-03-20 00:00:00+00:00,144.0
3,train,498,65750241,expo/expo,2017-02-27 00:00:00+00:00,2017-03-27 00:00:00+00:00,158.0
3,train,499,65750241,expo/expo,2017-03-06 00:00:00+00:00,2017-04-03 00:00:00+00:00,155.0
3,train,500,65750241,expo/expo,2017-03-13 00:00:00+00:00,2017-04-10 00:00:00+00:00,104.0
3,train,501,65750241,expo/expo,2017-03-20 00:00:00+00:00,2017-04-17 00:00:00+00:00,107.0
3,train,502,65750241,expo/expo,2017-03-27 00:00:00+00:00,2017-04-24 00:00:00+00:00,125.0
3,train,503,65750241,expo/expo,2017-04-03 00:00:00+00:00,2017-05-01 00:00:00+00:00,136.0
3,train,504,65750241,expo/expo,2017-04-10 00:00:00+00:00,2017-05-08 00:00:00+00:00,134.0
3,train,510,80945428,nestjs/nest,2017-03-13 00:00:00+00:00,2017-04-10 00:00:00+00:00,51.0
3,train,511,80945428,nestjs/nest,2017-03-20 00:00:00+00:00,2017-04-17 00:00:00+00:00,58.0
3,train,512,80945428,nestjs/nest,2017-03-27 00:00:00+00:00,2017-04-24 00:00:00+00:00,24.0
3,train,513,80945428,nestjs/nest,2017-04-03 00:00:00+00:00,2017-05-01 00:00:00+00:00,283.0
3,train,514,80945428,nestjs/nest,2017-04-10 00:00:00+00:00,2017-05-08 00:00:00+00:00,445.0
3,train,515,80945428,nestjs/nest,2017-04-17 00:00:00+00:00,2017-05-15 00:00:00+00:00,474.0
3,train,516,80945428,nestjs/nest,2017-04-24 00:00:00+00:00,2017-05-22 00:00:00+00:00,513.0
3,train,517,80945428,nestjs/nest,2017-05-01 00:00:00+00:00,2017-05-29 00:00:00+00:00,298.0
3,train,523,91629816,freqtrade/freqtrade,2017-08-07 00:00:00+00:00,2017-09-04 00:00:00+00:00,17.0
3,train,524,91629816,freqtrade/freqtrade,2017-08-14 00:00:00+00:00,2017-09-11 00:00:00+00:00,21.0
3,train,525,91629816,freqtrade/freqtrade,2017-08-21 00:00:00+00:00,2017-09-18 00:00:00+00:00,22.0
3,train,526,91629816,freqtrade/freqtrade,2017-08-28 00:00:00+00:00,2017-09-25 00:00:00+00:00,28.0
3,train,527,91629816,freqtrade/freqtrade,2017-09-04 00:00:00+00:00,2017-10-02 00:00:00+00:00,27.0
3,train,528,91629816,freqtrade/freqtrade,2017-09-11 00:00:00+00:00,2017-10-09 00:00:00+00:00,24.0
3,train,529,91629816,freqtrade/freqtrade,2017-09-18 00:00:00+00:00,2017-10-16 00:00:00+00:00,21.0
3,train,530,91629816,freqtrade/freqtrade,2017-09-25 00:00:00+00:00,2017-10-23 00:00:00+00:00,18.0
3,train,531,91629816,freqtrade/freqtrade,2017-10-02 00:00:00+00:00,2017-10-30 00:00:00+00:00,18.0
3,train,532,91629816,freqtrade/freqtrade,2017-10-09 00:00:00+00:00,2017-11-06 00:00:00+00:00,26.0
3,train,533,91629816,freqtrade/freqtrade,2017-10-16 00:00:00+00:00,2017-11-13 00:00:00+00:00,34.0
3,train,534,91629816,freqtrade/freqtrade,2017-10-23 00:00:00+00:00,2017-11-20 00:00:00+00:00,41.0
3,train,535,91629816,freqtrade/freqtrade,2017-10-30 00:00:00+00:00,2017-11-27 00:00:00+00:00,57.0
3,train,536,91629816,freqtrade/freqtrade,2017-11-06 00:00:00+00:00,2017-12-04 00:00:00+00:00,69.0
3,train,537,91629816,freqtrade/freqtrade,2017-11-13 00:00:00+00:00,2017-12-11 00:00:00+00:00,82.0
3,train,538,91629816,freqtrade/freqtrade,2017-11-20 00:00:00+00:00,2017-12-18 00:00:00+00:00,85.0
3,train,539,91629816,freqtrade/freqtrade,2017-11-27 00:00:00+00:00,2017-12-25 00:00:00+00:00,88.0
3,train,540,91629816,freqtrade/freqtrade,2017-12-04 00:00:00+00:00,2018-01-01 00:00:00+00:00,112.0
3,train,541,91629816,freqtrade/freqtrade,2017-12-11 00:00:00+00:00,2018-01-08 00:00:00+00:00,132.0
3,train,542,91629816,freqtrade/freqtrade,2017-12-18 00:00:00+00:00,2018-01-15 00:00:00+00:00,148.0
3,train,543,91629816,freqtrade/freqtrade,2017-12-25 00:00:00+00:00,2018-01-22 00:00:00+00:00,154.0
3,train,544,91629816,freqtrade/freqtrade,2018-01-01 00:00:00+00:00,2018-01-29 00:00:00+00:00,164.0
3,train,545,91629816,freqtrade/freqtrade,2018-01-08 00:00:00+00:00,2018-02-05 00:00:00+00:00,147.0
3,train,546,91629816,freqtrade/freqtrade,2018-01-15 00:00:00+00:00,2018-02-12 00:00:00+00:00,134.0
3,train,547,91629816,freqtrade/freqtrade,2018-01-22 00:00:00+00:00,2018-02-19 00:00:00+00:00,119.0
3,train,548,91629816,freqtrade/freqtrade,2018-01-29 00:00:00+00:00,2018-02-26 00:00:00+00:00,88.0
3,train,549,91629816,freqtrade/freqtrade,2018-02-05 00:00:00+00:00,2018-03-05 00:00:00+00:00,70.0
3,train,550,91629816,freqtrade/freqtrade,2018-02-12 00:00:00+00:00,2018-03-12 00:00:00+00:00,59.0
3,train,551,91629816,freqtrade/freqtrade,2018-02-19 00:00:00+00:00,2018-03-19 00:00:00+00:00,63.0
3,train,552,91629816,freqtrade/freqtrade,2018-02-26 00:00:00+00:00,2018-03-26 00:00:00+00:00,56.0
3,train,553,91629816,freqtrade/freqtrade,2018-03-05 00:00:00+00:00,2018-04-02 00:00:00+00:00,57.0
3,train,554,91629816,freqtrade/freqtrade,2018-03-12 00:00:00+00:00,2018-04-09 00:00:00+00:00,62.0
3,train,555,91629816,freqtrade/freqtrade,2018-03-19 00:00:00+00:00,2018-04-16 00:00:00+00:00,53.0
3,train,556,91629816,freqtrade/freqtrade,2018-03-26 00:00:00+00:00,2018-04-23 00:00:00+00:00,48.0
3,train,557,91629816,freqtrade/freqtrade,2018-04-02 00:00:00+00:00,2018-04-30 00:00:00+00:00,51.0
3,train,558,91629816,freqtrade/freqtrade,2018-04-09 00:00:00+00:00,2018-05-07 00:00:00+00:00,48.0
3,train,559,91629816,freqtrade/freqtrade,2018-04-16 00:00:00+00:00,2018-05-14 00:00:00+00:00,46.0
3,train,560,91629816,freqtrade/freqtrade,2018-04-23 00:00:00+00:00,2018-05-21 00:00:00+00:00,48.0
3,train,561,91629816,freqtrade/freqtrade,2018-04-30 00:00:00+00:00,2018-05-28 00:00:00+00:00,53.0
3,train,562,91629816,freqtrade/freqtrade,2018-05-07 00:00:00+00:00,2018-06-04 00:00:00+00:00,51.0
3,train,563,91629816,freqtrade/freqtrade,2018-05-14 00:00:00+00:00,2018-06-11 00:00:00+00:00,54.0
3,train,564,91629816,freqtrade/freqtrade,2018-05-21 00:00:00+00:00,2018-06-18 00:00:00+00:00,57.0
3,train,565,91629816,freqtrade/freqtrade,2018-05-28 00:00:00+00:00,2018-06-25 00:00:00+00:00,52.0
3,train,566,91629816,freqtrade/freqtrade,2018-06-04 00:00:00+00:00,2018-07-02 00:00:00+00:00,58.0
3,train,567,91629816,freqtrade/freqtrade,2018-06-11 00:00:00+00:00,2018-07-09 00:00:00+00:00,53.0
3,train,568,91629816,freqtrade/freqtrade,2018-06-18 00:00:00+00:00,2018-07-16 00:00:00+00:00,56.0
3,train,569,91629816,freqtrade/freqtrade,2018-06-25 00:00:00+00:00,2018-07-23 00:00:00+00:00,57.0
3,train,570,91629816,freqtrade/freqtrade,2018-07-02 00:00:00+00:00,2018-07-30 00:00:00+00:00,52.0
3,train,571,91629816,freqtrade/freqtrade,2018-07-09 00:00:00+00:00,2018-08-06 00:00:00+00:00,53.0
3,train,572,91629816,freqtrade/freqtrade,2018-07-16 00:00:00+00:00,2018-08-13 00:00:00+00:00,43.0
3,train,573,91629816,freqtrade/freqtrade,2018-07-23 00:00:00+00:00,2018-08-20 00:00:00+00:00,48.0
3,train,574,91629816,freqtrade/freqtrade,2018-07-30 00:00:00+00:00,2018-08-27 00:00:00+00:00,48.0
3,train,575,91629816,freqtrade/freqtrade,2018-08-06 00:00:00+00:00,2018-09-03 00:00:00+00:00,58.0
3,train,576,91629816,freqtrade/freqtrade,2018-08-13 00:00:00+00:00,2018-09-10 00:00:00+00:00,124.0
3,train,577,91629816,freqtrade/freqtrade,2018-08-20 00:00:00+00:00,2018-09-17 00:00:00+00:00,177.0
3,train,578,91629816,freqtrade/freqtrade,2018-08-27 00:00:00+00:00,2018-09-24 00:00:00+00:00,183.0
3,train,579,91629816,freqtrade/freqtrade,2018-09-03 00:00:00+00:00,2018-10-01 00:00:00+00:00,177.0
3,train,580,91629816,freqtrade/freqtrade,2018-09-10 00:00:00+00:00,2018-10-08 00:00:00+00:00,108.0
3,train,581,91629816,freqtrade/freqtrade,2018-09-17 00:00:00+00:00,2018-10-15 00:00:00+00:00,47.0
3,train,582,91629816,freqtrade/freqtrade,2018-09-24 00:00:00+00:00,2018-10-22 00:00:00+00:00,41.0
3,train,583,91629816,freqtrade/freqtrade,2018-10-01 00:00:00+00:00,2018-10-29 00:00:00+00:00,39.0
3,train,584,91629816,freqtrade/freqtrade,2018-10-08 00:00:00+00:00,2018-11-05 00:00:00+00:00,62.0
3,train,585,91629816,freqtrade/freqtrade,2018-10-15 00:00:00+00:00,2018-11-12 00:00:00+00:00,69.0
3,train,586,91629816,freqtrade/freqtrade,2018-10-22 00:00:00+00:00,2018-11-19 00:00:00+00:00,62.0
3,train,587,91629816,freqtrade/freqtrade,2018-10-29 00:00:00+00:00,2018-11-26 00:00:00+00:00,71.0
3,train,588,91629816,freqtrade/freqtrade,2018-11-05 00:00:00+00:00,2018-12-03 00:00:00+00:00,53.0
3,train,589,91629816,freqtrade/freqtrade,2018-11-12 00:00:00+00:00,2018-12-10 00:00:00+00:00,45.0
3,train,590,91629816,freqtrade/freqtrade,2018-11-19 00:00:00+00:00,2018-12-17 00:00:00+00:00,83.0
3,train,591,91629816,freqtrade/freqtrade,2018-11-26 00:00:00+00:00,2018-12-24 00:00:00+00:00,72.0
3,train,592,91629816,freqtrade/freqtrade,2018-12-03 00:00:00+00:00,2018-12-31 00:00:00+00:00,71.0
3,train,598,135614069,sudheerj/reactjs-interview-questions,2018-08-27 00:00:00+00:00,2018-09-24 00:00:00+00:00,29.0
3,train,599,135614069,sudheerj/reactjs-interview-questions,2018-09-03 00:00:00+00:00,2018-10-01 00:00:00+00:00,30.0
3,train,600,135614069,sudheerj/reactjs-interview-questions,2018-09-10 00:00:00+00:00,2018-10-08 00:00:00+00:00,135.0
3,train,601,135614069,sudheerj/reactjs-interview-questions,2018-09-17 00:00:00+00:00,2018-10-15 00:00:00+00:00,262.0
3,train,602,135614069,sudheerj/reactjs-interview-questions,2018-09-24 00:00:00+00:00,2018-10-22 00:00:00+00:00,312.0
3,train,603,135614069,sudheerj/reactjs-interview-questions,2018-10-01 00:00:00+00:00,2018-10-29 00:00:00+00:00,335.0
3,train,604,135614069,sudheerj/reactjs-interview-questions,2018-10-08 00:00:00+00:00,2018-11-05 00:00:00+00:00,272.0
3,train,605,135614069,sudheerj/reactjs-interview-questions,2018-10-15 00:00:00+00:00,2018-11-12 00:00:00+00:00,167.0
3,train,606,135614069,sudheerj/reactjs-interview-questions,2018-10-22 00:00:00+00:00,2018-11-19 00:00:00+00:00,138.0
3,train,607,135614069,sudheerj/reactjs-interview-questions,2018-10-29 00:00:00+00:00,2018-11-26 00:00:00+00:00,127.0
3,train,608,135614069,sudheerj/reactjs-interview-questions,2018-11-05 00:00:00+00:00,2018-12-03 00:00:00+00:00,102.0
3,train,614,192925833,prisma/prisma,2019-07-15 00:00:00+00:00,2019-08-12 00:00:00+00:00,217.0
3,train,615,192925833,prisma/prisma,2019-07-22 00:00:00+00:00,2019-08-19 00:00:00+00:00,209.0
3,train,616,192925833,prisma/prisma,2019-07-29 00:00:00+00:00,2019-08-26 00:00:00+00:00,173.0
3,train,617,192925833,prisma/prisma,2019-08-05 00:00:00+00:00,2019-09-02 00:00:00+00:00,206.0
3,train,618,192925833,prisma/prisma,2019-08-12 00:00:00+00:00,2019-09-09 00:00:00+00:00,195.0
3,train,624,307260205,yt-dlp/yt-dlp,2021-01-25 00:00:00+00:00,2021-02-22 00:00:00+00:00,151.0
3,train,625,307260205,yt-dlp/yt-dlp,2021-02-01 00:00:00+00:00,2021-03-01 00:00:00+00:00,161.0
3,train,626,307260205,yt-dlp/yt-dlp,2021-02-08 00:00:00+00:00,2021-03-08 00:00:00+00:00,151.0
3,train,627,307260205,yt-dlp/yt-dlp,2021-02-15 00:00:00+00:00,2021-03-15 00:00:00+00:00,133.0
3,train,628,307260205,yt-dlp/yt-dlp,2021-02-22 00:00:00+00:00,2021-03-22 00:00:00+00:00,139.0
3,train,629,307260205,yt-dlp/yt-dlp,2021-03-01 00:00:00+00:00,2021-03-29 00:00:00+00:00,149.0
3,train,630,307260205,yt-dlp/yt-dlp,2021-03-08 00:00:00+00:00,2021-04-05 00:00:00+00:00,150.0
3,train,631,307260205,yt-dlp/yt-dlp,2021-03-15 00:00:00+00:00,2021-04-12 00:00:00+00:00,131.0
3,train,637,357728969,oven-sh/bun,2021-10-18 00:00:00+00:00,2021-11-15 00:00:00+00:00,290.0
3,train,638,357728969,oven-sh/bun,2021-10-25 00:00:00+00:00,2021-11-22 00:00:00+00:00,237.0
3,train,639,357728969,oven-sh/bun,2021-11-01 00:00:00+00:00,2021-11-29 00:00:00+00:00,230.0
3,train,640,357728969,oven-sh/bun,2021-11-08 00:00:00+00:00,2021-12-06 00:00:00+00:00,183.0
3,train,641,357728969,oven-sh/bun,2021-11-15 00:00:00+00:00,2021-12-13 00:00:00+00:00,97.0
3,train,642,357728969,oven-sh/bun,2021-11-22 00:00:00+00:00,2021-12-20 00:00:00+00:00,90.0
3,train,643,357728969,oven-sh/bun,2021-11-29 00:00:00+00:00,2021-12-27 00:00:00+00:00,68.0
3,train,644,357728969,oven-sh/bun,2021-12-06 00:00:00+00:00,2022-01-03 00:00:00+00:00,62.0
3,train,645,357728969,oven-sh/bun,2021-12-13 00:00:00+00:00,2022-01-10 00:00:00+00:00,56.0
3,train,646,357728969,oven-sh/bun,2021-12-20 00:00:00+00:00,2022-01-17 00:00:00+00:00,60.0
3,train,647,357728969,oven-sh/bun,2021-12-27 00:00:00+00:00,2022-01-24 00:00:00+00:00,73.0
3,train,648,357728969,oven-sh/bun,2022-01-03 00:00:00+00:00,2022-01-31 00:00:00+00:00,70.0
3,train,649,357728969,oven-sh/bun,2022-01-10 00:00:00+00:00,2022-02-07 00:00:00+00:00,67.0
3,train,650,357728969,oven-sh/bun,2022-01-17 00:00:00+00:00,2022-02-14 00:00:00+00:00,48.0
3,train,651,357728969,oven-sh/bun,2022-01-24 00:00:00+00:00,2022-02-21 00:00:00+00:00,37.0
3,train,657,542284380,usebruno/bruno,2022-11-28 00:00:00+00:00,2022-12-26 00:00:00+00:00,8.0
3,train,658,542284380,usebruno/bruno,2022-12-05 00:00:00+00:00,2023-01-02 00:00:00+00:00,7.0
3,train,659,542284380,usebruno/bruno,2023-01-16 00:00:00+00:00,2023-02-13 00:00:00+00:00,47.0
3,train,660,542284380,usebruno/bruno,2023-01-23 00:00:00+00:00,2023-02-20 00:00:00+00:00,36.0
3,train,661,542284380,usebruno/bruno,2023-01-30 00:00:00+00:00,2023-02-27 00:00:00+00:00,70.0
3,train,662,542284380,usebruno/bruno,2023-02-06 00:00:00+00:00,2023-03-06 00:00:00+00:00,88.0
3,train,663,542284380,usebruno/bruno,2023-02-13 00:00:00+00:00,2023-03-13 00:00:00+00:00,84.0
3,train,664,542284380,usebruno/bruno,2023-02-20 00:00:00+00:00,2023-03-20 00:00:00+00:00,83.0
3,train,665,542284380,usebruno/bruno,2023-02-27 00:00:00+00:00,2023-03-27 00:00:00+00:00,52.0
3,train,666,542284380,usebruno/bruno,2023-03-06 00:00:00+00:00,2023-04-03 00:00:00+00:00,24.0
3,train,667,542284380,usebruno/bruno,2023-03-13 00:00:00+00:00,2023-04-10 00:00:00+00:00,22.0
3,train,668,542284380,usebruno/bruno,2023-03-20 00:00:00+00:00,2023-04-17 00:00:00+00:00,15.0
3,train,669,542284380,usebruno/bruno,2023-03-27 00:00:00+00:00,2023-04-24 00:00:00+00:00,12.0
3,train,670,542284380,usebruno/bruno,2023-04-03 00:00:00+00:00,2023-05-01 00:00:00+00:00,12.0
3,train,671,542284380,usebruno/bruno,2023-04-10 00:00:00+00:00,2023-05-08 00:00:00+00:00,11.0
3,train,672,542284380,usebruno/bruno,2023-04-17 00:00:00+00:00,2023-05-15 00:00:00+00:00,11.0
3,train,673,542284380,usebruno/bruno,2023-04-24 00:00:00+00:00,2023-05-22 00:00:00+00:00,9.0
3,train,679,695864515,hacksider/Deep-Live-Cam,2023-12-04 00:00:00+00:00,2024-01-01 00:00:00+00:00,12.0
3,train,680,695864515,hacksider/Deep-Live-Cam,2023-12-11 00:00:00+00:00,2024-01-08 00:00:00+00:00,14.0
3,train,681,695864515,hacksider/Deep-Live-Cam,2023-12-18 00:00:00+00:00,2024-01-15 00:00:00+00:00,14.0
3,train,682,695864515,hacksider/Deep-Live-Cam,2023-12-25 00:00:00+00:00,2024-01-22 00:00:00+00:00,16.0
3,train,683,695864515,hacksider/Deep-Live-Cam,2024-01-01 00:00:00+00:00,2024-01-29 00:00:00+00:00,15.0
3,train,684,695864515,hacksider/Deep-Live-Cam,2024-01-08 00:00:00+00:00,2024-02-05 00:00:00+00:00,13.0
3,train,685,695864515,hacksider/Deep-Live-Cam,2024-01-15 00:00:00+00:00,2024-02-12 00:00:00+00:00,11.0
3,train,686,695864515,hacksider/Deep-Live-Cam,2024-01-22 00:00:00+00:00,2024-02-19 00:00:00+00:00,12.0
3,train,692,997737944,ruvnet/RuView,2025-06-30 00:00:00+00:00,2025-07-28 00:00:00+00:00,9.0
3,train,693,997737944,ruvnet/RuView,2025-07-07 00:00:00+00:00,2025-08-04 00:00:00+00:00,12.0
3,train,694,997737944,ruvnet/RuView,2025-07-14 00:00:00+00:00,2025-08-11 00:00:00+00:00,39.0
3,validation,103,858127,pandas-dev/pandas,2013-02-25 00:00:00+00:00,2013-03-25 00:00:00+00:00,95.0
3,validation,143,1644196,JuliaLang/julia,2012-02-13 00:00:00+00:00,2012-03-12 00:00:00+00:00,33.0
3,validation,180,5108051,opencv/opencv,2013-08-12 00:00:00+00:00,2013-09-09 00:00:00+00:00,115.0
3,validation,247,5625464,pyenv/pyenv,2014-06-02 00:00:00+00:00,2014-06-30 00:00:00+00:00,75.0
3,validation,261,19745004,odoo/odoo,2014-09-08 00:00:00+00:00,2014-10-06 00:00:00+00:00,175.0
3,validation,282,22887094,tesseract-ocr/tesseract,2015-06-29 00:00:00+00:00,2015-07-27 00:00:00+00:00,244.0
3,validation,327,23088740,axios/axios,2015-08-03 00:00:00+00:00,2015-08-31 00:00:00+00:00,129.0
3,validation,375,32689863,3b1b/manim,2017-04-24 00:00:00+00:00,2017-05-22 00:00:00+00:00,222.0
3,validation,386,33884891,apache/airflow,2015-09-07 00:00:00+00:00,2015-10-05 00:00:00+00:00,194.0
3,validation,410,43441403,strapi/strapi,2016-04-04 00:00:00+00:00,2016-05-02 00:00:00+00:00,46.0
3,validation,433,58028038,521xueweihan/HelloGitHub,2017-01-23 00:00:00+00:00,2017-02-20 00:00:00+00:00,49.0
3,validation,473,63476337,TheAlgorithms/Python,2017-05-22 00:00:00+00:00,2017-06-19 00:00:00+00:00,113.0
3,validation,509,65750241,expo/expo,2017-05-15 00:00:00+00:00,2017-06-12 00:00:00+00:00,118.0
3,validation,522,80945428,nestjs/nest,2017-06-05 00:00:00+00:00,2017-07-03 00:00:00+00:00,71.0
3,validation,597,91629816,freqtrade/freqtrade,2019-01-07 00:00:00+00:00,2019-02-04 00:00:00+00:00,39.0
3,validation,613,135614069,sudheerj/reactjs-interview-questions,2018-12-10 00:00:00+00:00,2019-01-07 00:00:00+00:00,83.0
3,validation,623,192925833,prisma/prisma,2019-09-16 00:00:00+00:00,2019-10-14 00:00:00+00:00,170.0
3,validation,636,307260205,yt-dlp/yt-dlp,2021-04-19 00:00:00+00:00,2021-05-17 00:00:00+00:00,100.0
3,validation,656,357728969,oven-sh/bun,2022-02-28 00:00:00+00:00,2022-03-28 00:00:00+00:00,98.0
3,validation,678,542284380,usebruno/bruno,2023-05-29 00:00:00+00:00,2023-06-26 00:00:00+00:00,13.0
3,validation,691,695864515,hacksider/Deep-Live-Cam,2024-02-26 00:00:00+00:00,2024-03-25 00:00:00+00:00,9.0
3,validation,699,997737944,ruvnet/RuView,2025-08-18 00:00:00+00:00,2025-09-15 00:00:00+00:00,112.0
