repo_id,repo_full_name,week,weekly_new_stars,cumulative_stars,week_start,repository_row_index,cumulative_difference,clean_weekly_new_stars,clean_rolling_3week_mean,clean_rolling_4week_sum
576201,mrdoob/three.js,2010-03-22/2010-03-28,1500,1500,2010-03-22 00:00:00+00:00,0,,,,
858127,pandas-dev/pandas,2010-08-23/2010-08-29,538,538,2010-08-23 00:00:00+00:00,0,,,,
858127,pandas-dev/pandas,2010-08-30/2010-09-05,2,540,2010-08-30 00:00:00+00:00,1,2.0,2.0,,
858127,pandas-dev/pandas,2010-09-06/2010-09-12,3,543,2010-09-06 00:00:00+00:00,2,3.0,3.0,,
858127,pandas-dev/pandas,2010-09-13/2010-09-19,5,548,2010-09-13 00:00:00+00:00,3,5.0,5.0,3.3333333333333335,
858127,pandas-dev/pandas,2010-09-20/2010-09-26,7,555,2010-09-20 00:00:00+00:00,4,7.0,7.0,5.0,17.0
858127,pandas-dev/pandas,2010-09-27/2010-10-03,5,560,2010-09-27 00:00:00+00:00,5,5.0,5.0,5.666666666666667,20.0
858127,pandas-dev/pandas,2010-10-04/2010-10-10,10,570,2010-10-04 00:00:00+00:00,6,10.0,10.0,7.333333333333333,27.0
858127,pandas-dev/pandas,2010-10-11/2010-10-17,4,574,2010-10-11 00:00:00+00:00,7,4.0,4.0,6.333333333333333,26.0
858127,pandas-dev/pandas,2010-10-18/2010-10-24,6,580,2010-10-18 00:00:00+00:00,8,6.0,6.0,6.666666666666667,25.0
858127,pandas-dev/pandas,2010-10-25/2010-10-31,13,593,2010-10-25 00:00:00+00:00,9,13.0,13.0,7.666666666666667,33.0
858127,pandas-dev/pandas,2010-11-01/2010-11-07,7,600,2010-11-01 00:00:00+00:00,10,7.0,7.0,8.666666666666666,30.0
858127,pandas-dev/pandas,2010-11-08/2010-11-14,6,606,2010-11-08 00:00:00+00:00,11,6.0,6.0,8.666666666666666,32.0
858127,pandas-dev/pandas,2010-11-15/2010-11-21,6,612,2010-11-15 00:00:00+00:00,12,6.0,6.0,6.333333333333333,32.0
858127,pandas-dev/pandas,2010-11-22/2010-11-28,7,619,2010-11-22 00:00:00+00:00,13,7.0,7.0,6.333333333333333,26.0
858127,pandas-dev/pandas,2010-11-29/2010-12-05,8,627,2010-11-29 00:00:00+00:00,14,8.0,8.0,7.0,27.0
858127,pandas-dev/pandas,2010-12-06/2010-12-12,5,632,2010-12-06 00:00:00+00:00,15,5.0,5.0,6.666666666666667,26.0
858127,pandas-dev/pandas,2010-12-13/2010-12-19,7,639,2010-12-13 00:00:00+00:00,16,7.0,7.0,6.666666666666667,27.0
858127,pandas-dev/pandas,2010-12-20/2010-12-26,6,645,2010-12-20 00:00:00+00:00,17,6.0,6.0,6.0,26.0
858127,pandas-dev/pandas,2010-12-27/2011-01-02,5,650,2010-12-27 00:00:00+00:00,18,5.0,5.0,6.0,23.0
858127,pandas-dev/pandas,2011-01-03/2011-01-09,8,658,2011-01-03 00:00:00+00:00,19,8.0,8.0,6.333333333333333,26.0
858127,pandas-dev/pandas,2011-01-10/2011-01-16,10,668,2011-01-10 00:00:00+00:00,20,10.0,10.0,7.666666666666667,29.0
858127,pandas-dev/pandas,2011-01-17/2011-01-23,4,672,2011-01-17 00:00:00+00:00,21,4.0,4.0,7.333333333333333,27.0
858127,pandas-dev/pandas,2011-01-24/2011-01-30,8,680,2011-01-24 00:00:00+00:00,22,8.0,8.0,7.333333333333333,30.0
858127,pandas-dev/pandas,2011-01-31/2011-02-06,5,685,2011-01-31 00:00:00+00:00,23,5.0,5.0,5.666666666666667,27.0
858127,pandas-dev/pandas,2011-02-07/2011-02-13,5,690,2011-02-07 00:00:00+00:00,24,5.0,5.0,6.0,22.0
858127,pandas-dev/pandas,2011-02-14/2011-02-20,9,699,2011-02-14 00:00:00+00:00,25,9.0,9.0,6.333333333333333,27.0
858127,pandas-dev/pandas,2011-02-21/2011-02-27,3,702,2011-02-21 00:00:00+00:00,26,3.0,3.0,5.666666666666667,22.0
858127,pandas-dev/pandas,2011-02-28/2011-03-06,5,707,2011-02-28 00:00:00+00:00,27,5.0,5.0,5.666666666666667,22.0
858127,pandas-dev/pandas,2011-03-07/2011-03-13,2,709,2011-03-07 00:00:00+00:00,28,2.0,2.0,3.3333333333333335,19.0
858127,pandas-dev/pandas,2011-03-14/2011-03-20,6,715,2011-03-14 00:00:00+00:00,29,6.0,6.0,4.333333333333333,16.0
858127,pandas-dev/pandas,2011-03-21/2011-03-27,5,720,2011-03-21 00:00:00+00:00,30,5.0,5.0,4.333333333333333,18.0
858127,pandas-dev/pandas,2011-03-28/2011-04-03,10,730,2011-03-28 00:00:00+00:00,31,10.0,10.0,7.0,23.0
858127,pandas-dev/pandas,2011-04-04/2011-04-10,7,737,2011-04-04 00:00:00+00:00,32,7.0,7.0,7.333333333333333,28.0
858127,pandas-dev/pandas,2011-04-11/2011-04-17,11,748,2011-04-11 00:00:00+00:00,33,11.0,11.0,9.333333333333334,33.0
858127,pandas-dev/pandas,2011-04-18/2011-04-24,7,755,2011-04-18 00:00:00+00:00,34,7.0,7.0,8.333333333333334,35.0
858127,pandas-dev/pandas,2011-04-25/2011-05-01,7,762,2011-04-25 00:00:00+00:00,35,7.0,7.0,8.333333333333334,32.0
858127,pandas-dev/pandas,2011-05-02/2011-05-08,6,768,2011-05-02 00:00:00+00:00,36,6.0,6.0,6.666666666666667,31.0
858127,pandas-dev/pandas,2011-05-09/2011-05-15,5,773,2011-05-09 00:00:00+00:00,37,5.0,5.0,6.0,25.0
858127,pandas-dev/pandas,2011-05-16/2011-05-22,10,783,2011-05-16 00:00:00+00:00,38,10.0,10.0,7.0,28.0
858127,pandas-dev/pandas,2011-05-23/2011-05-29,6,789,2011-05-23 00:00:00+00:00,39,6.0,6.0,7.0,27.0
858127,pandas-dev/pandas,2011-05-30/2011-06-05,3,792,2011-05-30 00:00:00+00:00,40,3.0,3.0,6.333333333333333,24.0
858127,pandas-dev/pandas,2011-06-06/2011-06-12,6,798,2011-06-06 00:00:00+00:00,41,6.0,6.0,5.0,25.0
858127,pandas-dev/pandas,2011-06-13/2011-06-19,7,805,2011-06-13 00:00:00+00:00,42,7.0,7.0,5.333333333333333,22.0
858127,pandas-dev/pandas,2011-06-20/2011-06-26,6,811,2011-06-20 00:00:00+00:00,43,6.0,6.0,6.333333333333333,22.0
858127,pandas-dev/pandas,2011-06-27/2011-07-03,9,820,2011-06-27 00:00:00+00:00,44,9.0,9.0,7.333333333333333,28.0
858127,pandas-dev/pandas,2011-07-04/2011-07-10,7,827,2011-07-04 00:00:00+00:00,45,7.0,7.0,7.333333333333333,29.0
858127,pandas-dev/pandas,2011-07-11/2011-07-17,6,833,2011-07-11 00:00:00+00:00,46,6.0,6.0,7.333333333333333,28.0
858127,pandas-dev/pandas,2011-07-18/2011-07-24,4,837,2011-07-18 00:00:00+00:00,47,4.0,4.0,5.666666666666667,26.0
858127,pandas-dev/pandas,2011-07-25/2011-07-31,5,842,2011-07-25 00:00:00+00:00,48,5.0,5.0,5.0,22.0
858127,pandas-dev/pandas,2011-08-01/2011-08-07,4,846,2011-08-01 00:00:00+00:00,49,4.0,4.0,4.333333333333333,19.0
858127,pandas-dev/pandas,2011-08-08/2011-08-14,3,849,2011-08-08 00:00:00+00:00,50,3.0,3.0,4.0,16.0
858127,pandas-dev/pandas,2011-08-15/2011-08-21,4,853,2011-08-15 00:00:00+00:00,51,4.0,4.0,3.6666666666666665,16.0
858127,pandas-dev/pandas,2011-08-22/2011-08-28,6,859,2011-08-22 00:00:00+00:00,52,6.0,6.0,4.333333333333333,17.0
858127,pandas-dev/pandas,2011-08-29/2011-09-04,5,864,2011-08-29 00:00:00+00:00,53,5.0,5.0,5.0,18.0
858127,pandas-dev/pandas,2011-09-05/2011-09-11,6,870,2011-09-05 00:00:00+00:00,54,6.0,6.0,5.666666666666667,21.0
858127,pandas-dev/pandas,2011-09-12/2011-09-18,5,875,2011-09-12 00:00:00+00:00,55,5.0,5.0,5.333333333333333,22.0
858127,pandas-dev/pandas,2011-09-19/2011-09-25,6,881,2011-09-19 00:00:00+00:00,56,6.0,6.0,5.666666666666667,22.0
858127,pandas-dev/pandas,2011-09-26/2011-10-02,6,887,2011-09-26 00:00:00+00:00,57,6.0,6.0,5.666666666666667,23.0
858127,pandas-dev/pandas,2011-10-03/2011-10-09,8,895,2011-10-03 00:00:00+00:00,58,8.0,8.0,6.666666666666667,25.0
858127,pandas-dev/pandas,2011-10-10/2011-10-16,6,901,2011-10-10 00:00:00+00:00,59,6.0,6.0,6.666666666666667,26.0
858127,pandas-dev/pandas,2011-10-17/2011-10-23,5,906,2011-10-17 00:00:00+00:00,60,5.0,5.0,6.333333333333333,25.0
858127,pandas-dev/pandas,2011-10-24/2011-10-30,2,908,2011-10-24 00:00:00+00:00,61,2.0,2.0,4.333333333333333,21.0
858127,pandas-dev/pandas,2011-10-31/2011-11-06,6,914,2011-10-31 00:00:00+00:00,62,6.0,6.0,4.333333333333333,19.0
858127,pandas-dev/pandas,2011-11-07/2011-11-13,3,917,2011-11-07 00:00:00+00:00,63,3.0,3.0,3.6666666666666665,16.0
858127,pandas-dev/pandas,2011-11-14/2011-11-20,8,925,2011-11-14 00:00:00+00:00,64,8.0,8.0,5.666666666666667,19.0
858127,pandas-dev/pandas,2011-11-21/2011-11-27,5,930,2011-11-21 00:00:00+00:00,65,5.0,5.0,5.333333333333333,22.0
858127,pandas-dev/pandas,2011-11-28/2011-12-04,6,936,2011-11-28 00:00:00+00:00,66,6.0,6.0,6.333333333333333,22.0
858127,pandas-dev/pandas,2011-12-05/2011-12-11,8,944,2011-12-05 00:00:00+00:00,67,8.0,8.0,6.333333333333333,27.0
858127,pandas-dev/pandas,2011-12-12/2011-12-18,4,948,2011-12-12 00:00:00+00:00,68,4.0,4.0,6.0,23.0
858127,pandas-dev/pandas,2011-12-19/2011-12-25,7,955,2011-12-19 00:00:00+00:00,69,7.0,7.0,6.333333333333333,25.0
858127,pandas-dev/pandas,2011-12-26/2012-01-01,3,958,2011-12-26 00:00:00+00:00,70,3.0,3.0,4.666666666666667,22.0
858127,pandas-dev/pandas,2012-01-02/2012-01-08,10,968,2012-01-02 00:00:00+00:00,71,10.0,10.0,6.666666666666667,24.0
858127,pandas-dev/pandas,2012-01-09/2012-01-15,8,976,2012-01-09 00:00:00+00:00,72,8.0,8.0,7.0,28.0
858127,pandas-dev/pandas,2012-01-16/2012-01-22,5,981,2012-01-16 00:00:00+00:00,73,5.0,5.0,7.666666666666667,26.0
858127,pandas-dev/pandas,2012-01-23/2012-01-29,5,986,2012-01-23 00:00:00+00:00,74,5.0,5.0,6.0,28.0
858127,pandas-dev/pandas,2012-01-30/2012-02-05,6,992,2012-01-30 00:00:00+00:00,75,6.0,6.0,5.333333333333333,24.0
858127,pandas-dev/pandas,2012-02-06/2012-02-12,6,998,2012-02-06 00:00:00+00:00,76,6.0,6.0,5.666666666666667,22.0
858127,pandas-dev/pandas,2012-02-13/2012-02-19,3,1001,2012-02-13 00:00:00+00:00,77,3.0,3.0,5.0,20.0
858127,pandas-dev/pandas,2012-02-20/2012-02-26,8,1009,2012-02-20 00:00:00+00:00,78,8.0,8.0,5.666666666666667,23.0
858127,pandas-dev/pandas,2012-02-27/2012-03-04,5,1014,2012-02-27 00:00:00+00:00,79,5.0,5.0,5.333333333333333,22.0
858127,pandas-dev/pandas,2012-03-05/2012-03-11,5,1019,2012-03-05 00:00:00+00:00,80,5.0,5.0,6.0,21.0
858127,pandas-dev/pandas,2012-03-12/2012-03-18,7,1026,2012-03-12 00:00:00+00:00,81,7.0,7.0,5.666666666666667,25.0
858127,pandas-dev/pandas,2012-03-19/2012-03-25,5,1031,2012-03-19 00:00:00+00:00,82,5.0,5.0,5.666666666666667,22.0
858127,pandas-dev/pandas,2012-03-26/2012-04-01,2,1033,2012-03-26 00:00:00+00:00,83,2.0,2.0,4.666666666666667,19.0
858127,pandas-dev/pandas,2012-04-02/2012-04-08,4,1037,2012-04-02 00:00:00+00:00,84,4.0,4.0,3.6666666666666665,18.0
858127,pandas-dev/pandas,2012-04-09/2012-04-15,7,1044,2012-04-09 00:00:00+00:00,85,7.0,7.0,4.333333333333333,18.0
858127,pandas-dev/pandas,2012-04-16/2012-04-22,3,1047,2012-04-16 00:00:00+00:00,86,3.0,3.0,4.666666666666667,16.0
858127,pandas-dev/pandas,2012-04-23/2012-04-29,7,1054,2012-04-23 00:00:00+00:00,87,7.0,7.0,5.666666666666667,21.0
858127,pandas-dev/pandas,2012-04-30/2012-05-06,3,1057,2012-04-30 00:00:00+00:00,88,3.0,3.0,4.333333333333333,20.0
858127,pandas-dev/pandas,2012-05-07/2012-05-13,3,1060,2012-05-07 00:00:00+00:00,89,3.0,3.0,4.333333333333333,16.0
858127,pandas-dev/pandas,2012-05-14/2012-05-20,3,1063,2012-05-14 00:00:00+00:00,90,3.0,3.0,3.0,16.0
858127,pandas-dev/pandas,2012-05-21/2012-05-27,4,1067,2012-05-21 00:00:00+00:00,91,4.0,4.0,3.3333333333333335,13.0
858127,pandas-dev/pandas,2012-05-28/2012-06-03,4,1071,2012-05-28 00:00:00+00:00,92,4.0,4.0,3.6666666666666665,14.0
858127,pandas-dev/pandas,2012-06-04/2012-06-10,5,1076,2012-06-04 00:00:00+00:00,93,5.0,5.0,4.333333333333333,16.0
858127,pandas-dev/pandas,2012-06-11/2012-06-17,4,1080,2012-06-11 00:00:00+00:00,94,4.0,4.0,4.333333333333333,17.0
858127,pandas-dev/pandas,2012-06-18/2012-06-24,10,1090,2012-06-18 00:00:00+00:00,95,10.0,10.0,6.333333333333333,23.0
858127,pandas-dev/pandas,2012-06-25/2012-07-01,1,1091,2012-06-25 00:00:00+00:00,96,1.0,1.0,5.0,20.0
858127,pandas-dev/pandas,2012-07-02/2012-07-08,4,1095,2012-07-02 00:00:00+00:00,97,4.0,4.0,5.0,19.0
858127,pandas-dev/pandas,2012-07-09/2012-07-15,3,1098,2012-07-09 00:00:00+00:00,98,3.0,3.0,2.6666666666666665,18.0
858127,pandas-dev/pandas,2012-07-16/2012-07-22,8,1106,2012-07-16 00:00:00+00:00,99,8.0,8.0,5.0,16.0
858127,pandas-dev/pandas,2012-07-23/2012-07-29,6,1112,2012-07-23 00:00:00+00:00,100,6.0,6.0,5.666666666666667,21.0
858127,pandas-dev/pandas,2012-07-30/2012-08-05,6,1118,2012-07-30 00:00:00+00:00,101,6.0,6.0,6.666666666666667,23.0
858127,pandas-dev/pandas,2012-08-06/2012-08-12,2,1120,2012-08-06 00:00:00+00:00,102,2.0,2.0,4.666666666666667,22.0
858127,pandas-dev/pandas,2012-08-13/2012-08-19,1,1121,2012-08-13 00:00:00+00:00,103,1.0,1.0,3.0,15.0
858127,pandas-dev/pandas,2012-08-20/2012-08-26,1,1122,2012-08-20 00:00:00+00:00,104,1.0,1.0,1.3333333333333333,10.0
858127,pandas-dev/pandas,2012-08-27/2012-09-02,2,1124,2012-08-27 00:00:00+00:00,105,2.0,2.0,1.3333333333333333,6.0
858127,pandas-dev/pandas,2012-09-03/2012-09-09,1,1125,2012-09-03 00:00:00+00:00,106,1.0,1.0,1.3333333333333333,5.0
858127,pandas-dev/pandas,2012-09-10/2012-09-16,2,1127,2012-09-10 00:00:00+00:00,107,2.0,2.0,1.6666666666666667,6.0
858127,pandas-dev/pandas,2012-09-24/2012-09-30,5,1132,2012-09-24 00:00:00+00:00,108,5.0,5.0,2.6666666666666665,10.0
858127,pandas-dev/pandas,2012-10-01/2012-10-07,1,1133,2012-10-01 00:00:00+00:00,109,1.0,1.0,2.6666666666666665,9.0
858127,pandas-dev/pandas,2012-11-05/2012-11-11,1,1134,2012-11-05 00:00:00+00:00,110,1.0,1.0,2.3333333333333335,9.0
858127,pandas-dev/pandas,2012-11-12/2012-11-18,1,1135,2012-11-12 00:00:00+00:00,111,1.0,1.0,1.0,8.0
858127,pandas-dev/pandas,2012-11-19/2012-11-25,3,1138,2012-11-19 00:00:00+00:00,112,3.0,3.0,1.6666666666666667,6.0
858127,pandas-dev/pandas,2012-11-26/2012-12-02,2,1140,2012-11-26 00:00:00+00:00,113,2.0,2.0,2.0,7.0
858127,pandas-dev/pandas,2012-12-10/2012-12-16,1,1141,2012-12-10 00:00:00+00:00,114,1.0,1.0,2.0,7.0
858127,pandas-dev/pandas,2012-12-17/2012-12-23,1,1142,2012-12-17 00:00:00+00:00,115,1.0,1.0,1.3333333333333333,7.0
858127,pandas-dev/pandas,2013-01-07/2013-01-13,1,1143,2013-01-07 00:00:00+00:00,116,1.0,1.0,1.0,5.0
858127,pandas-dev/pandas,2013-01-21/2013-01-27,1,1144,2013-01-21 00:00:00+00:00,117,1.0,1.0,1.0,4.0
858127,pandas-dev/pandas,2013-02-04/2013-02-10,3,1147,2013-02-04 00:00:00+00:00,118,3.0,3.0,1.6666666666666667,6.0
858127,pandas-dev/pandas,2013-02-11/2013-02-17,21,1168,2013-02-11 00:00:00+00:00,119,21.0,21.0,8.333333333333334,26.0
858127,pandas-dev/pandas,2013-02-18/2013-02-24,17,1185,2013-02-18 00:00:00+00:00,120,17.0,17.0,13.666666666666666,42.0
858127,pandas-dev/pandas,2013-02-25/2013-03-03,14,1199,2013-02-25 00:00:00+00:00,121,14.0,14.0,17.333333333333332,55.0
858127,pandas-dev/pandas,2013-03-04/2013-03-10,21,1220,2013-03-04 00:00:00+00:00,122,21.0,21.0,17.333333333333332,73.0
858127,pandas-dev/pandas,2013-03-11/2013-03-17,28,1248,2013-03-11 00:00:00+00:00,123,28.0,28.0,21.0,80.0
858127,pandas-dev/pandas,2013-03-18/2013-03-24,26,1274,2013-03-18 00:00:00+00:00,124,26.0,26.0,25.0,89.0
858127,pandas-dev/pandas,2013-03-25/2013-03-31,20,1294,2013-03-25 00:00:00+00:00,125,20.0,20.0,24.666666666666668,95.0
858127,pandas-dev/pandas,2013-04-01/2013-04-07,31,1325,2013-04-01 00:00:00+00:00,126,31.0,31.0,25.666666666666668,105.0
858127,pandas-dev/pandas,2013-04-08/2013-04-14,11,1336,2013-04-08 00:00:00+00:00,127,11.0,11.0,20.666666666666668,88.0
858127,pandas-dev/pandas,2013-04-15/2013-04-21,13,1349,2013-04-15 00:00:00+00:00,128,13.0,13.0,18.333333333333332,75.0
858127,pandas-dev/pandas,2013-04-22/2013-04-28,15,1364,2013-04-22 00:00:00+00:00,129,15.0,15.0,13.0,70.0
858127,pandas-dev/pandas,2013-04-29/2013-05-05,15,1379,2013-04-29 00:00:00+00:00,130,15.0,15.0,14.333333333333334,54.0
858127,pandas-dev/pandas,2013-05-06/2013-05-12,10,1389,2013-05-06 00:00:00+00:00,131,10.0,10.0,13.333333333333334,53.0
858127,pandas-dev/pandas,2013-05-13/2013-05-19,17,1406,2013-05-13 00:00:00+00:00,132,17.0,17.0,14.0,57.0
858127,pandas-dev/pandas,2013-05-20/2013-05-26,19,1425,2013-05-20 00:00:00+00:00,133,19.0,19.0,15.333333333333334,61.0
858127,pandas-dev/pandas,2013-05-27/2013-06-02,10,1435,2013-05-27 00:00:00+00:00,134,10.0,10.0,15.333333333333334,56.0
858127,pandas-dev/pandas,2013-06-03/2013-06-09,14,1449,2013-06-03 00:00:00+00:00,135,14.0,14.0,14.333333333333334,60.0
858127,pandas-dev/pandas,2013-06-10/2013-06-16,10,1459,2013-06-10 00:00:00+00:00,136,10.0,10.0,11.333333333333334,53.0
858127,pandas-dev/pandas,2013-06-17/2013-06-23,12,1471,2013-06-17 00:00:00+00:00,137,12.0,12.0,12.0,46.0
858127,pandas-dev/pandas,2013-06-24/2013-06-30,18,1489,2013-06-24 00:00:00+00:00,138,18.0,18.0,13.333333333333334,54.0
858127,pandas-dev/pandas,2013-07-01/2013-07-07,11,1500,2013-07-01 00:00:00+00:00,139,11.0,11.0,13.666666666666666,51.0
931135,Leaflet/Leaflet,2010-09-20/2010-09-26,1500,1500,2010-09-20 00:00:00+00:00,0,,,,
1362490,psf/requests,2011-02-07/2011-02-13,1500,1500,2011-02-07 00:00:00+00:00,0,,,,
1644196,JuliaLang/julia,2011-04-18/2011-04-24,1068,1068,2011-04-18 00:00:00+00:00,0,,,,
1644196,JuliaLang/julia,2011-04-25/2011-05-01,9,1077,2011-04-25 00:00:00+00:00,1,9.0,9.0,,
1644196,JuliaLang/julia,2011-05-02/2011-05-08,10,1087,2011-05-02 00:00:00+00:00,2,10.0,10.0,,
1644196,JuliaLang/julia,2011-05-09/2011-05-15,10,1097,2011-05-09 00:00:00+00:00,3,10.0,10.0,9.666666666666666,
1644196,JuliaLang/julia,2011-05-16/2011-05-22,7,1104,2011-05-16 00:00:00+00:00,4,7.0,7.0,9.0,36.0
1644196,JuliaLang/julia,2011-05-23/2011-05-29,3,1107,2011-05-23 00:00:00+00:00,5,3.0,3.0,6.666666666666667,30.0
1644196,JuliaLang/julia,2011-05-30/2011-06-05,10,1117,2011-05-30 00:00:00+00:00,6,10.0,10.0,6.666666666666667,30.0
1644196,JuliaLang/julia,2011-06-06/2011-06-12,11,1128,2011-06-06 00:00:00+00:00,7,11.0,11.0,8.0,31.0
1644196,JuliaLang/julia,2011-06-13/2011-06-19,13,1141,2011-06-13 00:00:00+00:00,8,13.0,13.0,11.333333333333334,37.0
1644196,JuliaLang/julia,2011-06-20/2011-06-26,12,1153,2011-06-20 00:00:00+00:00,9,12.0,12.0,12.0,46.0
1644196,JuliaLang/julia,2011-06-27/2011-07-03,5,1158,2011-06-27 00:00:00+00:00,10,5.0,5.0,10.0,41.0
1644196,JuliaLang/julia,2011-07-04/2011-07-10,5,1163,2011-07-04 00:00:00+00:00,11,5.0,5.0,7.333333333333333,35.0
1644196,JuliaLang/julia,2011-07-11/2011-07-17,3,1166,2011-07-11 00:00:00+00:00,12,3.0,3.0,4.333333333333333,25.0
1644196,JuliaLang/julia,2011-07-18/2011-07-24,6,1172,2011-07-18 00:00:00+00:00,13,6.0,6.0,4.666666666666667,19.0
1644196,JuliaLang/julia,2011-07-25/2011-07-31,5,1177,2011-07-25 00:00:00+00:00,14,5.0,5.0,4.666666666666667,19.0
1644196,JuliaLang/julia,2011-08-01/2011-08-07,4,1181,2011-08-01 00:00:00+00:00,15,4.0,4.0,5.0,18.0
1644196,JuliaLang/julia,2011-08-08/2011-08-14,8,1189,2011-08-08 00:00:00+00:00,16,8.0,8.0,5.666666666666667,23.0
1644196,JuliaLang/julia,2011-08-15/2011-08-21,14,1203,2011-08-15 00:00:00+00:00,17,14.0,14.0,8.666666666666666,31.0
1644196,JuliaLang/julia,2011-08-22/2011-08-28,5,1208,2011-08-22 00:00:00+00:00,18,5.0,5.0,9.0,31.0
1644196,JuliaLang/julia,2011-08-29/2011-09-04,5,1213,2011-08-29 00:00:00+00:00,19,5.0,5.0,8.0,32.0
1644196,JuliaLang/julia,2011-09-05/2011-09-11,13,1226,2011-09-05 00:00:00+00:00,20,13.0,13.0,7.666666666666667,37.0
1644196,JuliaLang/julia,2011-09-12/2011-09-18,6,1232,2011-09-12 00:00:00+00:00,21,6.0,6.0,8.0,29.0
1644196,JuliaLang/julia,2011-09-19/2011-09-25,10,1242,2011-09-19 00:00:00+00:00,22,10.0,10.0,9.666666666666666,34.0
1644196,JuliaLang/julia,2011-09-26/2011-10-02,12,1254,2011-09-26 00:00:00+00:00,23,12.0,12.0,9.333333333333334,41.0
1644196,JuliaLang/julia,2011-10-03/2011-10-09,9,1263,2011-10-03 00:00:00+00:00,24,9.0,9.0,10.333333333333334,37.0
1644196,JuliaLang/julia,2011-10-10/2011-10-16,5,1268,2011-10-10 00:00:00+00:00,25,5.0,5.0,8.666666666666666,36.0
1644196,JuliaLang/julia,2011-10-17/2011-10-23,5,1273,2011-10-17 00:00:00+00:00,26,5.0,5.0,6.333333333333333,31.0
1644196,JuliaLang/julia,2011-10-24/2011-10-30,5,1278,2011-10-24 00:00:00+00:00,27,5.0,5.0,5.0,24.0
1644196,JuliaLang/julia,2011-10-31/2011-11-06,6,1284,2011-10-31 00:00:00+00:00,28,6.0,6.0,5.333333333333333,21.0
1644196,JuliaLang/julia,2011-11-07/2011-11-13,7,1291,2011-11-07 00:00:00+00:00,29,7.0,7.0,6.0,23.0
1644196,JuliaLang/julia,2011-11-14/2011-11-20,5,1296,2011-11-14 00:00:00+00:00,30,5.0,5.0,6.0,23.0
1644196,JuliaLang/julia,2011-11-21/2011-11-27,6,1302,2011-11-21 00:00:00+00:00,31,6.0,6.0,6.0,24.0
1644196,JuliaLang/julia,2011-11-28/2011-12-04,11,1313,2011-11-28 00:00:00+00:00,32,11.0,11.0,7.333333333333333,29.0
1644196,JuliaLang/julia,2011-12-05/2011-12-11,8,1321,2011-12-05 00:00:00+00:00,33,8.0,8.0,8.333333333333334,30.0
1644196,JuliaLang/julia,2011-12-12/2011-12-18,10,1331,2011-12-12 00:00:00+00:00,34,10.0,10.0,9.666666666666666,35.0
1644196,JuliaLang/julia,2011-12-19/2011-12-25,4,1335,2011-12-19 00:00:00+00:00,35,4.0,4.0,7.333333333333333,33.0
1644196,JuliaLang/julia,2011-12-26/2012-01-01,4,1339,2011-12-26 00:00:00+00:00,36,4.0,4.0,6.0,26.0
1644196,JuliaLang/julia,2012-01-02/2012-01-08,7,1346,2012-01-02 00:00:00+00:00,37,7.0,7.0,5.0,25.0
1644196,JuliaLang/julia,2012-01-09/2012-01-15,10,1356,2012-01-09 00:00:00+00:00,38,10.0,10.0,7.0,25.0
1644196,JuliaLang/julia,2012-01-16/2012-01-22,9,1365,2012-01-16 00:00:00+00:00,39,9.0,9.0,8.666666666666666,30.0
1644196,JuliaLang/julia,2012-01-23/2012-01-29,5,1370,2012-01-23 00:00:00+00:00,40,5.0,5.0,8.0,31.0
1644196,JuliaLang/julia,2012-01-30/2012-02-05,11,1381,2012-01-30 00:00:00+00:00,41,11.0,11.0,8.333333333333334,35.0
1644196,JuliaLang/julia,2012-02-06/2012-02-12,7,1388,2012-02-06 00:00:00+00:00,42,7.0,7.0,7.666666666666667,32.0
1644196,JuliaLang/julia,2012-02-13/2012-02-19,2,1390,2012-02-13 00:00:00+00:00,43,2.0,2.0,6.666666666666667,25.0
1644196,JuliaLang/julia,2012-02-20/2012-02-26,19,1409,2012-02-20 00:00:00+00:00,44,19.0,19.0,9.333333333333334,39.0
1644196,JuliaLang/julia,2012-02-27/2012-03-04,5,1414,2012-02-27 00:00:00+00:00,45,5.0,5.0,8.666666666666666,33.0
1644196,JuliaLang/julia,2012-03-05/2012-03-11,2,1416,2012-03-05 00:00:00+00:00,46,2.0,2.0,8.666666666666666,28.0
1644196,JuliaLang/julia,2012-03-12/2012-03-18,7,1423,2012-03-12 00:00:00+00:00,47,7.0,7.0,4.666666666666667,33.0
1644196,JuliaLang/julia,2012-03-19/2012-03-25,7,1430,2012-03-19 00:00:00+00:00,48,7.0,7.0,5.333333333333333,21.0
1644196,JuliaLang/julia,2012-03-26/2012-04-01,14,1444,2012-03-26 00:00:00+00:00,49,14.0,14.0,9.333333333333334,30.0
1644196,JuliaLang/julia,2012-04-02/2012-04-08,8,1452,2012-04-02 00:00:00+00:00,50,8.0,8.0,9.666666666666666,36.0
1644196,JuliaLang/julia,2012-04-09/2012-04-15,10,1462,2012-04-09 00:00:00+00:00,51,10.0,10.0,10.666666666666666,39.0
1644196,JuliaLang/julia,2012-04-16/2012-04-22,6,1468,2012-04-16 00:00:00+00:00,52,6.0,6.0,8.0,38.0
1644196,JuliaLang/julia,2012-04-23/2012-04-29,5,1473,2012-04-23 00:00:00+00:00,53,5.0,5.0,7.0,29.0
1644196,JuliaLang/julia,2012-04-30/2012-05-06,1,1474,2012-04-30 00:00:00+00:00,54,1.0,1.0,4.0,22.0
1644196,JuliaLang/julia,2012-05-07/2012-05-13,5,1479,2012-05-07 00:00:00+00:00,55,5.0,5.0,3.6666666666666665,17.0
1644196,JuliaLang/julia,2012-05-14/2012-05-20,7,1486,2012-05-14 00:00:00+00:00,56,7.0,7.0,4.333333333333333,18.0
1644196,JuliaLang/julia,2012-05-21/2012-05-27,6,1492,2012-05-21 00:00:00+00:00,57,6.0,6.0,6.0,19.0
1644196,JuliaLang/julia,2012-05-28/2012-06-03,3,1495,2012-05-28 00:00:00+00:00,58,3.0,3.0,5.333333333333333,21.0
1644196,JuliaLang/julia,2012-06-04/2012-06-10,1,1496,2012-06-04 00:00:00+00:00,59,1.0,1.0,3.3333333333333335,17.0
1644196,JuliaLang/julia,2012-06-11/2012-06-17,2,1498,2012-06-11 00:00:00+00:00,60,2.0,2.0,2.0,12.0
1644196,JuliaLang/julia,2012-06-18/2012-06-24,2,1500,2012-06-18 00:00:00+00:00,61,2.0,2.0,1.6666666666666667,8.0
2126244,twbs/bootstrap,2011-07-25/2011-07-31,1500,1500,2011-07-25 00:00:00+00:00,0,,,,
3214406,meteor/meteor,2012-01-16/2012-01-22,1500,1500,2012-01-16 00:00:00+00:00,0,,,,
4164482,django/django,2012-04-23/2012-04-29,1500,1500,2012-04-23 00:00:00+00:00,0,,,,
5108051,opencv/opencv,2012-07-16/2012-07-22,274,274,2012-07-16 00:00:00+00:00,0,,,,
5108051,opencv/opencv,2012-07-23/2012-07-29,8,282,2012-07-23 00:00:00+00:00,1,8.0,8.0,,
5108051,opencv/opencv,2012-07-30/2012-08-05,5,287,2012-07-30 00:00:00+00:00,2,5.0,5.0,,
5108051,opencv/opencv,2012-08-06/2012-08-12,2,289,2012-08-06 00:00:00+00:00,3,2.0,2.0,5.0,
5108051,opencv/opencv,2012-08-13/2012-08-19,1,290,2012-08-13 00:00:00+00:00,4,1.0,1.0,2.6666666666666665,16.0
5108051,opencv/opencv,2012-08-20/2012-08-26,3,293,2012-08-20 00:00:00+00:00,5,3.0,3.0,2.0,11.0
5108051,opencv/opencv,2012-08-27/2012-09-02,1,294,2012-08-27 00:00:00+00:00,6,1.0,1.0,1.6666666666666667,7.0
5108051,opencv/opencv,2012-09-03/2012-09-09,1,295,2012-09-03 00:00:00+00:00,7,1.0,1.0,1.6666666666666667,6.0
5108051,opencv/opencv,2012-09-10/2012-09-16,2,297,2012-09-10 00:00:00+00:00,8,2.0,2.0,1.3333333333333333,7.0
5108051,opencv/opencv,2012-09-17/2012-09-23,1,298,2012-09-17 00:00:00+00:00,9,1.0,1.0,1.3333333333333333,5.0
5108051,opencv/opencv,2012-09-24/2012-09-30,1,299,2012-09-24 00:00:00+00:00,10,1.0,1.0,1.3333333333333333,5.0
5108051,opencv/opencv,2012-10-01/2012-10-07,1,300,2012-10-01 00:00:00+00:00,11,1.0,1.0,1.0,5.0
5108051,opencv/opencv,2012-10-08/2012-10-14,1,301,2012-10-08 00:00:00+00:00,12,1.0,1.0,1.0,4.0
5108051,opencv/opencv,2012-10-15/2012-10-21,5,306,2012-10-15 00:00:00+00:00,13,5.0,5.0,2.3333333333333335,8.0
5108051,opencv/opencv,2012-10-22/2012-10-28,1,307,2012-10-22 00:00:00+00:00,14,1.0,1.0,2.3333333333333335,8.0
5108051,opencv/opencv,2012-10-29/2012-11-04,1,308,2012-10-29 00:00:00+00:00,15,1.0,1.0,2.3333333333333335,8.0
5108051,opencv/opencv,2012-11-12/2012-11-18,3,311,2012-11-12 00:00:00+00:00,16,3.0,3.0,1.6666666666666667,10.0
5108051,opencv/opencv,2012-11-26/2012-12-02,3,314,2012-11-26 00:00:00+00:00,17,3.0,3.0,2.3333333333333335,8.0
5108051,opencv/opencv,2012-12-03/2012-12-09,3,317,2012-12-03 00:00:00+00:00,18,3.0,3.0,3.0,10.0
5108051,opencv/opencv,2012-12-10/2012-12-16,2,319,2012-12-10 00:00:00+00:00,19,2.0,2.0,2.6666666666666665,11.0
5108051,opencv/opencv,2012-12-24/2012-12-30,2,321,2012-12-24 00:00:00+00:00,20,2.0,2.0,2.3333333333333335,10.0
5108051,opencv/opencv,2012-12-31/2013-01-06,1,322,2012-12-31 00:00:00+00:00,21,1.0,1.0,1.6666666666666667,8.0
5108051,opencv/opencv,2013-01-07/2013-01-13,1,323,2013-01-07 00:00:00+00:00,22,1.0,1.0,1.3333333333333333,6.0
5108051,opencv/opencv,2013-01-14/2013-01-20,3,326,2013-01-14 00:00:00+00:00,23,3.0,3.0,1.6666666666666667,7.0
5108051,opencv/opencv,2013-01-21/2013-01-27,2,328,2013-01-21 00:00:00+00:00,24,2.0,2.0,2.0,7.0
5108051,opencv/opencv,2013-02-04/2013-02-10,3,331,2013-02-04 00:00:00+00:00,25,3.0,3.0,2.6666666666666665,9.0
5108051,opencv/opencv,2013-02-11/2013-02-17,16,347,2013-02-11 00:00:00+00:00,26,16.0,16.0,7.0,24.0
5108051,opencv/opencv,2013-02-18/2013-02-24,13,360,2013-02-18 00:00:00+00:00,27,13.0,13.0,10.666666666666666,34.0
5108051,opencv/opencv,2013-02-25/2013-03-03,26,386,2013-02-25 00:00:00+00:00,28,26.0,26.0,18.333333333333332,58.0
5108051,opencv/opencv,2013-03-04/2013-03-10,17,403,2013-03-04 00:00:00+00:00,29,17.0,17.0,18.666666666666668,72.0
5108051,opencv/opencv,2013-03-11/2013-03-17,15,418,2013-03-11 00:00:00+00:00,30,15.0,15.0,19.333333333333332,71.0
5108051,opencv/opencv,2013-03-18/2013-03-24,29,447,2013-03-18 00:00:00+00:00,31,29.0,29.0,20.333333333333332,87.0
5108051,opencv/opencv,2013-03-25/2013-03-31,20,467,2013-03-25 00:00:00+00:00,32,20.0,20.0,21.333333333333332,81.0
5108051,opencv/opencv,2013-04-01/2013-04-07,20,487,2013-04-01 00:00:00+00:00,33,20.0,20.0,23.0,84.0
5108051,opencv/opencv,2013-04-08/2013-04-14,24,511,2013-04-08 00:00:00+00:00,34,24.0,24.0,21.333333333333332,93.0
5108051,opencv/opencv,2013-04-15/2013-04-21,41,552,2013-04-15 00:00:00+00:00,35,41.0,41.0,28.333333333333332,105.0
5108051,opencv/opencv,2013-04-22/2013-04-28,35,587,2013-04-22 00:00:00+00:00,36,35.0,35.0,33.333333333333336,120.0
5108051,opencv/opencv,2013-04-29/2013-05-05,15,602,2013-04-29 00:00:00+00:00,37,15.0,15.0,30.333333333333332,115.0
5108051,opencv/opencv,2013-05-06/2013-05-12,17,619,2013-05-06 00:00:00+00:00,38,17.0,17.0,22.333333333333332,108.0
5108051,opencv/opencv,2013-05-13/2013-05-19,15,634,2013-05-13 00:00:00+00:00,39,15.0,15.0,15.666666666666666,82.0
5108051,opencv/opencv,2013-05-20/2013-05-26,16,650,2013-05-20 00:00:00+00:00,40,16.0,16.0,16.0,63.0
5108051,opencv/opencv,2013-05-27/2013-06-02,25,675,2013-05-27 00:00:00+00:00,41,25.0,25.0,18.666666666666668,73.0
5108051,opencv/opencv,2013-06-03/2013-06-09,24,699,2013-06-03 00:00:00+00:00,42,24.0,24.0,21.666666666666668,80.0
5108051,opencv/opencv,2013-06-10/2013-06-16,22,721,2013-06-10 00:00:00+00:00,43,22.0,22.0,23.666666666666668,87.0
5108051,opencv/opencv,2013-06-17/2013-06-23,25,746,2013-06-17 00:00:00+00:00,44,25.0,25.0,23.666666666666668,96.0
5108051,opencv/opencv,2013-06-24/2013-06-30,24,770,2013-06-24 00:00:00+00:00,45,24.0,24.0,23.666666666666668,95.0
5108051,opencv/opencv,2013-07-01/2013-07-07,30,800,2013-07-01 00:00:00+00:00,46,30.0,30.0,26.333333333333332,101.0
5108051,opencv/opencv,2013-07-08/2013-07-14,26,826,2013-07-08 00:00:00+00:00,47,26.0,26.0,26.666666666666668,105.0
5108051,opencv/opencv,2013-07-15/2013-07-21,23,849,2013-07-15 00:00:00+00:00,48,23.0,23.0,26.333333333333332,103.0
5108051,opencv/opencv,2013-07-22/2013-07-28,22,871,2013-07-22 00:00:00+00:00,49,22.0,22.0,23.666666666666668,101.0
5108051,opencv/opencv,2013-07-29/2013-08-04,25,896,2013-07-29 00:00:00+00:00,50,25.0,25.0,23.333333333333332,96.0
5108051,opencv/opencv,2013-08-05/2013-08-11,23,919,2013-08-05 00:00:00+00:00,51,23.0,23.0,23.333333333333332,93.0
5108051,opencv/opencv,2013-08-12/2013-08-18,25,944,2013-08-12 00:00:00+00:00,52,25.0,25.0,24.333333333333332,95.0
5108051,opencv/opencv,2013-08-19/2013-08-25,27,971,2013-08-19 00:00:00+00:00,53,27.0,27.0,25.0,100.0
5108051,opencv/opencv,2013-08-26/2013-09-01,31,1002,2013-08-26 00:00:00+00:00,54,31.0,31.0,27.666666666666668,106.0
5108051,opencv/opencv,2013-09-02/2013-09-08,32,1034,2013-09-02 00:00:00+00:00,55,32.0,32.0,30.0,115.0
5108051,opencv/opencv,2013-09-09/2013-09-15,25,1059,2013-09-09 00:00:00+00:00,56,25.0,25.0,29.333333333333332,115.0
5108051,opencv/opencv,2013-09-16/2013-09-22,27,1086,2013-09-16 00:00:00+00:00,57,27.0,27.0,28.0,115.0
5108051,opencv/opencv,2013-09-23/2013-09-29,32,1118,2013-09-23 00:00:00+00:00,58,32.0,32.0,28.0,116.0
5108051,opencv/opencv,2013-09-30/2013-10-06,31,1149,2013-09-30 00:00:00+00:00,59,31.0,31.0,30.0,115.0
5108051,opencv/opencv,2013-10-07/2013-10-13,33,1182,2013-10-07 00:00:00+00:00,60,33.0,33.0,32.0,123.0
5108051,opencv/opencv,2013-10-14/2013-10-20,33,1215,2013-10-14 00:00:00+00:00,61,33.0,33.0,32.333333333333336,129.0
5108051,opencv/opencv,2013-10-21/2013-10-27,31,1246,2013-10-21 00:00:00+00:00,62,31.0,31.0,32.333333333333336,128.0
5108051,opencv/opencv,2013-10-28/2013-11-03,35,1281,2013-10-28 00:00:00+00:00,63,35.0,35.0,33.0,132.0
5108051,opencv/opencv,2013-11-04/2013-11-10,31,1312,2013-11-04 00:00:00+00:00,64,31.0,31.0,32.333333333333336,130.0
5108051,opencv/opencv,2013-11-11/2013-11-17,40,1352,2013-11-11 00:00:00+00:00,65,40.0,40.0,35.333333333333336,137.0
5108051,opencv/opencv,2013-11-18/2013-11-24,36,1388,2013-11-18 00:00:00+00:00,66,36.0,36.0,35.666666666666664,142.0
5108051,opencv/opencv,2013-11-25/2013-12-01,29,1417,2013-11-25 00:00:00+00:00,67,29.0,29.0,35.0,136.0
5108051,opencv/opencv,2013-12-02/2013-12-08,46,1463,2013-12-02 00:00:00+00:00,68,46.0,46.0,37.0,151.0
5108051,opencv/opencv,2013-12-09/2013-12-15,29,1492,2013-12-09 00:00:00+00:00,69,29.0,29.0,34.666666666666664,140.0
5108051,opencv/opencv,2013-12-16/2013-12-22,8,1500,2013-12-16 00:00:00+00:00,70,8.0,8.0,27.666666666666668,112.0
5625464,pyenv/pyenv,2012-08-27/2012-09-02,36,36,2012-08-27 00:00:00+00:00,0,,,,
5625464,pyenv/pyenv,2013-02-04/2013-02-10,1,37,2013-02-04 00:00:00+00:00,1,1.0,1.0,,
5625464,pyenv/pyenv,2013-02-11/2013-02-17,3,40,2013-02-11 00:00:00+00:00,2,3.0,3.0,,
5625464,pyenv/pyenv,2013-02-18/2013-02-24,6,46,2013-02-18 00:00:00+00:00,3,6.0,6.0,3.3333333333333335,
5625464,pyenv/pyenv,2013-02-25/2013-03-03,2,48,2013-02-25 00:00:00+00:00,4,2.0,2.0,3.6666666666666665,12.0
5625464,pyenv/pyenv,2013-03-04/2013-03-10,3,51,2013-03-04 00:00:00+00:00,5,3.0,3.0,3.6666666666666665,14.0
5625464,pyenv/pyenv,2013-03-11/2013-03-17,2,53,2013-03-11 00:00:00+00:00,6,2.0,2.0,2.3333333333333335,13.0
5625464,pyenv/pyenv,2013-03-18/2013-03-24,3,56,2013-03-18 00:00:00+00:00,7,3.0,3.0,2.6666666666666665,10.0
5625464,pyenv/pyenv,2013-03-25/2013-03-31,4,60,2013-03-25 00:00:00+00:00,8,4.0,4.0,3.0,12.0
5625464,pyenv/pyenv,2013-04-01/2013-04-07,1,61,2013-04-01 00:00:00+00:00,9,1.0,1.0,2.6666666666666665,10.0
5625464,pyenv/pyenv,2013-04-08/2013-04-14,2,63,2013-04-08 00:00:00+00:00,10,2.0,2.0,2.3333333333333335,10.0
5625464,pyenv/pyenv,2013-04-15/2013-04-21,2,65,2013-04-15 00:00:00+00:00,11,2.0,2.0,1.6666666666666667,9.0
5625464,pyenv/pyenv,2013-04-22/2013-04-28,3,68,2013-04-22 00:00:00+00:00,12,3.0,3.0,2.3333333333333335,8.0
5625464,pyenv/pyenv,2013-04-29/2013-05-05,1,69,2013-04-29 00:00:00+00:00,13,1.0,1.0,2.0,8.0
5625464,pyenv/pyenv,2013-05-06/2013-05-12,4,73,2013-05-06 00:00:00+00:00,14,4.0,4.0,2.6666666666666665,10.0
5625464,pyenv/pyenv,2013-05-13/2013-05-19,7,80,2013-05-13 00:00:00+00:00,15,7.0,7.0,4.0,15.0
5625464,pyenv/pyenv,2013-05-20/2013-05-26,4,84,2013-05-20 00:00:00+00:00,16,4.0,4.0,5.0,16.0
5625464,pyenv/pyenv,2013-05-27/2013-06-02,3,87,2013-05-27 00:00:00+00:00,17,3.0,3.0,4.666666666666667,18.0
5625464,pyenv/pyenv,2013-06-03/2013-06-09,3,90,2013-06-03 00:00:00+00:00,18,3.0,3.0,3.3333333333333335,17.0
5625464,pyenv/pyenv,2013-06-10/2013-06-16,6,96,2013-06-10 00:00:00+00:00,19,6.0,6.0,4.0,16.0
5625464,pyenv/pyenv,2013-06-17/2013-06-23,7,103,2013-06-17 00:00:00+00:00,20,7.0,7.0,5.333333333333333,19.0
5625464,pyenv/pyenv,2013-06-24/2013-06-30,4,107,2013-06-24 00:00:00+00:00,21,4.0,4.0,5.666666666666667,20.0
5625464,pyenv/pyenv,2013-07-01/2013-07-07,7,114,2013-07-01 00:00:00+00:00,22,7.0,7.0,6.0,24.0
5625464,pyenv/pyenv,2013-07-08/2013-07-14,7,121,2013-07-08 00:00:00+00:00,23,7.0,7.0,6.0,25.0
5625464,pyenv/pyenv,2013-07-15/2013-07-21,26,147,2013-07-15 00:00:00+00:00,24,26.0,26.0,13.333333333333334,44.0
5625464,pyenv/pyenv,2013-07-22/2013-07-28,20,167,2013-07-22 00:00:00+00:00,25,20.0,20.0,17.666666666666668,60.0
5625464,pyenv/pyenv,2013-07-29/2013-08-04,19,186,2013-07-29 00:00:00+00:00,26,19.0,19.0,21.666666666666668,72.0
5625464,pyenv/pyenv,2013-08-05/2013-08-11,24,210,2013-08-05 00:00:00+00:00,27,24.0,24.0,21.0,89.0
5625464,pyenv/pyenv,2013-08-12/2013-08-18,28,238,2013-08-12 00:00:00+00:00,28,28.0,28.0,23.666666666666668,91.0
5625464,pyenv/pyenv,2013-08-19/2013-08-25,18,256,2013-08-19 00:00:00+00:00,29,18.0,18.0,23.333333333333332,89.0
5625464,pyenv/pyenv,2013-08-26/2013-09-01,18,274,2013-08-26 00:00:00+00:00,30,18.0,18.0,21.333333333333332,88.0
5625464,pyenv/pyenv,2013-09-02/2013-09-08,23,297,2013-09-02 00:00:00+00:00,31,23.0,23.0,19.666666666666668,87.0
5625464,pyenv/pyenv,2013-09-09/2013-09-15,20,317,2013-09-09 00:00:00+00:00,32,20.0,20.0,20.333333333333332,79.0
5625464,pyenv/pyenv,2013-09-16/2013-09-22,6,323,2013-09-16 00:00:00+00:00,33,6.0,6.0,16.333333333333332,67.0
5625464,pyenv/pyenv,2013-09-23/2013-09-29,16,339,2013-09-23 00:00:00+00:00,34,16.0,16.0,14.0,65.0
5625464,pyenv/pyenv,2013-09-30/2013-10-06,24,363,2013-09-30 00:00:00+00:00,35,24.0,24.0,15.333333333333334,66.0
5625464,pyenv/pyenv,2013-10-07/2013-10-13,13,376,2013-10-07 00:00:00+00:00,36,13.0,13.0,17.666666666666668,59.0
5625464,pyenv/pyenv,2013-10-14/2013-10-20,88,464,2013-10-14 00:00:00+00:00,37,88.0,88.0,41.666666666666664,141.0
5625464,pyenv/pyenv,2013-10-21/2013-10-27,33,497,2013-10-21 00:00:00+00:00,38,33.0,33.0,44.666666666666664,158.0
5625464,pyenv/pyenv,2013-10-28/2013-11-03,25,522,2013-10-28 00:00:00+00:00,39,25.0,25.0,48.666666666666664,159.0
5625464,pyenv/pyenv,2013-11-04/2013-11-10,19,541,2013-11-04 00:00:00+00:00,40,19.0,19.0,25.666666666666668,165.0
5625464,pyenv/pyenv,2013-11-11/2013-11-17,29,570,2013-11-11 00:00:00+00:00,41,29.0,29.0,24.333333333333332,106.0
5625464,pyenv/pyenv,2013-11-18/2013-11-24,20,590,2013-11-18 00:00:00+00:00,42,20.0,20.0,22.666666666666668,93.0
5625464,pyenv/pyenv,2013-11-25/2013-12-01,32,622,2013-11-25 00:00:00+00:00,43,32.0,32.0,27.0,100.0
5625464,pyenv/pyenv,2013-12-02/2013-12-08,17,639,2013-12-02 00:00:00+00:00,44,17.0,17.0,23.0,98.0
5625464,pyenv/pyenv,2013-12-09/2013-12-15,24,663,2013-12-09 00:00:00+00:00,45,24.0,24.0,24.333333333333332,93.0
5625464,pyenv/pyenv,2013-12-16/2013-12-22,13,676,2013-12-16 00:00:00+00:00,46,13.0,13.0,18.0,86.0
5625464,pyenv/pyenv,2013-12-23/2013-12-29,12,688,2013-12-23 00:00:00+00:00,47,12.0,12.0,16.333333333333332,66.0
5625464,pyenv/pyenv,2013-12-30/2014-01-05,25,713,2013-12-30 00:00:00+00:00,48,25.0,25.0,16.666666666666668,74.0
5625464,pyenv/pyenv,2014-01-06/2014-01-12,20,733,2014-01-06 00:00:00+00:00,49,20.0,20.0,19.0,70.0
5625464,pyenv/pyenv,2014-01-13/2014-01-19,33,766,2014-01-13 00:00:00+00:00,50,33.0,33.0,26.0,90.0
5625464,pyenv/pyenv,2014-01-20/2014-01-26,20,786,2014-01-20 00:00:00+00:00,51,20.0,20.0,24.333333333333332,98.0
5625464,pyenv/pyenv,2014-01-27/2014-02-02,18,804,2014-01-27 00:00:00+00:00,52,18.0,18.0,23.666666666666668,91.0
5625464,pyenv/pyenv,2014-02-03/2014-02-09,15,819,2014-02-03 00:00:00+00:00,53,15.0,15.0,17.666666666666668,86.0
5625464,pyenv/pyenv,2014-02-10/2014-02-16,14,833,2014-02-10 00:00:00+00:00,54,14.0,14.0,15.666666666666666,67.0
5625464,pyenv/pyenv,2014-02-17/2014-02-23,12,845,2014-02-17 00:00:00+00:00,55,12.0,12.0,13.666666666666666,59.0
5625464,pyenv/pyenv,2014-02-24/2014-03-02,15,860,2014-02-24 00:00:00+00:00,56,15.0,15.0,13.666666666666666,56.0
5625464,pyenv/pyenv,2014-03-03/2014-03-09,25,885,2014-03-03 00:00:00+00:00,57,25.0,25.0,17.333333333333332,66.0
5625464,pyenv/pyenv,2014-03-10/2014-03-16,21,906,2014-03-10 00:00:00+00:00,58,21.0,21.0,20.333333333333332,73.0
5625464,pyenv/pyenv,2014-03-17/2014-03-23,20,926,2014-03-17 00:00:00+00:00,59,20.0,20.0,22.0,81.0
5625464,pyenv/pyenv,2014-03-24/2014-03-30,24,950,2014-03-24 00:00:00+00:00,60,24.0,24.0,21.666666666666668,90.0
5625464,pyenv/pyenv,2014-03-31/2014-04-06,21,971,2014-03-31 00:00:00+00:00,61,21.0,21.0,21.666666666666668,86.0
5625464,pyenv/pyenv,2014-04-07/2014-04-13,18,989,2014-04-07 00:00:00+00:00,62,18.0,18.0,21.0,83.0
5625464,pyenv/pyenv,2014-04-14/2014-04-20,22,1011,2014-04-14 00:00:00+00:00,63,22.0,22.0,20.333333333333332,85.0
5625464,pyenv/pyenv,2014-04-21/2014-04-27,22,1033,2014-04-21 00:00:00+00:00,64,22.0,22.0,20.666666666666668,83.0
5625464,pyenv/pyenv,2014-04-28/2014-05-04,18,1051,2014-04-28 00:00:00+00:00,65,18.0,18.0,20.666666666666668,80.0
5625464,pyenv/pyenv,2014-05-05/2014-05-11,21,1072,2014-05-05 00:00:00+00:00,66,21.0,21.0,20.333333333333332,83.0
5625464,pyenv/pyenv,2014-05-12/2014-05-18,20,1092,2014-05-12 00:00:00+00:00,67,20.0,20.0,19.666666666666668,81.0
5625464,pyenv/pyenv,2014-05-19/2014-05-25,16,1108,2014-05-19 00:00:00+00:00,68,16.0,16.0,19.0,75.0
5625464,pyenv/pyenv,2014-05-26/2014-06-01,16,1124,2014-05-26 00:00:00+00:00,69,16.0,16.0,17.333333333333332,73.0
5625464,pyenv/pyenv,2014-06-02/2014-06-08,28,1152,2014-06-02 00:00:00+00:00,70,28.0,28.0,20.0,80.0
5625464,pyenv/pyenv,2014-06-09/2014-06-15,9,1161,2014-06-09 00:00:00+00:00,71,9.0,9.0,17.666666666666668,69.0
5625464,pyenv/pyenv,2014-06-16/2014-06-22,17,1178,2014-06-16 00:00:00+00:00,72,17.0,17.0,18.0,70.0
5625464,pyenv/pyenv,2014-06-23/2014-06-29,20,1198,2014-06-23 00:00:00+00:00,73,20.0,20.0,15.333333333333334,74.0
5625464,pyenv/pyenv,2014-06-30/2014-07-06,29,1227,2014-06-30 00:00:00+00:00,74,29.0,29.0,22.0,75.0
5625464,pyenv/pyenv,2014-07-07/2014-07-13,26,1253,2014-07-07 00:00:00+00:00,75,26.0,26.0,25.0,92.0
5625464,pyenv/pyenv,2014-07-14/2014-07-20,28,1281,2014-07-14 00:00:00+00:00,76,28.0,28.0,27.666666666666668,103.0
5625464,pyenv/pyenv,2014-07-21/2014-07-27,29,1310,2014-07-21 00:00:00+00:00,77,29.0,29.0,27.666666666666668,112.0
5625464,pyenv/pyenv,2014-07-28/2014-08-03,17,1327,2014-07-28 00:00:00+00:00,78,17.0,17.0,24.666666666666668,100.0
5625464,pyenv/pyenv,2014-08-04/2014-08-10,29,1356,2014-08-04 00:00:00+00:00,79,29.0,29.0,25.0,103.0
5625464,pyenv/pyenv,2014-08-11/2014-08-17,14,1370,2014-08-11 00:00:00+00:00,80,14.0,14.0,20.0,89.0
5625464,pyenv/pyenv,2014-08-18/2014-08-24,19,1389,2014-08-18 00:00:00+00:00,81,19.0,19.0,20.666666666666668,79.0
5625464,pyenv/pyenv,2014-08-25/2014-08-31,11,1400,2014-08-25 00:00:00+00:00,82,11.0,11.0,14.666666666666666,73.0
5625464,pyenv/pyenv,2014-09-01/2014-09-07,16,1416,2014-09-01 00:00:00+00:00,83,16.0,16.0,15.333333333333334,60.0
5625464,pyenv/pyenv,2014-09-08/2014-09-14,21,1437,2014-09-08 00:00:00+00:00,84,21.0,21.0,16.0,67.0
5625464,pyenv/pyenv,2014-09-15/2014-09-21,24,1461,2014-09-15 00:00:00+00:00,85,24.0,24.0,20.333333333333332,72.0
5625464,pyenv/pyenv,2014-09-22/2014-09-28,17,1478,2014-09-22 00:00:00+00:00,86,17.0,17.0,20.666666666666668,78.0
5625464,pyenv/pyenv,2014-09-29/2014-10-05,12,1490,2014-09-29 00:00:00+00:00,87,12.0,12.0,17.666666666666668,74.0
5625464,pyenv/pyenv,2014-10-06/2014-10-12,10,1500,2014-10-06 00:00:00+00:00,88,10.0,10.0,13.0,63.0
6498492,airbnb/javascript,2012-10-29/2012-11-04,1301,1301,2012-10-29 00:00:00+00:00,0,,,,
6498492,airbnb/javascript,2012-11-05/2012-11-11,8,1309,2012-11-05 00:00:00+00:00,1,8.0,8.0,,
6498492,airbnb/javascript,2012-11-12/2012-11-18,4,1313,2012-11-12 00:00:00+00:00,2,4.0,4.0,,
6498492,airbnb/javascript,2012-11-19/2012-11-25,2,1315,2012-11-19 00:00:00+00:00,3,2.0,2.0,4.666666666666667,
6498492,airbnb/javascript,2012-11-26/2012-12-02,2,1317,2012-11-26 00:00:00+00:00,4,2.0,2.0,2.6666666666666665,16.0
6498492,airbnb/javascript,2012-12-03/2012-12-09,3,1320,2012-12-03 00:00:00+00:00,5,3.0,3.0,2.3333333333333335,11.0
6498492,airbnb/javascript,2012-12-10/2012-12-16,2,1322,2012-12-10 00:00:00+00:00,6,2.0,2.0,2.3333333333333335,9.0
6498492,airbnb/javascript,2012-12-17/2012-12-23,1,1323,2012-12-17 00:00:00+00:00,7,1.0,1.0,2.0,8.0
6498492,airbnb/javascript,2012-12-24/2012-12-30,3,1326,2012-12-24 00:00:00+00:00,8,3.0,3.0,2.0,9.0
6498492,airbnb/javascript,2012-12-31/2013-01-06,1,1327,2012-12-31 00:00:00+00:00,9,1.0,1.0,1.6666666666666667,7.0
6498492,airbnb/javascript,2013-01-07/2013-01-13,3,1330,2013-01-07 00:00:00+00:00,10,3.0,3.0,2.3333333333333335,8.0
6498492,airbnb/javascript,2013-01-14/2013-01-20,2,1332,2013-01-14 00:00:00+00:00,11,2.0,2.0,2.0,9.0
6498492,airbnb/javascript,2013-02-04/2013-02-10,3,1335,2013-02-04 00:00:00+00:00,12,3.0,3.0,2.6666666666666665,9.0
6498492,airbnb/javascript,2013-02-11/2013-02-17,23,1358,2013-02-11 00:00:00+00:00,13,23.0,23.0,9.333333333333334,31.0
6498492,airbnb/javascript,2013-02-18/2013-02-24,26,1384,2013-02-18 00:00:00+00:00,14,26.0,26.0,17.333333333333332,54.0
6498492,airbnb/javascript,2013-02-25/2013-03-03,26,1410,2013-02-25 00:00:00+00:00,15,26.0,26.0,25.0,78.0
6498492,airbnb/javascript,2013-03-04/2013-03-10,38,1448,2013-03-04 00:00:00+00:00,16,38.0,38.0,30.0,113.0
6498492,airbnb/javascript,2013-03-11/2013-03-17,39,1487,2013-03-11 00:00:00+00:00,17,39.0,39.0,34.333333333333336,129.0
6498492,airbnb/javascript,2013-03-18/2013-03-24,13,1500,2013-03-18 00:00:00+00:00,18,13.0,13.0,30.0,116.0
7569578,discourse/discourse,2013-01-07/2013-01-13,1500,1500,2013-01-07 00:00:00+00:00,0,,,,
7741856,pixijs/pixijs,2013-02-25/2013-03-03,14,14,2013-02-25 00:00:00+00:00,0,,,,
7741856,pixijs/pixijs,2013-03-04/2013-03-10,40,54,2013-03-04 00:00:00+00:00,1,40.0,40.0,,
7741856,pixijs/pixijs,2013-03-11/2013-03-17,790,844,2013-03-11 00:00:00+00:00,2,790.0,790.0,,
7741856,pixijs/pixijs,2013-03-18/2013-03-24,182,1026,2013-03-18 00:00:00+00:00,3,182.0,182.0,337.3333333333333,
7741856,pixijs/pixijs,2013-03-25/2013-03-31,274,1300,2013-03-25 00:00:00+00:00,4,274.0,274.0,415.3333333333333,1286.0
7741856,pixijs/pixijs,2013-04-01/2013-04-07,63,1363,2013-04-01 00:00:00+00:00,5,63.0,63.0,173.0,1309.0
7741856,pixijs/pixijs,2013-04-08/2013-04-14,52,1415,2013-04-08 00:00:00+00:00,6,52.0,52.0,129.66666666666666,571.0
7741856,pixijs/pixijs,2013-04-15/2013-04-21,85,1500,2013-04-15 00:00:00+00:00,7,85.0,85.0,66.66666666666667,474.0
9384267,electron/electron,2013-12-09/2013-12-15,1,1,2013-12-09 00:00:00+00:00,0,,,,
9384267,electron/electron,2014-05-05/2014-05-11,1300,1301,2014-05-05 00:00:00+00:00,1,1300.0,1300.0,,
9384267,electron/electron,2014-05-12/2014-05-18,199,1500,2014-05-12 00:00:00+00:00,2,199.0,199.0,,
9852918,TryGhost/Ghost,2013-05-06/2013-05-12,1,1,2013-05-06 00:00:00+00:00,0,,,,
9852918,TryGhost/Ghost,2013-05-13/2013-05-19,2,3,2013-05-13 00:00:00+00:00,1,2.0,2.0,,
9852918,TryGhost/Ghost,2013-07-22/2013-07-28,1,4,2013-07-22 00:00:00+00:00,2,1.0,1.0,,
9852918,TryGhost/Ghost,2013-08-12/2013-08-18,1,5,2013-08-12 00:00:00+00:00,3,1.0,1.0,1.3333333333333333,
9852918,TryGhost/Ghost,2013-08-19/2013-08-25,1,6,2013-08-19 00:00:00+00:00,4,1.0,1.0,1.0,5.0
9852918,TryGhost/Ghost,2013-08-26/2013-09-01,2,8,2013-08-26 00:00:00+00:00,5,2.0,2.0,1.3333333333333333,5.0
9852918,TryGhost/Ghost,2013-09-02/2013-09-08,1,9,2013-09-02 00:00:00+00:00,6,1.0,1.0,1.3333333333333333,5.0
9852918,TryGhost/Ghost,2013-09-09/2013-09-15,1,10,2013-09-09 00:00:00+00:00,7,1.0,1.0,1.3333333333333333,5.0
9852918,TryGhost/Ghost,2013-10-14/2013-10-20,1490,1500,2013-10-14 00:00:00+00:00,8,1490.0,1490.0,497.3333333333333,1494.0
10270250,react/react,2013-05-27/2013-06-02,1003,1003,2013-05-27 00:00:00+00:00,0,,,,
10270250,react/react,2013-06-03/2013-06-09,215,1218,2013-06-03 00:00:00+00:00,1,215.0,215.0,,
10270250,react/react,2013-06-10/2013-06-16,62,1280,2013-06-10 00:00:00+00:00,2,62.0,62.0,,
10270250,react/react,2013-06-17/2013-06-23,45,1325,2013-06-17 00:00:00+00:00,3,45.0,45.0,107.33333333333333,
10270250,react/react,2013-06-24/2013-06-30,50,1375,2013-06-24 00:00:00+00:00,4,50.0,50.0,52.333333333333336,372.0
10270250,react/react,2013-07-01/2013-07-07,34,1409,2013-07-01 00:00:00+00:00,5,34.0,34.0,43.0,191.0
10270250,react/react,2013-07-08/2013-07-14,19,1428,2013-07-08 00:00:00+00:00,6,19.0,19.0,34.333333333333336,148.0
10270250,react/react,2013-07-15/2013-07-21,41,1469,2013-07-15 00:00:00+00:00,7,41.0,41.0,31.333333333333332,144.0
10270250,react/react,2013-07-22/2013-07-28,23,1492,2013-07-22 00:00:00+00:00,8,23.0,23.0,27.666666666666668,117.0
10270250,react/react,2013-07-29/2013-08-04,8,1500,2013-07-29 00:00:00+00:00,9,8.0,8.0,24.0,91.0
10744183,netdata/netdata,2013-12-16/2013-12-22,1,1,2013-12-16 00:00:00+00:00,0,,,,
10744183,netdata/netdata,2014-06-09/2014-06-15,1,2,2014-06-09 00:00:00+00:00,1,1.0,1.0,,
10744183,netdata/netdata,2014-06-16/2014-06-22,1,3,2014-06-16 00:00:00+00:00,2,1.0,1.0,,
10744183,netdata/netdata,2015-02-23/2015-03-01,1,4,2015-02-23 00:00:00+00:00,3,1.0,1.0,1.0,
10744183,netdata/netdata,2015-07-20/2015-07-26,1,5,2015-07-20 00:00:00+00:00,4,1.0,1.0,1.0,4.0
10744183,netdata/netdata,2015-10-19/2015-10-25,2,7,2015-10-19 00:00:00+00:00,5,2.0,2.0,1.3333333333333333,5.0
10744183,netdata/netdata,2015-10-26/2015-11-01,1,8,2015-10-26 00:00:00+00:00,6,1.0,1.0,1.3333333333333333,5.0
10744183,netdata/netdata,2015-11-02/2015-11-08,1,9,2015-11-02 00:00:00+00:00,7,1.0,1.0,1.3333333333333333,5.0
10744183,netdata/netdata,2015-11-16/2015-11-22,2,11,2015-11-16 00:00:00+00:00,8,2.0,2.0,1.3333333333333333,6.0
10744183,netdata/netdata,2015-12-14/2015-12-20,1,12,2015-12-14 00:00:00+00:00,9,1.0,1.0,1.3333333333333333,5.0
10744183,netdata/netdata,2016-01-11/2016-01-17,2,14,2016-01-11 00:00:00+00:00,10,2.0,2.0,1.6666666666666667,6.0
10744183,netdata/netdata,2016-01-18/2016-01-24,2,16,2016-01-18 00:00:00+00:00,11,2.0,2.0,1.6666666666666667,7.0
10744183,netdata/netdata,2016-01-25/2016-01-31,2,18,2016-01-25 00:00:00+00:00,12,2.0,2.0,2.0,7.0
10744183,netdata/netdata,2016-02-01/2016-02-07,3,21,2016-02-01 00:00:00+00:00,13,3.0,3.0,2.3333333333333335,9.0
10744183,netdata/netdata,2016-02-08/2016-02-14,1,22,2016-02-08 00:00:00+00:00,14,1.0,1.0,2.0,8.0
10744183,netdata/netdata,2016-02-29/2016-03-06,1,23,2016-02-29 00:00:00+00:00,15,1.0,1.0,1.6666666666666667,7.0
10744183,netdata/netdata,2016-03-07/2016-03-13,1,24,2016-03-07 00:00:00+00:00,16,1.0,1.0,1.0,6.0
10744183,netdata/netdata,2016-03-14/2016-03-20,2,26,2016-03-14 00:00:00+00:00,17,2.0,2.0,1.3333333333333333,5.0
10744183,netdata/netdata,2016-03-21/2016-03-27,5,31,2016-03-21 00:00:00+00:00,18,5.0,5.0,2.6666666666666665,9.0
10744183,netdata/netdata,2016-03-28/2016-04-03,1469,1500,2016-03-28 00:00:00+00:00,19,1469.0,1469.0,492.0,1477.0
11730342,vuejs/vue,2013-10-07/2013-10-13,1,1,2013-10-07 00:00:00+00:00,0,,,,
11730342,vuejs/vue,2013-10-14/2013-10-20,2,3,2013-10-14 00:00:00+00:00,1,2.0,2.0,,
11730342,vuejs/vue,2013-10-28/2013-11-03,1,4,2013-10-28 00:00:00+00:00,2,1.0,1.0,,
11730342,vuejs/vue,2013-11-18/2013-11-24,1,5,2013-11-18 00:00:00+00:00,3,1.0,1.0,1.3333333333333333,
11730342,vuejs/vue,2013-12-02/2013-12-08,1,6,2013-12-02 00:00:00+00:00,4,1.0,1.0,1.0,5.0
11730342,vuejs/vue,2014-01-06/2014-01-12,4,10,2014-01-06 00:00:00+00:00,5,4.0,4.0,2.0,7.0
11730342,vuejs/vue,2014-01-13/2014-01-19,1,11,2014-01-13 00:00:00+00:00,6,1.0,1.0,2.0,7.0
11730342,vuejs/vue,2014-01-20/2014-01-26,6,17,2014-01-20 00:00:00+00:00,7,6.0,6.0,3.6666666666666665,12.0
11730342,vuejs/vue,2014-01-27/2014-02-02,5,22,2014-01-27 00:00:00+00:00,8,5.0,5.0,4.0,16.0
11730342,vuejs/vue,2014-02-03/2014-02-09,484,506,2014-02-03 00:00:00+00:00,9,484.0,484.0,165.0,496.0
11730342,vuejs/vue,2014-02-10/2014-02-16,165,671,2014-02-10 00:00:00+00:00,10,165.0,165.0,218.0,660.0
11730342,vuejs/vue,2014-02-17/2014-02-23,69,740,2014-02-17 00:00:00+00:00,11,69.0,69.0,239.33333333333334,723.0
11730342,vuejs/vue,2014-02-24/2014-03-02,78,818,2014-02-24 00:00:00+00:00,12,78.0,78.0,104.0,796.0
11730342,vuejs/vue,2014-03-03/2014-03-09,35,853,2014-03-03 00:00:00+00:00,13,35.0,35.0,60.666666666666664,347.0
11730342,vuejs/vue,2014-03-10/2014-03-16,26,879,2014-03-10 00:00:00+00:00,14,26.0,26.0,46.333333333333336,208.0
11730342,vuejs/vue,2014-03-17/2014-03-23,70,949,2014-03-17 00:00:00+00:00,15,70.0,70.0,43.666666666666664,209.0
11730342,vuejs/vue,2014-03-24/2014-03-30,101,1050,2014-03-24 00:00:00+00:00,16,101.0,101.0,65.66666666666667,232.0
11730342,vuejs/vue,2014-03-31/2014-04-06,48,1098,2014-03-31 00:00:00+00:00,17,48.0,48.0,73.0,245.0
11730342,vuejs/vue,2014-04-07/2014-04-13,20,1118,2014-04-07 00:00:00+00:00,18,20.0,20.0,56.333333333333336,239.0
11730342,vuejs/vue,2014-04-14/2014-04-20,30,1148,2014-04-14 00:00:00+00:00,19,30.0,30.0,32.666666666666664,199.0
11730342,vuejs/vue,2014-04-21/2014-04-27,24,1172,2014-04-21 00:00:00+00:00,20,24.0,24.0,24.666666666666668,122.0
11730342,vuejs/vue,2014-04-28/2014-05-04,28,1200,2014-04-28 00:00:00+00:00,21,28.0,28.0,27.333333333333332,102.0
11730342,vuejs/vue,2014-05-05/2014-05-11,24,1224,2014-05-05 00:00:00+00:00,22,24.0,24.0,25.333333333333332,106.0
11730342,vuejs/vue,2014-05-12/2014-05-18,84,1308,2014-05-12 00:00:00+00:00,23,84.0,84.0,45.333333333333336,160.0
11730342,vuejs/vue,2014-05-19/2014-05-25,46,1354,2014-05-19 00:00:00+00:00,24,46.0,46.0,51.333333333333336,182.0
11730342,vuejs/vue,2014-05-26/2014-06-01,38,1392,2014-05-26 00:00:00+00:00,25,38.0,38.0,56.0,192.0
11730342,vuejs/vue,2014-06-02/2014-06-08,33,1425,2014-06-02 00:00:00+00:00,26,33.0,33.0,39.0,201.0
11730342,vuejs/vue,2014-06-09/2014-06-15,49,1474,2014-06-09 00:00:00+00:00,27,49.0,49.0,40.0,166.0
11730342,vuejs/vue,2014-06-16/2014-06-22,20,1494,2014-06-16 00:00:00+00:00,28,20.0,20.0,34.0,140.0
11730342,vuejs/vue,2014-06-23/2014-06-29,6,1500,2014-06-23 00:00:00+00:00,29,6.0,6.0,25.0,108.0
12256376,ionic-team/ionic-framework,2013-08-26/2013-09-01,1,1,2013-08-26 00:00:00+00:00,0,,,,
12256376,ionic-team/ionic-framework,2013-09-02/2013-09-08,1,2,2013-09-02 00:00:00+00:00,1,1.0,1.0,,
12256376,ionic-team/ionic-framework,2013-10-21/2013-10-27,1,3,2013-10-21 00:00:00+00:00,2,1.0,1.0,,
12256376,ionic-team/ionic-framework,2013-10-28/2013-11-03,1,4,2013-10-28 00:00:00+00:00,3,1.0,1.0,1.0,
12256376,ionic-team/ionic-framework,2013-11-11/2013-11-17,35,39,2013-11-11 00:00:00+00:00,4,35.0,35.0,12.333333333333334,38.0
12256376,ionic-team/ionic-framework,2013-11-18/2013-11-24,626,665,2013-11-18 00:00:00+00:00,5,626.0,626.0,220.66666666666666,663.0
12256376,ionic-team/ionic-framework,2013-11-25/2013-12-01,681,1346,2013-11-25 00:00:00+00:00,6,681.0,681.0,447.3333333333333,1343.0
12256376,ionic-team/ionic-framework,2013-12-02/2013-12-08,154,1500,2013-12-02 00:00:00+00:00,7,154.0,154.0,487.0,1496.0
12888993,home-assistant/core,2013-12-30/2014-01-05,1,1,2013-12-30 00:00:00+00:00,0,,,,
12888993,home-assistant/core,2014-03-24/2014-03-30,1,2,2014-03-24 00:00:00+00:00,1,1.0,1.0,,
12888993,home-assistant/core,2014-05-12/2014-05-18,1,3,2014-05-12 00:00:00+00:00,2,1.0,1.0,,
12888993,home-assistant/core,2014-06-30/2014-07-06,1,4,2014-06-30 00:00:00+00:00,3,1.0,1.0,1.0,
12888993,home-assistant/core,2014-09-22/2014-09-28,1,5,2014-09-22 00:00:00+00:00,4,1.0,1.0,1.0,4.0
12888993,home-assistant/core,2014-10-27/2014-11-02,3,8,2014-10-27 00:00:00+00:00,5,3.0,3.0,1.6666666666666667,6.0
12888993,home-assistant/core,2014-11-03/2014-11-09,1135,1143,2014-11-03 00:00:00+00:00,6,1135.0,1135.0,379.6666666666667,1140.0
12888993,home-assistant/core,2014-11-10/2014-11-16,124,1267,2014-11-10 00:00:00+00:00,7,124.0,124.0,420.6666666666667,1263.0
12888993,home-assistant/core,2014-11-17/2014-11-23,34,1301,2014-11-17 00:00:00+00:00,8,34.0,34.0,431.0,1296.0
12888993,home-assistant/core,2014-11-24/2014-11-30,34,1335,2014-11-24 00:00:00+00:00,9,34.0,34.0,64.0,1327.0
12888993,home-assistant/core,2014-12-01/2014-12-07,25,1360,2014-12-01 00:00:00+00:00,10,25.0,25.0,31.0,217.0
12888993,home-assistant/core,2014-12-08/2014-12-14,21,1381,2014-12-08 00:00:00+00:00,11,21.0,21.0,26.666666666666668,114.0
12888993,home-assistant/core,2014-12-15/2014-12-21,9,1390,2014-12-15 00:00:00+00:00,12,9.0,9.0,18.333333333333332,89.0
12888993,home-assistant/core,2014-12-22/2014-12-28,15,1405,2014-12-22 00:00:00+00:00,13,15.0,15.0,15.0,70.0
12888993,home-assistant/core,2014-12-29/2015-01-04,11,1416,2014-12-29 00:00:00+00:00,14,11.0,11.0,11.666666666666666,56.0
12888993,home-assistant/core,2015-01-05/2015-01-11,34,1450,2015-01-05 00:00:00+00:00,15,34.0,34.0,20.0,69.0
12888993,home-assistant/core,2015-01-12/2015-01-18,14,1464,2015-01-12 00:00:00+00:00,16,14.0,14.0,19.666666666666668,74.0
12888993,home-assistant/core,2015-01-19/2015-01-25,11,1475,2015-01-19 00:00:00+00:00,17,11.0,11.0,19.666666666666668,70.0
12888993,home-assistant/core,2015-01-26/2015-02-01,13,1488,2015-01-26 00:00:00+00:00,18,13.0,13.0,12.666666666666666,72.0
12888993,home-assistant/core,2015-02-02/2015-02-08,6,1494,2015-02-02 00:00:00+00:00,19,6.0,6.0,10.0,44.0
12888993,home-assistant/core,2015-02-09/2015-02-15,6,1500,2015-02-09 00:00:00+00:00,20,6.0,6.0,8.333333333333334,36.0
14098069,justjavac/free-programming-books-zh_CN,2013-11-04/2013-11-10,109,109,2013-11-04 00:00:00+00:00,0,,,,
14098069,justjavac/free-programming-books-zh_CN,2013-11-11/2013-11-17,178,287,2013-11-11 00:00:00+00:00,1,178.0,178.0,,
14098069,justjavac/free-programming-books-zh_CN,2013-11-18/2013-11-24,207,494,2013-11-18 00:00:00+00:00,2,207.0,207.0,,
14098069,justjavac/free-programming-books-zh_CN,2013-11-25/2013-12-01,376,870,2013-11-25 00:00:00+00:00,3,376.0,376.0,253.66666666666666,
14098069,justjavac/free-programming-books-zh_CN,2013-12-02/2013-12-08,45,915,2013-12-02 00:00:00+00:00,4,45.0,45.0,209.33333333333334,806.0
14098069,justjavac/free-programming-books-zh_CN,2013-12-09/2013-12-15,13,928,2013-12-09 00:00:00+00:00,5,13.0,13.0,144.66666666666666,641.0
14098069,justjavac/free-programming-books-zh_CN,2013-12-16/2013-12-22,23,951,2013-12-16 00:00:00+00:00,6,23.0,23.0,27.0,457.0
14098069,justjavac/free-programming-books-zh_CN,2013-12-23/2013-12-29,79,1030,2013-12-23 00:00:00+00:00,7,79.0,79.0,38.333333333333336,160.0
14098069,justjavac/free-programming-books-zh_CN,2013-12-30/2014-01-05,35,1065,2013-12-30 00:00:00+00:00,8,35.0,35.0,45.666666666666664,150.0
14098069,justjavac/free-programming-books-zh_CN,2014-01-06/2014-01-12,31,1096,2014-01-06 00:00:00+00:00,9,31.0,31.0,48.333333333333336,168.0
14098069,justjavac/free-programming-books-zh_CN,2014-01-13/2014-01-19,26,1122,2014-01-13 00:00:00+00:00,10,26.0,26.0,30.666666666666668,171.0
14098069,justjavac/free-programming-books-zh_CN,2014-01-20/2014-01-26,15,1137,2014-01-20 00:00:00+00:00,11,15.0,15.0,24.0,107.0
14098069,justjavac/free-programming-books-zh_CN,2014-01-27/2014-02-02,10,1147,2014-01-27 00:00:00+00:00,12,10.0,10.0,17.0,82.0
14098069,justjavac/free-programming-books-zh_CN,2014-02-03/2014-02-09,17,1164,2014-02-03 00:00:00+00:00,13,17.0,17.0,14.0,68.0
14098069,justjavac/free-programming-books-zh_CN,2014-02-10/2014-02-16,29,1193,2014-02-10 00:00:00+00:00,14,29.0,29.0,18.666666666666668,71.0
14098069,justjavac/free-programming-books-zh_CN,2014-02-17/2014-02-23,20,1213,2014-02-17 00:00:00+00:00,15,20.0,20.0,22.0,76.0
14098069,justjavac/free-programming-books-zh_CN,2014-02-24/2014-03-02,37,1250,2014-02-24 00:00:00+00:00,16,37.0,37.0,28.666666666666668,103.0
14098069,justjavac/free-programming-books-zh_CN,2014-03-03/2014-03-09,27,1277,2014-03-03 00:00:00+00:00,17,27.0,27.0,28.0,113.0
14098069,justjavac/free-programming-books-zh_CN,2014-03-10/2014-03-16,35,1312,2014-03-10 00:00:00+00:00,18,35.0,35.0,33.0,119.0
14098069,justjavac/free-programming-books-zh_CN,2014-03-17/2014-03-23,79,1391,2014-03-17 00:00:00+00:00,19,79.0,79.0,47.0,178.0
14098069,justjavac/free-programming-books-zh_CN,2014-03-24/2014-03-30,41,1432,2014-03-24 00:00:00+00:00,20,41.0,41.0,51.666666666666664,182.0
14098069,justjavac/free-programming-books-zh_CN,2014-03-31/2014-04-06,38,1470,2014-03-31 00:00:00+00:00,21,38.0,38.0,52.666666666666664,193.0
14098069,justjavac/free-programming-books-zh_CN,2014-04-07/2014-04-13,30,1500,2014-04-07 00:00:00+00:00,22,30.0,30.0,36.333333333333336,188.0
14440270,getify/You-Dont-Know-JS,2013-11-11/2013-11-17,83,83,2013-11-11 00:00:00+00:00,0,,,,
14440270,getify/You-Dont-Know-JS,2013-11-18/2013-11-24,904,987,2013-11-18 00:00:00+00:00,1,904.0,904.0,,
14440270,getify/You-Dont-Know-JS,2013-11-25/2013-12-01,513,1500,2013-11-25 00:00:00+00:00,2,513.0,513.0,,
15062869,jestjs/jest,2013-12-09/2013-12-15,1,1,2013-12-09 00:00:00+00:00,0,,,,
15062869,jestjs/jest,2014-05-12/2014-05-18,736,737,2014-05-12 00:00:00+00:00,1,736.0,736.0,,
15062869,jestjs/jest,2014-05-19/2014-05-25,251,988,2014-05-19 00:00:00+00:00,2,251.0,251.0,,
15062869,jestjs/jest,2014-05-26/2014-06-01,33,1021,2014-05-26 00:00:00+00:00,3,33.0,33.0,340.0,
15062869,jestjs/jest,2014-06-02/2014-06-08,41,1062,2014-06-02 00:00:00+00:00,4,41.0,41.0,108.33333333333333,1061.0
15062869,jestjs/jest,2014-06-09/2014-06-15,48,1110,2014-06-09 00:00:00+00:00,5,48.0,48.0,40.666666666666664,373.0
15062869,jestjs/jest,2014-06-16/2014-06-22,12,1122,2014-06-16 00:00:00+00:00,6,12.0,12.0,33.666666666666664,134.0
15062869,jestjs/jest,2014-06-23/2014-06-29,15,1137,2014-06-23 00:00:00+00:00,7,15.0,15.0,25.0,116.0
15062869,jestjs/jest,2014-06-30/2014-07-06,11,1148,2014-06-30 00:00:00+00:00,8,11.0,11.0,12.666666666666666,86.0
15062869,jestjs/jest,2014-07-07/2014-07-13,12,1160,2014-07-07 00:00:00+00:00,9,12.0,12.0,12.666666666666666,50.0
15062869,jestjs/jest,2014-07-14/2014-07-20,7,1167,2014-07-14 00:00:00+00:00,10,7.0,7.0,10.0,45.0
15062869,jestjs/jest,2014-07-21/2014-07-27,18,1185,2014-07-21 00:00:00+00:00,11,18.0,18.0,12.333333333333334,48.0
15062869,jestjs/jest,2014-07-28/2014-08-03,30,1215,2014-07-28 00:00:00+00:00,12,30.0,30.0,18.333333333333332,67.0
15062869,jestjs/jest,2014-08-04/2014-08-10,16,1231,2014-08-04 00:00:00+00:00,13,16.0,16.0,21.333333333333332,71.0
15062869,jestjs/jest,2014-08-11/2014-08-17,14,1245,2014-08-11 00:00:00+00:00,14,14.0,14.0,20.0,78.0
15062869,jestjs/jest,2014-08-18/2014-08-24,22,1267,2014-08-18 00:00:00+00:00,15,22.0,22.0,17.333333333333332,82.0
15062869,jestjs/jest,2014-08-25/2014-08-31,9,1276,2014-08-25 00:00:00+00:00,16,9.0,9.0,15.0,61.0
15062869,jestjs/jest,2014-09-01/2014-09-07,12,1288,2014-09-01 00:00:00+00:00,17,12.0,12.0,14.333333333333334,57.0
15062869,jestjs/jest,2014-09-08/2014-09-14,14,1302,2014-09-08 00:00:00+00:00,18,14.0,14.0,11.666666666666666,57.0
15062869,jestjs/jest,2014-09-15/2014-09-21,19,1321,2014-09-15 00:00:00+00:00,19,19.0,19.0,15.0,54.0
15062869,jestjs/jest,2014-09-22/2014-09-28,25,1346,2014-09-22 00:00:00+00:00,20,25.0,25.0,19.333333333333332,70.0
15062869,jestjs/jest,2014-09-29/2014-10-05,19,1365,2014-09-29 00:00:00+00:00,21,19.0,19.0,21.0,77.0
15062869,jestjs/jest,2014-10-06/2014-10-12,16,1381,2014-10-06 00:00:00+00:00,22,16.0,16.0,20.0,79.0
15062869,jestjs/jest,2014-10-13/2014-10-19,25,1406,2014-10-13 00:00:00+00:00,23,25.0,25.0,20.0,85.0
15062869,jestjs/jest,2014-10-20/2014-10-26,23,1429,2014-10-20 00:00:00+00:00,24,23.0,23.0,21.333333333333332,83.0
15062869,jestjs/jest,2014-10-27/2014-11-02,19,1448,2014-10-27 00:00:00+00:00,25,19.0,19.0,22.333333333333332,83.0
15062869,jestjs/jest,2014-11-03/2014-11-09,20,1468,2014-11-03 00:00:00+00:00,26,20.0,20.0,20.666666666666668,87.0
15062869,jestjs/jest,2014-11-10/2014-11-16,17,1485,2014-11-10 00:00:00+00:00,27,17.0,17.0,18.666666666666668,79.0
15062869,jestjs/jest,2014-11-17/2014-11-23,15,1500,2014-11-17 00:00:00+00:00,28,15.0,15.0,17.333333333333332,71.0
19745004,odoo/odoo,2014-05-12/2014-05-18,284,284,2014-05-12 00:00:00+00:00,0,,,,
19745004,odoo/odoo,2014-05-19/2014-05-25,136,420,2014-05-19 00:00:00+00:00,1,136.0,136.0,,
19745004,odoo/odoo,2014-05-26/2014-06-01,61,481,2014-05-26 00:00:00+00:00,2,61.0,61.0,,
19745004,odoo/odoo,2014-06-02/2014-06-08,39,520,2014-06-02 00:00:00+00:00,3,39.0,39.0,78.66666666666667,
19745004,odoo/odoo,2014-06-09/2014-06-15,42,562,2014-06-09 00:00:00+00:00,4,42.0,42.0,47.333333333333336,278.0
19745004,odoo/odoo,2014-06-16/2014-06-22,31,593,2014-06-16 00:00:00+00:00,5,31.0,31.0,37.333333333333336,173.0
19745004,odoo/odoo,2014-06-23/2014-06-29,33,626,2014-06-23 00:00:00+00:00,6,33.0,33.0,35.333333333333336,145.0
19745004,odoo/odoo,2014-06-30/2014-07-06,25,651,2014-06-30 00:00:00+00:00,7,25.0,25.0,29.666666666666668,131.0
19745004,odoo/odoo,2014-07-07/2014-07-13,30,681,2014-07-07 00:00:00+00:00,8,30.0,30.0,29.333333333333332,119.0
19745004,odoo/odoo,2014-07-14/2014-07-20,31,712,2014-07-14 00:00:00+00:00,9,31.0,31.0,28.666666666666668,119.0
19745004,odoo/odoo,2014-07-21/2014-07-27,27,739,2014-07-21 00:00:00+00:00,10,27.0,27.0,29.333333333333332,113.0
19745004,odoo/odoo,2014-07-28/2014-08-03,22,761,2014-07-28 00:00:00+00:00,11,22.0,22.0,26.666666666666668,110.0
19745004,odoo/odoo,2014-08-04/2014-08-10,20,781,2014-08-04 00:00:00+00:00,12,20.0,20.0,23.0,100.0
19745004,odoo/odoo,2014-08-11/2014-08-17,34,815,2014-08-11 00:00:00+00:00,13,34.0,34.0,25.333333333333332,103.0
19745004,odoo/odoo,2014-08-18/2014-08-24,22,837,2014-08-18 00:00:00+00:00,14,22.0,22.0,25.333333333333332,98.0
19745004,odoo/odoo,2014-08-25/2014-08-31,34,871,2014-08-25 00:00:00+00:00,15,34.0,34.0,30.0,110.0
19745004,odoo/odoo,2014-09-01/2014-09-07,26,897,2014-09-01 00:00:00+00:00,16,26.0,26.0,27.333333333333332,116.0
19745004,odoo/odoo,2014-09-08/2014-09-14,44,941,2014-09-08 00:00:00+00:00,17,44.0,44.0,34.666666666666664,126.0
19745004,odoo/odoo,2014-09-15/2014-09-21,43,984,2014-09-15 00:00:00+00:00,18,43.0,43.0,37.666666666666664,147.0
19745004,odoo/odoo,2014-09-22/2014-09-28,28,1012,2014-09-22 00:00:00+00:00,19,28.0,28.0,38.333333333333336,141.0
19745004,odoo/odoo,2014-09-29/2014-10-05,77,1089,2014-09-29 00:00:00+00:00,20,77.0,77.0,49.333333333333336,192.0
19745004,odoo/odoo,2014-10-06/2014-10-12,27,1116,2014-10-06 00:00:00+00:00,21,27.0,27.0,44.0,175.0
19745004,odoo/odoo,2014-10-13/2014-10-19,35,1151,2014-10-13 00:00:00+00:00,22,35.0,35.0,46.333333333333336,167.0
19745004,odoo/odoo,2014-10-20/2014-10-26,32,1183,2014-10-20 00:00:00+00:00,23,32.0,32.0,31.333333333333332,171.0
19745004,odoo/odoo,2014-10-27/2014-11-02,27,1210,2014-10-27 00:00:00+00:00,24,27.0,27.0,31.333333333333332,121.0
19745004,odoo/odoo,2014-11-03/2014-11-09,20,1230,2014-11-03 00:00:00+00:00,25,20.0,20.0,26.333333333333332,114.0
19745004,odoo/odoo,2014-11-10/2014-11-16,40,1270,2014-11-10 00:00:00+00:00,26,40.0,40.0,29.0,119.0
19745004,odoo/odoo,2014-11-17/2014-11-23,25,1295,2014-11-17 00:00:00+00:00,27,25.0,25.0,28.333333333333332,112.0
19745004,odoo/odoo,2014-11-24/2014-11-30,39,1334,2014-11-24 00:00:00+00:00,28,39.0,39.0,34.666666666666664,124.0
19745004,odoo/odoo,2014-12-01/2014-12-07,25,1359,2014-12-01 00:00:00+00:00,29,25.0,25.0,29.666666666666668,129.0
19745004,odoo/odoo,2014-12-08/2014-12-14,21,1380,2014-12-08 00:00:00+00:00,30,21.0,21.0,28.333333333333332,110.0
19745004,odoo/odoo,2014-12-15/2014-12-21,21,1401,2014-12-15 00:00:00+00:00,31,21.0,21.0,22.333333333333332,106.0
19745004,odoo/odoo,2014-12-22/2014-12-28,20,1421,2014-12-22 00:00:00+00:00,32,20.0,20.0,20.666666666666668,87.0
19745004,odoo/odoo,2014-12-29/2015-01-04,31,1452,2014-12-29 00:00:00+00:00,33,31.0,31.0,24.0,93.0
19745004,odoo/odoo,2015-01-05/2015-01-11,22,1474,2015-01-05 00:00:00+00:00,34,22.0,22.0,24.333333333333332,94.0
19745004,odoo/odoo,2015-01-12/2015-01-18,26,1500,2015-01-12 00:00:00+00:00,35,26.0,26.0,26.333333333333332,99.0
20929025,microsoft/TypeScript,2014-07-14/2014-07-20,4,4,2014-07-14 00:00:00+00:00,0,,,,
20929025,microsoft/TypeScript,2014-07-21/2014-07-27,1303,1307,2014-07-21 00:00:00+00:00,1,1303.0,1303.0,,
20929025,microsoft/TypeScript,2014-07-28/2014-08-03,188,1495,2014-07-28 00:00:00+00:00,2,188.0,188.0,,
20929025,microsoft/TypeScript,2014-08-04/2014-08-10,5,1500,2014-08-04 00:00:00+00:00,3,5.0,5.0,498.6666666666667,
21289110,vinta/awesome-python,2014-06-23/2014-06-29,22,22,2014-06-23 00:00:00+00:00,0,,,,
21289110,vinta/awesome-python,2014-06-30/2014-07-06,1478,1500,2014-06-30 00:00:00+00:00,1,1478.0,1478.0,,
22670857,enaqx/awesome-react,2014-08-04/2014-08-10,2,2,2014-08-04 00:00:00+00:00,0,,,,
22670857,enaqx/awesome-react,2014-08-11/2014-08-17,4,6,2014-08-11 00:00:00+00:00,1,4.0,4.0,,
22670857,enaqx/awesome-react,2014-08-18/2014-08-24,3,9,2014-08-18 00:00:00+00:00,2,3.0,3.0,,
22670857,enaqx/awesome-react,2014-08-25/2014-08-31,3,12,2014-08-25 00:00:00+00:00,3,3.0,3.0,3.3333333333333335,
22670857,enaqx/awesome-react,2014-09-01/2014-09-07,4,16,2014-09-01 00:00:00+00:00,4,4.0,4.0,3.3333333333333335,14.0
22670857,enaqx/awesome-react,2014-09-08/2014-09-14,5,21,2014-09-08 00:00:00+00:00,5,5.0,5.0,4.0,15.0
22670857,enaqx/awesome-react,2014-09-15/2014-09-21,7,28,2014-09-15 00:00:00+00:00,6,7.0,7.0,5.333333333333333,19.0
22670857,enaqx/awesome-react,2014-09-22/2014-09-28,13,41,2014-09-22 00:00:00+00:00,7,13.0,13.0,8.333333333333334,29.0
22670857,enaqx/awesome-react,2014-09-29/2014-10-05,7,48,2014-09-29 00:00:00+00:00,8,7.0,7.0,9.0,32.0
22670857,enaqx/awesome-react,2014-10-06/2014-10-12,10,58,2014-10-06 00:00:00+00:00,9,10.0,10.0,10.0,37.0
22670857,enaqx/awesome-react,2014-10-13/2014-10-19,238,296,2014-10-13 00:00:00+00:00,10,238.0,238.0,85.0,268.0
22670857,enaqx/awesome-react,2014-10-20/2014-10-26,79,375,2014-10-20 00:00:00+00:00,11,79.0,79.0,109.0,334.0
22670857,enaqx/awesome-react,2014-10-27/2014-11-02,1125,1500,2014-10-27 00:00:00+00:00,12,1125.0,1125.0,480.6666666666667,1452.0
22887094,tesseract-ocr/tesseract,2014-08-11/2014-08-17,1,1,2014-08-11 00:00:00+00:00,0,,,,
22887094,tesseract-ocr/tesseract,2014-11-10/2014-11-16,2,3,2014-11-10 00:00:00+00:00,1,2.0,2.0,,
22887094,tesseract-ocr/tesseract,2014-12-15/2014-12-21,2,5,2014-12-15 00:00:00+00:00,2,2.0,2.0,,
22887094,tesseract-ocr/tesseract,2014-12-22/2014-12-28,1,6,2014-12-22 00:00:00+00:00,3,1.0,1.0,1.6666666666666667,
22887094,tesseract-ocr/tesseract,2015-01-05/2015-01-11,1,7,2015-01-05 00:00:00+00:00,4,1.0,1.0,1.3333333333333333,6.0
22887094,tesseract-ocr/tesseract,2015-01-12/2015-01-18,2,9,2015-01-12 00:00:00+00:00,5,2.0,2.0,1.3333333333333333,6.0
22887094,tesseract-ocr/tesseract,2015-01-19/2015-01-25,2,11,2015-01-19 00:00:00+00:00,6,2.0,2.0,1.6666666666666667,6.0
22887094,tesseract-ocr/tesseract,2015-01-26/2015-02-01,2,13,2015-01-26 00:00:00+00:00,7,2.0,2.0,2.0,7.0
22887094,tesseract-ocr/tesseract,2015-02-02/2015-02-08,3,16,2015-02-02 00:00:00+00:00,8,3.0,3.0,2.3333333333333335,9.0
22887094,tesseract-ocr/tesseract,2015-02-09/2015-02-15,1,17,2015-02-09 00:00:00+00:00,9,1.0,1.0,2.0,8.0
22887094,tesseract-ocr/tesseract,2015-02-23/2015-03-01,1,18,2015-02-23 00:00:00+00:00,10,1.0,1.0,1.6666666666666667,7.0
22887094,tesseract-ocr/tesseract,2015-03-02/2015-03-08,2,20,2015-03-02 00:00:00+00:00,11,2.0,2.0,1.3333333333333333,7.0
22887094,tesseract-ocr/tesseract,2015-03-09/2015-03-15,4,24,2015-03-09 00:00:00+00:00,12,4.0,4.0,2.3333333333333335,8.0
22887094,tesseract-ocr/tesseract,2015-03-16/2015-03-22,3,27,2015-03-16 00:00:00+00:00,13,3.0,3.0,3.0,10.0
22887094,tesseract-ocr/tesseract,2015-03-23/2015-03-29,4,31,2015-03-23 00:00:00+00:00,14,4.0,4.0,3.6666666666666665,13.0
22887094,tesseract-ocr/tesseract,2015-03-30/2015-04-05,4,35,2015-03-30 00:00:00+00:00,15,4.0,4.0,3.6666666666666665,15.0
22887094,tesseract-ocr/tesseract,2015-04-06/2015-04-12,1,36,2015-04-06 00:00:00+00:00,16,1.0,1.0,3.0,12.0
22887094,tesseract-ocr/tesseract,2015-04-13/2015-04-19,6,42,2015-04-13 00:00:00+00:00,17,6.0,6.0,3.6666666666666665,15.0
22887094,tesseract-ocr/tesseract,2015-04-20/2015-04-26,3,45,2015-04-20 00:00:00+00:00,18,3.0,3.0,3.3333333333333335,14.0
22887094,tesseract-ocr/tesseract,2015-04-27/2015-05-03,2,47,2015-04-27 00:00:00+00:00,19,2.0,2.0,3.6666666666666665,12.0
22887094,tesseract-ocr/tesseract,2015-05-04/2015-05-10,3,50,2015-05-04 00:00:00+00:00,20,3.0,3.0,2.6666666666666665,14.0
22887094,tesseract-ocr/tesseract,2015-05-11/2015-05-17,7,57,2015-05-11 00:00:00+00:00,21,7.0,7.0,4.0,15.0
22887094,tesseract-ocr/tesseract,2015-05-18/2015-05-24,5,62,2015-05-18 00:00:00+00:00,22,5.0,5.0,5.0,17.0
22887094,tesseract-ocr/tesseract,2015-05-25/2015-05-31,6,68,2015-05-25 00:00:00+00:00,23,6.0,6.0,6.0,21.0
22887094,tesseract-ocr/tesseract,2015-06-01/2015-06-07,8,76,2015-06-01 00:00:00+00:00,24,8.0,8.0,6.333333333333333,26.0
22887094,tesseract-ocr/tesseract,2015-06-08/2015-06-14,8,84,2015-06-08 00:00:00+00:00,25,8.0,8.0,7.333333333333333,27.0
22887094,tesseract-ocr/tesseract,2015-06-15/2015-06-21,11,95,2015-06-15 00:00:00+00:00,26,11.0,11.0,9.0,33.0
22887094,tesseract-ocr/tesseract,2015-06-22/2015-06-28,72,167,2015-06-22 00:00:00+00:00,27,72.0,72.0,30.333333333333332,99.0
22887094,tesseract-ocr/tesseract,2015-06-29/2015-07-05,69,236,2015-06-29 00:00:00+00:00,28,69.0,69.0,50.666666666666664,160.0
22887094,tesseract-ocr/tesseract,2015-07-06/2015-07-12,64,300,2015-07-06 00:00:00+00:00,29,64.0,64.0,68.33333333333333,216.0
22887094,tesseract-ocr/tesseract,2015-07-13/2015-07-19,47,347,2015-07-13 00:00:00+00:00,30,47.0,47.0,60.0,252.0
22887094,tesseract-ocr/tesseract,2015-07-20/2015-07-26,68,415,2015-07-20 00:00:00+00:00,31,68.0,68.0,59.666666666666664,248.0
22887094,tesseract-ocr/tesseract,2015-07-27/2015-08-02,65,480,2015-07-27 00:00:00+00:00,32,65.0,65.0,60.0,244.0
22887094,tesseract-ocr/tesseract,2015-08-03/2015-08-09,45,525,2015-08-03 00:00:00+00:00,33,45.0,45.0,59.333333333333336,225.0
22887094,tesseract-ocr/tesseract,2015-08-10/2015-08-16,58,583,2015-08-10 00:00:00+00:00,34,58.0,58.0,56.0,236.0
22887094,tesseract-ocr/tesseract,2015-08-17/2015-08-23,53,636,2015-08-17 00:00:00+00:00,35,53.0,53.0,52.0,221.0
22887094,tesseract-ocr/tesseract,2015-08-24/2015-08-30,61,697,2015-08-24 00:00:00+00:00,36,61.0,61.0,57.333333333333336,217.0
22887094,tesseract-ocr/tesseract,2015-08-31/2015-09-06,61,758,2015-08-31 00:00:00+00:00,37,61.0,61.0,58.333333333333336,233.0
22887094,tesseract-ocr/tesseract,2015-09-07/2015-09-13,118,876,2015-09-07 00:00:00+00:00,38,118.0,118.0,80.0,293.0
22887094,tesseract-ocr/tesseract,2015-09-14/2015-09-20,71,947,2015-09-14 00:00:00+00:00,39,71.0,71.0,83.33333333333333,311.0
22887094,tesseract-ocr/tesseract,2015-09-21/2015-09-27,69,1016,2015-09-21 00:00:00+00:00,40,69.0,69.0,86.0,319.0
22887094,tesseract-ocr/tesseract,2015-09-28/2015-10-04,55,1071,2015-09-28 00:00:00+00:00,41,55.0,55.0,65.0,313.0
22887094,tesseract-ocr/tesseract,2015-10-05/2015-10-11,106,1177,2015-10-05 00:00:00+00:00,42,106.0,106.0,76.66666666666667,301.0
22887094,tesseract-ocr/tesseract,2015-10-12/2015-10-18,70,1247,2015-10-12 00:00:00+00:00,43,70.0,70.0,77.0,300.0
22887094,tesseract-ocr/tesseract,2015-10-19/2015-10-25,106,1353,2015-10-19 00:00:00+00:00,44,106.0,106.0,94.0,337.0
22887094,tesseract-ocr/tesseract,2015-10-26/2015-11-01,100,1453,2015-10-26 00:00:00+00:00,45,100.0,100.0,92.0,382.0
22887094,tesseract-ocr/tesseract,2015-11-02/2015-11-08,47,1500,2015-11-02 00:00:00+00:00,46,47.0,47.0,84.33333333333333,323.0
23083156,mui/material-ui,2014-09-01/2014-09-07,1,1,2014-09-01 00:00:00+00:00,0,,,,
23083156,mui/material-ui,2014-09-08/2014-09-14,2,3,2014-09-08 00:00:00+00:00,1,2.0,2.0,,
23083156,mui/material-ui,2014-09-15/2014-09-21,2,5,2014-09-15 00:00:00+00:00,2,2.0,2.0,,
23083156,mui/material-ui,2014-09-22/2014-09-28,1,6,2014-09-22 00:00:00+00:00,3,1.0,1.0,1.6666666666666667,
23083156,mui/material-ui,2014-09-29/2014-10-05,3,9,2014-09-29 00:00:00+00:00,4,3.0,3.0,2.0,8.0
23083156,mui/material-ui,2014-10-06/2014-10-12,2,11,2014-10-06 00:00:00+00:00,5,2.0,2.0,2.0,8.0
23083156,mui/material-ui,2014-10-13/2014-10-19,5,16,2014-10-13 00:00:00+00:00,6,5.0,5.0,3.3333333333333335,11.0
23083156,mui/material-ui,2014-10-20/2014-10-26,18,34,2014-10-20 00:00:00+00:00,7,18.0,18.0,8.333333333333334,28.0
23083156,mui/material-ui,2014-10-27/2014-11-02,11,45,2014-10-27 00:00:00+00:00,8,11.0,11.0,11.333333333333334,36.0
23083156,mui/material-ui,2014-11-03/2014-11-09,153,198,2014-11-03 00:00:00+00:00,9,153.0,153.0,60.666666666666664,187.0
23083156,mui/material-ui,2014-11-10/2014-11-16,1302,1500,2014-11-10 00:00:00+00:00,10,1302.0,1302.0,488.6666666666667,1484.0
23088740,axios/axios,2014-09-01/2014-09-07,1,1,2014-09-01 00:00:00+00:00,0,,,,
23088740,axios/axios,2014-09-08/2014-09-14,58,59,2014-09-08 00:00:00+00:00,1,58.0,58.0,,
23088740,axios/axios,2014-09-15/2014-09-21,48,107,2014-09-15 00:00:00+00:00,2,48.0,48.0,,
23088740,axios/axios,2014-09-22/2014-09-28,9,116,2014-09-22 00:00:00+00:00,3,9.0,9.0,38.333333333333336,
23088740,axios/axios,2014-09-29/2014-10-05,4,120,2014-09-29 00:00:00+00:00,4,4.0,4.0,20.333333333333332,119.0
23088740,axios/axios,2014-10-06/2014-10-12,8,128,2014-10-06 00:00:00+00:00,5,8.0,8.0,7.0,69.0
23088740,axios/axios,2014-10-13/2014-10-19,6,134,2014-10-13 00:00:00+00:00,6,6.0,6.0,6.0,27.0
23088740,axios/axios,2014-10-20/2014-10-26,2,136,2014-10-20 00:00:00+00:00,7,2.0,2.0,5.333333333333333,20.0
23088740,axios/axios,2014-10-27/2014-11-02,3,139,2014-10-27 00:00:00+00:00,8,3.0,3.0,3.6666666666666665,19.0
23088740,axios/axios,2014-11-03/2014-11-09,3,142,2014-11-03 00:00:00+00:00,9,3.0,3.0,2.6666666666666665,14.0
23088740,axios/axios,2014-11-10/2014-11-16,4,146,2014-11-10 00:00:00+00:00,10,4.0,4.0,3.3333333333333335,12.0
23088740,axios/axios,2014-11-17/2014-11-23,2,148,2014-11-17 00:00:00+00:00,11,2.0,2.0,3.0,12.0
23088740,axios/axios,2014-11-24/2014-11-30,3,151,2014-11-24 00:00:00+00:00,12,3.0,3.0,3.0,12.0
23088740,axios/axios,2014-12-01/2014-12-07,5,156,2014-12-01 00:00:00+00:00,13,5.0,5.0,3.3333333333333335,14.0
23088740,axios/axios,2014-12-08/2014-12-14,3,159,2014-12-08 00:00:00+00:00,14,3.0,3.0,3.6666666666666665,13.0
23088740,axios/axios,2014-12-15/2014-12-21,7,166,2014-12-15 00:00:00+00:00,15,7.0,7.0,5.0,18.0
23088740,axios/axios,2014-12-22/2014-12-28,3,169,2014-12-22 00:00:00+00:00,16,3.0,3.0,4.333333333333333,18.0
23088740,axios/axios,2014-12-29/2015-01-04,4,173,2014-12-29 00:00:00+00:00,17,4.0,4.0,4.666666666666667,17.0
23088740,axios/axios,2015-01-05/2015-01-11,3,176,2015-01-05 00:00:00+00:00,18,3.0,3.0,3.3333333333333335,17.0
23088740,axios/axios,2015-01-12/2015-01-18,10,186,2015-01-12 00:00:00+00:00,19,10.0,10.0,5.666666666666667,20.0
23088740,axios/axios,2015-01-19/2015-01-25,10,196,2015-01-19 00:00:00+00:00,20,10.0,10.0,7.666666666666667,27.0
23088740,axios/axios,2015-01-26/2015-02-01,5,201,2015-01-26 00:00:00+00:00,21,5.0,5.0,8.333333333333334,28.0
23088740,axios/axios,2015-02-02/2015-02-08,7,208,2015-02-02 00:00:00+00:00,22,7.0,7.0,7.333333333333333,32.0
23088740,axios/axios,2015-02-09/2015-02-15,11,219,2015-02-09 00:00:00+00:00,23,11.0,11.0,7.666666666666667,33.0
23088740,axios/axios,2015-02-16/2015-02-22,19,238,2015-02-16 00:00:00+00:00,24,19.0,19.0,12.333333333333334,42.0
23088740,axios/axios,2015-02-23/2015-03-01,10,248,2015-02-23 00:00:00+00:00,25,10.0,10.0,13.333333333333334,47.0
23088740,axios/axios,2015-03-02/2015-03-08,24,272,2015-03-02 00:00:00+00:00,26,24.0,24.0,17.666666666666668,64.0
23088740,axios/axios,2015-03-09/2015-03-15,20,292,2015-03-09 00:00:00+00:00,27,20.0,20.0,18.0,73.0
23088740,axios/axios,2015-03-16/2015-03-22,12,304,2015-03-16 00:00:00+00:00,28,12.0,12.0,18.666666666666668,66.0
23088740,axios/axios,2015-03-23/2015-03-29,12,316,2015-03-23 00:00:00+00:00,29,12.0,12.0,14.666666666666666,68.0
23088740,axios/axios,2015-03-30/2015-04-05,14,330,2015-03-30 00:00:00+00:00,30,14.0,14.0,12.666666666666666,58.0
23088740,axios/axios,2015-04-06/2015-04-12,16,346,2015-04-06 00:00:00+00:00,31,16.0,16.0,14.0,54.0
23088740,axios/axios,2015-04-13/2015-04-19,15,361,2015-04-13 00:00:00+00:00,32,15.0,15.0,15.0,57.0
23088740,axios/axios,2015-04-20/2015-04-26,9,370,2015-04-20 00:00:00+00:00,33,9.0,9.0,13.333333333333334,54.0
23088740,axios/axios,2015-04-27/2015-05-03,33,403,2015-04-27 00:00:00+00:00,34,33.0,33.0,19.0,73.0
23088740,axios/axios,2015-05-04/2015-05-10,28,431,2015-05-04 00:00:00+00:00,35,28.0,28.0,23.333333333333332,85.0
23088740,axios/axios,2015-05-11/2015-05-17,20,451,2015-05-11 00:00:00+00:00,36,20.0,20.0,27.0,90.0
23088740,axios/axios,2015-05-18/2015-05-24,21,472,2015-05-18 00:00:00+00:00,37,21.0,21.0,23.0,102.0
23088740,axios/axios,2015-05-25/2015-05-31,20,492,2015-05-25 00:00:00+00:00,38,20.0,20.0,20.333333333333332,89.0
23088740,axios/axios,2015-06-01/2015-06-07,30,522,2015-06-01 00:00:00+00:00,39,30.0,30.0,23.666666666666668,91.0
23088740,axios/axios,2015-06-08/2015-06-14,24,546,2015-06-08 00:00:00+00:00,40,24.0,24.0,24.666666666666668,95.0
23088740,axios/axios,2015-06-15/2015-06-21,10,556,2015-06-15 00:00:00+00:00,41,10.0,10.0,21.333333333333332,84.0
23088740,axios/axios,2015-06-22/2015-06-28,33,589,2015-06-22 00:00:00+00:00,42,33.0,33.0,22.333333333333332,97.0
23088740,axios/axios,2015-06-29/2015-07-05,64,653,2015-06-29 00:00:00+00:00,43,64.0,64.0,35.666666666666664,131.0
23088740,axios/axios,2015-07-06/2015-07-12,47,700,2015-07-06 00:00:00+00:00,44,47.0,47.0,48.0,154.0
23088740,axios/axios,2015-07-13/2015-07-19,23,723,2015-07-13 00:00:00+00:00,45,23.0,23.0,44.666666666666664,167.0
23088740,axios/axios,2015-07-20/2015-07-26,36,759,2015-07-20 00:00:00+00:00,46,36.0,36.0,35.333333333333336,170.0
23088740,axios/axios,2015-07-27/2015-08-02,38,797,2015-07-27 00:00:00+00:00,47,38.0,38.0,32.333333333333336,144.0
23088740,axios/axios,2015-08-03/2015-08-09,31,828,2015-08-03 00:00:00+00:00,48,31.0,31.0,35.0,128.0
23088740,axios/axios,2015-08-10/2015-08-16,42,870,2015-08-10 00:00:00+00:00,49,42.0,42.0,37.0,147.0
23088740,axios/axios,2015-08-17/2015-08-23,34,904,2015-08-17 00:00:00+00:00,50,34.0,34.0,35.666666666666664,145.0
23088740,axios/axios,2015-08-24/2015-08-30,32,936,2015-08-24 00:00:00+00:00,51,32.0,32.0,36.0,139.0
23088740,axios/axios,2015-08-31/2015-09-06,21,957,2015-08-31 00:00:00+00:00,52,21.0,21.0,29.0,129.0
23088740,axios/axios,2015-09-07/2015-09-13,33,990,2015-09-07 00:00:00+00:00,53,33.0,33.0,28.666666666666668,120.0
23088740,axios/axios,2015-09-14/2015-09-20,26,1016,2015-09-14 00:00:00+00:00,54,26.0,26.0,26.666666666666668,112.0
23088740,axios/axios,2015-09-21/2015-09-27,31,1047,2015-09-21 00:00:00+00:00,55,31.0,31.0,30.0,111.0
23088740,axios/axios,2015-09-28/2015-10-04,125,1172,2015-09-28 00:00:00+00:00,56,125.0,125.0,60.666666666666664,215.0
23088740,axios/axios,2015-10-05/2015-10-11,37,1209,2015-10-05 00:00:00+00:00,57,37.0,37.0,64.33333333333333,219.0
23088740,axios/axios,2015-10-12/2015-10-18,29,1238,2015-10-12 00:00:00+00:00,58,29.0,29.0,63.666666666666664,222.0
23088740,axios/axios,2015-10-19/2015-10-25,34,1272,2015-10-19 00:00:00+00:00,59,34.0,34.0,33.333333333333336,225.0
23088740,axios/axios,2015-10-26/2015-11-01,43,1315,2015-10-26 00:00:00+00:00,60,43.0,43.0,35.333333333333336,143.0
23088740,axios/axios,2015-11-02/2015-11-08,41,1356,2015-11-02 00:00:00+00:00,61,41.0,41.0,39.333333333333336,147.0
23088740,axios/axios,2015-11-09/2015-11-15,43,1399,2015-11-09 00:00:00+00:00,62,43.0,43.0,42.333333333333336,161.0
23088740,axios/axios,2015-11-16/2015-11-22,37,1436,2015-11-16 00:00:00+00:00,63,37.0,37.0,40.333333333333336,164.0
23088740,axios/axios,2015-11-23/2015-11-29,29,1465,2015-11-23 00:00:00+00:00,64,29.0,29.0,36.333333333333336,150.0
23088740,axios/axios,2015-11-30/2015-12-06,34,1499,2015-11-30 00:00:00+00:00,65,34.0,34.0,33.333333333333336,143.0
23088740,axios/axios,2015-12-07/2015-12-13,1,1500,2015-12-07 00:00:00+00:00,66,1.0,1.0,21.333333333333332,101.0
24195339,angular/angular,2014-09-29/2014-10-05,14,14,2014-09-29 00:00:00+00:00,0,,,,
24195339,angular/angular,2014-10-06/2014-10-12,10,24,2014-10-06 00:00:00+00:00,1,10.0,10.0,,
24195339,angular/angular,2014-10-13/2014-10-19,6,30,2014-10-13 00:00:00+00:00,2,6.0,6.0,,
24195339,angular/angular,2014-10-20/2014-10-26,12,42,2014-10-20 00:00:00+00:00,3,12.0,12.0,9.333333333333334,
24195339,angular/angular,2014-10-27/2014-11-02,98,140,2014-10-27 00:00:00+00:00,4,98.0,98.0,38.666666666666664,126.0
24195339,angular/angular,2014-11-03/2014-11-09,49,189,2014-11-03 00:00:00+00:00,5,49.0,49.0,53.0,165.0
24195339,angular/angular,2014-11-10/2014-11-16,35,224,2014-11-10 00:00:00+00:00,6,35.0,35.0,60.666666666666664,194.0
24195339,angular/angular,2014-11-17/2014-11-23,33,257,2014-11-17 00:00:00+00:00,7,33.0,33.0,39.0,215.0
24195339,angular/angular,2014-11-24/2014-11-30,41,298,2014-11-24 00:00:00+00:00,8,41.0,41.0,36.333333333333336,158.0
24195339,angular/angular,2014-12-01/2014-12-07,35,333,2014-12-01 00:00:00+00:00,9,35.0,35.0,36.333333333333336,144.0
24195339,angular/angular,2014-12-08/2014-12-14,87,420,2014-12-08 00:00:00+00:00,10,87.0,87.0,54.333333333333336,196.0
24195339,angular/angular,2014-12-15/2014-12-21,30,450,2014-12-15 00:00:00+00:00,11,30.0,30.0,50.666666666666664,193.0
24195339,angular/angular,2014-12-22/2014-12-28,18,468,2014-12-22 00:00:00+00:00,12,18.0,18.0,45.0,170.0
24195339,angular/angular,2014-12-29/2015-01-04,27,495,2014-12-29 00:00:00+00:00,13,27.0,27.0,25.0,162.0
24195339,angular/angular,2015-01-05/2015-01-11,39,534,2015-01-05 00:00:00+00:00,14,39.0,39.0,28.0,114.0
24195339,angular/angular,2015-01-12/2015-01-18,36,570,2015-01-12 00:00:00+00:00,15,36.0,36.0,34.0,120.0
24195339,angular/angular,2015-01-19/2015-01-25,40,610,2015-01-19 00:00:00+00:00,16,40.0,40.0,38.333333333333336,142.0
24195339,angular/angular,2015-01-26/2015-02-01,44,654,2015-01-26 00:00:00+00:00,17,44.0,44.0,40.0,159.0
24195339,angular/angular,2015-02-02/2015-02-08,77,731,2015-02-02 00:00:00+00:00,18,77.0,77.0,53.666666666666664,197.0
24195339,angular/angular,2015-02-09/2015-02-15,98,829,2015-02-09 00:00:00+00:00,19,98.0,98.0,73.0,259.0
24195339,angular/angular,2015-02-16/2015-02-22,69,898,2015-02-16 00:00:00+00:00,20,69.0,69.0,81.33333333333333,288.0
24195339,angular/angular,2015-02-23/2015-03-01,56,954,2015-02-23 00:00:00+00:00,21,56.0,56.0,74.33333333333333,300.0
24195339,angular/angular,2015-03-02/2015-03-08,249,1203,2015-03-02 00:00:00+00:00,22,249.0,249.0,124.66666666666667,472.0
24195339,angular/angular,2015-03-09/2015-03-15,179,1382,2015-03-09 00:00:00+00:00,23,179.0,179.0,161.33333333333334,553.0
24195339,angular/angular,2015-03-16/2015-03-22,118,1500,2015-03-16 00:00:00+00:00,24,118.0,118.0,182.0,602.0
26066727,mermaid-js/mermaid,2014-11-24/2014-11-30,683,683,2014-11-24 00:00:00+00:00,0,,,,
26066727,mermaid-js/mermaid,2014-12-01/2014-12-07,817,1500,2014-12-01 00:00:00+00:00,1,817.0,817.0,,
27193779,nodejs/node,2014-11-24/2014-11-30,459,459,2014-11-24 00:00:00+00:00,0,,,,
27193779,nodejs/node,2014-12-01/2014-12-07,1041,1500,2014-12-01 00:00:00+00:00,1,1041.0,1041.0,,
28457823,freeCodeCamp/freeCodeCamp,2014-12-22/2014-12-28,2,2,2014-12-22 00:00:00+00:00,0,,,,
28457823,freeCodeCamp/freeCodeCamp,2014-12-29/2015-01-04,33,35,2014-12-29 00:00:00+00:00,1,33.0,33.0,,
28457823,freeCodeCamp/freeCodeCamp,2015-01-05/2015-01-11,6,41,2015-01-05 00:00:00+00:00,2,6.0,6.0,,
28457823,freeCodeCamp/freeCodeCamp,2015-01-12/2015-01-18,6,47,2015-01-12 00:00:00+00:00,3,6.0,6.0,15.0,
28457823,freeCodeCamp/freeCodeCamp,2015-01-19/2015-01-25,3,50,2015-01-19 00:00:00+00:00,4,3.0,3.0,5.0,48.0
28457823,freeCodeCamp/freeCodeCamp,2015-01-26/2015-02-01,5,55,2015-01-26 00:00:00+00:00,5,5.0,5.0,4.666666666666667,20.0
28457823,freeCodeCamp/freeCodeCamp,2015-02-02/2015-02-08,3,58,2015-02-02 00:00:00+00:00,6,3.0,3.0,3.6666666666666665,17.0
28457823,freeCodeCamp/freeCodeCamp,2015-02-09/2015-02-15,4,62,2015-02-09 00:00:00+00:00,7,4.0,4.0,4.0,15.0
28457823,freeCodeCamp/freeCodeCamp,2015-02-16/2015-02-22,15,77,2015-02-16 00:00:00+00:00,8,15.0,15.0,7.333333333333333,27.0
28457823,freeCodeCamp/freeCodeCamp,2015-02-23/2015-03-01,1,78,2015-02-23 00:00:00+00:00,9,1.0,1.0,6.666666666666667,23.0
28457823,freeCodeCamp/freeCodeCamp,2015-03-02/2015-03-08,8,86,2015-03-02 00:00:00+00:00,10,8.0,8.0,8.0,28.0
28457823,freeCodeCamp/freeCodeCamp,2015-03-09/2015-03-15,8,94,2015-03-09 00:00:00+00:00,11,8.0,8.0,5.666666666666667,32.0
28457823,freeCodeCamp/freeCodeCamp,2015-03-16/2015-03-22,6,100,2015-03-16 00:00:00+00:00,12,6.0,6.0,7.333333333333333,23.0
28457823,freeCodeCamp/freeCodeCamp,2015-03-23/2015-03-29,2,102,2015-03-23 00:00:00+00:00,13,2.0,2.0,5.333333333333333,24.0
28457823,freeCodeCamp/freeCodeCamp,2015-03-30/2015-04-05,2,104,2015-03-30 00:00:00+00:00,14,2.0,2.0,3.3333333333333335,18.0
28457823,freeCodeCamp/freeCodeCamp,2015-04-06/2015-04-12,4,108,2015-04-06 00:00:00+00:00,15,4.0,4.0,2.6666666666666665,14.0
28457823,freeCodeCamp/freeCodeCamp,2015-04-13/2015-04-19,4,112,2015-04-13 00:00:00+00:00,16,4.0,4.0,3.3333333333333335,12.0
28457823,freeCodeCamp/freeCodeCamp,2015-04-20/2015-04-26,5,117,2015-04-20 00:00:00+00:00,17,5.0,5.0,4.333333333333333,15.0
28457823,freeCodeCamp/freeCodeCamp,2015-04-27/2015-05-03,11,128,2015-04-27 00:00:00+00:00,18,11.0,11.0,6.666666666666667,24.0
28457823,freeCodeCamp/freeCodeCamp,2015-05-04/2015-05-10,2,130,2015-05-04 00:00:00+00:00,19,2.0,2.0,6.0,22.0
28457823,freeCodeCamp/freeCodeCamp,2015-05-11/2015-05-17,4,134,2015-05-11 00:00:00+00:00,20,4.0,4.0,5.666666666666667,22.0
28457823,freeCodeCamp/freeCodeCamp,2015-05-18/2015-05-24,11,145,2015-05-18 00:00:00+00:00,21,11.0,11.0,5.666666666666667,28.0
28457823,freeCodeCamp/freeCodeCamp,2015-05-25/2015-05-31,25,170,2015-05-25 00:00:00+00:00,22,25.0,25.0,13.333333333333334,42.0
28457823,freeCodeCamp/freeCodeCamp,2015-06-01/2015-06-07,19,189,2015-06-01 00:00:00+00:00,23,19.0,19.0,18.333333333333332,59.0
28457823,freeCodeCamp/freeCodeCamp,2015-06-08/2015-06-14,13,202,2015-06-08 00:00:00+00:00,24,13.0,13.0,19.0,68.0
28457823,freeCodeCamp/freeCodeCamp,2015-06-15/2015-06-21,31,233,2015-06-15 00:00:00+00:00,25,31.0,31.0,21.0,88.0
28457823,freeCodeCamp/freeCodeCamp,2015-06-22/2015-06-28,651,884,2015-06-22 00:00:00+00:00,26,651.0,651.0,231.66666666666666,714.0
28457823,freeCodeCamp/freeCodeCamp,2015-06-29/2015-07-05,616,1500,2015-06-29 00:00:00+00:00,27,616.0,616.0,432.6666666666667,1311.0
29028775,react/react-native,2015-01-05/2015-01-11,1,1,2015-01-05 00:00:00+00:00,0,,,,
29028775,react/react-native,2015-01-19/2015-01-25,1,2,2015-01-19 00:00:00+00:00,1,1.0,1.0,,
29028775,react/react-native,2015-01-26/2015-02-01,49,51,2015-01-26 00:00:00+00:00,2,49.0,49.0,,
29028775,react/react-native,2015-02-02/2015-02-08,11,62,2015-02-02 00:00:00+00:00,3,11.0,11.0,20.333333333333332,
29028775,react/react-native,2015-02-09/2015-02-15,8,70,2015-02-09 00:00:00+00:00,4,8.0,8.0,22.666666666666668,69.0
29028775,react/react-native,2015-02-16/2015-02-22,5,75,2015-02-16 00:00:00+00:00,5,5.0,5.0,8.0,73.0
29028775,react/react-native,2015-02-23/2015-03-01,3,78,2015-02-23 00:00:00+00:00,6,3.0,3.0,5.333333333333333,27.0
29028775,react/react-native,2015-03-09/2015-03-15,3,81,2015-03-09 00:00:00+00:00,7,3.0,3.0,3.6666666666666665,19.0
29028775,react/react-native,2015-03-16/2015-03-22,2,83,2015-03-16 00:00:00+00:00,8,2.0,2.0,2.6666666666666665,13.0
29028775,react/react-native,2015-03-23/2015-03-29,1417,1500,2015-03-23 00:00:00+00:00,9,1417.0,1417.0,474.0,1425.0
32689863,3b1b/manim,2015-04-13/2015-04-19,2,2,2015-04-13 00:00:00+00:00,0,,,,
32689863,3b1b/manim,2015-07-27/2015-08-02,1,3,2015-07-27 00:00:00+00:00,1,1.0,1.0,,
32689863,3b1b/manim,2015-08-17/2015-08-23,1,4,2015-08-17 00:00:00+00:00,2,1.0,1.0,,
32689863,3b1b/manim,2015-08-31/2015-09-06,1,5,2015-08-31 00:00:00+00:00,3,1.0,1.0,1.0,
32689863,3b1b/manim,2015-09-28/2015-10-04,1,6,2015-09-28 00:00:00+00:00,4,1.0,1.0,1.0,4.0
32689863,3b1b/manim,2015-10-26/2015-11-01,1,7,2015-10-26 00:00:00+00:00,5,1.0,1.0,1.0,4.0
32689863,3b1b/manim,2015-11-16/2015-11-22,3,10,2015-11-16 00:00:00+00:00,6,3.0,3.0,1.6666666666666667,6.0
32689863,3b1b/manim,2015-11-23/2015-11-29,2,12,2015-11-23 00:00:00+00:00,7,2.0,2.0,2.0,7.0
32689863,3b1b/manim,2015-11-30/2015-12-06,2,14,2015-11-30 00:00:00+00:00,8,2.0,2.0,2.3333333333333335,8.0
32689863,3b1b/manim,2015-12-07/2015-12-13,4,18,2015-12-07 00:00:00+00:00,9,4.0,4.0,2.6666666666666665,11.0
32689863,3b1b/manim,2015-12-14/2015-12-20,1,19,2015-12-14 00:00:00+00:00,10,1.0,1.0,2.3333333333333335,9.0
32689863,3b1b/manim,2015-12-21/2015-12-27,1,20,2015-12-21 00:00:00+00:00,11,1.0,1.0,2.0,8.0
32689863,3b1b/manim,2016-01-11/2016-01-17,5,25,2016-01-11 00:00:00+00:00,12,5.0,5.0,2.3333333333333335,11.0
32689863,3b1b/manim,2016-01-18/2016-01-24,2,27,2016-01-18 00:00:00+00:00,13,2.0,2.0,2.6666666666666665,9.0
32689863,3b1b/manim,2016-01-25/2016-01-31,1,28,2016-01-25 00:00:00+00:00,14,1.0,1.0,2.6666666666666665,9.0
32689863,3b1b/manim,2016-02-01/2016-02-07,1,29,2016-02-01 00:00:00+00:00,15,1.0,1.0,1.3333333333333333,9.0
32689863,3b1b/manim,2016-02-15/2016-02-21,21,50,2016-02-15 00:00:00+00:00,16,21.0,21.0,7.666666666666667,25.0
32689863,3b1b/manim,2016-02-22/2016-02-28,6,56,2016-02-22 00:00:00+00:00,17,6.0,6.0,9.333333333333334,29.0
32689863,3b1b/manim,2016-02-29/2016-03-06,2,58,2016-02-29 00:00:00+00:00,18,2.0,2.0,9.666666666666666,30.0
32689863,3b1b/manim,2016-03-07/2016-03-13,2,60,2016-03-07 00:00:00+00:00,19,2.0,2.0,3.3333333333333335,31.0
32689863,3b1b/manim,2016-03-28/2016-04-03,5,65,2016-03-28 00:00:00+00:00,20,5.0,5.0,3.0,15.0
32689863,3b1b/manim,2016-04-04/2016-04-10,3,68,2016-04-04 00:00:00+00:00,21,3.0,3.0,3.3333333333333335,12.0
32689863,3b1b/manim,2016-04-11/2016-04-17,1,69,2016-04-11 00:00:00+00:00,22,1.0,1.0,3.0,11.0
32689863,3b1b/manim,2016-05-02/2016-05-08,1,70,2016-05-02 00:00:00+00:00,23,1.0,1.0,1.6666666666666667,10.0
32689863,3b1b/manim,2016-05-09/2016-05-15,1,71,2016-05-09 00:00:00+00:00,24,1.0,1.0,1.0,6.0
32689863,3b1b/manim,2016-05-16/2016-05-22,2,73,2016-05-16 00:00:00+00:00,25,2.0,2.0,1.3333333333333333,5.0
32689863,3b1b/manim,2016-05-23/2016-05-29,2,75,2016-05-23 00:00:00+00:00,26,2.0,2.0,1.6666666666666667,6.0
32689863,3b1b/manim,2016-05-30/2016-06-05,3,78,2016-05-30 00:00:00+00:00,27,3.0,3.0,2.3333333333333335,8.0
32689863,3b1b/manim,2016-06-06/2016-06-12,1,79,2016-06-06 00:00:00+00:00,28,1.0,1.0,2.0,8.0
32689863,3b1b/manim,2016-06-13/2016-06-19,2,81,2016-06-13 00:00:00+00:00,29,2.0,2.0,2.0,8.0
32689863,3b1b/manim,2016-06-20/2016-06-26,4,85,2016-06-20 00:00:00+00:00,30,4.0,4.0,2.3333333333333335,10.0
32689863,3b1b/manim,2016-07-11/2016-07-17,2,87,2016-07-11 00:00:00+00:00,31,2.0,2.0,2.6666666666666665,9.0
32689863,3b1b/manim,2016-07-18/2016-07-24,2,89,2016-07-18 00:00:00+00:00,32,2.0,2.0,2.6666666666666665,10.0
32689863,3b1b/manim,2016-07-25/2016-07-31,2,91,2016-07-25 00:00:00+00:00,33,2.0,2.0,2.0,10.0
32689863,3b1b/manim,2016-08-01/2016-08-07,25,116,2016-08-01 00:00:00+00:00,34,25.0,25.0,9.666666666666666,31.0
32689863,3b1b/manim,2016-08-08/2016-08-14,48,164,2016-08-08 00:00:00+00:00,35,48.0,48.0,25.0,77.0
32689863,3b1b/manim,2016-08-15/2016-08-21,17,181,2016-08-15 00:00:00+00:00,36,17.0,17.0,30.0,92.0
32689863,3b1b/manim,2016-08-22/2016-08-28,17,198,2016-08-22 00:00:00+00:00,37,17.0,17.0,27.333333333333332,107.0
32689863,3b1b/manim,2016-08-29/2016-09-04,11,209,2016-08-29 00:00:00+00:00,38,11.0,11.0,15.0,93.0
32689863,3b1b/manim,2016-09-05/2016-09-11,12,221,2016-09-05 00:00:00+00:00,39,12.0,12.0,13.333333333333334,57.0
32689863,3b1b/manim,2016-09-12/2016-09-18,8,229,2016-09-12 00:00:00+00:00,40,8.0,8.0,10.333333333333334,48.0
32689863,3b1b/manim,2016-09-19/2016-09-25,6,235,2016-09-19 00:00:00+00:00,41,6.0,6.0,8.666666666666666,37.0
32689863,3b1b/manim,2016-09-26/2016-10-02,9,244,2016-09-26 00:00:00+00:00,42,9.0,9.0,7.666666666666667,35.0
32689863,3b1b/manim,2016-10-03/2016-10-09,12,256,2016-10-03 00:00:00+00:00,43,12.0,12.0,9.0,35.0
32689863,3b1b/manim,2016-10-10/2016-10-16,4,260,2016-10-10 00:00:00+00:00,44,4.0,4.0,8.333333333333334,31.0
32689863,3b1b/manim,2016-10-17/2016-10-23,19,279,2016-10-17 00:00:00+00:00,45,19.0,19.0,11.666666666666666,44.0
32689863,3b1b/manim,2016-10-24/2016-10-30,9,288,2016-10-24 00:00:00+00:00,46,9.0,9.0,10.666666666666666,44.0
32689863,3b1b/manim,2016-10-31/2016-11-06,27,315,2016-10-31 00:00:00+00:00,47,27.0,27.0,18.333333333333332,59.0
32689863,3b1b/manim,2016-11-07/2016-11-13,22,337,2016-11-07 00:00:00+00:00,48,22.0,22.0,19.333333333333332,77.0
32689863,3b1b/manim,2016-11-14/2016-11-20,14,351,2016-11-14 00:00:00+00:00,49,14.0,14.0,21.0,72.0
32689863,3b1b/manim,2016-11-21/2016-11-27,21,372,2016-11-21 00:00:00+00:00,50,21.0,21.0,19.0,84.0
32689863,3b1b/manim,2016-11-28/2016-12-04,18,390,2016-11-28 00:00:00+00:00,51,18.0,18.0,17.666666666666668,75.0
32689863,3b1b/manim,2016-12-05/2016-12-11,19,409,2016-12-05 00:00:00+00:00,52,19.0,19.0,19.333333333333332,72.0
32689863,3b1b/manim,2016-12-12/2016-12-18,23,432,2016-12-12 00:00:00+00:00,53,23.0,23.0,20.0,81.0
32689863,3b1b/manim,2016-12-19/2016-12-25,16,448,2016-12-19 00:00:00+00:00,54,16.0,16.0,19.333333333333332,76.0
32689863,3b1b/manim,2016-12-26/2017-01-01,20,468,2016-12-26 00:00:00+00:00,55,20.0,20.0,19.666666666666668,78.0
32689863,3b1b/manim,2017-01-02/2017-01-08,25,493,2017-01-02 00:00:00+00:00,56,25.0,25.0,20.333333333333332,84.0
32689863,3b1b/manim,2017-01-09/2017-01-15,7,500,2017-01-09 00:00:00+00:00,57,7.0,7.0,17.333333333333332,68.0
32689863,3b1b/manim,2017-01-16/2017-01-22,11,511,2017-01-16 00:00:00+00:00,58,11.0,11.0,14.333333333333334,63.0
32689863,3b1b/manim,2017-01-23/2017-01-29,23,534,2017-01-23 00:00:00+00:00,59,23.0,23.0,13.666666666666666,66.0
32689863,3b1b/manim,2017-01-30/2017-02-05,24,558,2017-01-30 00:00:00+00:00,60,24.0,24.0,19.333333333333332,65.0
32689863,3b1b/manim,2017-02-06/2017-02-12,60,618,2017-02-06 00:00:00+00:00,61,60.0,60.0,35.666666666666664,118.0
32689863,3b1b/manim,2017-02-13/2017-02-19,37,655,2017-02-13 00:00:00+00:00,62,37.0,37.0,40.333333333333336,144.0
32689863,3b1b/manim,2017-02-20/2017-02-26,15,670,2017-02-20 00:00:00+00:00,63,15.0,15.0,37.333333333333336,136.0
32689863,3b1b/manim,2017-02-27/2017-03-05,22,692,2017-02-27 00:00:00+00:00,64,22.0,22.0,24.666666666666668,134.0
32689863,3b1b/manim,2017-03-06/2017-03-12,26,718,2017-03-06 00:00:00+00:00,65,26.0,26.0,21.0,100.0
32689863,3b1b/manim,2017-03-13/2017-03-19,20,738,2017-03-13 00:00:00+00:00,66,20.0,20.0,22.666666666666668,83.0
32689863,3b1b/manim,2017-03-20/2017-03-26,23,761,2017-03-20 00:00:00+00:00,67,23.0,23.0,23.0,91.0
32689863,3b1b/manim,2017-03-27/2017-04-02,27,788,2017-03-27 00:00:00+00:00,68,27.0,27.0,23.333333333333332,96.0
32689863,3b1b/manim,2017-04-03/2017-04-09,24,812,2017-04-03 00:00:00+00:00,69,24.0,24.0,24.666666666666668,94.0
32689863,3b1b/manim,2017-04-10/2017-04-16,24,836,2017-04-10 00:00:00+00:00,70,24.0,24.0,25.0,98.0
32689863,3b1b/manim,2017-04-17/2017-04-23,50,886,2017-04-17 00:00:00+00:00,71,50.0,50.0,32.666666666666664,125.0
32689863,3b1b/manim,2017-04-24/2017-04-30,33,919,2017-04-24 00:00:00+00:00,72,33.0,33.0,35.666666666666664,131.0
32689863,3b1b/manim,2017-05-01/2017-05-07,75,994,2017-05-01 00:00:00+00:00,73,75.0,75.0,52.666666666666664,182.0
32689863,3b1b/manim,2017-05-08/2017-05-14,74,1068,2017-05-08 00:00:00+00:00,74,74.0,74.0,60.666666666666664,232.0
32689863,3b1b/manim,2017-05-15/2017-05-21,37,1105,2017-05-15 00:00:00+00:00,75,37.0,37.0,62.0,219.0
32689863,3b1b/manim,2017-05-22/2017-05-28,36,1141,2017-05-22 00:00:00+00:00,76,36.0,36.0,49.0,222.0
32689863,3b1b/manim,2017-05-29/2017-06-04,25,1166,2017-05-29 00:00:00+00:00,77,25.0,25.0,32.666666666666664,172.0
32689863,3b1b/manim,2017-06-05/2017-06-11,16,1182,2017-06-05 00:00:00+00:00,78,16.0,16.0,25.666666666666668,114.0
32689863,3b1b/manim,2017-06-12/2017-06-18,25,1207,2017-06-12 00:00:00+00:00,79,25.0,25.0,22.0,102.0
32689863,3b1b/manim,2017-06-19/2017-06-25,16,1223,2017-06-19 00:00:00+00:00,80,16.0,16.0,19.0,82.0
32689863,3b1b/manim,2017-06-26/2017-07-02,16,1239,2017-06-26 00:00:00+00:00,81,16.0,16.0,19.0,73.0
32689863,3b1b/manim,2017-07-03/2017-07-09,35,1274,2017-07-03 00:00:00+00:00,82,35.0,35.0,22.333333333333332,92.0
32689863,3b1b/manim,2017-07-10/2017-07-16,30,1304,2017-07-10 00:00:00+00:00,83,30.0,30.0,27.0,97.0
32689863,3b1b/manim,2017-07-17/2017-07-23,33,1337,2017-07-17 00:00:00+00:00,84,33.0,33.0,32.666666666666664,114.0
32689863,3b1b/manim,2017-07-24/2017-07-30,25,1362,2017-07-24 00:00:00+00:00,85,25.0,25.0,29.333333333333332,123.0
32689863,3b1b/manim,2017-07-31/2017-08-06,28,1390,2017-07-31 00:00:00+00:00,86,28.0,28.0,28.666666666666668,116.0
32689863,3b1b/manim,2017-08-07/2017-08-13,38,1428,2017-08-07 00:00:00+00:00,87,38.0,38.0,30.333333333333332,124.0
32689863,3b1b/manim,2017-08-14/2017-08-20,29,1457,2017-08-14 00:00:00+00:00,88,29.0,29.0,31.666666666666668,120.0
32689863,3b1b/manim,2017-08-21/2017-08-27,19,1476,2017-08-21 00:00:00+00:00,89,19.0,19.0,28.666666666666668,114.0
32689863,3b1b/manim,2017-08-28/2017-09-03,24,1500,2017-08-28 00:00:00+00:00,90,24.0,24.0,24.0,110.0
33614304,nvbn/thefuck,2015-04-06/2015-04-12,3,3,2015-04-06 00:00:00+00:00,0,,,,
33614304,nvbn/thefuck,2015-04-13/2015-04-19,1497,1500,2015-04-13 00:00:00+00:00,1,1497.0,1497.0,,
33884891,apache/airflow,2015-06-01/2015-06-07,257,257,2015-06-01 00:00:00+00:00,0,,,,
33884891,apache/airflow,2015-06-08/2015-06-14,120,377,2015-06-08 00:00:00+00:00,1,120.0,120.0,,
33884891,apache/airflow,2015-06-15/2015-06-21,69,446,2015-06-15 00:00:00+00:00,2,69.0,69.0,,
33884891,apache/airflow,2015-06-22/2015-06-28,63,509,2015-06-22 00:00:00+00:00,3,63.0,63.0,84.0,
33884891,apache/airflow,2015-06-29/2015-07-05,28,537,2015-06-29 00:00:00+00:00,4,28.0,28.0,53.333333333333336,280.0
33884891,apache/airflow,2015-07-06/2015-07-12,34,571,2015-07-06 00:00:00+00:00,5,34.0,34.0,41.666666666666664,194.0
33884891,apache/airflow,2015-07-13/2015-07-19,31,602,2015-07-13 00:00:00+00:00,6,31.0,31.0,31.0,156.0
33884891,apache/airflow,2015-07-20/2015-07-26,21,623,2015-07-20 00:00:00+00:00,7,21.0,21.0,28.666666666666668,114.0
33884891,apache/airflow,2015-07-27/2015-08-02,24,647,2015-07-27 00:00:00+00:00,8,24.0,24.0,25.333333333333332,110.0
33884891,apache/airflow,2015-08-03/2015-08-09,11,658,2015-08-03 00:00:00+00:00,9,11.0,11.0,18.666666666666668,87.0
33884891,apache/airflow,2015-08-10/2015-08-16,14,672,2015-08-10 00:00:00+00:00,10,14.0,14.0,16.333333333333332,70.0
33884891,apache/airflow,2015-08-17/2015-08-23,35,707,2015-08-17 00:00:00+00:00,11,35.0,35.0,20.0,84.0
33884891,apache/airflow,2015-08-24/2015-08-30,18,725,2015-08-24 00:00:00+00:00,12,18.0,18.0,22.333333333333332,78.0
33884891,apache/airflow,2015-08-31/2015-09-06,71,796,2015-08-31 00:00:00+00:00,13,71.0,71.0,41.333333333333336,138.0
33884891,apache/airflow,2015-09-07/2015-09-13,81,877,2015-09-07 00:00:00+00:00,14,81.0,81.0,56.666666666666664,205.0
33884891,apache/airflow,2015-09-14/2015-09-20,63,940,2015-09-14 00:00:00+00:00,15,63.0,63.0,71.66666666666667,233.0
33884891,apache/airflow,2015-09-21/2015-09-27,63,1003,2015-09-21 00:00:00+00:00,16,63.0,63.0,69.0,278.0
33884891,apache/airflow,2015-09-28/2015-10-04,36,1039,2015-09-28 00:00:00+00:00,17,36.0,36.0,54.0,243.0
33884891,apache/airflow,2015-10-05/2015-10-11,32,1071,2015-10-05 00:00:00+00:00,18,32.0,32.0,43.666666666666664,194.0
33884891,apache/airflow,2015-10-12/2015-10-18,26,1097,2015-10-12 00:00:00+00:00,19,26.0,26.0,31.333333333333332,157.0
33884891,apache/airflow,2015-10-19/2015-10-25,26,1123,2015-10-19 00:00:00+00:00,20,26.0,26.0,28.0,120.0
33884891,apache/airflow,2015-10-26/2015-11-01,35,1158,2015-10-26 00:00:00+00:00,21,35.0,35.0,29.0,119.0
33884891,apache/airflow,2015-11-02/2015-11-08,36,1194,2015-11-02 00:00:00+00:00,22,36.0,36.0,32.333333333333336,123.0
33884891,apache/airflow,2015-11-09/2015-11-15,29,1223,2015-11-09 00:00:00+00:00,23,29.0,29.0,33.333333333333336,126.0
33884891,apache/airflow,2015-11-16/2015-11-22,27,1250,2015-11-16 00:00:00+00:00,24,27.0,27.0,30.666666666666668,127.0
33884891,apache/airflow,2015-11-23/2015-11-29,35,1285,2015-11-23 00:00:00+00:00,25,35.0,35.0,30.333333333333332,127.0
33884891,apache/airflow,2015-11-30/2015-12-06,37,1322,2015-11-30 00:00:00+00:00,26,37.0,37.0,33.0,128.0
33884891,apache/airflow,2015-12-07/2015-12-13,33,1355,2015-12-07 00:00:00+00:00,27,33.0,33.0,35.0,132.0
33884891,apache/airflow,2015-12-14/2015-12-20,43,1398,2015-12-14 00:00:00+00:00,28,43.0,43.0,37.666666666666664,148.0
33884891,apache/airflow,2015-12-21/2015-12-27,24,1422,2015-12-21 00:00:00+00:00,29,24.0,24.0,33.333333333333336,137.0
33884891,apache/airflow,2015-12-28/2016-01-03,26,1448,2015-12-28 00:00:00+00:00,30,26.0,26.0,31.0,126.0
33884891,apache/airflow,2016-01-04/2016-01-10,33,1481,2016-01-04 00:00:00+00:00,31,33.0,33.0,27.666666666666668,126.0
33884891,apache/airflow,2016-01-11/2016-01-17,19,1500,2016-01-11 00:00:00+00:00,32,19.0,19.0,26.0,102.0
34526884,ant-design/ant-design,2021-02-15/2021-02-21,1500,1500,2021-02-15 00:00:00+00:00,0,,,,
35866694,RocketChat/Rocket.Chat,2015-05-18/2015-05-24,4,4,2015-05-18 00:00:00+00:00,0,,,,
35866694,RocketChat/Rocket.Chat,2015-05-25/2015-05-31,689,693,2015-05-25 00:00:00+00:00,1,689.0,689.0,,
35866694,RocketChat/Rocket.Chat,2015-06-01/2015-06-07,807,1500,2015-06-01 00:00:00+00:00,2,807.0,807.0,,
39464018,apache/superset,2015-07-20/2015-07-26,11,11,2015-07-20 00:00:00+00:00,0,,,,
39464018,apache/superset,2015-07-27/2015-08-02,1,12,2015-07-27 00:00:00+00:00,1,1.0,1.0,,
39464018,apache/superset,2015-08-03/2015-08-09,2,14,2015-08-03 00:00:00+00:00,2,2.0,2.0,,
39464018,apache/superset,2015-08-24/2015-08-30,2,16,2015-08-24 00:00:00+00:00,3,2.0,2.0,1.6666666666666667,
39464018,apache/superset,2015-08-31/2015-09-06,3,19,2015-08-31 00:00:00+00:00,4,3.0,3.0,2.3333333333333335,8.0
39464018,apache/superset,2015-09-07/2015-09-13,5,24,2015-09-07 00:00:00+00:00,5,5.0,5.0,3.3333333333333335,12.0
39464018,apache/superset,2015-09-21/2015-09-27,1,25,2015-09-21 00:00:00+00:00,6,1.0,1.0,3.0,11.0
39464018,apache/superset,2015-09-28/2015-10-04,1,26,2015-09-28 00:00:00+00:00,7,1.0,1.0,2.3333333333333335,10.0
39464018,apache/superset,2015-10-12/2015-10-18,7,33,2015-10-12 00:00:00+00:00,8,7.0,7.0,3.0,14.0
39464018,apache/superset,2015-10-19/2015-10-25,5,38,2015-10-19 00:00:00+00:00,9,5.0,5.0,4.333333333333333,14.0
39464018,apache/superset,2015-10-26/2015-11-01,1,39,2015-10-26 00:00:00+00:00,10,1.0,1.0,4.333333333333333,14.0
39464018,apache/superset,2015-11-02/2015-11-08,4,43,2015-11-02 00:00:00+00:00,11,4.0,4.0,3.3333333333333335,17.0
39464018,apache/superset,2015-11-09/2015-11-15,6,49,2015-11-09 00:00:00+00:00,12,6.0,6.0,3.6666666666666665,16.0
39464018,apache/superset,2015-11-16/2015-11-22,3,52,2015-11-16 00:00:00+00:00,13,3.0,3.0,4.333333333333333,14.0
39464018,apache/superset,2015-11-23/2015-11-29,6,58,2015-11-23 00:00:00+00:00,14,6.0,6.0,5.0,19.0
39464018,apache/superset,2015-11-30/2015-12-06,7,65,2015-11-30 00:00:00+00:00,15,7.0,7.0,5.333333333333333,22.0
39464018,apache/superset,2015-12-07/2015-12-13,4,69,2015-12-07 00:00:00+00:00,16,4.0,4.0,5.666666666666667,20.0
39464018,apache/superset,2015-12-14/2015-12-20,2,71,2015-12-14 00:00:00+00:00,17,2.0,2.0,4.333333333333333,19.0
39464018,apache/superset,2015-12-21/2015-12-27,1,72,2015-12-21 00:00:00+00:00,18,1.0,1.0,2.3333333333333335,14.0
39464018,apache/superset,2015-12-28/2016-01-03,2,74,2015-12-28 00:00:00+00:00,19,2.0,2.0,1.6666666666666667,9.0
39464018,apache/superset,2016-01-04/2016-01-10,5,79,2016-01-04 00:00:00+00:00,20,5.0,5.0,2.6666666666666665,10.0
39464018,apache/superset,2016-01-11/2016-01-17,5,84,2016-01-11 00:00:00+00:00,21,5.0,5.0,4.0,13.0
39464018,apache/superset,2016-01-18/2016-01-24,4,88,2016-01-18 00:00:00+00:00,22,4.0,4.0,4.666666666666667,16.0
39464018,apache/superset,2016-01-25/2016-01-31,4,92,2016-01-25 00:00:00+00:00,23,4.0,4.0,4.333333333333333,18.0
39464018,apache/superset,2016-02-01/2016-02-07,5,97,2016-02-01 00:00:00+00:00,24,5.0,5.0,4.333333333333333,18.0
39464018,apache/superset,2016-02-08/2016-02-14,3,100,2016-02-08 00:00:00+00:00,25,3.0,3.0,4.0,16.0
39464018,apache/superset,2016-02-15/2016-02-21,7,107,2016-02-15 00:00:00+00:00,26,7.0,7.0,5.0,19.0
39464018,apache/superset,2016-02-22/2016-02-28,11,118,2016-02-22 00:00:00+00:00,27,11.0,11.0,7.0,26.0
39464018,apache/superset,2016-02-29/2016-03-06,7,125,2016-02-29 00:00:00+00:00,28,7.0,7.0,8.333333333333334,28.0
39464018,apache/superset,2016-03-07/2016-03-13,17,142,2016-03-07 00:00:00+00:00,29,17.0,17.0,11.666666666666666,42.0
39464018,apache/superset,2016-03-14/2016-03-20,20,162,2016-03-14 00:00:00+00:00,30,20.0,20.0,14.666666666666666,55.0
39464018,apache/superset,2016-03-21/2016-03-27,23,185,2016-03-21 00:00:00+00:00,31,23.0,23.0,20.0,67.0
39464018,apache/superset,2016-03-28/2016-04-03,1315,1500,2016-03-28 00:00:00+00:00,32,1315.0,1315.0,452.6666666666667,1375.0
43441403,strapi/strapi,2015-09-28/2015-10-04,15,15,2015-09-28 00:00:00+00:00,0,,,,
43441403,strapi/strapi,2015-10-05/2015-10-11,15,30,2015-10-05 00:00:00+00:00,1,15.0,15.0,,
43441403,strapi/strapi,2015-10-12/2015-10-18,12,42,2015-10-12 00:00:00+00:00,2,12.0,12.0,,
43441403,strapi/strapi,2015-10-19/2015-10-25,5,47,2015-10-19 00:00:00+00:00,3,5.0,5.0,10.666666666666666,
43441403,strapi/strapi,2015-10-26/2015-11-01,10,57,2015-10-26 00:00:00+00:00,4,10.0,10.0,9.0,42.0
43441403,strapi/strapi,2015-11-02/2015-11-08,3,60,2015-11-02 00:00:00+00:00,5,3.0,3.0,6.0,30.0
43441403,strapi/strapi,2015-11-09/2015-11-15,2,62,2015-11-09 00:00:00+00:00,6,2.0,2.0,5.0,20.0
43441403,strapi/strapi,2015-11-16/2015-11-22,8,70,2015-11-16 00:00:00+00:00,7,8.0,8.0,4.333333333333333,23.0
43441403,strapi/strapi,2015-11-23/2015-11-29,6,76,2015-11-23 00:00:00+00:00,8,6.0,6.0,5.333333333333333,19.0
43441403,strapi/strapi,2015-11-30/2015-12-06,8,84,2015-11-30 00:00:00+00:00,9,8.0,8.0,7.333333333333333,24.0
43441403,strapi/strapi,2015-12-07/2015-12-13,9,93,2015-12-07 00:00:00+00:00,10,9.0,9.0,7.666666666666667,31.0
43441403,strapi/strapi,2015-12-14/2015-12-20,48,141,2015-12-14 00:00:00+00:00,11,48.0,48.0,21.666666666666668,71.0
43441403,strapi/strapi,2015-12-21/2015-12-27,23,164,2015-12-21 00:00:00+00:00,12,23.0,23.0,26.666666666666668,88.0
43441403,strapi/strapi,2015-12-28/2016-01-03,7,171,2015-12-28 00:00:00+00:00,13,7.0,7.0,26.0,87.0
43441403,strapi/strapi,2016-01-04/2016-01-10,12,183,2016-01-04 00:00:00+00:00,14,12.0,12.0,14.0,90.0
43441403,strapi/strapi,2016-01-11/2016-01-17,8,191,2016-01-11 00:00:00+00:00,15,8.0,8.0,9.0,50.0
43441403,strapi/strapi,2016-01-18/2016-01-24,12,203,2016-01-18 00:00:00+00:00,16,12.0,12.0,10.666666666666666,39.0
43441403,strapi/strapi,2016-01-25/2016-01-31,11,214,2016-01-25 00:00:00+00:00,17,11.0,11.0,10.333333333333334,43.0
43441403,strapi/strapi,2016-02-01/2016-02-07,13,227,2016-02-01 00:00:00+00:00,18,13.0,13.0,12.0,44.0
43441403,strapi/strapi,2016-02-08/2016-02-14,4,231,2016-02-08 00:00:00+00:00,19,4.0,4.0,9.333333333333334,40.0
43441403,strapi/strapi,2016-02-15/2016-02-21,22,253,2016-02-15 00:00:00+00:00,20,22.0,22.0,13.0,50.0
43441403,strapi/strapi,2016-02-22/2016-02-28,6,259,2016-02-22 00:00:00+00:00,21,6.0,6.0,10.666666666666666,45.0
43441403,strapi/strapi,2016-02-29/2016-03-06,53,312,2016-02-29 00:00:00+00:00,22,53.0,53.0,27.0,85.0
43441403,strapi/strapi,2016-03-07/2016-03-13,25,337,2016-03-07 00:00:00+00:00,23,25.0,25.0,28.0,106.0
43441403,strapi/strapi,2016-03-14/2016-03-20,13,350,2016-03-14 00:00:00+00:00,24,13.0,13.0,30.333333333333332,97.0
43441403,strapi/strapi,2016-03-21/2016-03-27,7,357,2016-03-21 00:00:00+00:00,25,7.0,7.0,15.0,98.0
43441403,strapi/strapi,2016-03-28/2016-04-03,10,367,2016-03-28 00:00:00+00:00,26,10.0,10.0,10.0,55.0
43441403,strapi/strapi,2016-04-04/2016-04-10,23,390,2016-04-04 00:00:00+00:00,27,23.0,23.0,13.333333333333334,53.0
43441403,strapi/strapi,2016-04-11/2016-04-17,15,405,2016-04-11 00:00:00+00:00,28,15.0,15.0,16.0,55.0
43441403,strapi/strapi,2016-04-18/2016-04-24,11,416,2016-04-18 00:00:00+00:00,29,11.0,11.0,16.333333333333332,59.0
43441403,strapi/strapi,2016-04-25/2016-05-01,7,423,2016-04-25 00:00:00+00:00,30,7.0,7.0,11.0,56.0
43441403,strapi/strapi,2016-05-02/2016-05-08,13,436,2016-05-02 00:00:00+00:00,31,13.0,13.0,10.333333333333334,46.0
43441403,strapi/strapi,2016-05-09/2016-05-15,22,458,2016-05-09 00:00:00+00:00,32,22.0,22.0,14.0,53.0
43441403,strapi/strapi,2016-05-16/2016-05-22,9,467,2016-05-16 00:00:00+00:00,33,9.0,9.0,14.666666666666666,51.0
43441403,strapi/strapi,2016-05-23/2016-05-29,8,475,2016-05-23 00:00:00+00:00,34,8.0,8.0,13.0,52.0
43441403,strapi/strapi,2016-05-30/2016-06-05,1,476,2016-05-30 00:00:00+00:00,35,1.0,1.0,6.0,40.0
43441403,strapi/strapi,2016-06-06/2016-06-12,18,494,2016-06-06 00:00:00+00:00,36,18.0,18.0,9.0,36.0
43441403,strapi/strapi,2016-06-13/2016-06-19,12,506,2016-06-13 00:00:00+00:00,37,12.0,12.0,10.333333333333334,39.0
43441403,strapi/strapi,2016-06-20/2016-06-26,13,519,2016-06-20 00:00:00+00:00,38,13.0,13.0,14.333333333333334,44.0
43441403,strapi/strapi,2016-06-27/2016-07-03,7,526,2016-06-27 00:00:00+00:00,39,7.0,7.0,10.666666666666666,50.0
43441403,strapi/strapi,2016-07-04/2016-07-10,5,531,2016-07-04 00:00:00+00:00,40,5.0,5.0,8.333333333333334,37.0
43441403,strapi/strapi,2016-07-11/2016-07-17,11,542,2016-07-11 00:00:00+00:00,41,11.0,11.0,7.666666666666667,36.0
43441403,strapi/strapi,2016-07-18/2016-07-24,6,548,2016-07-18 00:00:00+00:00,42,6.0,6.0,7.333333333333333,29.0
43441403,strapi/strapi,2016-07-25/2016-07-31,6,554,2016-07-25 00:00:00+00:00,43,6.0,6.0,7.666666666666667,28.0
43441403,strapi/strapi,2016-08-01/2016-08-07,10,564,2016-08-01 00:00:00+00:00,44,10.0,10.0,7.333333333333333,33.0
43441403,strapi/strapi,2016-08-08/2016-08-14,2,566,2016-08-08 00:00:00+00:00,45,2.0,2.0,6.0,24.0
45717250,tensorflow/tensorflow,2015-11-09/2015-11-15,1500,1500,2015-11-09 00:00:00+00:00,0,,,,
47018239,DopplerHQ/awesome-interview-questions,2015-11-23/2015-11-29,566,566,2015-11-23 00:00:00+00:00,0,,,,
47018239,DopplerHQ/awesome-interview-questions,2015-11-30/2015-12-06,934,1500,2015-11-30 00:00:00+00:00,1,934.0,934.0,,
54173593,storybookjs/storybook,2016-03-21/2016-03-27,12,12,2016-03-21 00:00:00+00:00,0,,,,
54173593,storybookjs/storybook,2016-03-28/2016-04-03,1488,1500,2016-03-28 00:00:00+00:00,1,1488.0,1488.0,,
58028038,521xueweihan/HelloGitHub,2016-05-02/2016-05-08,2,2,2016-05-02 00:00:00+00:00,0,,,,
58028038,521xueweihan/HelloGitHub,2016-05-23/2016-05-29,18,20,2016-05-23 00:00:00+00:00,1,18.0,18.0,,
58028038,521xueweihan/HelloGitHub,2016-06-27/2016-07-03,4,24,2016-06-27 00:00:00+00:00,2,4.0,4.0,,
58028038,521xueweihan/HelloGitHub,2016-07-25/2016-07-31,31,55,2016-07-25 00:00:00+00:00,3,31.0,31.0,17.666666666666668,
58028038,521xueweihan/HelloGitHub,2016-08-01/2016-08-07,9,64,2016-08-01 00:00:00+00:00,4,9.0,9.0,14.666666666666666,62.0
58028038,521xueweihan/HelloGitHub,2016-08-22/2016-08-28,24,88,2016-08-22 00:00:00+00:00,5,24.0,24.0,21.333333333333332,68.0
58028038,521xueweihan/HelloGitHub,2016-08-29/2016-09-04,7,95,2016-08-29 00:00:00+00:00,6,7.0,7.0,13.333333333333334,71.0
58028038,521xueweihan/HelloGitHub,2016-09-05/2016-09-11,22,117,2016-09-05 00:00:00+00:00,7,22.0,22.0,17.666666666666668,62.0
58028038,521xueweihan/HelloGitHub,2016-09-12/2016-09-18,2,119,2016-09-12 00:00:00+00:00,8,2.0,2.0,10.333333333333334,55.0
58028038,521xueweihan/HelloGitHub,2016-09-19/2016-09-25,2,121,2016-09-19 00:00:00+00:00,9,2.0,2.0,8.666666666666666,33.0
58028038,521xueweihan/HelloGitHub,2016-09-26/2016-10-02,74,195,2016-09-26 00:00:00+00:00,10,74.0,74.0,26.0,100.0
58028038,521xueweihan/HelloGitHub,2016-10-03/2016-10-09,12,207,2016-10-03 00:00:00+00:00,11,12.0,12.0,29.333333333333332,90.0
58028038,521xueweihan/HelloGitHub,2016-10-10/2016-10-16,6,213,2016-10-10 00:00:00+00:00,12,6.0,6.0,30.666666666666668,94.0
58028038,521xueweihan/HelloGitHub,2016-10-17/2016-10-23,5,218,2016-10-17 00:00:00+00:00,13,5.0,5.0,7.666666666666667,97.0
58028038,521xueweihan/HelloGitHub,2016-10-24/2016-10-30,3,221,2016-10-24 00:00:00+00:00,14,3.0,3.0,4.666666666666667,26.0
58028038,521xueweihan/HelloGitHub,2016-10-31/2016-11-06,20,241,2016-10-31 00:00:00+00:00,15,20.0,20.0,9.333333333333334,34.0
58028038,521xueweihan/HelloGitHub,2016-11-07/2016-11-13,3,244,2016-11-07 00:00:00+00:00,16,3.0,3.0,8.666666666666666,31.0
58028038,521xueweihan/HelloGitHub,2016-11-14/2016-11-20,1,245,2016-11-14 00:00:00+00:00,17,1.0,1.0,8.0,27.0
58028038,521xueweihan/HelloGitHub,2016-11-21/2016-11-27,1,246,2016-11-21 00:00:00+00:00,18,1.0,1.0,1.6666666666666667,25.0
58028038,521xueweihan/HelloGitHub,2016-11-28/2016-12-04,67,313,2016-11-28 00:00:00+00:00,19,67.0,67.0,23.0,72.0
58028038,521xueweihan/HelloGitHub,2016-12-05/2016-12-11,5,318,2016-12-05 00:00:00+00:00,20,5.0,5.0,24.333333333333332,74.0
58028038,521xueweihan/HelloGitHub,2016-12-12/2016-12-18,4,322,2016-12-12 00:00:00+00:00,21,4.0,4.0,25.333333333333332,77.0
58028038,521xueweihan/HelloGitHub,2016-12-19/2016-12-25,4,326,2016-12-19 00:00:00+00:00,22,4.0,4.0,4.333333333333333,80.0
58028038,521xueweihan/HelloGitHub,2016-12-26/2017-01-01,25,351,2016-12-26 00:00:00+00:00,23,25.0,25.0,11.0,38.0
58028038,521xueweihan/HelloGitHub,2017-01-02/2017-01-08,7,358,2017-01-02 00:00:00+00:00,24,7.0,7.0,12.0,40.0
58028038,521xueweihan/HelloGitHub,2017-01-09/2017-01-15,1,359,2017-01-09 00:00:00+00:00,25,1.0,1.0,11.0,37.0
58028038,521xueweihan/HelloGitHub,2017-01-16/2017-01-22,2,361,2017-01-16 00:00:00+00:00,26,2.0,2.0,3.3333333333333335,35.0
58028038,521xueweihan/HelloGitHub,2017-01-23/2017-01-29,4,365,2017-01-23 00:00:00+00:00,27,4.0,4.0,2.3333333333333335,14.0
58028038,521xueweihan/HelloGitHub,2017-01-30/2017-02-05,27,392,2017-01-30 00:00:00+00:00,28,27.0,27.0,11.0,34.0
58028038,521xueweihan/HelloGitHub,2017-02-06/2017-02-12,13,405,2017-02-06 00:00:00+00:00,29,13.0,13.0,14.666666666666666,46.0
58028038,521xueweihan/HelloGitHub,2017-02-13/2017-02-19,6,411,2017-02-13 00:00:00+00:00,30,6.0,6.0,15.333333333333334,50.0
58028038,521xueweihan/HelloGitHub,2017-02-20/2017-02-26,3,414,2017-02-20 00:00:00+00:00,31,3.0,3.0,7.333333333333333,49.0
58028038,521xueweihan/HelloGitHub,2017-02-27/2017-03-05,101,515,2017-02-27 00:00:00+00:00,32,101.0,101.0,36.666666666666664,123.0
58028038,521xueweihan/HelloGitHub,2017-03-06/2017-03-12,7,522,2017-03-06 00:00:00+00:00,33,7.0,7.0,37.0,117.0
58028038,521xueweihan/HelloGitHub,2017-03-13/2017-03-19,8,530,2017-03-13 00:00:00+00:00,34,8.0,8.0,38.666666666666664,119.0
58028038,521xueweihan/HelloGitHub,2017-03-20/2017-03-26,2,532,2017-03-20 00:00:00+00:00,35,2.0,2.0,5.666666666666667,118.0
58028038,521xueweihan/HelloGitHub,2017-03-27/2017-04-02,336,868,2017-03-27 00:00:00+00:00,36,336.0,336.0,115.33333333333333,353.0
58028038,521xueweihan/HelloGitHub,2017-04-03/2017-04-09,375,1243,2017-04-03 00:00:00+00:00,37,375.0,375.0,237.66666666666666,721.0
58028038,521xueweihan/HelloGitHub,2017-04-10/2017-04-16,37,1280,2017-04-10 00:00:00+00:00,38,37.0,37.0,249.33333333333334,750.0
58028038,521xueweihan/HelloGitHub,2017-04-17/2017-04-23,25,1305,2017-04-17 00:00:00+00:00,39,25.0,25.0,145.66666666666666,773.0
58028038,521xueweihan/HelloGitHub,2017-04-24/2017-04-30,52,1357,2017-04-24 00:00:00+00:00,40,52.0,52.0,38.0,489.0
58028038,521xueweihan/HelloGitHub,2017-05-01/2017-05-07,15,1372,2017-05-01 00:00:00+00:00,41,15.0,15.0,30.666666666666668,129.0
58028038,521xueweihan/HelloGitHub,2017-05-08/2017-05-14,10,1382,2017-05-08 00:00:00+00:00,42,10.0,10.0,25.666666666666668,102.0
58028038,521xueweihan/HelloGitHub,2017-05-15/2017-05-21,8,1390,2017-05-15 00:00:00+00:00,43,8.0,8.0,11.0,85.0
58028038,521xueweihan/HelloGitHub,2017-05-22/2017-05-28,12,1402,2017-05-22 00:00:00+00:00,44,12.0,12.0,10.0,45.0
58028038,521xueweihan/HelloGitHub,2017-05-29/2017-06-04,98,1500,2017-05-29 00:00:00+00:00,45,98.0,98.0,39.333333333333336,128.0
61893399,brillout/awesome-react-components,2016-06-20/2016-06-26,2,2,2016-06-20 00:00:00+00:00,0,,,,
61893399,brillout/awesome-react-components,2016-07-04/2016-07-10,78,80,2016-07-04 00:00:00+00:00,1,78.0,78.0,,
61893399,brillout/awesome-react-components,2016-07-11/2016-07-17,8,88,2016-07-11 00:00:00+00:00,2,8.0,8.0,,
61893399,brillout/awesome-react-components,2016-07-18/2016-07-24,4,92,2016-07-18 00:00:00+00:00,3,4.0,4.0,30.0,
61893399,brillout/awesome-react-components,2016-08-01/2016-08-07,4,96,2016-08-01 00:00:00+00:00,4,4.0,4.0,5.333333333333333,94.0
61893399,brillout/awesome-react-components,2016-08-08/2016-08-14,3,99,2016-08-08 00:00:00+00:00,5,3.0,3.0,3.6666666666666665,19.0
61893399,brillout/awesome-react-components,2016-08-15/2016-08-21,65,164,2016-08-15 00:00:00+00:00,6,65.0,65.0,24.0,76.0
61893399,brillout/awesome-react-components,2016-08-22/2016-08-28,19,183,2016-08-22 00:00:00+00:00,7,19.0,19.0,29.0,91.0
61893399,brillout/awesome-react-components,2016-08-29/2016-09-04,1317,1500,2016-08-29 00:00:00+00:00,8,1317.0,1317.0,467.0,1404.0
62367558,vercel/hyper,2016-06-27/2016-07-03,31,31,2016-06-27 00:00:00+00:00,0,,,,
62367558,vercel/hyper,2016-07-04/2016-07-10,163,194,2016-07-04 00:00:00+00:00,1,163.0,163.0,,
62367558,vercel/hyper,2016-07-11/2016-07-17,1306,1500,2016-07-11 00:00:00+00:00,2,1306.0,1306.0,,
63476337,TheAlgorithms/Python,2016-07-25/2016-07-31,109,109,2016-07-25 00:00:00+00:00,0,,,,
63476337,TheAlgorithms/Python,2016-08-01/2016-08-07,114,223,2016-08-01 00:00:00+00:00,1,114.0,114.0,,
63476337,TheAlgorithms/Python,2016-08-08/2016-08-14,16,239,2016-08-08 00:00:00+00:00,2,16.0,16.0,,
63476337,TheAlgorithms/Python,2016-08-15/2016-08-21,15,254,2016-08-15 00:00:00+00:00,3,15.0,15.0,48.333333333333336,
63476337,TheAlgorithms/Python,2016-08-22/2016-08-28,10,264,2016-08-22 00:00:00+00:00,4,10.0,10.0,13.666666666666666,155.0
63476337,TheAlgorithms/Python,2016-08-29/2016-09-04,22,286,2016-08-29 00:00:00+00:00,5,22.0,22.0,15.666666666666666,63.0
63476337,TheAlgorithms/Python,2016-09-05/2016-09-11,27,313,2016-09-05 00:00:00+00:00,6,27.0,27.0,19.666666666666668,74.0
63476337,TheAlgorithms/Python,2016-09-12/2016-09-18,9,322,2016-09-12 00:00:00+00:00,7,9.0,9.0,19.333333333333332,68.0
63476337,TheAlgorithms/Python,2016-09-19/2016-09-25,12,334,2016-09-19 00:00:00+00:00,8,12.0,12.0,16.0,70.0
63476337,TheAlgorithms/Python,2016-09-26/2016-10-02,14,348,2016-09-26 00:00:00+00:00,9,14.0,14.0,11.666666666666666,62.0
63476337,TheAlgorithms/Python,2016-10-03/2016-10-09,20,368,2016-10-03 00:00:00+00:00,10,20.0,20.0,15.333333333333334,55.0
63476337,TheAlgorithms/Python,2016-10-10/2016-10-16,15,383,2016-10-10 00:00:00+00:00,11,15.0,15.0,16.333333333333332,61.0
63476337,TheAlgorithms/Python,2016-10-17/2016-10-23,14,397,2016-10-17 00:00:00+00:00,12,14.0,14.0,16.333333333333332,63.0
63476337,TheAlgorithms/Python,2016-10-24/2016-10-30,14,411,2016-10-24 00:00:00+00:00,13,14.0,14.0,14.333333333333334,63.0
63476337,TheAlgorithms/Python,2016-10-31/2016-11-06,17,428,2016-10-31 00:00:00+00:00,14,17.0,17.0,15.0,60.0
63476337,TheAlgorithms/Python,2016-11-07/2016-11-13,16,444,2016-11-07 00:00:00+00:00,15,16.0,16.0,15.666666666666666,61.0
63476337,TheAlgorithms/Python,2016-11-14/2016-11-20,12,456,2016-11-14 00:00:00+00:00,16,12.0,12.0,15.0,59.0
63476337,TheAlgorithms/Python,2016-11-21/2016-11-27,17,473,2016-11-21 00:00:00+00:00,17,17.0,17.0,15.0,62.0
63476337,TheAlgorithms/Python,2016-11-28/2016-12-04,11,484,2016-11-28 00:00:00+00:00,18,11.0,11.0,13.333333333333334,56.0
63476337,TheAlgorithms/Python,2016-12-05/2016-12-11,12,496,2016-12-05 00:00:00+00:00,19,12.0,12.0,13.333333333333334,52.0
63476337,TheAlgorithms/Python,2016-12-12/2016-12-18,19,515,2016-12-12 00:00:00+00:00,20,19.0,19.0,14.0,59.0
63476337,TheAlgorithms/Python,2016-12-19/2016-12-25,22,537,2016-12-19 00:00:00+00:00,21,22.0,22.0,17.666666666666668,64.0
63476337,TheAlgorithms/Python,2016-12-26/2017-01-01,10,547,2016-12-26 00:00:00+00:00,22,10.0,10.0,17.0,63.0
63476337,TheAlgorithms/Python,2017-01-02/2017-01-08,12,559,2017-01-02 00:00:00+00:00,23,12.0,12.0,14.666666666666666,63.0
63476337,TheAlgorithms/Python,2017-01-09/2017-01-15,19,578,2017-01-09 00:00:00+00:00,24,19.0,19.0,13.666666666666666,63.0
63476337,TheAlgorithms/Python,2017-01-16/2017-01-22,10,588,2017-01-16 00:00:00+00:00,25,10.0,10.0,13.666666666666666,51.0
63476337,TheAlgorithms/Python,2017-01-23/2017-01-29,15,603,2017-01-23 00:00:00+00:00,26,15.0,15.0,14.666666666666666,56.0
63476337,TheAlgorithms/Python,2017-01-30/2017-02-05,11,614,2017-01-30 00:00:00+00:00,27,11.0,11.0,12.0,55.0
63476337,TheAlgorithms/Python,2017-02-06/2017-02-12,12,626,2017-02-06 00:00:00+00:00,28,12.0,12.0,12.666666666666666,48.0
63476337,TheAlgorithms/Python,2017-02-13/2017-02-19,13,639,2017-02-13 00:00:00+00:00,29,13.0,13.0,12.0,51.0
63476337,TheAlgorithms/Python,2017-02-20/2017-02-26,17,656,2017-02-20 00:00:00+00:00,30,17.0,17.0,14.0,53.0
63476337,TheAlgorithms/Python,2017-02-27/2017-03-05,17,673,2017-02-27 00:00:00+00:00,31,17.0,17.0,15.666666666666666,59.0
63476337,TheAlgorithms/Python,2017-03-06/2017-03-12,31,704,2017-03-06 00:00:00+00:00,32,31.0,31.0,21.666666666666668,78.0
63476337,TheAlgorithms/Python,2017-03-13/2017-03-19,32,736,2017-03-13 00:00:00+00:00,33,32.0,32.0,26.666666666666668,97.0
63476337,TheAlgorithms/Python,2017-03-20/2017-03-26,24,760,2017-03-20 00:00:00+00:00,34,24.0,24.0,29.0,104.0
63476337,TheAlgorithms/Python,2017-03-27/2017-04-02,26,786,2017-03-27 00:00:00+00:00,35,26.0,26.0,27.333333333333332,113.0
63476337,TheAlgorithms/Python,2017-04-03/2017-04-09,16,802,2017-04-03 00:00:00+00:00,36,16.0,16.0,22.0,98.0
63476337,TheAlgorithms/Python,2017-04-10/2017-04-16,15,817,2017-04-10 00:00:00+00:00,37,15.0,15.0,19.0,81.0
63476337,TheAlgorithms/Python,2017-04-17/2017-04-23,25,842,2017-04-17 00:00:00+00:00,38,25.0,25.0,18.666666666666668,82.0
63476337,TheAlgorithms/Python,2017-04-24/2017-04-30,17,859,2017-04-24 00:00:00+00:00,39,17.0,17.0,19.0,73.0
63476337,TheAlgorithms/Python,2017-05-01/2017-05-07,27,886,2017-05-01 00:00:00+00:00,40,27.0,27.0,23.0,84.0
63476337,TheAlgorithms/Python,2017-05-08/2017-05-14,17,903,2017-05-08 00:00:00+00:00,41,17.0,17.0,20.333333333333332,86.0
63476337,TheAlgorithms/Python,2017-05-15/2017-05-21,21,924,2017-05-15 00:00:00+00:00,42,21.0,21.0,21.666666666666668,82.0
63476337,TheAlgorithms/Python,2017-05-22/2017-05-28,23,947,2017-05-22 00:00:00+00:00,43,23.0,23.0,20.333333333333332,88.0
63476337,TheAlgorithms/Python,2017-05-29/2017-06-04,27,974,2017-05-29 00:00:00+00:00,44,27.0,27.0,23.666666666666668,88.0
63476337,TheAlgorithms/Python,2017-06-05/2017-06-11,29,1003,2017-06-05 00:00:00+00:00,45,29.0,29.0,26.333333333333332,100.0
63476337,TheAlgorithms/Python,2017-06-12/2017-06-18,22,1025,2017-06-12 00:00:00+00:00,46,22.0,22.0,26.0,101.0
63476337,TheAlgorithms/Python,2017-06-19/2017-06-25,35,1060,2017-06-19 00:00:00+00:00,47,35.0,35.0,28.666666666666668,113.0
63476337,TheAlgorithms/Python,2017-06-26/2017-07-02,20,1080,2017-06-26 00:00:00+00:00,48,20.0,20.0,25.666666666666668,106.0
63476337,TheAlgorithms/Python,2017-07-03/2017-07-09,27,1107,2017-07-03 00:00:00+00:00,49,27.0,27.0,27.333333333333332,104.0
63476337,TheAlgorithms/Python,2017-07-10/2017-07-16,32,1139,2017-07-10 00:00:00+00:00,50,32.0,32.0,26.333333333333332,114.0
63476337,TheAlgorithms/Python,2017-07-17/2017-07-23,23,1162,2017-07-17 00:00:00+00:00,51,23.0,23.0,27.333333333333332,102.0
63476337,TheAlgorithms/Python,2017-07-24/2017-07-30,25,1187,2017-07-24 00:00:00+00:00,52,25.0,25.0,26.666666666666668,107.0
63476337,TheAlgorithms/Python,2017-07-31/2017-08-06,37,1224,2017-07-31 00:00:00+00:00,53,37.0,37.0,28.333333333333332,117.0
63476337,TheAlgorithms/Python,2017-08-07/2017-08-13,40,1264,2017-08-07 00:00:00+00:00,54,40.0,40.0,34.0,125.0
63476337,TheAlgorithms/Python,2017-08-14/2017-08-20,38,1302,2017-08-14 00:00:00+00:00,55,38.0,38.0,38.333333333333336,140.0
63476337,TheAlgorithms/Python,2017-08-21/2017-08-27,36,1338,2017-08-21 00:00:00+00:00,56,36.0,36.0,38.0,151.0
63476337,TheAlgorithms/Python,2017-08-28/2017-09-03,34,1372,2017-08-28 00:00:00+00:00,57,34.0,34.0,36.0,148.0
63476337,TheAlgorithms/Python,2017-09-04/2017-09-10,38,1410,2017-09-04 00:00:00+00:00,58,38.0,38.0,36.0,146.0
63476337,TheAlgorithms/Python,2017-09-11/2017-09-17,45,1455,2017-09-11 00:00:00+00:00,59,45.0,45.0,39.0,153.0
63476337,TheAlgorithms/Python,2017-09-18/2017-09-24,37,1492,2017-09-18 00:00:00+00:00,60,37.0,37.0,40.0,154.0
63476337,TheAlgorithms/Python,2017-09-25/2017-10-01,8,1500,2017-09-25 00:00:00+00:00,61,8.0,8.0,30.0,128.0
63537249,react/create-react-app,2016-07-11/2016-07-17,1,1,2016-07-11 00:00:00+00:00,0,,,,
63537249,react/create-react-app,2016-07-18/2016-07-24,1499,1500,2016-07-18 00:00:00+00:00,1,1499.0,1499.0,,
65388917,jakevdp/PythonDataScienceHandbook,2016-08-08/2016-08-14,9,9,2016-08-08 00:00:00+00:00,0,,,,
65388917,jakevdp/PythonDataScienceHandbook,2016-08-15/2016-08-21,128,137,2016-08-15 00:00:00+00:00,1,128.0,128.0,,
65388917,jakevdp/PythonDataScienceHandbook,2016-08-22/2016-08-28,20,157,2016-08-22 00:00:00+00:00,2,20.0,20.0,,
65388917,jakevdp/PythonDataScienceHandbook,2016-08-29/2016-09-04,8,165,2016-08-29 00:00:00+00:00,3,8.0,8.0,52.0,
65388917,jakevdp/PythonDataScienceHandbook,2016-09-05/2016-09-11,94,259,2016-09-05 00:00:00+00:00,4,94.0,94.0,40.666666666666664,250.0
65388917,jakevdp/PythonDataScienceHandbook,2016-09-12/2016-09-18,38,297,2016-09-12 00:00:00+00:00,5,38.0,38.0,46.666666666666664,160.0
65388917,jakevdp/PythonDataScienceHandbook,2016-09-19/2016-09-25,13,310,2016-09-19 00:00:00+00:00,6,13.0,13.0,48.333333333333336,153.0
65388917,jakevdp/PythonDataScienceHandbook,2016-09-26/2016-10-02,8,318,2016-09-26 00:00:00+00:00,7,8.0,8.0,19.666666666666668,153.0
65388917,jakevdp/PythonDataScienceHandbook,2016-10-03/2016-10-09,6,324,2016-10-03 00:00:00+00:00,8,6.0,6.0,9.0,65.0
65388917,jakevdp/PythonDataScienceHandbook,2016-10-10/2016-10-16,8,332,2016-10-10 00:00:00+00:00,9,8.0,8.0,7.333333333333333,35.0
65388917,jakevdp/PythonDataScienceHandbook,2016-10-17/2016-10-23,36,368,2016-10-17 00:00:00+00:00,10,36.0,36.0,16.666666666666668,58.0
65388917,jakevdp/PythonDataScienceHandbook,2016-10-24/2016-10-30,18,386,2016-10-24 00:00:00+00:00,11,18.0,18.0,20.666666666666668,68.0
65388917,jakevdp/PythonDataScienceHandbook,2016-10-31/2016-11-06,17,403,2016-10-31 00:00:00+00:00,12,17.0,17.0,23.666666666666668,79.0
65388917,jakevdp/PythonDataScienceHandbook,2016-11-07/2016-11-13,15,418,2016-11-07 00:00:00+00:00,13,15.0,15.0,16.666666666666668,86.0
65388917,jakevdp/PythonDataScienceHandbook,2016-11-14/2016-11-20,252,670,2016-11-14 00:00:00+00:00,14,252.0,252.0,94.66666666666667,302.0
65388917,jakevdp/PythonDataScienceHandbook,2016-11-21/2016-11-27,135,805,2016-11-21 00:00:00+00:00,15,135.0,135.0,134.0,419.0
65388917,jakevdp/PythonDataScienceHandbook,2016-11-28/2016-12-04,105,910,2016-11-28 00:00:00+00:00,16,105.0,105.0,164.0,507.0
65388917,jakevdp/PythonDataScienceHandbook,2016-12-05/2016-12-11,226,1136,2016-12-05 00:00:00+00:00,17,226.0,226.0,155.33333333333334,718.0
65388917,jakevdp/PythonDataScienceHandbook,2016-12-12/2016-12-18,118,1254,2016-12-12 00:00:00+00:00,18,118.0,118.0,149.66666666666666,584.0
65388917,jakevdp/PythonDataScienceHandbook,2016-12-19/2016-12-25,58,1312,2016-12-19 00:00:00+00:00,19,58.0,58.0,134.0,507.0
65388917,jakevdp/PythonDataScienceHandbook,2016-12-26/2017-01-01,43,1355,2016-12-26 00:00:00+00:00,20,43.0,43.0,73.0,445.0
65388917,jakevdp/PythonDataScienceHandbook,2017-01-02/2017-01-08,145,1500,2017-01-02 00:00:00+00:00,21,145.0,145.0,82.0,364.0
65600975,pytorch/pytorch,2016-08-15/2016-08-21,3,3,2016-08-15 00:00:00+00:00,0,,,,
65600975,pytorch/pytorch,2016-08-22/2016-08-28,1,4,2016-08-22 00:00:00+00:00,1,1.0,1.0,,
65600975,pytorch/pytorch,2016-09-19/2016-09-25,1,5,2016-09-19 00:00:00+00:00,2,1.0,1.0,,
65600975,pytorch/pytorch,2016-10-10/2016-10-16,1,6,2016-10-10 00:00:00+00:00,3,1.0,1.0,1.0,
65600975,pytorch/pytorch,2016-10-17/2016-10-23,2,8,2016-10-17 00:00:00+00:00,4,2.0,2.0,1.3333333333333333,5.0
65600975,pytorch/pytorch,2016-10-31/2016-11-06,3,11,2016-10-31 00:00:00+00:00,5,3.0,3.0,2.0,7.0
65600975,pytorch/pytorch,2016-11-14/2016-11-20,2,13,2016-11-14 00:00:00+00:00,6,2.0,2.0,2.3333333333333335,8.0
65600975,pytorch/pytorch,2016-11-21/2016-11-27,2,15,2016-11-21 00:00:00+00:00,7,2.0,2.0,2.3333333333333335,9.0
65600975,pytorch/pytorch,2016-11-28/2016-12-04,1,16,2016-11-28 00:00:00+00:00,8,1.0,1.0,1.6666666666666667,8.0
65600975,pytorch/pytorch,2016-12-12/2016-12-18,1,17,2016-12-12 00:00:00+00:00,9,1.0,1.0,1.3333333333333333,6.0
65600975,pytorch/pytorch,2016-12-19/2016-12-25,2,19,2016-12-19 00:00:00+00:00,10,2.0,2.0,1.3333333333333333,6.0
65600975,pytorch/pytorch,2017-01-02/2017-01-08,1,20,2017-01-02 00:00:00+00:00,11,1.0,1.0,1.3333333333333333,5.0
65600975,pytorch/pytorch,2017-01-09/2017-01-15,3,23,2017-01-09 00:00:00+00:00,12,3.0,3.0,2.0,7.0
65600975,pytorch/pytorch,2017-01-16/2017-01-22,1477,1500,2017-01-16 00:00:00+00:00,13,1477.0,1477.0,493.6666666666667,1483.0
65750241,expo/expo,2016-08-15/2016-08-21,43,43,2016-08-15 00:00:00+00:00,0,,,,
65750241,expo/expo,2016-08-22/2016-08-28,51,94,2016-08-22 00:00:00+00:00,1,51.0,51.0,,
65750241,expo/expo,2016-08-29/2016-09-04,10,104,2016-08-29 00:00:00+00:00,2,10.0,10.0,,
65750241,expo/expo,2016-09-05/2016-09-11,16,120,2016-09-05 00:00:00+00:00,3,16.0,16.0,25.666666666666668,
65750241,expo/expo,2016-09-12/2016-09-18,12,132,2016-09-12 00:00:00+00:00,4,12.0,12.0,12.666666666666666,89.0
65750241,expo/expo,2016-09-19/2016-09-25,17,149,2016-09-19 00:00:00+00:00,5,17.0,17.0,15.0,55.0
65750241,expo/expo,2016-09-26/2016-10-02,125,274,2016-09-26 00:00:00+00:00,6,125.0,125.0,51.333333333333336,170.0
65750241,expo/expo,2016-10-03/2016-10-09,18,292,2016-10-03 00:00:00+00:00,7,18.0,18.0,53.333333333333336,172.0
65750241,expo/expo,2016-10-10/2016-10-16,24,316,2016-10-10 00:00:00+00:00,8,24.0,24.0,55.666666666666664,184.0
65750241,expo/expo,2016-10-17/2016-10-23,12,328,2016-10-17 00:00:00+00:00,9,12.0,12.0,18.0,179.0
65750241,expo/expo,2016-10-24/2016-10-30,13,341,2016-10-24 00:00:00+00:00,10,13.0,13.0,16.333333333333332,67.0
65750241,expo/expo,2016-10-31/2016-11-06,8,349,2016-10-31 00:00:00+00:00,11,8.0,8.0,11.0,57.0
65750241,expo/expo,2016-11-07/2016-11-13,24,373,2016-11-07 00:00:00+00:00,12,24.0,24.0,15.0,57.0
65750241,expo/expo,2016-11-14/2016-11-20,22,395,2016-11-14 00:00:00+00:00,13,22.0,22.0,18.0,67.0
65750241,expo/expo,2016-11-21/2016-11-27,11,406,2016-11-21 00:00:00+00:00,14,11.0,11.0,19.0,65.0
65750241,expo/expo,2016-11-28/2016-12-04,17,423,2016-11-28 00:00:00+00:00,15,17.0,17.0,16.666666666666668,74.0
65750241,expo/expo,2016-12-05/2016-12-11,12,435,2016-12-05 00:00:00+00:00,16,12.0,12.0,13.333333333333334,62.0
65750241,expo/expo,2016-12-12/2016-12-18,19,454,2016-12-12 00:00:00+00:00,17,19.0,19.0,16.0,59.0
65750241,expo/expo,2016-12-19/2016-12-25,17,471,2016-12-19 00:00:00+00:00,18,17.0,17.0,16.0,65.0
65750241,expo/expo,2016-12-26/2017-01-01,4,475,2016-12-26 00:00:00+00:00,19,4.0,4.0,13.333333333333334,52.0
65750241,expo/expo,2017-01-02/2017-01-08,22,497,2017-01-02 00:00:00+00:00,20,22.0,22.0,14.333333333333334,62.0
65750241,expo/expo,2017-01-09/2017-01-15,19,516,2017-01-09 00:00:00+00:00,21,19.0,19.0,15.0,62.0
65750241,expo/expo,2017-01-16/2017-01-22,11,527,2017-01-16 00:00:00+00:00,22,11.0,11.0,17.333333333333332,56.0
65750241,expo/expo,2017-01-23/2017-01-29,11,538,2017-01-23 00:00:00+00:00,23,11.0,11.0,13.666666666666666,63.0
65750241,expo/expo,2017-01-30/2017-02-05,16,554,2017-01-30 00:00:00+00:00,24,16.0,16.0,12.666666666666666,57.0
65750241,expo/expo,2017-02-06/2017-02-12,9,563,2017-02-06 00:00:00+00:00,25,9.0,9.0,12.0,47.0
65750241,expo/expo,2017-02-13/2017-02-19,20,583,2017-02-13 00:00:00+00:00,26,20.0,20.0,15.0,56.0
65750241,expo/expo,2017-02-20/2017-02-26,8,591,2017-02-20 00:00:00+00:00,27,8.0,8.0,12.333333333333334,53.0
65750241,expo/expo,2017-02-27/2017-03-05,9,600,2017-02-27 00:00:00+00:00,28,9.0,9.0,12.333333333333334,46.0
65750241,expo/expo,2017-03-06/2017-03-12,21,621,2017-03-06 00:00:00+00:00,29,21.0,21.0,12.666666666666666,58.0
65750241,expo/expo,2017-03-13/2017-03-19,82,703,2017-03-13 00:00:00+00:00,30,82.0,82.0,37.333333333333336,120.0
65750241,expo/expo,2017-03-20/2017-03-26,32,735,2017-03-20 00:00:00+00:00,31,32.0,32.0,45.0,144.0
65750241,expo/expo,2017-03-27/2017-04-02,23,758,2017-03-27 00:00:00+00:00,32,23.0,23.0,45.666666666666664,158.0
65750241,expo/expo,2017-04-03/2017-04-09,18,776,2017-04-03 00:00:00+00:00,33,18.0,18.0,24.333333333333332,155.0
65750241,expo/expo,2017-04-10/2017-04-16,31,807,2017-04-10 00:00:00+00:00,34,31.0,31.0,24.0,104.0
65750241,expo/expo,2017-04-17/2017-04-23,35,842,2017-04-17 00:00:00+00:00,35,35.0,35.0,28.0,107.0
65750241,expo/expo,2017-04-24/2017-04-30,41,883,2017-04-24 00:00:00+00:00,36,41.0,41.0,35.666666666666664,125.0
65750241,expo/expo,2017-05-01/2017-05-07,29,912,2017-05-01 00:00:00+00:00,37,29.0,29.0,35.0,136.0
65750241,expo/expo,2017-05-08/2017-05-14,29,941,2017-05-08 00:00:00+00:00,38,29.0,29.0,33.0,134.0
65750241,expo/expo,2017-05-15/2017-05-21,41,982,2017-05-15 00:00:00+00:00,39,41.0,41.0,33.0,140.0
65750241,expo/expo,2017-05-22/2017-05-28,23,1005,2017-05-22 00:00:00+00:00,40,23.0,23.0,31.0,122.0
65750241,expo/expo,2017-05-29/2017-06-04,25,1030,2017-05-29 00:00:00+00:00,41,25.0,25.0,29.666666666666668,118.0
65750241,expo/expo,2017-06-05/2017-06-11,32,1062,2017-06-05 00:00:00+00:00,42,32.0,32.0,26.666666666666668,121.0
65750241,expo/expo,2017-06-12/2017-06-18,38,1100,2017-06-12 00:00:00+00:00,43,38.0,38.0,31.666666666666668,118.0
65750241,expo/expo,2017-06-19/2017-06-25,35,1135,2017-06-19 00:00:00+00:00,44,35.0,35.0,35.0,130.0
65750241,expo/expo,2017-06-26/2017-07-02,44,1179,2017-06-26 00:00:00+00:00,45,44.0,44.0,39.0,149.0
65750241,expo/expo,2017-07-03/2017-07-09,34,1213,2017-07-03 00:00:00+00:00,46,34.0,34.0,37.666666666666664,151.0
65750241,expo/expo,2017-07-10/2017-07-16,33,1246,2017-07-10 00:00:00+00:00,47,33.0,33.0,37.0,146.0
65750241,expo/expo,2017-07-17/2017-07-23,38,1284,2017-07-17 00:00:00+00:00,48,38.0,38.0,35.0,149.0
65750241,expo/expo,2017-07-24/2017-07-30,33,1317,2017-07-24 00:00:00+00:00,49,33.0,33.0,34.666666666666664,138.0
65750241,expo/expo,2017-07-31/2017-08-06,22,1339,2017-07-31 00:00:00+00:00,50,22.0,22.0,31.0,126.0
65750241,expo/expo,2017-08-07/2017-08-13,21,1360,2017-08-07 00:00:00+00:00,51,21.0,21.0,25.333333333333332,114.0
65750241,expo/expo,2017-08-14/2017-08-20,21,1381,2017-08-14 00:00:00+00:00,52,21.0,21.0,21.333333333333332,97.0
65750241,expo/expo,2017-08-21/2017-08-27,34,1415,2017-08-21 00:00:00+00:00,53,34.0,34.0,25.333333333333332,98.0
65750241,expo/expo,2017-08-28/2017-09-03,26,1441,2017-08-28 00:00:00+00:00,54,26.0,26.0,27.0,102.0
65750241,expo/expo,2017-09-04/2017-09-10,33,1474,2017-09-04 00:00:00+00:00,55,33.0,33.0,31.0,114.0
65750241,expo/expo,2017-09-11/2017-09-17,20,1494,2017-09-11 00:00:00+00:00,56,20.0,20.0,26.333333333333332,113.0
65750241,expo/expo,2017-09-18/2017-09-24,6,1500,2017-09-18 00:00:00+00:00,57,6.0,6.0,19.666666666666668,85.0
67274736,ElemeFE/element,2016-08-29/2016-09-04,378,378,2016-08-29 00:00:00+00:00,0,,,,
67274736,ElemeFE/element,2016-09-05/2016-09-11,765,1143,2016-09-05 00:00:00+00:00,1,765.0,765.0,,
67274736,ElemeFE/element,2016-09-12/2016-09-18,118,1261,2016-09-12 00:00:00+00:00,2,118.0,118.0,,
67274736,ElemeFE/element,2016-09-19/2016-09-25,239,1500,2016-09-19 00:00:00+00:00,3,239.0,239.0,374.0,
70107786,vercel/next.js,2016-10-24/2016-10-30,1500,1500,2016-10-24 00:00:00+00:00,0,,,,
71583602,Developer-Y/cs-video-courses,2016-10-31/2016-11-06,3,3,2016-10-31 00:00:00+00:00,0,,,,
71583602,Developer-Y/cs-video-courses,2016-11-07/2016-11-13,1,4,2016-11-07 00:00:00+00:00,1,1.0,1.0,,
71583602,Developer-Y/cs-video-courses,2016-11-14/2016-11-20,592,596,2016-11-14 00:00:00+00:00,2,592.0,592.0,,
71583602,Developer-Y/cs-video-courses,2016-11-21/2016-11-27,904,1500,2016-11-21 00:00:00+00:00,3,904.0,904.0,499.0,
74791366,ryanmcdermott/clean-code-javascript,2016-11-21/2016-11-27,2,2,2016-11-21 00:00:00+00:00,0,,,,
74791366,ryanmcdermott/clean-code-javascript,2017-01-02/2017-01-08,1498,1500,2017-01-02 00:00:00+00:00,1,1498.0,1498.0,,
75104123,prettier/prettier,2016-11-28/2016-12-04,16,16,2016-11-28 00:00:00+00:00,0,,,,
75104123,prettier/prettier,2016-12-05/2016-12-11,12,28,2016-12-05 00:00:00+00:00,1,12.0,12.0,,
75104123,prettier/prettier,2016-12-19/2016-12-25,3,31,2016-12-19 00:00:00+00:00,2,3.0,3.0,,
75104123,prettier/prettier,2017-01-02/2017-01-08,1,32,2017-01-02 00:00:00+00:00,3,1.0,1.0,5.333333333333333,
75104123,prettier/prettier,2017-01-09/2017-01-15,1468,1500,2017-01-09 00:00:00+00:00,4,1468.0,1468.0,490.6666666666667,1484.0
79162682,laurent22/joplin,2017-07-31/2017-08-06,1,1,2017-07-31 00:00:00+00:00,0,,,,
79162682,laurent22/joplin,2017-10-30/2017-11-05,15,16,2017-10-30 00:00:00+00:00,1,15.0,15.0,,
79162682,laurent22/joplin,2017-11-06/2017-11-12,6,22,2017-11-06 00:00:00+00:00,2,6.0,6.0,,
79162682,laurent22/joplin,2017-11-27/2017-12-03,1478,1500,2017-11-27 00:00:00+00:00,3,1478.0,1478.0,499.6666666666667,
80945428,nestjs/nest,2017-02-06/2017-02-12,1,1,2017-02-06 00:00:00+00:00,0,,,,
80945428,nestjs/nest,2017-02-20/2017-02-26,14,15,2017-02-20 00:00:00+00:00,1,14.0,14.0,,
80945428,nestjs/nest,2017-02-27/2017-03-05,47,62,2017-02-27 00:00:00+00:00,2,47.0,47.0,,
80945428,nestjs/nest,2017-03-06/2017-03-12,8,70,2017-03-06 00:00:00+00:00,3,8.0,8.0,23.0,
80945428,nestjs/nest,2017-03-13/2017-03-19,1,71,2017-03-13 00:00:00+00:00,4,1.0,1.0,18.666666666666668,70.0
80945428,nestjs/nest,2017-03-20/2017-03-26,1,72,2017-03-20 00:00:00+00:00,5,1.0,1.0,3.3333333333333335,57.0
80945428,nestjs/nest,2017-03-27/2017-04-02,38,110,2017-03-27 00:00:00+00:00,6,38.0,38.0,13.333333333333334,48.0
80945428,nestjs/nest,2017-04-03/2017-04-09,4,114,2017-04-03 00:00:00+00:00,7,4.0,4.0,14.333333333333334,44.0
80945428,nestjs/nest,2017-04-10/2017-04-16,8,122,2017-04-10 00:00:00+00:00,8,8.0,8.0,16.666666666666668,51.0
80945428,nestjs/nest,2017-04-17/2017-04-23,8,130,2017-04-17 00:00:00+00:00,9,8.0,8.0,6.666666666666667,58.0
80945428,nestjs/nest,2017-04-24/2017-04-30,4,134,2017-04-24 00:00:00+00:00,10,4.0,4.0,6.666666666666667,24.0
80945428,nestjs/nest,2017-05-01/2017-05-07,263,397,2017-05-01 00:00:00+00:00,11,263.0,263.0,91.66666666666667,283.0
80945428,nestjs/nest,2017-05-08/2017-05-14,170,567,2017-05-08 00:00:00+00:00,12,170.0,170.0,145.66666666666666,445.0
80945428,nestjs/nest,2017-05-15/2017-05-21,37,604,2017-05-15 00:00:00+00:00,13,37.0,37.0,156.66666666666666,474.0
80945428,nestjs/nest,2017-05-22/2017-05-28,43,647,2017-05-22 00:00:00+00:00,14,43.0,43.0,83.33333333333333,513.0
80945428,nestjs/nest,2017-05-29/2017-06-04,48,695,2017-05-29 00:00:00+00:00,15,48.0,48.0,42.666666666666664,298.0
80945428,nestjs/nest,2017-06-05/2017-06-11,16,711,2017-06-05 00:00:00+00:00,16,16.0,16.0,35.666666666666664,144.0
80945428,nestjs/nest,2017-06-12/2017-06-18,24,735,2017-06-12 00:00:00+00:00,17,24.0,24.0,29.333333333333332,131.0
80945428,nestjs/nest,2017-06-19/2017-06-25,21,756,2017-06-19 00:00:00+00:00,18,21.0,21.0,20.333333333333332,109.0
80945428,nestjs/nest,2017-06-26/2017-07-02,8,764,2017-06-26 00:00:00+00:00,19,8.0,8.0,17.666666666666668,69.0
80945428,nestjs/nest,2017-07-03/2017-07-09,18,782,2017-07-03 00:00:00+00:00,20,18.0,18.0,15.666666666666666,71.0
80945428,nestjs/nest,2017-07-10/2017-07-16,6,788,2017-07-10 00:00:00+00:00,21,6.0,6.0,10.666666666666666,53.0
80945428,nestjs/nest,2017-07-17/2017-07-23,9,797,2017-07-17 00:00:00+00:00,22,9.0,9.0,11.0,41.0
80945428,nestjs/nest,2017-07-24/2017-07-30,21,818,2017-07-24 00:00:00+00:00,23,21.0,21.0,12.0,54.0
80945428,nestjs/nest,2017-07-31/2017-08-06,27,845,2017-07-31 00:00:00+00:00,24,27.0,27.0,19.0,63.0
80945428,nestjs/nest,2017-08-07/2017-08-13,24,869,2017-08-07 00:00:00+00:00,25,24.0,24.0,24.0,81.0
80945428,nestjs/nest,2017-08-14/2017-08-20,42,911,2017-08-14 00:00:00+00:00,26,42.0,42.0,31.0,114.0
80945428,nestjs/nest,2017-08-21/2017-08-27,37,948,2017-08-21 00:00:00+00:00,27,37.0,37.0,34.333333333333336,130.0
80945428,nestjs/nest,2017-08-28/2017-09-03,34,982,2017-08-28 00:00:00+00:00,28,34.0,34.0,37.666666666666664,137.0
80945428,nestjs/nest,2017-09-04/2017-09-10,31,1013,2017-09-04 00:00:00+00:00,29,31.0,31.0,34.0,144.0
80945428,nestjs/nest,2017-09-11/2017-09-17,153,1166,2017-09-11 00:00:00+00:00,30,153.0,153.0,72.66666666666667,255.0
80945428,nestjs/nest,2017-09-18/2017-09-24,106,1272,2017-09-18 00:00:00+00:00,31,106.0,106.0,96.66666666666667,324.0
80945428,nestjs/nest,2017-09-25/2017-10-01,50,1322,2017-09-25 00:00:00+00:00,32,50.0,50.0,103.0,340.0
80945428,nestjs/nest,2017-10-02/2017-10-08,105,1427,2017-10-02 00:00:00+00:00,33,105.0,105.0,87.0,414.0
80945428,nestjs/nest,2017-10-09/2017-10-15,73,1500,2017-10-09 00:00:00+00:00,34,73.0,73.0,76.0,334.0
83222441,donnemartin/system-design-primer,2017-03-06/2017-03-12,1500,1500,2017-03-06 00:00:00+00:00,0,,,,
88011908,practical-tutorials/project-based-learning,2017-04-10/2017-04-16,3,3,2017-04-10 00:00:00+00:00,0,,,,
88011908,practical-tutorials/project-based-learning,2017-04-17/2017-04-23,1,4,2017-04-17 00:00:00+00:00,1,1.0,1.0,,
88011908,practical-tutorials/project-based-learning,2017-04-24/2017-04-30,754,758,2017-04-24 00:00:00+00:00,2,754.0,754.0,,
88011908,practical-tutorials/project-based-learning,2017-05-01/2017-05-07,742,1500,2017-05-01 00:00:00+00:00,3,742.0,742.0,499.0,
91629816,freqtrade/freqtrade,2017-05-29/2017-06-04,1,1,2017-05-29 00:00:00+00:00,0,,,,
91629816,freqtrade/freqtrade,2017-06-05/2017-06-11,1,2,2017-06-05 00:00:00+00:00,1,1.0,1.0,,
91629816,freqtrade/freqtrade,2017-06-12/2017-06-18,1,3,2017-06-12 00:00:00+00:00,2,1.0,1.0,,
91629816,freqtrade/freqtrade,2017-06-26/2017-07-02,1,4,2017-06-26 00:00:00+00:00,3,1.0,1.0,1.0,
91629816,freqtrade/freqtrade,2017-07-03/2017-07-09,1,5,2017-07-03 00:00:00+00:00,4,1.0,1.0,1.0,4.0
91629816,freqtrade/freqtrade,2017-07-10/2017-07-16,1,6,2017-07-10 00:00:00+00:00,5,1.0,1.0,1.0,4.0
91629816,freqtrade/freqtrade,2017-07-24/2017-07-30,2,8,2017-07-24 00:00:00+00:00,6,2.0,2.0,1.3333333333333333,5.0
91629816,freqtrade/freqtrade,2017-08-07/2017-08-13,3,11,2017-08-07 00:00:00+00:00,7,3.0,3.0,2.0,7.0
91629816,freqtrade/freqtrade,2017-08-14/2017-08-20,1,12,2017-08-14 00:00:00+00:00,8,1.0,1.0,2.0,7.0
91629816,freqtrade/freqtrade,2017-08-21/2017-08-27,3,15,2017-08-21 00:00:00+00:00,9,3.0,3.0,2.3333333333333335,9.0
91629816,freqtrade/freqtrade,2017-08-28/2017-09-03,5,20,2017-08-28 00:00:00+00:00,10,5.0,5.0,3.0,12.0
91629816,freqtrade/freqtrade,2017-09-04/2017-09-10,8,28,2017-09-04 00:00:00+00:00,11,8.0,8.0,5.333333333333333,17.0
91629816,freqtrade/freqtrade,2017-09-11/2017-09-17,5,33,2017-09-11 00:00:00+00:00,12,5.0,5.0,6.0,21.0
91629816,freqtrade/freqtrade,2017-09-18/2017-09-24,4,37,2017-09-18 00:00:00+00:00,13,4.0,4.0,5.666666666666667,22.0
91629816,freqtrade/freqtrade,2017-09-25/2017-10-01,11,48,2017-09-25 00:00:00+00:00,14,11.0,11.0,6.666666666666667,28.0
91629816,freqtrade/freqtrade,2017-10-02/2017-10-08,7,55,2017-10-02 00:00:00+00:00,15,7.0,7.0,7.333333333333333,27.0
91629816,freqtrade/freqtrade,2017-10-09/2017-10-15,2,57,2017-10-09 00:00:00+00:00,16,2.0,2.0,6.666666666666667,24.0
91629816,freqtrade/freqtrade,2017-10-16/2017-10-22,1,58,2017-10-16 00:00:00+00:00,17,1.0,1.0,3.3333333333333335,21.0
91629816,freqtrade/freqtrade,2017-10-23/2017-10-29,8,66,2017-10-23 00:00:00+00:00,18,8.0,8.0,3.6666666666666665,18.0
91629816,freqtrade/freqtrade,2017-10-30/2017-11-05,7,73,2017-10-30 00:00:00+00:00,19,7.0,7.0,5.333333333333333,18.0
91629816,freqtrade/freqtrade,2017-11-06/2017-11-12,10,83,2017-11-06 00:00:00+00:00,20,10.0,10.0,8.333333333333334,26.0
91629816,freqtrade/freqtrade,2017-11-13/2017-11-19,9,92,2017-11-13 00:00:00+00:00,21,9.0,9.0,8.666666666666666,34.0
91629816,freqtrade/freqtrade,2017-11-20/2017-11-26,15,107,2017-11-20 00:00:00+00:00,22,15.0,15.0,11.333333333333334,41.0
91629816,freqtrade/freqtrade,2017-11-27/2017-12-03,23,130,2017-11-27 00:00:00+00:00,23,23.0,23.0,15.666666666666666,57.0
91629816,freqtrade/freqtrade,2017-12-04/2017-12-10,22,152,2017-12-04 00:00:00+00:00,24,22.0,22.0,20.0,69.0
91629816,freqtrade/freqtrade,2017-12-11/2017-12-17,22,174,2017-12-11 00:00:00+00:00,25,22.0,22.0,22.333333333333332,82.0
91629816,freqtrade/freqtrade,2017-12-18/2017-12-24,18,192,2017-12-18 00:00:00+00:00,26,18.0,18.0,20.666666666666668,85.0
91629816,freqtrade/freqtrade,2017-12-25/2017-12-31,26,218,2017-12-25 00:00:00+00:00,27,26.0,26.0,22.0,88.0
91629816,freqtrade/freqtrade,2018-01-01/2018-01-07,46,264,2018-01-01 00:00:00+00:00,28,46.0,46.0,30.0,112.0
91629816,freqtrade/freqtrade,2018-01-08/2018-01-14,42,306,2018-01-08 00:00:00+00:00,29,42.0,42.0,38.0,132.0
91629816,freqtrade/freqtrade,2018-01-15/2018-01-21,34,340,2018-01-15 00:00:00+00:00,30,34.0,34.0,40.666666666666664,148.0
91629816,freqtrade/freqtrade,2018-01-22/2018-01-28,32,372,2018-01-22 00:00:00+00:00,31,32.0,32.0,36.0,154.0
91629816,freqtrade/freqtrade,2018-01-29/2018-02-04,56,428,2018-01-29 00:00:00+00:00,32,56.0,56.0,40.666666666666664,164.0
91629816,freqtrade/freqtrade,2018-02-05/2018-02-11,25,453,2018-02-05 00:00:00+00:00,33,25.0,25.0,37.666666666666664,147.0
91629816,freqtrade/freqtrade,2018-02-12/2018-02-18,21,474,2018-02-12 00:00:00+00:00,34,21.0,21.0,34.0,134.0
91629816,freqtrade/freqtrade,2018-02-19/2018-02-25,17,491,2018-02-19 00:00:00+00:00,35,17.0,17.0,21.0,119.0
91629816,freqtrade/freqtrade,2018-02-26/2018-03-04,25,516,2018-02-26 00:00:00+00:00,36,25.0,25.0,21.0,88.0
91629816,freqtrade/freqtrade,2018-03-05/2018-03-11,7,523,2018-03-05 00:00:00+00:00,37,7.0,7.0,16.333333333333332,70.0
91629816,freqtrade/freqtrade,2018-03-12/2018-03-18,10,533,2018-03-12 00:00:00+00:00,38,10.0,10.0,14.0,59.0
91629816,freqtrade/freqtrade,2018-03-19/2018-03-25,21,554,2018-03-19 00:00:00+00:00,39,21.0,21.0,12.666666666666666,63.0
91629816,freqtrade/freqtrade,2018-03-26/2018-04-01,18,572,2018-03-26 00:00:00+00:00,40,18.0,18.0,16.333333333333332,56.0
91629816,freqtrade/freqtrade,2018-04-02/2018-04-08,8,580,2018-04-02 00:00:00+00:00,41,8.0,8.0,15.666666666666666,57.0
91629816,freqtrade/freqtrade,2018-04-09/2018-04-15,15,595,2018-04-09 00:00:00+00:00,42,15.0,15.0,13.666666666666666,62.0
91629816,freqtrade/freqtrade,2018-04-16/2018-04-22,12,607,2018-04-16 00:00:00+00:00,43,12.0,12.0,11.666666666666666,53.0
91629816,freqtrade/freqtrade,2018-04-23/2018-04-29,13,620,2018-04-23 00:00:00+00:00,44,13.0,13.0,13.333333333333334,48.0
91629816,freqtrade/freqtrade,2018-04-30/2018-05-06,11,631,2018-04-30 00:00:00+00:00,45,11.0,11.0,12.0,51.0
91629816,freqtrade/freqtrade,2018-05-07/2018-05-13,12,643,2018-05-07 00:00:00+00:00,46,12.0,12.0,12.0,48.0
91629816,freqtrade/freqtrade,2018-05-14/2018-05-20,10,653,2018-05-14 00:00:00+00:00,47,10.0,10.0,11.0,46.0
91629816,freqtrade/freqtrade,2018-05-21/2018-05-27,15,668,2018-05-21 00:00:00+00:00,48,15.0,15.0,12.333333333333334,48.0
91629816,freqtrade/freqtrade,2018-05-28/2018-06-03,16,684,2018-05-28 00:00:00+00:00,49,16.0,16.0,13.666666666666666,53.0
91629816,freqtrade/freqtrade,2018-06-04/2018-06-10,10,694,2018-06-04 00:00:00+00:00,50,10.0,10.0,13.666666666666666,51.0
91629816,freqtrade/freqtrade,2018-06-11/2018-06-17,13,707,2018-06-11 00:00:00+00:00,51,13.0,13.0,13.0,54.0
91629816,freqtrade/freqtrade,2018-06-18/2018-06-24,18,725,2018-06-18 00:00:00+00:00,52,18.0,18.0,13.666666666666666,57.0
91629816,freqtrade/freqtrade,2018-06-25/2018-07-01,11,736,2018-06-25 00:00:00+00:00,53,11.0,11.0,14.0,52.0
91629816,freqtrade/freqtrade,2018-07-02/2018-07-08,16,752,2018-07-02 00:00:00+00:00,54,16.0,16.0,15.0,58.0
91629816,freqtrade/freqtrade,2018-07-09/2018-07-15,8,760,2018-07-09 00:00:00+00:00,55,8.0,8.0,11.666666666666666,53.0
91629816,freqtrade/freqtrade,2018-07-16/2018-07-22,21,781,2018-07-16 00:00:00+00:00,56,21.0,21.0,15.0,56.0
91629816,freqtrade/freqtrade,2018-07-23/2018-07-29,12,793,2018-07-23 00:00:00+00:00,57,12.0,12.0,13.666666666666666,57.0
91629816,freqtrade/freqtrade,2018-07-30/2018-08-05,11,804,2018-07-30 00:00:00+00:00,58,11.0,11.0,14.666666666666666,52.0
91629816,freqtrade/freqtrade,2018-08-06/2018-08-12,9,813,2018-08-06 00:00:00+00:00,59,9.0,9.0,10.666666666666666,53.0
91629816,freqtrade/freqtrade,2018-08-13/2018-08-19,11,824,2018-08-13 00:00:00+00:00,60,11.0,11.0,10.333333333333334,43.0
91629816,freqtrade/freqtrade,2018-08-20/2018-08-26,17,841,2018-08-20 00:00:00+00:00,61,17.0,17.0,12.333333333333334,48.0
91629816,freqtrade/freqtrade,2018-08-27/2018-09-02,11,852,2018-08-27 00:00:00+00:00,62,11.0,11.0,13.0,48.0
91629816,freqtrade/freqtrade,2018-09-03/2018-09-09,19,871,2018-09-03 00:00:00+00:00,63,19.0,19.0,15.666666666666666,58.0
91629816,freqtrade/freqtrade,2018-09-10/2018-09-16,77,948,2018-09-10 00:00:00+00:00,64,77.0,77.0,35.666666666666664,124.0
91629816,freqtrade/freqtrade,2018-09-17/2018-09-23,70,1018,2018-09-17 00:00:00+00:00,65,70.0,70.0,55.333333333333336,177.0
91629816,freqtrade/freqtrade,2018-09-24/2018-09-30,17,1035,2018-09-24 00:00:00+00:00,66,17.0,17.0,54.666666666666664,183.0
91629816,freqtrade/freqtrade,2018-10-01/2018-10-07,13,1048,2018-10-01 00:00:00+00:00,67,13.0,13.0,33.333333333333336,177.0
91629816,freqtrade/freqtrade,2018-10-08/2018-10-14,8,1056,2018-10-08 00:00:00+00:00,68,8.0,8.0,12.666666666666666,108.0
91629816,freqtrade/freqtrade,2018-10-15/2018-10-21,9,1065,2018-10-15 00:00:00+00:00,69,9.0,9.0,10.0,47.0
91629816,freqtrade/freqtrade,2018-10-22/2018-10-28,11,1076,2018-10-22 00:00:00+00:00,70,11.0,11.0,9.333333333333334,41.0
91629816,freqtrade/freqtrade,2018-10-29/2018-11-04,11,1087,2018-10-29 00:00:00+00:00,71,11.0,11.0,10.333333333333334,39.0
91629816,freqtrade/freqtrade,2018-11-05/2018-11-11,31,1118,2018-11-05 00:00:00+00:00,72,31.0,31.0,17.666666666666668,62.0
91629816,freqtrade/freqtrade,2018-11-12/2018-11-18,16,1134,2018-11-12 00:00:00+00:00,73,16.0,16.0,19.333333333333332,69.0
91629816,freqtrade/freqtrade,2018-11-19/2018-11-25,4,1138,2018-11-19 00:00:00+00:00,74,4.0,4.0,17.0,62.0
91629816,freqtrade/freqtrade,2018-11-26/2018-12-02,20,1158,2018-11-26 00:00:00+00:00,75,20.0,20.0,13.333333333333334,71.0
91629816,freqtrade/freqtrade,2018-12-03/2018-12-09,13,1171,2018-12-03 00:00:00+00:00,76,13.0,13.0,12.333333333333334,53.0
91629816,freqtrade/freqtrade,2018-12-10/2018-12-16,8,1179,2018-12-10 00:00:00+00:00,77,8.0,8.0,13.666666666666666,45.0
91629816,freqtrade/freqtrade,2018-12-17/2018-12-23,42,1221,2018-12-17 00:00:00+00:00,78,42.0,42.0,21.0,83.0
91629816,freqtrade/freqtrade,2018-12-24/2018-12-30,9,1230,2018-12-24 00:00:00+00:00,79,9.0,9.0,19.666666666666668,72.0
91629816,freqtrade/freqtrade,2018-12-31/2019-01-06,12,1242,2018-12-31 00:00:00+00:00,80,12.0,12.0,21.0,71.0
91629816,freqtrade/freqtrade,2019-01-07/2019-01-13,16,1258,2019-01-07 00:00:00+00:00,81,16.0,16.0,12.333333333333334,79.0
91629816,freqtrade/freqtrade,2019-01-14/2019-01-20,14,1272,2019-01-14 00:00:00+00:00,82,14.0,14.0,14.0,51.0
91629816,freqtrade/freqtrade,2019-01-21/2019-01-27,9,1281,2019-01-21 00:00:00+00:00,83,9.0,9.0,13.0,51.0
91629816,freqtrade/freqtrade,2019-01-28/2019-02-03,9,1290,2019-01-28 00:00:00+00:00,84,9.0,9.0,10.666666666666666,48.0
91629816,freqtrade/freqtrade,2019-02-04/2019-02-10,7,1297,2019-02-04 00:00:00+00:00,85,7.0,7.0,8.333333333333334,39.0
91629816,freqtrade/freqtrade,2019-02-11/2019-02-17,5,1302,2019-02-11 00:00:00+00:00,86,5.0,5.0,7.0,30.0
91629816,freqtrade/freqtrade,2019-02-18/2019-02-24,8,1310,2019-02-18 00:00:00+00:00,87,8.0,8.0,6.666666666666667,29.0
91629816,freqtrade/freqtrade,2019-02-25/2019-03-03,9,1319,2019-02-25 00:00:00+00:00,88,9.0,9.0,7.333333333333333,29.0
91629816,freqtrade/freqtrade,2019-03-04/2019-03-10,8,1327,2019-03-04 00:00:00+00:00,89,8.0,8.0,8.333333333333334,30.0
91629816,freqtrade/freqtrade,2019-03-11/2019-03-17,11,1338,2019-03-11 00:00:00+00:00,90,11.0,11.0,9.333333333333334,36.0
91629816,freqtrade/freqtrade,2019-03-18/2019-03-24,10,1348,2019-03-18 00:00:00+00:00,91,10.0,10.0,9.666666666666666,38.0
91629816,freqtrade/freqtrade,2019-03-25/2019-03-31,11,1359,2019-03-25 00:00:00+00:00,92,11.0,11.0,10.666666666666666,40.0
91629816,freqtrade/freqtrade,2019-04-01/2019-04-07,15,1374,2019-04-01 00:00:00+00:00,93,15.0,15.0,12.0,47.0
91629816,freqtrade/freqtrade,2019-04-08/2019-04-14,25,1399,2019-04-08 00:00:00+00:00,94,25.0,25.0,17.0,61.0
91629816,freqtrade/freqtrade,2019-04-15/2019-04-21,29,1428,2019-04-15 00:00:00+00:00,95,29.0,29.0,23.0,80.0
91629816,freqtrade/freqtrade,2019-04-22/2019-04-28,21,1449,2019-04-22 00:00:00+00:00,96,21.0,21.0,25.0,90.0
91629816,freqtrade/freqtrade,2019-04-29/2019-05-05,19,1468,2019-04-29 00:00:00+00:00,97,19.0,19.0,23.0,94.0
91629816,freqtrade/freqtrade,2019-05-06/2019-05-12,14,1482,2019-05-06 00:00:00+00:00,98,14.0,14.0,18.0,83.0
91629816,freqtrade/freqtrade,2019-05-13/2019-05-19,18,1500,2019-05-13 00:00:00+00:00,99,18.0,18.0,17.0,72.0
101138315,d2l-ai/d2l-zh,2017-08-28/2017-09-03,9,9,2017-08-28 00:00:00+00:00,0,,,,
101138315,d2l-ai/d2l-zh,2017-09-04/2017-09-10,383,392,2017-09-04 00:00:00+00:00,1,383.0,383.0,,
101138315,d2l-ai/d2l-zh,2017-09-11/2017-09-17,95,487,2017-09-11 00:00:00+00:00,2,95.0,95.0,,
101138315,d2l-ai/d2l-zh,2017-09-18/2017-09-24,65,552,2017-09-18 00:00:00+00:00,3,65.0,65.0,181.0,
101138315,d2l-ai/d2l-zh,2017-09-25/2017-10-01,41,593,2017-09-25 00:00:00+00:00,4,41.0,41.0,67.0,584.0
101138315,d2l-ai/d2l-zh,2017-10-02/2017-10-08,19,612,2017-10-02 00:00:00+00:00,5,19.0,19.0,41.666666666666664,220.0
101138315,d2l-ai/d2l-zh,2017-10-09/2017-10-15,51,663,2017-10-09 00:00:00+00:00,6,51.0,51.0,37.0,176.0
101138315,d2l-ai/d2l-zh,2017-10-16/2017-10-22,67,730,2017-10-16 00:00:00+00:00,7,67.0,67.0,45.666666666666664,178.0
101138315,d2l-ai/d2l-zh,2017-10-23/2017-10-29,77,807,2017-10-23 00:00:00+00:00,8,77.0,77.0,65.0,214.0
101138315,d2l-ai/d2l-zh,2017-10-30/2017-11-05,59,866,2017-10-30 00:00:00+00:00,9,59.0,59.0,67.66666666666667,254.0
101138315,d2l-ai/d2l-zh,2017-11-06/2017-11-12,55,921,2017-11-06 00:00:00+00:00,10,55.0,55.0,63.666666666666664,258.0
101138315,d2l-ai/d2l-zh,2017-11-13/2017-11-19,43,964,2017-11-13 00:00:00+00:00,11,43.0,43.0,52.333333333333336,234.0
101138315,d2l-ai/d2l-zh,2017-11-20/2017-11-26,47,1011,2017-11-20 00:00:00+00:00,12,47.0,47.0,48.333333333333336,204.0
101138315,d2l-ai/d2l-zh,2017-11-27/2017-12-03,64,1075,2017-11-27 00:00:00+00:00,13,64.0,64.0,51.333333333333336,209.0
101138315,d2l-ai/d2l-zh,2017-12-04/2017-12-10,54,1129,2017-12-04 00:00:00+00:00,14,54.0,54.0,55.0,208.0
101138315,d2l-ai/d2l-zh,2017-12-11/2017-12-17,43,1172,2017-12-11 00:00:00+00:00,15,43.0,43.0,53.666666666666664,208.0
101138315,d2l-ai/d2l-zh,2017-12-18/2017-12-24,33,1205,2017-12-18 00:00:00+00:00,16,33.0,33.0,43.333333333333336,194.0
101138315,d2l-ai/d2l-zh,2017-12-25/2017-12-31,46,1251,2017-12-25 00:00:00+00:00,17,46.0,46.0,40.666666666666664,176.0
101138315,d2l-ai/d2l-zh,2018-01-01/2018-01-07,36,1287,2018-01-01 00:00:00+00:00,18,36.0,36.0,38.333333333333336,158.0
101138315,d2l-ai/d2l-zh,2018-01-08/2018-01-14,48,1335,2018-01-08 00:00:00+00:00,19,48.0,48.0,43.333333333333336,163.0
101138315,d2l-ai/d2l-zh,2018-01-15/2018-01-21,36,1371,2018-01-15 00:00:00+00:00,20,36.0,36.0,40.0,166.0
101138315,d2l-ai/d2l-zh,2018-01-22/2018-01-28,36,1407,2018-01-22 00:00:00+00:00,21,36.0,36.0,40.0,156.0
101138315,d2l-ai/d2l-zh,2018-01-29/2018-02-04,28,1435,2018-01-29 00:00:00+00:00,22,28.0,28.0,33.333333333333336,148.0
101138315,d2l-ai/d2l-zh,2018-02-05/2018-02-11,52,1487,2018-02-05 00:00:00+00:00,23,52.0,52.0,38.666666666666664,152.0
101138315,d2l-ai/d2l-zh,2018-02-12/2018-02-18,13,1500,2018-02-12 00:00:00+00:00,24,13.0,13.0,31.0,129.0
103633984,goldbergyoni/nodebestpractices,2017-10-16/2017-10-22,3,3,2017-10-16 00:00:00+00:00,0,,,,
103633984,goldbergyoni/nodebestpractices,2017-10-23/2017-10-29,123,126,2017-10-23 00:00:00+00:00,1,123.0,123.0,,
103633984,goldbergyoni/nodebestpractices,2017-10-30/2017-11-05,1352,1478,2017-10-30 00:00:00+00:00,2,1352.0,1352.0,,
103633984,goldbergyoni/nodebestpractices,2017-11-06/2017-11-12,22,1500,2017-11-06 00:00:00+00:00,3,22.0,22.0,499.0,
107111421,thedaviddias/Front-End-Checklist,2017-10-16/2017-10-22,1500,1500,2017-10-16 00:00:00+00:00,0,,,,
109343098,serhii-londar/open-source-mac-os-apps,2017-11-27/2017-12-03,15,15,2017-11-27 00:00:00+00:00,0,,,,
109343098,serhii-londar/open-source-mac-os-apps,2017-12-04/2017-12-10,49,64,2017-12-04 00:00:00+00:00,1,49.0,49.0,,
109343098,serhii-londar/open-source-mac-os-apps,2017-12-11/2017-12-17,2,66,2017-12-11 00:00:00+00:00,2,2.0,2.0,,
109343098,serhii-londar/open-source-mac-os-apps,2017-12-25/2017-12-31,1,67,2017-12-25 00:00:00+00:00,3,1.0,1.0,17.333333333333332,
109343098,serhii-londar/open-source-mac-os-apps,2018-01-01/2018-01-07,9,76,2018-01-01 00:00:00+00:00,4,9.0,9.0,4.0,61.0
109343098,serhii-londar/open-source-mac-os-apps,2018-01-08/2018-01-14,1,77,2018-01-08 00:00:00+00:00,5,1.0,1.0,3.6666666666666665,13.0
109343098,serhii-londar/open-source-mac-os-apps,2018-01-15/2018-01-21,5,82,2018-01-15 00:00:00+00:00,6,5.0,5.0,5.0,16.0
109343098,serhii-londar/open-source-mac-os-apps,2018-01-22/2018-01-28,1,83,2018-01-22 00:00:00+00:00,7,1.0,1.0,2.3333333333333335,16.0
109343098,serhii-londar/open-source-mac-os-apps,2018-01-29/2018-02-04,3,86,2018-01-29 00:00:00+00:00,8,3.0,3.0,3.0,10.0
109343098,serhii-londar/open-source-mac-os-apps,2018-02-05/2018-02-11,2,88,2018-02-05 00:00:00+00:00,9,2.0,2.0,2.0,11.0
109343098,serhii-londar/open-source-mac-os-apps,2018-02-12/2018-02-18,5,93,2018-02-12 00:00:00+00:00,10,5.0,5.0,3.3333333333333335,11.0
109343098,serhii-londar/open-source-mac-os-apps,2018-02-19/2018-02-25,3,96,2018-02-19 00:00:00+00:00,11,3.0,3.0,3.3333333333333335,13.0
109343098,serhii-londar/open-source-mac-os-apps,2018-02-26/2018-03-04,3,99,2018-02-26 00:00:00+00:00,12,3.0,3.0,3.6666666666666665,13.0
109343098,serhii-londar/open-source-mac-os-apps,2018-03-05/2018-03-11,1,100,2018-03-05 00:00:00+00:00,13,1.0,1.0,2.3333333333333335,12.0
109343098,serhii-londar/open-source-mac-os-apps,2018-03-12/2018-03-18,3,103,2018-03-12 00:00:00+00:00,14,3.0,3.0,2.3333333333333335,10.0
109343098,serhii-londar/open-source-mac-os-apps,2018-03-26/2018-04-01,3,106,2018-03-26 00:00:00+00:00,15,3.0,3.0,2.3333333333333335,10.0
109343098,serhii-londar/open-source-mac-os-apps,2018-04-02/2018-04-08,122,228,2018-04-02 00:00:00+00:00,16,122.0,122.0,42.666666666666664,129.0
109343098,serhii-londar/open-source-mac-os-apps,2018-04-09/2018-04-15,1272,1500,2018-04-09 00:00:00+00:00,17,1272.0,1272.0,465.6666666666667,1400.0
110058856,LeCoupa/awesome-cheatsheets,2017-11-06/2017-11-12,8,8,2017-11-06 00:00:00+00:00,0,,,,
110058856,LeCoupa/awesome-cheatsheets,2017-11-13/2017-11-19,5,13,2017-11-13 00:00:00+00:00,1,5.0,5.0,,
110058856,LeCoupa/awesome-cheatsheets,2017-11-20/2017-11-26,4,17,2017-11-20 00:00:00+00:00,2,4.0,4.0,,
110058856,LeCoupa/awesome-cheatsheets,2017-11-27/2017-12-03,2,19,2017-11-27 00:00:00+00:00,3,2.0,2.0,3.6666666666666665,
110058856,LeCoupa/awesome-cheatsheets,2017-12-04/2017-12-10,4,23,2017-12-04 00:00:00+00:00,4,4.0,4.0,3.3333333333333335,15.0
110058856,LeCoupa/awesome-cheatsheets,2017-12-11/2017-12-17,2,25,2017-12-11 00:00:00+00:00,5,2.0,2.0,2.6666666666666665,12.0
110058856,LeCoupa/awesome-cheatsheets,2017-12-18/2017-12-24,7,32,2017-12-18 00:00:00+00:00,6,7.0,7.0,4.333333333333333,15.0
110058856,LeCoupa/awesome-cheatsheets,2017-12-25/2017-12-31,9,41,2017-12-25 00:00:00+00:00,7,9.0,9.0,6.0,22.0
110058856,LeCoupa/awesome-cheatsheets,2018-01-01/2018-01-07,6,47,2018-01-01 00:00:00+00:00,8,6.0,6.0,7.333333333333333,24.0
110058856,LeCoupa/awesome-cheatsheets,2018-01-08/2018-01-14,8,55,2018-01-08 00:00:00+00:00,9,8.0,8.0,7.666666666666667,30.0
110058856,LeCoupa/awesome-cheatsheets,2018-01-15/2018-01-21,6,61,2018-01-15 00:00:00+00:00,10,6.0,6.0,6.666666666666667,29.0
110058856,LeCoupa/awesome-cheatsheets,2018-01-22/2018-01-28,8,69,2018-01-22 00:00:00+00:00,11,8.0,8.0,7.333333333333333,28.0
110058856,LeCoupa/awesome-cheatsheets,2018-01-29/2018-02-04,585,654,2018-01-29 00:00:00+00:00,12,585.0,585.0,199.66666666666666,607.0
110058856,LeCoupa/awesome-cheatsheets,2018-02-05/2018-02-11,846,1500,2018-02-05 00:00:00+00:00,13,846.0,846.0,479.6666666666667,1445.0
112507086,Chalarangelo/30-seconds-of-code,2017-11-27/2017-12-03,1,1,2017-11-27 00:00:00+00:00,0,,,,
112507086,Chalarangelo/30-seconds-of-code,2017-12-11/2017-12-17,1499,1500,2017-12-11 00:00:00+00:00,1,1499.0,1499.0,,
121395510,CyC2018/CS-Notes,2018-02-12/2018-02-18,59,59,2018-02-12 00:00:00+00:00,0,,,,
121395510,CyC2018/CS-Notes,2018-02-19/2018-02-25,610,669,2018-02-19 00:00:00+00:00,1,610.0,610.0,,
121395510,CyC2018/CS-Notes,2018-02-26/2018-03-04,831,1500,2018-02-26 00:00:00+00:00,2,831.0,831.0,,
126577260,trekhleb/javascript-algorithms,2018-05-07/2018-05-13,1,1,2018-05-07 00:00:00+00:00,0,,,,
126577260,trekhleb/javascript-algorithms,2018-05-14/2018-05-20,1,2,2018-05-14 00:00:00+00:00,1,1.0,1.0,,
126577260,trekhleb/javascript-algorithms,2018-05-21/2018-05-27,1498,1500,2018-05-21 00:00:00+00:00,2,1498.0,1498.0,,
133442384,denoland/deno,2018-05-28/2018-06-03,1500,1500,2018-05-28 00:00:00+00:00,0,,,,
135614069,sudheerj/reactjs-interview-questions,2018-06-18/2018-06-24,1,1,2018-06-18 00:00:00+00:00,0,,,,
135614069,sudheerj/reactjs-interview-questions,2018-08-06/2018-08-12,6,7,2018-08-06 00:00:00+00:00,1,6.0,6.0,,
135614069,sudheerj/reactjs-interview-questions,2018-08-13/2018-08-19,5,12,2018-08-13 00:00:00+00:00,2,5.0,5.0,,
135614069,sudheerj/reactjs-interview-questions,2018-08-20/2018-08-26,5,17,2018-08-20 00:00:00+00:00,3,5.0,5.0,5.333333333333333,
135614069,sudheerj/reactjs-interview-questions,2018-08-27/2018-09-02,3,20,2018-08-27 00:00:00+00:00,4,3.0,3.0,4.333333333333333,19.0
135614069,sudheerj/reactjs-interview-questions,2018-09-03/2018-09-09,14,34,2018-09-03 00:00:00+00:00,5,14.0,14.0,7.333333333333333,27.0
135614069,sudheerj/reactjs-interview-questions,2018-09-10/2018-09-16,3,37,2018-09-10 00:00:00+00:00,6,3.0,3.0,6.666666666666667,25.0
135614069,sudheerj/reactjs-interview-questions,2018-09-17/2018-09-23,3,40,2018-09-17 00:00:00+00:00,7,3.0,3.0,6.666666666666667,23.0
135614069,sudheerj/reactjs-interview-questions,2018-09-24/2018-09-30,9,49,2018-09-24 00:00:00+00:00,8,9.0,9.0,5.0,29.0
135614069,sudheerj/reactjs-interview-questions,2018-10-01/2018-10-07,15,64,2018-10-01 00:00:00+00:00,9,15.0,15.0,9.0,30.0
135614069,sudheerj/reactjs-interview-questions,2018-10-08/2018-10-14,108,172,2018-10-08 00:00:00+00:00,10,108.0,108.0,44.0,135.0
135614069,sudheerj/reactjs-interview-questions,2018-10-15/2018-10-21,130,302,2018-10-15 00:00:00+00:00,11,130.0,130.0,84.33333333333333,262.0
135614069,sudheerj/reactjs-interview-questions,2018-10-22/2018-10-28,59,361,2018-10-22 00:00:00+00:00,12,59.0,59.0,99.0,312.0
135614069,sudheerj/reactjs-interview-questions,2018-10-29/2018-11-04,38,399,2018-10-29 00:00:00+00:00,13,38.0,38.0,75.66666666666667,335.0
135614069,sudheerj/reactjs-interview-questions,2018-11-05/2018-11-11,45,444,2018-11-05 00:00:00+00:00,14,45.0,45.0,47.333333333333336,272.0
135614069,sudheerj/reactjs-interview-questions,2018-11-12/2018-11-18,25,469,2018-11-12 00:00:00+00:00,15,25.0,25.0,36.0,167.0
135614069,sudheerj/reactjs-interview-questions,2018-11-19/2018-11-25,30,499,2018-11-19 00:00:00+00:00,16,30.0,30.0,33.333333333333336,138.0
135614069,sudheerj/reactjs-interview-questions,2018-11-26/2018-12-02,27,526,2018-11-26 00:00:00+00:00,17,27.0,27.0,27.333333333333332,127.0
135614069,sudheerj/reactjs-interview-questions,2018-12-03/2018-12-09,20,546,2018-12-03 00:00:00+00:00,18,20.0,20.0,25.666666666666668,102.0
135614069,sudheerj/reactjs-interview-questions,2018-12-10/2018-12-16,19,565,2018-12-10 00:00:00+00:00,19,19.0,19.0,22.0,96.0
135614069,sudheerj/reactjs-interview-questions,2018-12-17/2018-12-23,22,587,2018-12-17 00:00:00+00:00,20,22.0,22.0,20.333333333333332,88.0
135614069,sudheerj/reactjs-interview-questions,2018-12-24/2018-12-30,15,602,2018-12-24 00:00:00+00:00,21,15.0,15.0,18.666666666666668,76.0
135614069,sudheerj/reactjs-interview-questions,2018-12-31/2019-01-06,20,622,2018-12-31 00:00:00+00:00,22,20.0,20.0,19.0,76.0
135614069,sudheerj/reactjs-interview-questions,2019-01-07/2019-01-13,26,648,2019-01-07 00:00:00+00:00,23,26.0,26.0,20.333333333333332,83.0
135614069,sudheerj/reactjs-interview-questions,2019-01-14/2019-01-20,34,682,2019-01-14 00:00:00+00:00,24,34.0,34.0,26.666666666666668,95.0
135614069,sudheerj/reactjs-interview-questions,2019-01-21/2019-01-27,31,713,2019-01-21 00:00:00+00:00,25,31.0,31.0,30.333333333333332,111.0
135614069,sudheerj/reactjs-interview-questions,2019-01-28/2019-02-03,26,739,2019-01-28 00:00:00+00:00,26,26.0,26.0,30.333333333333332,117.0
135614069,sudheerj/reactjs-interview-questions,2019-02-04/2019-02-10,34,773,2019-02-04 00:00:00+00:00,27,34.0,34.0,30.333333333333332,125.0
135614069,sudheerj/reactjs-interview-questions,2019-02-11/2019-02-17,27,800,2019-02-11 00:00:00+00:00,28,27.0,27.0,29.0,118.0
135614069,sudheerj/reactjs-interview-questions,2019-02-18/2019-02-24,65,865,2019-02-18 00:00:00+00:00,29,65.0,65.0,42.0,152.0
135614069,sudheerj/reactjs-interview-questions,2019-02-25/2019-03-03,54,919,2019-02-25 00:00:00+00:00,30,54.0,54.0,48.666666666666664,180.0
135614069,sudheerj/reactjs-interview-questions,2019-03-04/2019-03-10,45,964,2019-03-04 00:00:00+00:00,31,45.0,45.0,54.666666666666664,191.0
135614069,sudheerj/reactjs-interview-questions,2019-03-11/2019-03-17,34,998,2019-03-11 00:00:00+00:00,32,34.0,34.0,44.333333333333336,198.0
135614069,sudheerj/reactjs-interview-questions,2019-03-18/2019-03-24,35,1033,2019-03-18 00:00:00+00:00,33,35.0,35.0,38.0,168.0
135614069,sudheerj/reactjs-interview-questions,2019-03-25/2019-03-31,260,1293,2019-03-25 00:00:00+00:00,34,260.0,260.0,109.66666666666667,374.0
135614069,sudheerj/reactjs-interview-questions,2019-04-01/2019-04-07,147,1440,2019-04-01 00:00:00+00:00,35,147.0,147.0,147.33333333333334,476.0
135614069,sudheerj/reactjs-interview-questions,2019-04-08/2019-04-14,53,1493,2019-04-08 00:00:00+00:00,36,53.0,53.0,153.33333333333334,495.0
135614069,sudheerj/reactjs-interview-questions,2019-04-15/2019-04-21,7,1500,2019-04-15 00:00:00+00:00,37,7.0,7.0,69.0,467.0
135786093,typescript-cheatsheets/react,2018-05-28/2018-06-03,291,291,2018-05-28 00:00:00+00:00,0,,,,
135786093,typescript-cheatsheets/react,2018-06-04/2018-06-10,376,667,2018-06-04 00:00:00+00:00,1,376.0,376.0,,
135786093,typescript-cheatsheets/react,2018-06-11/2018-06-17,131,798,2018-06-11 00:00:00+00:00,2,131.0,131.0,,
135786093,typescript-cheatsheets/react,2018-06-18/2018-06-24,31,829,2018-06-18 00:00:00+00:00,3,31.0,31.0,179.33333333333334,
135786093,typescript-cheatsheets/react,2018-06-25/2018-07-01,18,847,2018-06-25 00:00:00+00:00,4,18.0,18.0,60.0,556.0
135786093,typescript-cheatsheets/react,2018-07-02/2018-07-08,58,905,2018-07-02 00:00:00+00:00,5,58.0,58.0,35.666666666666664,238.0
135786093,typescript-cheatsheets/react,2018-07-09/2018-07-15,36,941,2018-07-09 00:00:00+00:00,6,36.0,36.0,37.333333333333336,143.0
135786093,typescript-cheatsheets/react,2018-07-16/2018-07-22,61,1002,2018-07-16 00:00:00+00:00,7,61.0,61.0,51.666666666666664,173.0
135786093,typescript-cheatsheets/react,2018-07-23/2018-07-29,41,1043,2018-07-23 00:00:00+00:00,8,41.0,41.0,46.0,196.0
135786093,typescript-cheatsheets/react,2018-07-30/2018-08-05,34,1077,2018-07-30 00:00:00+00:00,9,34.0,34.0,45.333333333333336,172.0
135786093,typescript-cheatsheets/react,2018-08-06/2018-08-12,48,1125,2018-08-06 00:00:00+00:00,10,48.0,48.0,41.0,184.0
135786093,typescript-cheatsheets/react,2018-08-13/2018-08-19,46,1171,2018-08-13 00:00:00+00:00,11,46.0,46.0,42.666666666666664,169.0
135786093,typescript-cheatsheets/react,2018-08-20/2018-08-26,45,1216,2018-08-20 00:00:00+00:00,12,45.0,45.0,46.333333333333336,173.0
135786093,typescript-cheatsheets/react,2018-08-27/2018-09-02,30,1246,2018-08-27 00:00:00+00:00,13,30.0,30.0,40.333333333333336,169.0
135786093,typescript-cheatsheets/react,2018-09-03/2018-09-09,20,1266,2018-09-03 00:00:00+00:00,14,20.0,20.0,31.666666666666668,141.0
135786093,typescript-cheatsheets/react,2018-09-10/2018-09-16,31,1297,2018-09-10 00:00:00+00:00,15,31.0,31.0,27.0,126.0
135786093,typescript-cheatsheets/react,2018-09-17/2018-09-23,44,1341,2018-09-17 00:00:00+00:00,16,44.0,44.0,31.666666666666668,125.0
135786093,typescript-cheatsheets/react,2018-09-24/2018-09-30,47,1388,2018-09-24 00:00:00+00:00,17,47.0,47.0,40.666666666666664,142.0
135786093,typescript-cheatsheets/react,2018-10-01/2018-10-07,57,1445,2018-10-01 00:00:00+00:00,18,57.0,57.0,49.333333333333336,179.0
135786093,typescript-cheatsheets/react,2018-10-08/2018-10-14,30,1475,2018-10-08 00:00:00+00:00,19,30.0,30.0,44.666666666666664,178.0
135786093,typescript-cheatsheets/react,2018-10-15/2018-10-21,25,1500,2018-10-15 00:00:00+00:00,20,25.0,25.0,37.333333333333336,159.0
139824423,Avik-Jain/100-Days-Of-ML-Code,2018-07-02/2018-07-08,13,13,2018-07-02 00:00:00+00:00,0,,,,
139824423,Avik-Jain/100-Days-Of-ML-Code,2018-07-09/2018-07-15,55,68,2018-07-09 00:00:00+00:00,1,55.0,55.0,,
139824423,Avik-Jain/100-Days-Of-ML-Code,2018-07-16/2018-07-22,16,84,2018-07-16 00:00:00+00:00,2,16.0,16.0,,
139824423,Avik-Jain/100-Days-Of-ML-Code,2018-07-23/2018-07-29,116,200,2018-07-23 00:00:00+00:00,3,116.0,116.0,62.333333333333336,
139824423,Avik-Jain/100-Days-Of-ML-Code,2018-07-30/2018-08-05,1300,1500,2018-07-30 00:00:00+00:00,4,1300.0,1300.0,477.3333333333333,1487.0
155220641,huggingface/transformers,2018-11-05/2018-11-11,924,924,2018-11-05 00:00:00+00:00,0,,,,
155220641,huggingface/transformers,2018-11-12/2018-11-18,307,1231,2018-11-12 00:00:00+00:00,1,307.0,307.0,,
155220641,huggingface/transformers,2018-11-19/2018-11-25,212,1443,2018-11-19 00:00:00+00:00,2,212.0,212.0,,
155220641,huggingface/transformers,2018-11-26/2018-12-02,57,1500,2018-11-26 00:00:00+00:00,3,57.0,57.0,192.0,
156157055,GokuMohandas/Made-With-ML,2018-11-19/2018-11-25,1,1,2018-11-19 00:00:00+00:00,0,,,,
156157055,GokuMohandas/Made-With-ML,2018-11-26/2018-12-02,3,4,2018-11-26 00:00:00+00:00,1,3.0,3.0,,
156157055,GokuMohandas/Made-With-ML,2018-12-03/2018-12-09,2,6,2018-12-03 00:00:00+00:00,2,2.0,2.0,,
156157055,GokuMohandas/Made-With-ML,2018-12-10/2018-12-16,1494,1500,2018-12-10 00:00:00+00:00,3,1494.0,1494.0,499.6666666666667,
159152904,jeecgboot/JeecgBoot,2019-02-11/2019-02-17,1,1,2019-02-11 00:00:00+00:00,0,,,,
159152904,jeecgboot/JeecgBoot,2019-02-18/2019-02-24,1,2,2019-02-18 00:00:00+00:00,1,1.0,1.0,,
159152904,jeecgboot/JeecgBoot,2019-02-25/2019-03-03,58,60,2019-02-25 00:00:00+00:00,2,58.0,58.0,,
159152904,jeecgboot/JeecgBoot,2019-03-04/2019-03-10,95,155,2019-03-04 00:00:00+00:00,3,95.0,95.0,51.333333333333336,
159152904,jeecgboot/JeecgBoot,2019-03-11/2019-03-17,23,178,2019-03-11 00:00:00+00:00,4,23.0,23.0,58.666666666666664,177.0
159152904,jeecgboot/JeecgBoot,2019-03-18/2019-03-24,24,202,2019-03-18 00:00:00+00:00,5,24.0,24.0,47.333333333333336,200.0
159152904,jeecgboot/JeecgBoot,2019-03-25/2019-03-31,30,232,2019-03-25 00:00:00+00:00,6,30.0,30.0,25.666666666666668,172.0
159152904,jeecgboot/JeecgBoot,2019-04-01/2019-04-07,20,252,2019-04-01 00:00:00+00:00,7,20.0,20.0,24.666666666666668,97.0
159152904,jeecgboot/JeecgBoot,2019-04-08/2019-04-14,34,286,2019-04-08 00:00:00+00:00,8,34.0,34.0,28.0,108.0
159152904,jeecgboot/JeecgBoot,2019-04-15/2019-04-21,353,639,2019-04-15 00:00:00+00:00,9,353.0,353.0,135.66666666666666,437.0
159152904,jeecgboot/JeecgBoot,2019-04-22/2019-04-28,76,715,2019-04-22 00:00:00+00:00,10,76.0,76.0,154.33333333333334,483.0
159152904,jeecgboot/JeecgBoot,2019-04-29/2019-05-05,30,745,2019-04-29 00:00:00+00:00,11,30.0,30.0,153.0,493.0
159152904,jeecgboot/JeecgBoot,2019-05-06/2019-05-12,49,794,2019-05-06 00:00:00+00:00,12,49.0,49.0,51.666666666666664,508.0
159152904,jeecgboot/JeecgBoot,2019-05-13/2019-05-19,93,887,2019-05-13 00:00:00+00:00,13,93.0,93.0,57.333333333333336,248.0
159152904,jeecgboot/JeecgBoot,2019-05-20/2019-05-26,209,1096,2019-05-20 00:00:00+00:00,14,209.0,209.0,117.0,381.0
159152904,jeecgboot/JeecgBoot,2019-05-27/2019-06-02,81,1177,2019-05-27 00:00:00+00:00,15,81.0,81.0,127.66666666666667,432.0
159152904,jeecgboot/JeecgBoot,2019-06-03/2019-06-09,323,1500,2019-06-03 00:00:00+00:00,16,323.0,323.0,204.33333333333334,706.0
160919119,fastapi/fastapi,2018-12-10/2018-12-16,4,4,2018-12-10 00:00:00+00:00,0,,,,
160919119,fastapi/fastapi,2018-12-17/2018-12-23,19,23,2018-12-17 00:00:00+00:00,1,19.0,19.0,,
160919119,fastapi/fastapi,2018-12-24/2018-12-30,25,48,2018-12-24 00:00:00+00:00,2,25.0,25.0,,
160919119,fastapi/fastapi,2018-12-31/2019-01-06,21,69,2018-12-31 00:00:00+00:00,3,21.0,21.0,21.666666666666668,
160919119,fastapi/fastapi,2019-01-07/2019-01-13,10,79,2019-01-07 00:00:00+00:00,4,10.0,10.0,18.666666666666668,75.0
160919119,fastapi/fastapi,2019-01-14/2019-01-20,15,94,2019-01-14 00:00:00+00:00,5,15.0,15.0,15.333333333333334,71.0
160919119,fastapi/fastapi,2019-01-21/2019-01-27,54,148,2019-01-21 00:00:00+00:00,6,54.0,54.0,26.333333333333332,100.0
160919119,fastapi/fastapi,2019-01-28/2019-02-03,35,183,2019-01-28 00:00:00+00:00,7,35.0,35.0,34.666666666666664,114.0
160919119,fastapi/fastapi,2019-02-04/2019-02-10,32,215,2019-02-04 00:00:00+00:00,8,32.0,32.0,40.333333333333336,136.0
160919119,fastapi/fastapi,2019-02-11/2019-02-17,37,252,2019-02-11 00:00:00+00:00,9,37.0,37.0,34.666666666666664,158.0
160919119,fastapi/fastapi,2019-02-18/2019-02-24,33,285,2019-02-18 00:00:00+00:00,10,33.0,33.0,34.0,137.0
160919119,fastapi/fastapi,2019-02-25/2019-03-03,26,311,2019-02-25 00:00:00+00:00,11,26.0,26.0,32.0,128.0
160919119,fastapi/fastapi,2019-03-04/2019-03-10,32,343,2019-03-04 00:00:00+00:00,12,32.0,32.0,30.333333333333332,128.0
160919119,fastapi/fastapi,2019-03-11/2019-03-17,191,534,2019-03-11 00:00:00+00:00,13,191.0,191.0,83.0,282.0
160919119,fastapi/fastapi,2019-03-18/2019-03-24,762,1296,2019-03-18 00:00:00+00:00,14,762.0,762.0,328.3333333333333,1011.0
160919119,fastapi/fastapi,2019-03-25/2019-03-31,204,1500,2019-03-25 00:00:00+00:00,15,204.0,204.0,385.6666666666667,1189.0
162998479,sherlock-project/sherlock,2018-12-24/2018-12-30,1096,1096,2018-12-24 00:00:00+00:00,0,,,,
162998479,sherlock-project/sherlock,2018-12-31/2019-01-06,404,1500,2018-12-31 00:00:00+00:00,1,404.0,404.0,,
163591278,GitHubDaily/GitHubDaily,2018-12-24/2018-12-30,1,1,2018-12-24 00:00:00+00:00,0,,,,
163591278,GitHubDaily/GitHubDaily,2018-12-31/2019-01-06,559,560,2018-12-31 00:00:00+00:00,1,559.0,559.0,,
163591278,GitHubDaily/GitHubDaily,2019-01-07/2019-01-13,213,773,2019-01-07 00:00:00+00:00,2,213.0,213.0,,
163591278,GitHubDaily/GitHubDaily,2019-01-14/2019-01-20,323,1096,2019-01-14 00:00:00+00:00,3,323.0,323.0,365.0,
163591278,GitHubDaily/GitHubDaily,2019-01-21/2019-01-27,145,1241,2019-01-21 00:00:00+00:00,4,145.0,145.0,227.0,1240.0
163591278,GitHubDaily/GitHubDaily,2019-01-28/2019-02-03,259,1500,2019-01-28 00:00:00+00:00,5,259.0,259.0,242.33333333333334,940.0
172562475,florinpop17/app-ideas,2019-02-25/2019-03-03,2,2,2019-02-25 00:00:00+00:00,0,,,,
172562475,florinpop17/app-ideas,2019-03-04/2019-03-10,4,6,2019-03-04 00:00:00+00:00,1,4.0,4.0,,
172562475,florinpop17/app-ideas,2019-03-11/2019-03-17,190,196,2019-03-11 00:00:00+00:00,2,190.0,190.0,,
172562475,florinpop17/app-ideas,2019-03-18/2019-03-24,113,309,2019-03-18 00:00:00+00:00,3,113.0,113.0,102.33333333333333,
172562475,florinpop17/app-ideas,2019-03-25/2019-03-31,59,368,2019-03-25 00:00:00+00:00,4,59.0,59.0,120.66666666666667,366.0
172562475,florinpop17/app-ideas,2019-04-01/2019-04-07,633,1001,2019-04-01 00:00:00+00:00,5,633.0,633.0,268.3333333333333,995.0
172562475,florinpop17/app-ideas,2019-04-08/2019-04-14,499,1500,2019-04-08 00:00:00+00:00,6,499.0,499.0,397.0,1304.0
192925833,prisma/prisma,2019-06-17/2019-06-23,1,1,2019-06-17 00:00:00+00:00,0,,,,
192925833,prisma/prisma,2019-06-24/2019-06-30,1,2,2019-06-24 00:00:00+00:00,1,1.0,1.0,,
192925833,prisma/prisma,2019-07-01/2019-07-07,29,31,2019-07-01 00:00:00+00:00,2,29.0,29.0,,
192925833,prisma/prisma,2019-07-08/2019-07-14,42,73,2019-07-08 00:00:00+00:00,3,42.0,42.0,24.0,
192925833,prisma/prisma,2019-07-15/2019-07-21,46,119,2019-07-15 00:00:00+00:00,4,46.0,46.0,39.0,118.0
192925833,prisma/prisma,2019-07-22/2019-07-28,49,168,2019-07-22 00:00:00+00:00,5,49.0,49.0,45.666666666666664,166.0
192925833,prisma/prisma,2019-07-29/2019-08-04,82,250,2019-07-29 00:00:00+00:00,6,82.0,82.0,59.0,219.0
192925833,prisma/prisma,2019-08-05/2019-08-11,42,292,2019-08-05 00:00:00+00:00,7,42.0,42.0,57.666666666666664,219.0
192925833,prisma/prisma,2019-08-12/2019-08-18,44,336,2019-08-12 00:00:00+00:00,8,44.0,44.0,56.0,217.0
192925833,prisma/prisma,2019-08-19/2019-08-25,41,377,2019-08-19 00:00:00+00:00,9,41.0,41.0,42.333333333333336,209.0
192925833,prisma/prisma,2019-08-26/2019-09-01,46,423,2019-08-26 00:00:00+00:00,10,46.0,46.0,43.666666666666664,173.0
192925833,prisma/prisma,2019-09-02/2019-09-08,75,498,2019-09-02 00:00:00+00:00,11,75.0,75.0,54.0,206.0
192925833,prisma/prisma,2019-09-09/2019-09-15,33,531,2019-09-09 00:00:00+00:00,12,33.0,33.0,51.333333333333336,195.0
192925833,prisma/prisma,2019-09-16/2019-09-22,32,563,2019-09-16 00:00:00+00:00,13,32.0,32.0,46.666666666666664,186.0
192925833,prisma/prisma,2019-09-23/2019-09-29,58,621,2019-09-23 00:00:00+00:00,14,58.0,58.0,41.0,198.0
192925833,prisma/prisma,2019-09-30/2019-10-06,33,654,2019-09-30 00:00:00+00:00,15,33.0,33.0,41.0,156.0
192925833,prisma/prisma,2019-10-07/2019-10-13,43,697,2019-10-07 00:00:00+00:00,16,43.0,43.0,44.666666666666664,166.0
192925833,prisma/prisma,2019-10-14/2019-10-20,36,733,2019-10-14 00:00:00+00:00,17,36.0,36.0,37.333333333333336,170.0
192925833,prisma/prisma,2019-10-21/2019-10-27,36,769,2019-10-21 00:00:00+00:00,18,36.0,36.0,38.333333333333336,148.0
192925833,prisma/prisma,2019-10-28/2019-11-03,54,823,2019-10-28 00:00:00+00:00,19,54.0,54.0,42.0,169.0
192925833,prisma/prisma,2019-11-04/2019-11-10,62,885,2019-11-04 00:00:00+00:00,20,62.0,62.0,50.666666666666664,188.0
192925833,prisma/prisma,2019-11-11/2019-11-17,53,938,2019-11-11 00:00:00+00:00,21,53.0,53.0,56.333333333333336,205.0
192925833,prisma/prisma,2019-11-18/2019-11-24,37,975,2019-11-18 00:00:00+00:00,22,37.0,37.0,50.666666666666664,206.0
192925833,prisma/prisma,2019-11-25/2019-12-01,43,1018,2019-11-25 00:00:00+00:00,23,43.0,43.0,44.333333333333336,195.0
192925833,prisma/prisma,2019-12-02/2019-12-08,70,1088,2019-12-02 00:00:00+00:00,24,70.0,70.0,50.0,203.0
192925833,prisma/prisma,2019-12-09/2019-12-15,54,1142,2019-12-09 00:00:00+00:00,25,54.0,54.0,55.666666666666664,204.0
192925833,prisma/prisma,2019-12-16/2019-12-22,67,1209,2019-12-16 00:00:00+00:00,26,67.0,67.0,63.666666666666664,234.0
192925833,prisma/prisma,2019-12-23/2019-12-29,57,1266,2019-12-23 00:00:00+00:00,27,57.0,57.0,59.333333333333336,248.0
192925833,prisma/prisma,2019-12-30/2020-01-05,59,1325,2019-12-30 00:00:00+00:00,28,59.0,59.0,61.0,237.0
192925833,prisma/prisma,2020-01-06/2020-01-12,75,1400,2020-01-06 00:00:00+00:00,29,75.0,75.0,63.666666666666664,258.0
192925833,prisma/prisma,2020-01-13/2020-01-19,57,1457,2020-01-13 00:00:00+00:00,30,57.0,57.0,63.666666666666664,248.0
192925833,prisma/prisma,2020-01-20/2020-01-26,43,1500,2020-01-20 00:00:00+00:00,31,43.0,43.0,58.333333333333336,234.0
202367615,lyswhut/lx-music-desktop,2019-08-12/2019-08-18,17,17,2019-08-12 00:00:00+00:00,0,,,,
202367615,lyswhut/lx-music-desktop,2019-08-19/2019-08-25,36,53,2019-08-19 00:00:00+00:00,1,36.0,36.0,,
202367615,lyswhut/lx-music-desktop,2019-08-26/2019-09-01,66,119,2019-08-26 00:00:00+00:00,2,66.0,66.0,,
202367615,lyswhut/lx-music-desktop,2019-09-02/2019-09-08,108,227,2019-09-02 00:00:00+00:00,3,108.0,108.0,70.0,
202367615,lyswhut/lx-music-desktop,2019-09-09/2019-09-15,103,330,2019-09-09 00:00:00+00:00,4,103.0,103.0,92.33333333333333,313.0
202367615,lyswhut/lx-music-desktop,2019-09-16/2019-09-22,90,420,2019-09-16 00:00:00+00:00,5,90.0,90.0,100.33333333333333,367.0
202367615,lyswhut/lx-music-desktop,2019-09-23/2019-09-29,166,586,2019-09-23 00:00:00+00:00,6,166.0,166.0,119.66666666666667,467.0
202367615,lyswhut/lx-music-desktop,2019-09-30/2019-10-06,83,669,2019-09-30 00:00:00+00:00,7,83.0,83.0,113.0,442.0
202367615,lyswhut/lx-music-desktop,2019-10-07/2019-10-13,109,778,2019-10-07 00:00:00+00:00,8,109.0,109.0,119.33333333333333,448.0
202367615,lyswhut/lx-music-desktop,2019-10-14/2019-10-20,81,859,2019-10-14 00:00:00+00:00,9,81.0,81.0,91.0,439.0
202367615,lyswhut/lx-music-desktop,2019-10-21/2019-10-27,86,945,2019-10-21 00:00:00+00:00,10,86.0,86.0,92.0,359.0
202367615,lyswhut/lx-music-desktop,2019-10-28/2019-11-03,74,1019,2019-10-28 00:00:00+00:00,11,74.0,74.0,80.33333333333333,350.0
202367615,lyswhut/lx-music-desktop,2019-11-04/2019-11-10,105,1124,2019-11-04 00:00:00+00:00,12,105.0,105.0,88.33333333333333,346.0
202367615,lyswhut/lx-music-desktop,2019-11-11/2019-11-17,136,1260,2019-11-11 00:00:00+00:00,13,136.0,136.0,105.0,401.0
202367615,lyswhut/lx-music-desktop,2019-11-18/2019-11-24,135,1395,2019-11-18 00:00:00+00:00,14,135.0,135.0,125.33333333333333,450.0
202367615,lyswhut/lx-music-desktop,2019-11-25/2019-12-01,105,1500,2019-11-25 00:00:00+00:00,15,105.0,105.0,125.33333333333333,481.0
204086862,streamlit/streamlit,2019-08-19/2019-08-25,3,3,2019-08-19 00:00:00+00:00,0,,,,
204086862,streamlit/streamlit,2019-08-26/2019-09-01,3,6,2019-08-26 00:00:00+00:00,1,3.0,3.0,,
204086862,streamlit/streamlit,2019-09-09/2019-09-15,8,14,2019-09-09 00:00:00+00:00,2,8.0,8.0,,
204086862,streamlit/streamlit,2019-09-16/2019-09-22,49,63,2019-09-16 00:00:00+00:00,3,49.0,49.0,20.0,
204086862,streamlit/streamlit,2019-09-23/2019-09-29,4,67,2019-09-23 00:00:00+00:00,4,4.0,4.0,20.333333333333332,64.0
204086862,streamlit/streamlit,2019-09-30/2019-10-06,1433,1500,2019-09-30 00:00:00+00:00,5,1433.0,1433.0,495.3333333333333,1494.0
207645083,TanStack/query,2019-09-09/2019-09-15,19,19,2019-09-09 00:00:00+00:00,0,,,,
207645083,TanStack/query,2019-09-16/2019-09-22,11,30,2019-09-16 00:00:00+00:00,1,11.0,11.0,,
207645083,TanStack/query,2019-09-23/2019-09-29,6,36,2019-09-23 00:00:00+00:00,2,6.0,6.0,,
207645083,TanStack/query,2019-09-30/2019-10-06,2,38,2019-09-30 00:00:00+00:00,3,2.0,2.0,6.333333333333333,
207645083,TanStack/query,2019-10-07/2019-10-13,1,39,2019-10-07 00:00:00+00:00,4,1.0,1.0,3.0,20.0
207645083,TanStack/query,2019-10-28/2019-11-03,92,131,2019-10-28 00:00:00+00:00,5,92.0,92.0,31.666666666666668,101.0
207645083,TanStack/query,2019-11-04/2019-11-10,1369,1500,2019-11-04 00:00:00+00:00,6,1369.0,1369.0,487.3333333333333,1464.0
208728772,milvus-io/milvus,2019-09-16/2019-09-22,3,3,2019-09-16 00:00:00+00:00,0,,,,
208728772,milvus-io/milvus,2019-09-23/2019-09-29,1,4,2019-09-23 00:00:00+00:00,1,1.0,1.0,,
208728772,milvus-io/milvus,2019-10-14/2019-10-20,181,185,2019-10-14 00:00:00+00:00,2,181.0,181.0,,
208728772,milvus-io/milvus,2019-10-21/2019-10-27,204,389,2019-10-21 00:00:00+00:00,3,204.0,204.0,128.66666666666666,
208728772,milvus-io/milvus,2019-10-28/2019-11-03,389,778,2019-10-28 00:00:00+00:00,4,389.0,389.0,258.0,775.0
208728772,milvus-io/milvus,2019-11-04/2019-11-10,722,1500,2019-11-04 00:00:00+00:00,5,722.0,722.0,438.3333333333333,1496.0
212639071,bregman-arie/devops-exercises,2019-09-30/2019-10-06,6,6,2019-09-30 00:00:00+00:00,0,,,,
212639071,bregman-arie/devops-exercises,2019-10-07/2019-10-13,7,13,2019-10-07 00:00:00+00:00,1,7.0,7.0,,
212639071,bregman-arie/devops-exercises,2019-10-14/2019-10-20,397,410,2019-10-14 00:00:00+00:00,2,397.0,397.0,,
212639071,bregman-arie/devops-exercises,2019-10-21/2019-10-27,979,1389,2019-10-21 00:00:00+00:00,3,979.0,979.0,461.0,
212639071,bregman-arie/devops-exercises,2019-10-28/2019-11-03,111,1500,2019-10-28 00:00:00+00:00,4,111.0,111.0,495.6666666666667,1494.0
221981891,microsoft/playwright,2019-12-16/2019-12-22,1,1,2019-12-16 00:00:00+00:00,0,,,,
221981891,microsoft/playwright,2020-01-20/2020-01-26,1499,1500,2020-01-20 00:00:00+00:00,1,1499.0,1499.0,,
229764465,Asabeneh/30-Days-Of-JavaScript,2019-12-23/2019-12-29,1,1,2019-12-23 00:00:00+00:00,0,,,,
229764465,Asabeneh/30-Days-Of-JavaScript,2019-12-30/2020-01-05,267,268,2019-12-30 00:00:00+00:00,1,267.0,267.0,,
229764465,Asabeneh/30-Days-Of-JavaScript,2020-01-06/2020-01-12,692,960,2020-01-06 00:00:00+00:00,2,692.0,692.0,,
229764465,Asabeneh/30-Days-Of-JavaScript,2020-01-13/2020-01-19,81,1041,2020-01-13 00:00:00+00:00,3,81.0,81.0,346.6666666666667,
229764465,Asabeneh/30-Days-Of-JavaScript,2020-01-20/2020-01-26,159,1200,2020-01-20 00:00:00+00:00,4,159.0,159.0,310.6666666666667,1199.0
229764465,Asabeneh/30-Days-Of-JavaScript,2020-01-27/2020-02-02,70,1270,2020-01-27 00:00:00+00:00,5,70.0,70.0,103.33333333333333,1002.0
229764465,Asabeneh/30-Days-Of-JavaScript,2020-02-03/2020-02-09,62,1332,2020-02-03 00:00:00+00:00,6,62.0,62.0,97.0,372.0
229764465,Asabeneh/30-Days-Of-JavaScript,2020-02-10/2020-02-16,36,1368,2020-02-10 00:00:00+00:00,7,36.0,36.0,56.0,327.0
229764465,Asabeneh/30-Days-Of-JavaScript,2020-02-17/2020-02-23,49,1417,2020-02-17 00:00:00+00:00,8,49.0,49.0,49.0,217.0
229764465,Asabeneh/30-Days-Of-JavaScript,2020-02-24/2020-03-01,32,1449,2020-02-24 00:00:00+00:00,9,32.0,32.0,39.0,179.0
229764465,Asabeneh/30-Days-Of-JavaScript,2020-03-02/2020-03-08,15,1464,2020-03-02 00:00:00+00:00,10,15.0,15.0,32.0,132.0
229764465,Asabeneh/30-Days-Of-JavaScript,2020-03-09/2020-03-15,11,1475,2020-03-09 00:00:00+00:00,11,11.0,11.0,19.333333333333332,107.0
229764465,Asabeneh/30-Days-Of-JavaScript,2020-03-16/2020-03-22,7,1482,2020-03-16 00:00:00+00:00,12,7.0,7.0,11.0,65.0
229764465,Asabeneh/30-Days-Of-JavaScript,2020-03-23/2020-03-29,10,1492,2020-03-23 00:00:00+00:00,13,10.0,10.0,9.333333333333334,43.0
229764465,Asabeneh/30-Days-Of-JavaScript,2020-03-30/2020-04-05,8,1500,2020-03-30 00:00:00+00:00,14,8.0,8.0,8.333333333333334,36.0
255378816,bigskysoftware/htmx,2020-05-04/2020-05-10,4,4,2020-05-04 00:00:00+00:00,0,,,,
255378816,bigskysoftware/htmx,2020-05-11/2020-05-17,118,122,2020-05-11 00:00:00+00:00,1,118.0,118.0,,
255378816,bigskysoftware/htmx,2020-05-18/2020-05-24,43,165,2020-05-18 00:00:00+00:00,2,43.0,43.0,,
255378816,bigskysoftware/htmx,2020-05-25/2020-05-31,953,1118,2020-05-25 00:00:00+00:00,3,953.0,953.0,371.3333333333333,
255378816,bigskysoftware/htmx,2020-06-01/2020-06-07,211,1329,2020-06-01 00:00:00+00:00,4,211.0,211.0,402.3333333333333,1325.0
255378816,bigskysoftware/htmx,2020-06-08/2020-06-14,114,1443,2020-06-08 00:00:00+00:00,5,114.0,114.0,426.0,1321.0
255378816,bigskysoftware/htmx,2020-06-15/2020-06-21,57,1500,2020-06-15 00:00:00+00:00,6,57.0,57.0,127.33333333333333,1335.0
265612440,coqui-ai/TTS,2021-02-22/2021-02-28,5,5,2021-02-22 00:00:00+00:00,0,,,,
265612440,coqui-ai/TTS,2021-03-01/2021-03-07,17,22,2021-03-01 00:00:00+00:00,1,17.0,17.0,,
265612440,coqui-ai/TTS,2021-03-08/2021-03-14,21,43,2021-03-08 00:00:00+00:00,2,21.0,21.0,,
265612440,coqui-ai/TTS,2021-03-15/2021-03-21,260,303,2021-03-15 00:00:00+00:00,3,260.0,260.0,99.33333333333333,
265612440,coqui-ai/TTS,2021-03-22/2021-03-28,47,350,2021-03-22 00:00:00+00:00,4,47.0,47.0,109.33333333333333,345.0
265612440,coqui-ai/TTS,2021-03-29/2021-04-04,27,377,2021-03-29 00:00:00+00:00,5,27.0,27.0,111.33333333333333,355.0
265612440,coqui-ai/TTS,2021-04-05/2021-04-11,14,391,2021-04-05 00:00:00+00:00,6,14.0,14.0,29.333333333333332,348.0
265612440,coqui-ai/TTS,2021-04-12/2021-04-18,706,1097,2021-04-12 00:00:00+00:00,7,706.0,706.0,249.0,794.0
265612440,coqui-ai/TTS,2021-04-19/2021-04-25,113,1210,2021-04-19 00:00:00+00:00,8,113.0,113.0,277.6666666666667,860.0
265612440,coqui-ai/TTS,2021-04-26/2021-05-02,71,1281,2021-04-26 00:00:00+00:00,9,71.0,71.0,296.6666666666667,904.0
265612440,coqui-ai/TTS,2021-05-03/2021-05-09,36,1317,2021-05-03 00:00:00+00:00,10,36.0,36.0,73.33333333333333,926.0
265612440,coqui-ai/TTS,2021-05-10/2021-05-16,30,1347,2021-05-10 00:00:00+00:00,11,30.0,30.0,45.666666666666664,250.0
265612440,coqui-ai/TTS,2021-05-17/2021-05-23,21,1368,2021-05-17 00:00:00+00:00,12,21.0,21.0,29.0,158.0
265612440,coqui-ai/TTS,2021-05-24/2021-05-30,36,1404,2021-05-24 00:00:00+00:00,13,36.0,36.0,29.0,123.0
265612440,coqui-ai/TTS,2021-05-31/2021-06-06,45,1449,2021-05-31 00:00:00+00:00,14,45.0,45.0,34.0,132.0
265612440,coqui-ai/TTS,2021-06-07/2021-06-13,37,1486,2021-06-07 00:00:00+00:00,15,37.0,37.0,39.333333333333336,139.0
265612440,coqui-ai/TTS,2021-06-14/2021-06-20,14,1500,2021-06-14 00:00:00+00:00,16,14.0,14.0,32.0,132.0
266417772,SimplifyJobs/Summer2026-Internships,2020-05-18/2020-05-24,64,64,2020-05-18 00:00:00+00:00,0,,,,
266417772,SimplifyJobs/Summer2026-Internships,2020-05-25/2020-05-31,76,140,2020-05-25 00:00:00+00:00,1,76.0,76.0,,
266417772,SimplifyJobs/Summer2026-Internships,2020-06-01/2020-06-07,15,155,2020-06-01 00:00:00+00:00,2,15.0,15.0,,
266417772,SimplifyJobs/Summer2026-Internships,2020-06-08/2020-06-14,21,176,2020-06-08 00:00:00+00:00,3,21.0,21.0,37.333333333333336,
266417772,SimplifyJobs/Summer2026-Internships,2020-06-15/2020-06-21,22,198,2020-06-15 00:00:00+00:00,4,22.0,22.0,19.333333333333332,134.0
266417772,SimplifyJobs/Summer2026-Internships,2020-06-22/2020-06-28,26,224,2020-06-22 00:00:00+00:00,5,26.0,26.0,23.0,84.0
266417772,SimplifyJobs/Summer2026-Internships,2020-06-29/2020-07-05,141,365,2020-06-29 00:00:00+00:00,6,141.0,141.0,63.0,210.0
266417772,SimplifyJobs/Summer2026-Internships,2020-07-06/2020-07-12,70,435,2020-07-06 00:00:00+00:00,7,70.0,70.0,79.0,259.0
266417772,SimplifyJobs/Summer2026-Internships,2020-07-13/2020-07-19,36,471,2020-07-13 00:00:00+00:00,8,36.0,36.0,82.33333333333333,273.0
266417772,SimplifyJobs/Summer2026-Internships,2020-07-20/2020-07-26,90,561,2020-07-20 00:00:00+00:00,9,90.0,90.0,65.33333333333333,337.0
266417772,SimplifyJobs/Summer2026-Internships,2020-07-27/2020-08-02,82,643,2020-07-27 00:00:00+00:00,10,82.0,82.0,69.33333333333333,278.0
266417772,SimplifyJobs/Summer2026-Internships,2020-08-03/2020-08-09,146,789,2020-08-03 00:00:00+00:00,11,146.0,146.0,106.0,354.0
266417772,SimplifyJobs/Summer2026-Internships,2020-08-10/2020-08-16,134,923,2020-08-10 00:00:00+00:00,12,134.0,134.0,120.66666666666667,452.0
266417772,SimplifyJobs/Summer2026-Internships,2020-08-17/2020-08-23,160,1083,2020-08-17 00:00:00+00:00,13,160.0,160.0,146.66666666666666,522.0
266417772,SimplifyJobs/Summer2026-Internships,2020-08-24/2020-08-30,102,1185,2020-08-24 00:00:00+00:00,14,102.0,102.0,132.0,542.0
266417772,SimplifyJobs/Summer2026-Internships,2020-08-31/2020-09-06,124,1309,2020-08-31 00:00:00+00:00,15,124.0,124.0,128.66666666666666,520.0
266417772,SimplifyJobs/Summer2026-Internships,2020-09-07/2020-09-13,91,1400,2020-09-07 00:00:00+00:00,16,91.0,91.0,105.66666666666667,477.0
266417772,SimplifyJobs/Summer2026-Internships,2020-09-14/2020-09-20,94,1494,2020-09-14 00:00:00+00:00,17,94.0,94.0,103.0,411.0
266417772,SimplifyJobs/Summer2026-Internships,2020-09-21/2020-09-27,6,1500,2020-09-21 00:00:00+00:00,18,6.0,6.0,63.666666666666664,315.0
274495425,remotion-dev/remotion,2021-02-08/2021-02-14,1500,1500,2021-02-08 00:00:00+00:00,0,,,,
287463830,microsoft/qlib,2020-09-21/2020-09-27,169,169,2020-09-21 00:00:00+00:00,0,,,,
287463830,microsoft/qlib,2020-09-28/2020-10-04,211,380,2020-09-28 00:00:00+00:00,1,211.0,211.0,,
287463830,microsoft/qlib,2020-10-05/2020-10-11,128,508,2020-10-05 00:00:00+00:00,2,128.0,128.0,,
287463830,microsoft/qlib,2020-10-12/2020-10-18,38,546,2020-10-12 00:00:00+00:00,3,38.0,38.0,125.66666666666667,
287463830,microsoft/qlib,2020-10-19/2020-10-25,23,569,2020-10-19 00:00:00+00:00,4,23.0,23.0,63.0,400.0
287463830,microsoft/qlib,2020-10-26/2020-11-01,19,588,2020-10-26 00:00:00+00:00,5,19.0,19.0,26.666666666666668,208.0
287463830,microsoft/qlib,2020-11-02/2020-11-08,15,603,2020-11-02 00:00:00+00:00,6,15.0,15.0,19.0,95.0
287463830,microsoft/qlib,2020-11-09/2020-11-15,10,613,2020-11-09 00:00:00+00:00,7,10.0,10.0,14.666666666666666,67.0
287463830,microsoft/qlib,2020-11-16/2020-11-22,11,624,2020-11-16 00:00:00+00:00,8,11.0,11.0,12.0,55.0
287463830,microsoft/qlib,2020-11-23/2020-11-29,7,631,2020-11-23 00:00:00+00:00,9,7.0,7.0,9.333333333333334,43.0
287463830,microsoft/qlib,2020-11-30/2020-12-06,12,643,2020-11-30 00:00:00+00:00,10,12.0,12.0,10.0,40.0
287463830,microsoft/qlib,2020-12-07/2020-12-13,857,1500,2020-12-07 00:00:00+00:00,11,857.0,857.0,292.0,887.0
307260205,yt-dlp/yt-dlp,2020-12-21/2020-12-27,1,1,2020-12-21 00:00:00+00:00,0,,,,
307260205,yt-dlp/yt-dlp,2021-01-04/2021-01-10,11,12,2021-01-04 00:00:00+00:00,1,11.0,11.0,,
307260205,yt-dlp/yt-dlp,2021-01-11/2021-01-17,15,27,2021-01-11 00:00:00+00:00,2,15.0,15.0,,
307260205,yt-dlp/yt-dlp,2021-01-18/2021-01-24,15,42,2021-01-18 00:00:00+00:00,3,15.0,15.0,13.666666666666666,
307260205,yt-dlp/yt-dlp,2021-01-25/2021-01-31,14,56,2021-01-25 00:00:00+00:00,4,14.0,14.0,14.666666666666666,55.0
307260205,yt-dlp/yt-dlp,2021-02-01/2021-02-07,15,71,2021-02-01 00:00:00+00:00,5,15.0,15.0,14.666666666666666,59.0
307260205,yt-dlp/yt-dlp,2021-02-08/2021-02-14,38,109,2021-02-08 00:00:00+00:00,6,38.0,38.0,22.333333333333332,82.0
307260205,yt-dlp/yt-dlp,2021-02-15/2021-02-21,64,173,2021-02-15 00:00:00+00:00,7,64.0,64.0,39.0,131.0
307260205,yt-dlp/yt-dlp,2021-02-22/2021-02-28,34,207,2021-02-22 00:00:00+00:00,8,34.0,34.0,45.333333333333336,151.0
307260205,yt-dlp/yt-dlp,2021-03-01/2021-03-07,25,232,2021-03-01 00:00:00+00:00,9,25.0,25.0,41.0,161.0
307260205,yt-dlp/yt-dlp,2021-03-08/2021-03-14,28,260,2021-03-08 00:00:00+00:00,10,28.0,28.0,29.0,151.0
307260205,yt-dlp/yt-dlp,2021-03-15/2021-03-21,46,306,2021-03-15 00:00:00+00:00,11,46.0,46.0,33.0,133.0
307260205,yt-dlp/yt-dlp,2021-03-22/2021-03-28,40,346,2021-03-22 00:00:00+00:00,12,40.0,40.0,38.0,139.0
307260205,yt-dlp/yt-dlp,2021-03-29/2021-04-04,35,381,2021-03-29 00:00:00+00:00,13,35.0,35.0,40.333333333333336,149.0
307260205,yt-dlp/yt-dlp,2021-04-05/2021-04-11,29,410,2021-04-05 00:00:00+00:00,14,29.0,29.0,34.666666666666664,150.0
307260205,yt-dlp/yt-dlp,2021-04-12/2021-04-18,27,437,2021-04-12 00:00:00+00:00,15,27.0,27.0,30.333333333333332,131.0
307260205,yt-dlp/yt-dlp,2021-04-19/2021-04-25,43,480,2021-04-19 00:00:00+00:00,16,43.0,43.0,33.0,134.0
307260205,yt-dlp/yt-dlp,2021-04-26/2021-05-02,24,504,2021-04-26 00:00:00+00:00,17,24.0,24.0,31.333333333333332,123.0
307260205,yt-dlp/yt-dlp,2021-05-03/2021-05-09,19,523,2021-05-03 00:00:00+00:00,18,19.0,19.0,28.666666666666668,113.0
307260205,yt-dlp/yt-dlp,2021-05-10/2021-05-16,31,554,2021-05-10 00:00:00+00:00,19,31.0,31.0,24.666666666666668,117.0
307260205,yt-dlp/yt-dlp,2021-05-17/2021-05-23,26,580,2021-05-17 00:00:00+00:00,20,26.0,26.0,25.333333333333332,100.0
307260205,yt-dlp/yt-dlp,2021-05-24/2021-05-30,37,617,2021-05-24 00:00:00+00:00,21,37.0,37.0,31.333333333333332,113.0
307260205,yt-dlp/yt-dlp,2021-05-31/2021-06-06,87,704,2021-05-31 00:00:00+00:00,22,87.0,87.0,50.0,181.0
307260205,yt-dlp/yt-dlp,2021-06-07/2021-06-13,35,739,2021-06-07 00:00:00+00:00,23,35.0,35.0,53.0,185.0
307260205,yt-dlp/yt-dlp,2021-06-14/2021-06-20,30,769,2021-06-14 00:00:00+00:00,24,30.0,30.0,50.666666666666664,189.0
307260205,yt-dlp/yt-dlp,2021-06-21/2021-06-27,20,789,2021-06-21 00:00:00+00:00,25,20.0,20.0,28.333333333333332,172.0
307260205,yt-dlp/yt-dlp,2021-06-28/2021-07-04,33,822,2021-06-28 00:00:00+00:00,26,33.0,33.0,27.666666666666668,118.0
307260205,yt-dlp/yt-dlp,2021-07-05/2021-07-11,43,865,2021-07-05 00:00:00+00:00,27,43.0,43.0,32.0,126.0
307260205,yt-dlp/yt-dlp,2021-07-12/2021-07-18,44,909,2021-07-12 00:00:00+00:00,28,44.0,44.0,40.0,140.0
307260205,yt-dlp/yt-dlp,2021-07-19/2021-07-25,79,988,2021-07-19 00:00:00+00:00,29,79.0,79.0,55.333333333333336,199.0
307260205,yt-dlp/yt-dlp,2021-07-26/2021-08-01,99,1087,2021-07-26 00:00:00+00:00,30,99.0,99.0,74.0,265.0
307260205,yt-dlp/yt-dlp,2021-08-02/2021-08-08,107,1194,2021-08-02 00:00:00+00:00,31,107.0,107.0,95.0,329.0
307260205,yt-dlp/yt-dlp,2021-08-09/2021-08-15,156,1350,2021-08-09 00:00:00+00:00,32,156.0,156.0,120.66666666666667,441.0
307260205,yt-dlp/yt-dlp,2021-08-16/2021-08-22,119,1469,2021-08-16 00:00:00+00:00,33,119.0,119.0,127.33333333333333,481.0
307260205,yt-dlp/yt-dlp,2021-08-23/2021-08-29,31,1500,2021-08-23 00:00:00+00:00,34,31.0,31.0,102.0,413.0
311525798,microsoft/Web-Dev-For-Beginners,2020-11-09/2020-11-15,1212,1212,2020-11-09 00:00:00+00:00,0,,,,
311525798,microsoft/Web-Dev-For-Beginners,2020-11-16/2020-11-22,288,1500,2020-11-16 00:00:00+00:00,1,288.0,288.0,,
343965132,microsoft/ML-For-Beginners,2021-05-31/2021-06-06,1,1,2021-05-31 00:00:00+00:00,0,,,,
343965132,microsoft/ML-For-Beginners,2021-06-28/2021-07-04,1499,1500,2021-06-28 00:00:00+00:00,1,1499.0,1499.0,,
344190478,microsoft/AI-For-Beginners,2021-11-08/2021-11-14,1,1,2021-11-08 00:00:00+00:00,0,,,,
344190478,microsoft/AI-For-Beginners,2022-03-28/2022-04-03,45,46,2022-03-28 00:00:00+00:00,1,45.0,45.0,,
344190478,microsoft/AI-For-Beginners,2022-04-04/2022-04-10,41,87,2022-04-04 00:00:00+00:00,2,41.0,41.0,,
344190478,microsoft/AI-For-Beginners,2022-04-11/2022-04-17,42,129,2022-04-11 00:00:00+00:00,3,42.0,42.0,42.666666666666664,
344190478,microsoft/AI-For-Beginners,2022-04-18/2022-04-24,12,141,2022-04-18 00:00:00+00:00,4,12.0,12.0,31.666666666666668,140.0
344190478,microsoft/AI-For-Beginners,2022-04-25/2022-05-01,14,155,2022-04-25 00:00:00+00:00,5,14.0,14.0,22.666666666666668,109.0
344190478,microsoft/AI-For-Beginners,2022-05-02/2022-05-08,24,179,2022-05-02 00:00:00+00:00,6,24.0,24.0,16.666666666666668,92.0
344190478,microsoft/AI-For-Beginners,2022-05-09/2022-05-15,20,199,2022-05-09 00:00:00+00:00,7,20.0,20.0,19.333333333333332,70.0
344190478,microsoft/AI-For-Beginners,2022-05-16/2022-05-22,9,208,2022-05-16 00:00:00+00:00,8,9.0,9.0,17.666666666666668,67.0
344190478,microsoft/AI-For-Beginners,2022-05-23/2022-05-29,182,390,2022-05-23 00:00:00+00:00,9,182.0,182.0,70.33333333333333,235.0
344190478,microsoft/AI-For-Beginners,2022-05-30/2022-06-05,149,539,2022-05-30 00:00:00+00:00,10,149.0,149.0,113.33333333333333,360.0
344190478,microsoft/AI-For-Beginners,2022-06-06/2022-06-12,113,652,2022-06-06 00:00:00+00:00,11,113.0,113.0,148.0,453.0
344190478,microsoft/AI-For-Beginners,2022-06-13/2022-06-19,51,703,2022-06-13 00:00:00+00:00,12,51.0,51.0,104.33333333333333,495.0
344190478,microsoft/AI-For-Beginners,2022-06-20/2022-06-26,45,748,2022-06-20 00:00:00+00:00,13,45.0,45.0,69.66666666666667,358.0
344190478,microsoft/AI-For-Beginners,2022-06-27/2022-07-03,43,791,2022-06-27 00:00:00+00:00,14,43.0,43.0,46.333333333333336,252.0
344190478,microsoft/AI-For-Beginners,2022-07-04/2022-07-10,52,843,2022-07-04 00:00:00+00:00,15,52.0,52.0,46.666666666666664,191.0
344190478,microsoft/AI-For-Beginners,2022-07-11/2022-07-17,56,899,2022-07-11 00:00:00+00:00,16,56.0,56.0,50.333333333333336,196.0
344190478,microsoft/AI-For-Beginners,2022-07-18/2022-07-24,61,960,2022-07-18 00:00:00+00:00,17,61.0,61.0,56.333333333333336,212.0
344190478,microsoft/AI-For-Beginners,2022-07-25/2022-07-31,31,991,2022-07-25 00:00:00+00:00,18,31.0,31.0,49.333333333333336,200.0
344190478,microsoft/AI-For-Beginners,2022-08-01/2022-08-07,26,1017,2022-08-01 00:00:00+00:00,19,26.0,26.0,39.333333333333336,174.0
344190478,microsoft/AI-For-Beginners,2022-08-08/2022-08-14,483,1500,2022-08-08 00:00:00+00:00,20,483.0,483.0,180.0,601.0
357728969,oven-sh/bun,2021-09-06/2021-09-12,1,1,2021-09-06 00:00:00+00:00,0,,,,
357728969,oven-sh/bun,2021-09-13/2021-09-19,12,13,2021-09-13 00:00:00+00:00,1,12.0,12.0,,
357728969,oven-sh/bun,2021-09-20/2021-09-26,4,17,2021-09-20 00:00:00+00:00,2,4.0,4.0,,
357728969,oven-sh/bun,2021-09-27/2021-10-03,5,22,2021-09-27 00:00:00+00:00,3,5.0,5.0,7.0,
357728969,oven-sh/bun,2021-10-18/2021-10-24,8,30,2021-10-18 00:00:00+00:00,4,8.0,8.0,5.666666666666667,29.0
357728969,oven-sh/bun,2021-10-25/2021-10-31,81,111,2021-10-25 00:00:00+00:00,5,81.0,81.0,31.333333333333332,98.0
357728969,oven-sh/bun,2021-11-01/2021-11-07,42,153,2021-11-01 00:00:00+00:00,6,42.0,42.0,43.666666666666664,136.0
357728969,oven-sh/bun,2021-11-08/2021-11-14,63,216,2021-11-08 00:00:00+00:00,7,63.0,63.0,62.0,194.0
357728969,oven-sh/bun,2021-11-15/2021-11-21,104,320,2021-11-15 00:00:00+00:00,8,104.0,104.0,69.66666666666667,290.0
357728969,oven-sh/bun,2021-11-22/2021-11-28,28,348,2021-11-22 00:00:00+00:00,9,28.0,28.0,65.0,237.0
357728969,oven-sh/bun,2021-11-29/2021-12-05,35,383,2021-11-29 00:00:00+00:00,10,35.0,35.0,55.666666666666664,230.0
357728969,oven-sh/bun,2021-12-06/2021-12-12,16,399,2021-12-06 00:00:00+00:00,11,16.0,16.0,26.333333333333332,183.0
357728969,oven-sh/bun,2021-12-13/2021-12-19,18,417,2021-12-13 00:00:00+00:00,12,18.0,18.0,23.0,97.0
357728969,oven-sh/bun,2021-12-20/2021-12-26,21,438,2021-12-20 00:00:00+00:00,13,21.0,21.0,18.333333333333332,90.0
357728969,oven-sh/bun,2021-12-27/2022-01-02,13,451,2021-12-27 00:00:00+00:00,14,13.0,13.0,17.333333333333332,68.0
357728969,oven-sh/bun,2022-01-03/2022-01-09,10,461,2022-01-03 00:00:00+00:00,15,10.0,10.0,14.666666666666666,62.0
357728969,oven-sh/bun,2022-01-10/2022-01-16,12,473,2022-01-10 00:00:00+00:00,16,12.0,12.0,11.666666666666666,56.0
357728969,oven-sh/bun,2022-01-17/2022-01-23,25,498,2022-01-17 00:00:00+00:00,17,25.0,25.0,15.666666666666666,60.0
357728969,oven-sh/bun,2022-01-24/2022-01-30,26,524,2022-01-24 00:00:00+00:00,18,26.0,26.0,21.0,73.0
357728969,oven-sh/bun,2022-01-31/2022-02-06,7,531,2022-01-31 00:00:00+00:00,19,7.0,7.0,19.333333333333332,70.0
357728969,oven-sh/bun,2022-02-07/2022-02-13,9,540,2022-02-07 00:00:00+00:00,20,9.0,9.0,14.0,67.0
357728969,oven-sh/bun,2022-02-14/2022-02-20,6,546,2022-02-14 00:00:00+00:00,21,6.0,6.0,7.333333333333333,48.0
357728969,oven-sh/bun,2022-02-21/2022-02-27,15,561,2022-02-21 00:00:00+00:00,22,15.0,15.0,10.0,37.0
357728969,oven-sh/bun,2022-02-28/2022-03-06,23,584,2022-02-28 00:00:00+00:00,23,23.0,23.0,14.666666666666666,53.0
357728969,oven-sh/bun,2022-03-07/2022-03-13,38,622,2022-03-07 00:00:00+00:00,24,38.0,38.0,25.333333333333332,82.0
357728969,oven-sh/bun,2022-03-14/2022-03-20,11,633,2022-03-14 00:00:00+00:00,25,11.0,11.0,24.0,87.0
357728969,oven-sh/bun,2022-03-21/2022-03-27,35,668,2022-03-21 00:00:00+00:00,26,35.0,35.0,28.0,107.0
357728969,oven-sh/bun,2022-03-28/2022-04-03,14,682,2022-03-28 00:00:00+00:00,27,14.0,14.0,20.0,98.0
357728969,oven-sh/bun,2022-04-04/2022-04-10,31,713,2022-04-04 00:00:00+00:00,28,31.0,31.0,26.666666666666668,91.0
357728969,oven-sh/bun,2022-04-11/2022-04-17,44,757,2022-04-11 00:00:00+00:00,29,44.0,44.0,29.666666666666668,124.0
357728969,oven-sh/bun,2022-04-18/2022-04-24,12,769,2022-04-18 00:00:00+00:00,30,12.0,12.0,29.0,101.0
357728969,oven-sh/bun,2022-04-25/2022-05-01,7,776,2022-04-25 00:00:00+00:00,31,7.0,7.0,21.0,94.0
357728969,oven-sh/bun,2022-05-02/2022-05-08,15,791,2022-05-02 00:00:00+00:00,32,15.0,15.0,11.333333333333334,78.0
357728969,oven-sh/bun,2022-05-09/2022-05-15,35,826,2022-05-09 00:00:00+00:00,33,35.0,35.0,19.0,69.0
357728969,oven-sh/bun,2022-05-16/2022-05-22,27,853,2022-05-16 00:00:00+00:00,34,27.0,27.0,25.666666666666668,84.0
357728969,oven-sh/bun,2022-05-23/2022-05-29,13,866,2022-05-23 00:00:00+00:00,35,13.0,13.0,25.0,90.0
357728969,oven-sh/bun,2022-05-30/2022-06-05,27,893,2022-05-30 00:00:00+00:00,36,27.0,27.0,22.333333333333332,102.0
357728969,oven-sh/bun,2022-06-06/2022-06-12,115,1008,2022-06-06 00:00:00+00:00,37,115.0,115.0,51.666666666666664,182.0
357728969,oven-sh/bun,2022-06-13/2022-06-19,31,1039,2022-06-13 00:00:00+00:00,38,31.0,31.0,57.666666666666664,186.0
357728969,oven-sh/bun,2022-06-20/2022-06-26,20,1059,2022-06-20 00:00:00+00:00,39,20.0,20.0,55.333333333333336,193.0
357728969,oven-sh/bun,2022-06-27/2022-07-03,44,1103,2022-06-27 00:00:00+00:00,40,44.0,44.0,31.666666666666668,210.0
357728969,oven-sh/bun,2022-07-04/2022-07-10,397,1500,2022-07-04 00:00:00+00:00,41,397.0,397.0,153.66666666666666,492.0
364474335,google/zx,2021-05-03/2021-05-09,1500,1500,2021-05-03 00:00:00+00:00,0,,,,
365739812,tldraw/tldraw,2021-10-25/2021-10-31,1,1,2021-10-25 00:00:00+00:00,0,,,,
365739812,tldraw/tldraw,2021-11-01/2021-11-07,1,2,2021-11-01 00:00:00+00:00,1,1.0,1.0,,
365739812,tldraw/tldraw,2021-11-15/2021-11-21,1498,1500,2021-11-15 00:00:00+00:00,2,1498.0,1498.0,,
453717720,AykutSarac/jsoncrack.com,2022-01-31/2022-02-06,35,35,2022-01-31 00:00:00+00:00,0,,,,
453717720,AykutSarac/jsoncrack.com,2022-02-07/2022-02-13,8,43,2022-02-07 00:00:00+00:00,1,8.0,8.0,,
453717720,AykutSarac/jsoncrack.com,2022-02-14/2022-02-20,1,44,2022-02-14 00:00:00+00:00,2,1.0,1.0,,
453717720,AykutSarac/jsoncrack.com,2022-02-21/2022-02-27,2,46,2022-02-21 00:00:00+00:00,3,2.0,2.0,3.6666666666666665,
453717720,AykutSarac/jsoncrack.com,2022-02-28/2022-03-06,4,50,2022-02-28 00:00:00+00:00,4,4.0,4.0,2.3333333333333335,15.0
453717720,AykutSarac/jsoncrack.com,2022-03-07/2022-03-13,2,52,2022-03-07 00:00:00+00:00,5,2.0,2.0,2.6666666666666665,9.0
453717720,AykutSarac/jsoncrack.com,2022-03-14/2022-03-20,96,148,2022-03-14 00:00:00+00:00,6,96.0,96.0,34.0,104.0
453717720,AykutSarac/jsoncrack.com,2022-03-21/2022-03-27,177,325,2022-03-21 00:00:00+00:00,7,177.0,177.0,91.66666666666667,279.0
453717720,AykutSarac/jsoncrack.com,2022-03-28/2022-04-03,62,387,2022-03-28 00:00:00+00:00,8,62.0,62.0,111.66666666666667,337.0
453717720,AykutSarac/jsoncrack.com,2022-04-04/2022-04-10,209,596,2022-04-04 00:00:00+00:00,9,209.0,209.0,149.33333333333334,544.0
453717720,AykutSarac/jsoncrack.com,2022-04-11/2022-04-17,175,771,2022-04-11 00:00:00+00:00,10,175.0,175.0,148.66666666666666,623.0
453717720,AykutSarac/jsoncrack.com,2022-04-18/2022-04-24,729,1500,2022-04-18 00:00:00+00:00,11,729.0,729.0,371.0,1175.0
455229168,immich-app/immich,2022-01-31/2022-02-06,93,93,2022-01-31 00:00:00+00:00,0,,,,
455229168,immich-app/immich,2022-02-07/2022-02-13,173,266,2022-02-07 00:00:00+00:00,1,173.0,173.0,,
455229168,immich-app/immich,2022-02-14/2022-02-20,23,289,2022-02-14 00:00:00+00:00,2,23.0,23.0,,
455229168,immich-app/immich,2022-02-21/2022-02-27,21,310,2022-02-21 00:00:00+00:00,3,21.0,21.0,72.33333333333333,
455229168,immich-app/immich,2022-02-28/2022-03-06,144,454,2022-02-28 00:00:00+00:00,4,144.0,144.0,62.666666666666664,361.0
455229168,immich-app/immich,2022-03-07/2022-03-13,22,476,2022-03-07 00:00:00+00:00,5,22.0,22.0,62.333333333333336,210.0
455229168,immich-app/immich,2022-03-14/2022-03-20,15,491,2022-03-14 00:00:00+00:00,6,15.0,15.0,60.333333333333336,202.0
455229168,immich-app/immich,2022-03-21/2022-03-27,16,507,2022-03-21 00:00:00+00:00,7,16.0,16.0,17.666666666666668,197.0
455229168,immich-app/immich,2022-03-28/2022-04-03,310,817,2022-03-28 00:00:00+00:00,8,310.0,310.0,113.66666666666667,363.0
455229168,immich-app/immich,2022-04-04/2022-04-10,42,859,2022-04-04 00:00:00+00:00,9,42.0,42.0,122.66666666666667,383.0
455229168,immich-app/immich,2022-04-11/2022-04-17,33,892,2022-04-11 00:00:00+00:00,10,33.0,33.0,128.33333333333334,401.0
455229168,immich-app/immich,2022-04-18/2022-04-24,35,927,2022-04-18 00:00:00+00:00,11,35.0,35.0,36.666666666666664,420.0
455229168,immich-app/immich,2022-04-25/2022-05-01,66,993,2022-04-25 00:00:00+00:00,12,66.0,66.0,44.666666666666664,176.0
455229168,immich-app/immich,2022-05-02/2022-05-08,60,1053,2022-05-02 00:00:00+00:00,13,60.0,60.0,53.666666666666664,194.0
455229168,immich-app/immich,2022-05-09/2022-05-15,31,1084,2022-05-09 00:00:00+00:00,14,31.0,31.0,52.333333333333336,192.0
455229168,immich-app/immich,2022-05-16/2022-05-22,82,1166,2022-05-16 00:00:00+00:00,15,82.0,82.0,57.666666666666664,239.0
455229168,immich-app/immich,2022-05-23/2022-05-29,242,1408,2022-05-23 00:00:00+00:00,16,242.0,242.0,118.33333333333333,415.0
455229168,immich-app/immich,2022-05-30/2022-06-05,35,1443,2022-05-30 00:00:00+00:00,17,35.0,35.0,119.66666666666667,390.0
455229168,immich-app/immich,2022-06-06/2022-06-12,38,1481,2022-06-06 00:00:00+00:00,18,38.0,38.0,105.0,397.0
455229168,immich-app/immich,2022-06-13/2022-06-19,19,1500,2022-06-13 00:00:00+00:00,19,19.0,19.0,30.666666666666668,334.0
522158088,zhayujie/CowAgent,2022-12-12/2022-12-18,2,2,2022-12-12 00:00:00+00:00,0,,,,
522158088,zhayujie/CowAgent,2022-12-19/2022-12-25,13,15,2022-12-19 00:00:00+00:00,1,13.0,13.0,,
522158088,zhayujie/CowAgent,2022-12-26/2023-01-01,17,32,2022-12-26 00:00:00+00:00,2,17.0,17.0,,
522158088,zhayujie/CowAgent,2023-01-02/2023-01-08,18,50,2023-01-02 00:00:00+00:00,3,18.0,18.0,16.0,
522158088,zhayujie/CowAgent,2023-01-09/2023-01-15,38,88,2023-01-09 00:00:00+00:00,4,38.0,38.0,24.333333333333332,86.0
522158088,zhayujie/CowAgent,2023-01-16/2023-01-22,11,99,2023-01-16 00:00:00+00:00,5,11.0,11.0,22.333333333333332,84.0
522158088,zhayujie/CowAgent,2023-01-23/2023-01-29,12,111,2023-01-23 00:00:00+00:00,6,12.0,12.0,20.333333333333332,79.0
522158088,zhayujie/CowAgent,2023-01-30/2023-02-05,100,211,2023-01-30 00:00:00+00:00,7,100.0,100.0,41.0,161.0
522158088,zhayujie/CowAgent,2023-02-06/2023-02-12,1289,1500,2023-02-06 00:00:00+00:00,8,1289.0,1289.0,467.0,1412.0
523043277,astral-sh/ruff,2022-08-29/2022-09-04,1347,1347,2022-08-29 00:00:00+00:00,0,,,,
523043277,astral-sh/ruff,2022-09-05/2022-09-11,153,1500,2022-09-05 00:00:00+00:00,1,153.0,153.0,,
527591471,AUTOMATIC1111/stable-diffusion-webui,2022-08-22/2022-08-28,144,144,2022-08-22 00:00:00+00:00,0,,,,
527591471,AUTOMATIC1111/stable-diffusion-webui,2022-08-29/2022-09-04,361,505,2022-08-29 00:00:00+00:00,1,361.0,361.0,,
527591471,AUTOMATIC1111/stable-diffusion-webui,2022-09-05/2022-09-11,995,1500,2022-09-05 00:00:00+00:00,2,995.0,995.0,,
542284380,usebruno/bruno,2022-10-17/2022-10-23,45,45,2022-10-17 00:00:00+00:00,0,,,,
542284380,usebruno/bruno,2022-10-24/2022-10-30,44,89,2022-10-24 00:00:00+00:00,1,44.0,44.0,,
542284380,usebruno/bruno,2022-10-31/2022-11-06,31,120,2022-10-31 00:00:00+00:00,2,31.0,31.0,,
542284380,usebruno/bruno,2022-11-07/2022-11-13,10,130,2022-11-07 00:00:00+00:00,3,10.0,10.0,28.333333333333332,
542284380,usebruno/bruno,2022-11-14/2022-11-20,6,136,2022-11-14 00:00:00+00:00,4,6.0,6.0,15.666666666666666,91.0
542284380,usebruno/bruno,2022-11-28/2022-12-04,3,139,2022-11-28 00:00:00+00:00,5,3.0,3.0,6.333333333333333,50.0
542284380,usebruno/bruno,2022-12-05/2022-12-11,2,141,2022-12-05 00:00:00+00:00,6,2.0,2.0,3.6666666666666665,21.0
542284380,usebruno/bruno,2022-12-12/2022-12-18,1,142,2022-12-12 00:00:00+00:00,7,1.0,1.0,2.0,12.0
542284380,usebruno/bruno,2022-12-19/2022-12-25,1,143,2022-12-19 00:00:00+00:00,8,1.0,1.0,1.3333333333333333,7.0
542284380,usebruno/bruno,2022-12-26/2023-01-01,4,147,2022-12-26 00:00:00+00:00,9,4.0,4.0,2.0,8.0
542284380,usebruno/bruno,2023-01-02/2023-01-08,1,148,2023-01-02 00:00:00+00:00,10,1.0,1.0,2.0,7.0
542284380,usebruno/bruno,2023-01-16/2023-01-22,2,150,2023-01-16 00:00:00+00:00,11,2.0,2.0,2.3333333333333335,8.0
542284380,usebruno/bruno,2023-01-23/2023-01-29,22,172,2023-01-23 00:00:00+00:00,12,22.0,22.0,8.333333333333334,29.0
542284380,usebruno/bruno,2023-01-30/2023-02-05,3,175,2023-01-30 00:00:00+00:00,13,3.0,3.0,9.0,28.0
542284380,usebruno/bruno,2023-02-06/2023-02-12,13,188,2023-02-06 00:00:00+00:00,14,13.0,13.0,12.666666666666666,40.0
542284380,usebruno/bruno,2023-02-13/2023-02-19,9,197,2023-02-13 00:00:00+00:00,15,9.0,9.0,8.333333333333334,47.0
542284380,usebruno/bruno,2023-02-20/2023-02-26,11,208,2023-02-20 00:00:00+00:00,16,11.0,11.0,11.0,36.0
542284380,usebruno/bruno,2023-02-27/2023-03-05,37,245,2023-02-27 00:00:00+00:00,17,37.0,37.0,19.0,70.0
542284380,usebruno/bruno,2023-03-06/2023-03-12,31,276,2023-03-06 00:00:00+00:00,18,31.0,31.0,26.333333333333332,88.0
542284380,usebruno/bruno,2023-03-13/2023-03-19,5,281,2023-03-13 00:00:00+00:00,19,5.0,5.0,24.333333333333332,84.0
542284380,usebruno/bruno,2023-03-20/2023-03-26,10,291,2023-03-20 00:00:00+00:00,20,10.0,10.0,15.333333333333334,83.0
542284380,usebruno/bruno,2023-03-27/2023-04-02,6,297,2023-03-27 00:00:00+00:00,21,6.0,6.0,7.0,52.0
542284380,usebruno/bruno,2023-04-03/2023-04-09,3,300,2023-04-03 00:00:00+00:00,22,3.0,3.0,6.333333333333333,24.0
542284380,usebruno/bruno,2023-04-10/2023-04-16,3,303,2023-04-10 00:00:00+00:00,23,3.0,3.0,4.0,22.0
542284380,usebruno/bruno,2023-04-17/2023-04-23,3,306,2023-04-17 00:00:00+00:00,24,3.0,3.0,3.0,15.0
542284380,usebruno/bruno,2023-04-24/2023-04-30,3,309,2023-04-24 00:00:00+00:00,25,3.0,3.0,3.0,12.0
542284380,usebruno/bruno,2023-05-01/2023-05-07,3,312,2023-05-01 00:00:00+00:00,26,3.0,3.0,3.0,12.0
542284380,usebruno/bruno,2023-05-08/2023-05-14,2,314,2023-05-08 00:00:00+00:00,27,2.0,2.0,2.6666666666666665,11.0
542284380,usebruno/bruno,2023-05-15/2023-05-21,3,317,2023-05-15 00:00:00+00:00,28,3.0,3.0,2.6666666666666665,11.0
542284380,usebruno/bruno,2023-05-22/2023-05-28,1,318,2023-05-22 00:00:00+00:00,29,1.0,1.0,2.0,9.0
542284380,usebruno/bruno,2023-05-29/2023-06-04,3,321,2023-05-29 00:00:00+00:00,30,3.0,3.0,2.3333333333333335,9.0
542284380,usebruno/bruno,2023-06-05/2023-06-11,3,324,2023-06-05 00:00:00+00:00,31,3.0,3.0,2.3333333333333335,10.0
542284380,usebruno/bruno,2023-06-12/2023-06-18,3,327,2023-06-12 00:00:00+00:00,32,3.0,3.0,3.0,10.0
542284380,usebruno/bruno,2023-06-19/2023-06-25,2,329,2023-06-19 00:00:00+00:00,33,2.0,2.0,2.6666666666666665,11.0
542284380,usebruno/bruno,2023-06-26/2023-07-02,5,334,2023-06-26 00:00:00+00:00,34,5.0,5.0,3.3333333333333335,13.0
542284380,usebruno/bruno,2023-07-03/2023-07-09,3,337,2023-07-03 00:00:00+00:00,35,3.0,3.0,3.3333333333333335,13.0
542284380,usebruno/bruno,2023-07-10/2023-07-16,11,348,2023-07-10 00:00:00+00:00,36,11.0,11.0,6.333333333333333,21.0
542284380,usebruno/bruno,2023-07-17/2023-07-23,19,367,2023-07-17 00:00:00+00:00,37,19.0,19.0,11.0,38.0
542284380,usebruno/bruno,2023-07-24/2023-07-30,4,371,2023-07-24 00:00:00+00:00,38,4.0,4.0,11.333333333333334,37.0
542284380,usebruno/bruno,2023-07-31/2023-08-06,4,375,2023-07-31 00:00:00+00:00,39,4.0,4.0,9.0,38.0
542284380,usebruno/bruno,2023-08-07/2023-08-13,5,380,2023-08-07 00:00:00+00:00,40,5.0,5.0,4.333333333333333,32.0
542284380,usebruno/bruno,2023-08-14/2023-08-20,7,387,2023-08-14 00:00:00+00:00,41,7.0,7.0,5.333333333333333,20.0
542284380,usebruno/bruno,2023-08-21/2023-08-27,14,401,2023-08-21 00:00:00+00:00,42,14.0,14.0,8.666666666666666,30.0
542284380,usebruno/bruno,2023-08-28/2023-09-03,28,429,2023-08-28 00:00:00+00:00,43,28.0,28.0,16.333333333333332,54.0
542284380,usebruno/bruno,2023-09-04/2023-09-10,20,449,2023-09-04 00:00:00+00:00,44,20.0,20.0,20.666666666666668,69.0
542284380,usebruno/bruno,2023-09-11/2023-09-17,13,462,2023-09-11 00:00:00+00:00,45,13.0,13.0,20.333333333333332,75.0
542284380,usebruno/bruno,2023-09-18/2023-09-24,17,479,2023-09-18 00:00:00+00:00,46,17.0,17.0,16.666666666666668,78.0
542284380,usebruno/bruno,2023-09-25/2023-10-01,688,1167,2023-09-25 00:00:00+00:00,47,688.0,688.0,239.33333333333334,738.0
542284380,usebruno/bruno,2023-10-02/2023-10-08,333,1500,2023-10-02 00:00:00+00:00,48,333.0,333.0,346.0,1051.0
552661142,langchain-ai/langchain,2022-10-24/2022-10-30,128,128,2022-10-24 00:00:00+00:00,0,,,,
552661142,langchain-ai/langchain,2022-10-31/2022-11-06,68,196,2022-10-31 00:00:00+00:00,1,68.0,68.0,,
552661142,langchain-ai/langchain,2022-11-07/2022-11-13,81,277,2022-11-07 00:00:00+00:00,2,81.0,81.0,,
552661142,langchain-ai/langchain,2022-11-14/2022-11-20,90,367,2022-11-14 00:00:00+00:00,3,90.0,90.0,79.66666666666667,
552661142,langchain-ai/langchain,2022-11-21/2022-11-27,129,496,2022-11-21 00:00:00+00:00,4,129.0,129.0,100.0,368.0
552661142,langchain-ai/langchain,2022-11-28/2022-12-04,91,587,2022-11-28 00:00:00+00:00,5,91.0,91.0,103.33333333333333,391.0
552661142,langchain-ai/langchain,2022-12-05/2022-12-11,162,749,2022-12-05 00:00:00+00:00,6,162.0,162.0,127.33333333333333,472.0
552661142,langchain-ai/langchain,2022-12-12/2022-12-18,275,1024,2022-12-12 00:00:00+00:00,7,275.0,275.0,176.0,657.0
552661142,langchain-ai/langchain,2022-12-19/2022-12-25,93,1117,2022-12-19 00:00:00+00:00,8,93.0,93.0,176.66666666666666,621.0
552661142,langchain-ai/langchain,2022-12-26/2023-01-01,225,1342,2022-12-26 00:00:00+00:00,9,225.0,225.0,197.66666666666666,755.0
552661142,langchain-ai/langchain,2023-01-02/2023-01-08,158,1500,2023-01-02 00:00:00+00:00,10,158.0,158.0,158.66666666666666,751.0
560704231,run-llama/llama_index,2022-11-07/2022-11-13,58,58,2022-11-07 00:00:00+00:00,0,,,,
560704231,run-llama/llama_index,2022-11-14/2022-11-20,13,71,2022-11-14 00:00:00+00:00,1,13.0,13.0,,
560704231,run-llama/llama_index,2022-11-21/2022-11-27,31,102,2022-11-21 00:00:00+00:00,2,31.0,31.0,,
560704231,run-llama/llama_index,2022-11-28/2022-12-04,77,179,2022-11-28 00:00:00+00:00,3,77.0,77.0,40.333333333333336,
560704231,run-llama/llama_index,2022-12-05/2022-12-11,172,351,2022-12-05 00:00:00+00:00,4,172.0,172.0,93.33333333333333,293.0
560704231,run-llama/llama_index,2022-12-12/2022-12-18,50,401,2022-12-12 00:00:00+00:00,5,50.0,50.0,99.66666666666667,330.0
560704231,run-llama/llama_index,2022-12-19/2022-12-25,42,443,2022-12-19 00:00:00+00:00,6,42.0,42.0,88.0,341.0
560704231,run-llama/llama_index,2022-12-26/2023-01-01,140,583,2022-12-26 00:00:00+00:00,7,140.0,140.0,77.33333333333333,404.0
560704231,run-llama/llama_index,2023-01-02/2023-01-08,243,826,2023-01-02 00:00:00+00:00,8,243.0,243.0,141.66666666666666,475.0
560704231,run-llama/llama_index,2023-01-09/2023-01-15,674,1500,2023-01-09 00:00:00+00:00,9,674.0,674.0,352.3333333333333,1099.0
568098118,makeplane/plane,2022-11-28/2022-12-04,1,1,2022-11-28 00:00:00+00:00,0,,,,
568098118,makeplane/plane,2022-12-05/2022-12-11,1,2,2022-12-05 00:00:00+00:00,1,1.0,1.0,,
568098118,makeplane/plane,2022-12-26/2023-01-01,1,3,2022-12-26 00:00:00+00:00,2,1.0,1.0,,
568098118,makeplane/plane,2023-01-02/2023-01-08,2,5,2023-01-02 00:00:00+00:00,3,2.0,2.0,1.3333333333333333,
568098118,makeplane/plane,2023-01-09/2023-01-15,23,28,2023-01-09 00:00:00+00:00,4,23.0,23.0,8.666666666666666,27.0
568098118,makeplane/plane,2023-01-16/2023-01-22,3,31,2023-01-16 00:00:00+00:00,5,3.0,3.0,9.333333333333334,29.0
568098118,makeplane/plane,2023-01-23/2023-01-29,1,32,2023-01-23 00:00:00+00:00,6,1.0,1.0,9.0,29.0
568098118,makeplane/plane,2023-01-30/2023-02-05,31,63,2023-01-30 00:00:00+00:00,7,31.0,31.0,11.666666666666666,58.0
568098118,makeplane/plane,2023-02-06/2023-02-12,2,65,2023-02-06 00:00:00+00:00,8,2.0,2.0,11.333333333333334,37.0
568098118,makeplane/plane,2023-02-13/2023-02-19,2,67,2023-02-13 00:00:00+00:00,9,2.0,2.0,11.666666666666666,36.0
568098118,makeplane/plane,2023-02-20/2023-02-26,5,72,2023-02-20 00:00:00+00:00,10,5.0,5.0,3.0,40.0
568098118,makeplane/plane,2023-02-27/2023-03-05,1,73,2023-02-27 00:00:00+00:00,11,1.0,1.0,2.6666666666666665,10.0
568098118,makeplane/plane,2023-03-06/2023-03-12,46,119,2023-03-06 00:00:00+00:00,12,46.0,46.0,17.333333333333332,54.0
568098118,makeplane/plane,2023-03-13/2023-03-19,4,123,2023-03-13 00:00:00+00:00,13,4.0,4.0,17.0,56.0
568098118,makeplane/plane,2023-03-20/2023-03-26,2,125,2023-03-20 00:00:00+00:00,14,2.0,2.0,17.333333333333332,53.0
568098118,makeplane/plane,2023-03-27/2023-04-02,4,129,2023-03-27 00:00:00+00:00,15,4.0,4.0,3.3333333333333335,56.0
568098118,makeplane/plane,2023-04-03/2023-04-09,273,402,2023-04-03 00:00:00+00:00,16,273.0,273.0,93.0,283.0
568098118,makeplane/plane,2023-04-10/2023-04-16,956,1358,2023-04-10 00:00:00+00:00,17,956.0,956.0,411.0,1235.0
568098118,makeplane/plane,2023-04-17/2023-04-23,142,1500,2023-04-17 00:00:00+00:00,18,142.0,142.0,457.0,1375.0
572984571,twentyhq/twenty,2023-04-10/2023-04-16,3,3,2023-04-10 00:00:00+00:00,0,,,,
572984571,twentyhq/twenty,2023-04-17/2023-04-23,2,5,2023-04-17 00:00:00+00:00,1,2.0,2.0,,
572984571,twentyhq/twenty,2023-04-24/2023-04-30,2,7,2023-04-24 00:00:00+00:00,2,2.0,2.0,,
572984571,twentyhq/twenty,2023-05-01/2023-05-07,1,8,2023-05-01 00:00:00+00:00,3,1.0,1.0,1.6666666666666667,
572984571,twentyhq/twenty,2023-05-08/2023-05-14,1,9,2023-05-08 00:00:00+00:00,4,1.0,1.0,1.3333333333333333,6.0
572984571,twentyhq/twenty,2023-05-15/2023-05-21,4,13,2023-05-15 00:00:00+00:00,5,4.0,4.0,2.0,8.0
572984571,twentyhq/twenty,2023-05-22/2023-05-28,4,17,2023-05-22 00:00:00+00:00,6,4.0,4.0,3.0,10.0
572984571,twentyhq/twenty,2023-05-29/2023-06-04,3,20,2023-05-29 00:00:00+00:00,7,3.0,3.0,3.6666666666666665,12.0
572984571,twentyhq/twenty,2023-06-05/2023-06-11,27,47,2023-06-05 00:00:00+00:00,8,27.0,27.0,11.333333333333334,38.0
572984571,twentyhq/twenty,2023-06-12/2023-06-18,24,71,2023-06-12 00:00:00+00:00,9,24.0,24.0,18.0,58.0
572984571,twentyhq/twenty,2023-06-19/2023-06-25,54,125,2023-06-19 00:00:00+00:00,10,54.0,54.0,35.0,108.0
572984571,twentyhq/twenty,2023-06-26/2023-07-02,18,143,2023-06-26 00:00:00+00:00,11,18.0,18.0,32.0,123.0
572984571,twentyhq/twenty,2023-07-03/2023-07-09,7,150,2023-07-03 00:00:00+00:00,12,7.0,7.0,26.333333333333332,103.0
572984571,twentyhq/twenty,2023-07-10/2023-07-16,3,153,2023-07-10 00:00:00+00:00,13,3.0,3.0,9.333333333333334,82.0
572984571,twentyhq/twenty,2023-07-17/2023-07-23,1347,1500,2023-07-17 00:00:00+00:00,14,1347.0,1347.0,452.3333333333333,1375.0
574523116,f/prompts.chat,2022-12-05/2022-12-11,1500,1500,2022-12-05 00:00:00+00:00,0,,,,
579082810,dair-ai/Prompt-Engineering-Guide,2022-12-12/2022-12-18,314,314,2022-12-12 00:00:00+00:00,0,,,,
579082810,dair-ai/Prompt-Engineering-Guide,2022-12-19/2022-12-25,213,527,2022-12-19 00:00:00+00:00,1,213.0,213.0,,
579082810,dair-ai/Prompt-Engineering-Guide,2022-12-26/2023-01-01,300,827,2022-12-26 00:00:00+00:00,2,300.0,300.0,,
579082810,dair-ai/Prompt-Engineering-Guide,2023-01-02/2023-01-08,140,967,2023-01-02 00:00:00+00:00,3,140.0,140.0,217.66666666666666,
579082810,dair-ai/Prompt-Engineering-Guide,2023-01-09/2023-01-15,231,1198,2023-01-09 00:00:00+00:00,4,231.0,231.0,223.66666666666666,884.0
579082810,dair-ai/Prompt-Engineering-Guide,2023-01-16/2023-01-22,117,1315,2023-01-16 00:00:00+00:00,5,117.0,117.0,162.66666666666666,788.0
579082810,dair-ai/Prompt-Engineering-Guide,2023-01-23/2023-01-29,185,1500,2023-01-23 00:00:00+00:00,6,185.0,185.0,177.66666666666666,673.0
585146387,shadcn-ui/ui,2023-01-02/2023-01-08,148,148,2023-01-02 00:00:00+00:00,0,,,,
585146387,shadcn-ui/ui,2023-01-09/2023-01-15,185,333,2023-01-09 00:00:00+00:00,1,185.0,185.0,,
585146387,shadcn-ui/ui,2023-01-16/2023-01-22,658,991,2023-01-16 00:00:00+00:00,2,658.0,658.0,,
585146387,shadcn-ui/ui,2023-01-23/2023-01-29,509,1500,2023-01-23 00:00:00+00:00,3,509.0,509.0,450.6666666666667,
589831718,Comfy-Org/ComfyUI,2023-01-16/2023-01-22,17,17,2023-01-16 00:00:00+00:00,0,,,,
589831718,Comfy-Org/ComfyUI,2023-01-23/2023-01-29,105,122,2023-01-23 00:00:00+00:00,1,105.0,105.0,,
589831718,Comfy-Org/ComfyUI,2023-01-30/2023-02-05,62,184,2023-01-30 00:00:00+00:00,2,62.0,62.0,,
589831718,Comfy-Org/ComfyUI,2023-02-06/2023-02-12,37,221,2023-02-06 00:00:00+00:00,3,37.0,37.0,68.0,
589831718,Comfy-Org/ComfyUI,2023-02-13/2023-02-19,63,284,2023-02-13 00:00:00+00:00,4,63.0,63.0,54.0,267.0
589831718,Comfy-Org/ComfyUI,2023-02-20/2023-02-26,136,420,2023-02-20 00:00:00+00:00,5,136.0,136.0,78.66666666666667,298.0
589831718,Comfy-Org/ComfyUI,2023-02-27/2023-03-05,128,548,2023-02-27 00:00:00+00:00,6,128.0,128.0,109.0,364.0
589831718,Comfy-Org/ComfyUI,2023-03-06/2023-03-12,68,616,2023-03-06 00:00:00+00:00,7,68.0,68.0,110.66666666666667,395.0
589831718,Comfy-Org/ComfyUI,2023-03-13/2023-03-19,884,1500,2023-03-13 00:00:00+00:00,8,884.0,884.0,360.0,1216.0
599320067,langflow-ai/langflow,2023-03-13/2023-03-19,829,829,2023-03-13 00:00:00+00:00,0,,,,
599320067,langflow-ai/langflow,2023-03-20/2023-03-26,671,1500,2023-03-20 00:00:00+00:00,1,671.0,671.0,,
599547518,vllm-project/vllm,2023-05-22/2023-05-28,1,1,2023-05-22 00:00:00+00:00,0,,,,
599547518,vllm-project/vllm,2023-06-19/2023-06-25,1499,1500,2023-06-19 00:00:00+00:00,1,1499.0,1499.0,,
612344730,ChatGPTNextWeb/NextChat,2023-03-20/2023-03-26,338,338,2023-03-20 00:00:00+00:00,0,,,,
612344730,ChatGPTNextWeb/NextChat,2023-03-27/2023-04-02,1162,1500,2023-03-27 00:00:00+00:00,1,1162.0,1162.0,,
614765452,Significant-Gravitas/AutoGPT,2023-03-13/2023-03-19,15,15,2023-03-13 00:00:00+00:00,0,,,,
614765452,Significant-Gravitas/AutoGPT,2023-03-20/2023-03-26,10,25,2023-03-20 00:00:00+00:00,1,10.0,10.0,,
614765452,Significant-Gravitas/AutoGPT,2023-03-27/2023-04-02,1475,1500,2023-03-27 00:00:00+00:00,2,1475.0,1475.0,,
615869301,mudler/LocalAI,2023-03-13/2023-03-19,1,1,2023-03-13 00:00:00+00:00,0,,,,
615869301,mudler/LocalAI,2023-03-20/2023-03-26,60,61,2023-03-20 00:00:00+00:00,1,60.0,60.0,,
615869301,mudler/LocalAI,2023-03-27/2023-04-02,65,126,2023-03-27 00:00:00+00:00,2,65.0,65.0,,
615869301,mudler/LocalAI,2023-04-03/2023-04-09,77,203,2023-04-03 00:00:00+00:00,3,77.0,77.0,67.33333333333333,
615869301,mudler/LocalAI,2023-04-10/2023-04-16,40,243,2023-04-10 00:00:00+00:00,4,40.0,40.0,60.666666666666664,242.0
615869301,mudler/LocalAI,2023-04-17/2023-04-23,305,548,2023-04-17 00:00:00+00:00,5,305.0,305.0,140.66666666666666,487.0
615869301,mudler/LocalAI,2023-04-24/2023-04-30,952,1500,2023-04-24 00:00:00+00:00,6,952.0,952.0,432.3333333333333,1374.0
621803253,FlowiseAI/Flowise,2023-04-10/2023-04-16,729,729,2023-04-10 00:00:00+00:00,0,,,,
621803253,FlowiseAI/Flowise,2023-04-17/2023-04-23,166,895,2023-04-17 00:00:00+00:00,1,166.0,166.0,,
621803253,FlowiseAI/Flowise,2023-04-24/2023-04-30,263,1158,2023-04-24 00:00:00+00:00,2,263.0,263.0,,
621803253,FlowiseAI/Flowise,2023-05-01/2023-05-07,342,1500,2023-05-01 00:00:00+00:00,3,342.0,342.0,257.0,
626805178,langgenius/dify,2023-04-10/2023-04-16,4,4,2023-04-10 00:00:00+00:00,0,,,,
626805178,langgenius/dify,2023-04-17/2023-04-23,2,6,2023-04-17 00:00:00+00:00,1,2.0,2.0,,
626805178,langgenius/dify,2023-04-24/2023-04-30,8,14,2023-04-24 00:00:00+00:00,2,8.0,8.0,,
626805178,langgenius/dify,2023-05-01/2023-05-07,4,18,2023-05-01 00:00:00+00:00,3,4.0,4.0,4.666666666666667,
626805178,langgenius/dify,2023-05-08/2023-05-14,659,677,2023-05-08 00:00:00+00:00,4,659.0,659.0,223.66666666666666,673.0
626805178,langgenius/dify,2023-05-15/2023-05-21,823,1500,2023-05-15 00:00:00+00:00,5,823.0,823.0,495.3333333333333,1494.0
655099582,mlabonne/llm-course,2023-06-19/2023-06-25,283,283,2023-06-19 00:00:00+00:00,0,,,,
655099582,mlabonne/llm-course,2023-06-26/2023-07-02,9,292,2023-06-26 00:00:00+00:00,1,9.0,9.0,,
655099582,mlabonne/llm-course,2023-07-03/2023-07-09,24,316,2023-07-03 00:00:00+00:00,2,24.0,24.0,,
655099582,mlabonne/llm-course,2023-07-10/2023-07-16,5,321,2023-07-10 00:00:00+00:00,3,5.0,5.0,12.666666666666666,
655099582,mlabonne/llm-course,2023-07-17/2023-07-23,11,332,2023-07-17 00:00:00+00:00,4,11.0,11.0,13.333333333333334,49.0
655099582,mlabonne/llm-course,2023-07-24/2023-07-30,61,393,2023-07-24 00:00:00+00:00,5,61.0,61.0,25.666666666666668,101.0
655099582,mlabonne/llm-course,2023-07-31/2023-08-06,60,453,2023-07-31 00:00:00+00:00,6,60.0,60.0,44.0,137.0
655099582,mlabonne/llm-course,2023-08-07/2023-08-13,48,501,2023-08-07 00:00:00+00:00,7,48.0,48.0,56.333333333333336,180.0
655099582,mlabonne/llm-course,2023-08-14/2023-08-20,45,546,2023-08-14 00:00:00+00:00,8,45.0,45.0,51.0,214.0
655099582,mlabonne/llm-course,2023-08-21/2023-08-27,41,587,2023-08-21 00:00:00+00:00,9,41.0,41.0,44.666666666666664,194.0
655099582,mlabonne/llm-course,2023-08-28/2023-09-03,27,614,2023-08-28 00:00:00+00:00,10,27.0,27.0,37.666666666666664,161.0
655099582,mlabonne/llm-course,2023-09-04/2023-09-10,29,643,2023-09-04 00:00:00+00:00,11,29.0,29.0,32.333333333333336,142.0
655099582,mlabonne/llm-course,2023-09-11/2023-09-17,54,697,2023-09-11 00:00:00+00:00,12,54.0,54.0,36.666666666666664,151.0
655099582,mlabonne/llm-course,2023-09-18/2023-09-24,44,741,2023-09-18 00:00:00+00:00,13,44.0,44.0,42.333333333333336,154.0
655099582,mlabonne/llm-course,2023-09-25/2023-10-01,32,773,2023-09-25 00:00:00+00:00,14,32.0,32.0,43.333333333333336,159.0
655099582,mlabonne/llm-course,2023-10-02/2023-10-08,17,790,2023-10-02 00:00:00+00:00,15,17.0,17.0,31.0,147.0
655099582,mlabonne/llm-course,2023-10-09/2023-10-15,23,813,2023-10-09 00:00:00+00:00,16,23.0,23.0,24.0,116.0
655099582,mlabonne/llm-course,2023-10-16/2023-10-22,22,835,2023-10-16 00:00:00+00:00,17,22.0,22.0,20.666666666666668,94.0
655099582,mlabonne/llm-course,2023-10-23/2023-10-29,22,857,2023-10-23 00:00:00+00:00,18,22.0,22.0,22.333333333333332,84.0
655099582,mlabonne/llm-course,2023-10-30/2023-11-05,13,870,2023-10-30 00:00:00+00:00,19,13.0,13.0,19.0,80.0
655099582,mlabonne/llm-course,2023-11-06/2023-11-12,29,899,2023-11-06 00:00:00+00:00,20,29.0,29.0,21.333333333333332,86.0
655099582,mlabonne/llm-course,2023-11-13/2023-11-19,39,938,2023-11-13 00:00:00+00:00,21,39.0,39.0,27.0,103.0
655099582,mlabonne/llm-course,2023-11-20/2023-11-26,47,985,2023-11-20 00:00:00+00:00,22,47.0,47.0,38.333333333333336,128.0
655099582,mlabonne/llm-course,2023-11-27/2023-12-03,515,1500,2023-11-27 00:00:00+00:00,23,515.0,515.0,200.33333333333334,630.0
655806940,microsoft/generative-ai-for-beginners,2023-10-23/2023-10-29,52,52,2023-10-23 00:00:00+00:00,0,,,,
655806940,microsoft/generative-ai-for-beginners,2023-10-30/2023-11-05,1448,1500,2023-10-30 00:00:00+00:00,1,1448.0,1448.0,,
658928958,ollama/ollama,2023-06-26/2023-07-02,2,2,2023-06-26 00:00:00+00:00,0,,,,
658928958,ollama/ollama,2023-07-03/2023-07-09,5,7,2023-07-03 00:00:00+00:00,1,5.0,5.0,,
658928958,ollama/ollama,2023-07-10/2023-07-16,1,8,2023-07-10 00:00:00+00:00,2,1.0,1.0,,
658928958,ollama/ollama,2023-07-17/2023-07-23,1492,1500,2023-07-17 00:00:00+00:00,3,1492.0,1492.0,499.3333333333333,
669879380,rasbt/LLMs-from-scratch,2023-07-17/2023-07-23,2,2,2023-07-17 00:00:00+00:00,0,,,,
669879380,rasbt/LLMs-from-scratch,2023-07-24/2023-07-30,36,38,2023-07-24 00:00:00+00:00,1,36.0,36.0,,
669879380,rasbt/LLMs-from-scratch,2023-07-31/2023-08-06,2,40,2023-07-31 00:00:00+00:00,2,2.0,2.0,,
669879380,rasbt/LLMs-from-scratch,2023-08-14/2023-08-20,1,41,2023-08-14 00:00:00+00:00,3,1.0,1.0,13.0,
669879380,rasbt/LLMs-from-scratch,2023-08-28/2023-09-03,3,44,2023-08-28 00:00:00+00:00,4,3.0,3.0,2.0,42.0
669879380,rasbt/LLMs-from-scratch,2023-09-25/2023-10-01,1,45,2023-09-25 00:00:00+00:00,5,1.0,1.0,1.6666666666666667,7.0
669879380,rasbt/LLMs-from-scratch,2023-10-02/2023-10-08,1,46,2023-10-02 00:00:00+00:00,6,1.0,1.0,1.6666666666666667,6.0
669879380,rasbt/LLMs-from-scratch,2023-10-23/2023-10-29,2,48,2023-10-23 00:00:00+00:00,7,2.0,2.0,1.3333333333333333,7.0
669879380,rasbt/LLMs-from-scratch,2023-10-30/2023-11-05,1,49,2023-10-30 00:00:00+00:00,8,1.0,1.0,1.3333333333333333,5.0
669879380,rasbt/LLMs-from-scratch,2023-11-27/2023-12-03,1,50,2023-11-27 00:00:00+00:00,9,1.0,1.0,1.3333333333333333,5.0
669879380,rasbt/LLMs-from-scratch,2023-12-04/2023-12-10,3,53,2023-12-04 00:00:00+00:00,10,3.0,3.0,1.6666666666666667,7.0
669879380,rasbt/LLMs-from-scratch,2023-12-11/2023-12-17,127,180,2023-12-11 00:00:00+00:00,11,127.0,127.0,43.666666666666664,132.0
669879380,rasbt/LLMs-from-scratch,2023-12-18/2023-12-24,213,393,2023-12-18 00:00:00+00:00,12,213.0,213.0,114.33333333333333,344.0
669879380,rasbt/LLMs-from-scratch,2023-12-25/2023-12-31,41,434,2023-12-25 00:00:00+00:00,13,41.0,41.0,127.0,384.0
669879380,rasbt/LLMs-from-scratch,2024-01-01/2024-01-07,141,575,2024-01-01 00:00:00+00:00,14,141.0,141.0,131.66666666666666,522.0
669879380,rasbt/LLMs-from-scratch,2024-01-08/2024-01-14,562,1137,2024-01-08 00:00:00+00:00,15,562.0,562.0,248.0,957.0
669879380,rasbt/LLMs-from-scratch,2024-01-15/2024-01-21,98,1235,2024-01-15 00:00:00+00:00,16,98.0,98.0,267.0,842.0
669879380,rasbt/LLMs-from-scratch,2024-01-22/2024-01-28,265,1500,2024-01-22 00:00:00+00:00,17,265.0,265.0,308.3333333333333,1066.0
671269505,BerriAI/litellm,2023-07-24/2023-07-30,136,136,2023-07-24 00:00:00+00:00,0,,,,
671269505,BerriAI/litellm,2023-07-31/2023-08-06,23,159,2023-07-31 00:00:00+00:00,1,23.0,23.0,,
671269505,BerriAI/litellm,2023-08-07/2023-08-13,253,412,2023-08-07 00:00:00+00:00,2,253.0,253.0,,
671269505,BerriAI/litellm,2023-08-14/2023-08-20,167,579,2023-08-14 00:00:00+00:00,3,167.0,167.0,147.66666666666666,
671269505,BerriAI/litellm,2023-08-21/2023-08-27,153,732,2023-08-21 00:00:00+00:00,4,153.0,153.0,191.0,596.0
671269505,BerriAI/litellm,2023-08-28/2023-09-03,90,822,2023-08-28 00:00:00+00:00,5,90.0,90.0,136.66666666666666,663.0
671269505,BerriAI/litellm,2023-09-04/2023-09-10,153,975,2023-09-04 00:00:00+00:00,6,153.0,153.0,132.0,563.0
671269505,BerriAI/litellm,2023-09-11/2023-09-17,137,1112,2023-09-11 00:00:00+00:00,7,137.0,137.0,126.66666666666667,533.0
671269505,BerriAI/litellm,2023-09-18/2023-09-24,134,1246,2023-09-18 00:00:00+00:00,8,134.0,134.0,141.33333333333334,514.0
671269505,BerriAI/litellm,2023-09-25/2023-10-01,188,1434,2023-09-25 00:00:00+00:00,9,188.0,188.0,153.0,612.0
671269505,BerriAI/litellm,2023-10-02/2023-10-08,66,1500,2023-10-02 00:00:00+00:00,10,66.0,66.0,129.33333333333334,525.0
695864515,hacksider/Deep-Live-Cam,2023-09-25/2023-10-01,11,11,2023-09-25 00:00:00+00:00,0,,,,
695864515,hacksider/Deep-Live-Cam,2023-10-02/2023-10-08,5,16,2023-10-02 00:00:00+00:00,1,5.0,5.0,,
695864515,hacksider/Deep-Live-Cam,2023-10-09/2023-10-15,6,22,2023-10-09 00:00:00+00:00,2,6.0,6.0,,
695864515,hacksider/Deep-Live-Cam,2023-10-16/2023-10-22,5,27,2023-10-16 00:00:00+00:00,3,5.0,5.0,5.333333333333333,
695864515,hacksider/Deep-Live-Cam,2023-10-23/2023-10-29,5,32,2023-10-23 00:00:00+00:00,4,5.0,5.0,5.333333333333333,21.0
695864515,hacksider/Deep-Live-Cam,2023-10-30/2023-11-05,5,37,2023-10-30 00:00:00+00:00,5,5.0,5.0,5.0,21.0
695864515,hacksider/Deep-Live-Cam,2023-11-06/2023-11-12,6,43,2023-11-06 00:00:00+00:00,6,6.0,6.0,5.333333333333333,21.0
695864515,hacksider/Deep-Live-Cam,2023-11-20/2023-11-26,4,47,2023-11-20 00:00:00+00:00,7,4.0,4.0,5.0,20.0
695864515,hacksider/Deep-Live-Cam,2023-12-04/2023-12-10,1,48,2023-12-04 00:00:00+00:00,8,1.0,1.0,3.6666666666666665,16.0
695864515,hacksider/Deep-Live-Cam,2023-12-11/2023-12-17,2,50,2023-12-11 00:00:00+00:00,9,2.0,2.0,2.3333333333333335,13.0
695864515,hacksider/Deep-Live-Cam,2023-12-18/2023-12-24,4,54,2023-12-18 00:00:00+00:00,10,4.0,4.0,2.3333333333333335,11.0
695864515,hacksider/Deep-Live-Cam,2023-12-25/2023-12-31,2,56,2023-12-25 00:00:00+00:00,11,2.0,2.0,2.6666666666666665,9.0
695864515,hacksider/Deep-Live-Cam,2024-01-01/2024-01-07,4,60,2024-01-01 00:00:00+00:00,12,4.0,4.0,3.3333333333333335,12.0
695864515,hacksider/Deep-Live-Cam,2024-01-08/2024-01-14,4,64,2024-01-08 00:00:00+00:00,13,4.0,4.0,3.3333333333333335,14.0
695864515,hacksider/Deep-Live-Cam,2024-01-15/2024-01-21,4,68,2024-01-15 00:00:00+00:00,14,4.0,4.0,4.0,14.0
695864515,hacksider/Deep-Live-Cam,2024-01-22/2024-01-28,4,72,2024-01-22 00:00:00+00:00,15,4.0,4.0,4.0,16.0
695864515,hacksider/Deep-Live-Cam,2024-01-29/2024-02-04,3,75,2024-01-29 00:00:00+00:00,16,3.0,3.0,3.6666666666666665,15.0
695864515,hacksider/Deep-Live-Cam,2024-02-05/2024-02-11,2,77,2024-02-05 00:00:00+00:00,17,2.0,2.0,3.0,13.0
695864515,hacksider/Deep-Live-Cam,2024-02-12/2024-02-18,2,79,2024-02-12 00:00:00+00:00,18,2.0,2.0,2.3333333333333335,11.0
695864515,hacksider/Deep-Live-Cam,2024-02-19/2024-02-25,5,84,2024-02-19 00:00:00+00:00,19,5.0,5.0,3.0,12.0
695864515,hacksider/Deep-Live-Cam,2024-02-26/2024-03-03,5,89,2024-02-26 00:00:00+00:00,20,5.0,5.0,4.0,14.0
695864515,hacksider/Deep-Live-Cam,2024-03-04/2024-03-10,2,91,2024-03-04 00:00:00+00:00,21,2.0,2.0,4.0,14.0
695864515,hacksider/Deep-Live-Cam,2024-03-11/2024-03-17,1,92,2024-03-11 00:00:00+00:00,22,1.0,1.0,2.6666666666666665,13.0
695864515,hacksider/Deep-Live-Cam,2024-03-18/2024-03-24,3,95,2024-03-18 00:00:00+00:00,23,3.0,3.0,2.0,11.0
695864515,hacksider/Deep-Live-Cam,2024-03-25/2024-03-31,3,98,2024-03-25 00:00:00+00:00,24,3.0,3.0,2.3333333333333335,9.0
695864515,hacksider/Deep-Live-Cam,2024-04-08/2024-04-14,3,101,2024-04-08 00:00:00+00:00,25,3.0,3.0,3.0,10.0
695864515,hacksider/Deep-Live-Cam,2024-04-15/2024-04-21,8,109,2024-04-15 00:00:00+00:00,26,8.0,8.0,4.666666666666667,17.0
695864515,hacksider/Deep-Live-Cam,2024-04-22/2024-04-28,13,122,2024-04-22 00:00:00+00:00,27,13.0,13.0,8.0,27.0
695864515,hacksider/Deep-Live-Cam,2024-04-29/2024-05-05,1,123,2024-04-29 00:00:00+00:00,28,1.0,1.0,7.333333333333333,25.0
695864515,hacksider/Deep-Live-Cam,2024-05-06/2024-05-12,3,126,2024-05-06 00:00:00+00:00,29,3.0,3.0,5.666666666666667,25.0
695864515,hacksider/Deep-Live-Cam,2024-05-13/2024-05-19,9,135,2024-05-13 00:00:00+00:00,30,9.0,9.0,4.333333333333333,26.0
695864515,hacksider/Deep-Live-Cam,2024-05-20/2024-05-26,16,151,2024-05-20 00:00:00+00:00,31,16.0,16.0,9.333333333333334,29.0
695864515,hacksider/Deep-Live-Cam,2024-05-27/2024-06-02,6,157,2024-05-27 00:00:00+00:00,32,6.0,6.0,10.333333333333334,34.0
695864515,hacksider/Deep-Live-Cam,2024-06-03/2024-06-09,11,168,2024-06-03 00:00:00+00:00,33,11.0,11.0,11.0,42.0
695864515,hacksider/Deep-Live-Cam,2024-06-10/2024-06-16,5,173,2024-06-10 00:00:00+00:00,34,5.0,5.0,7.333333333333333,38.0
695864515,hacksider/Deep-Live-Cam,2024-06-17/2024-06-23,66,239,2024-06-17 00:00:00+00:00,35,66.0,66.0,27.333333333333332,88.0
695864515,hacksider/Deep-Live-Cam,2024-06-24/2024-06-30,20,259,2024-06-24 00:00:00+00:00,36,20.0,20.0,30.333333333333332,102.0
695864515,hacksider/Deep-Live-Cam,2024-07-01/2024-07-07,13,272,2024-07-01 00:00:00+00:00,37,13.0,13.0,33.0,104.0
695864515,hacksider/Deep-Live-Cam,2024-07-08/2024-07-14,15,287,2024-07-08 00:00:00+00:00,38,15.0,15.0,16.0,114.0
695864515,hacksider/Deep-Live-Cam,2024-07-15/2024-07-21,20,307,2024-07-15 00:00:00+00:00,39,20.0,20.0,16.0,68.0
695864515,hacksider/Deep-Live-Cam,2024-07-22/2024-07-28,6,313,2024-07-22 00:00:00+00:00,40,6.0,6.0,13.666666666666666,54.0
695864515,hacksider/Deep-Live-Cam,2024-07-29/2024-08-04,13,326,2024-07-29 00:00:00+00:00,41,13.0,13.0,13.0,54.0
695864515,hacksider/Deep-Live-Cam,2024-08-05/2024-08-11,1174,1500,2024-08-05 00:00:00+00:00,42,1174.0,1174.0,397.6666666666667,1213.0
699532645,astral-sh/uv,2024-02-12/2024-02-18,1500,1500,2024-02-12 00:00:00+00:00,0,,,,
701547123,open-webui/open-webui,2023-10-02/2023-10-08,1,1,2023-10-02 00:00:00+00:00,0,,,,
701547123,open-webui/open-webui,2023-10-09/2023-10-15,13,14,2023-10-09 00:00:00+00:00,1,13.0,13.0,,
701547123,open-webui/open-webui,2023-10-16/2023-10-22,14,28,2023-10-16 00:00:00+00:00,2,14.0,14.0,,
701547123,open-webui/open-webui,2023-10-23/2023-10-29,67,95,2023-10-23 00:00:00+00:00,3,67.0,67.0,31.333333333333332,
701547123,open-webui/open-webui,2023-10-30/2023-11-05,29,124,2023-10-30 00:00:00+00:00,4,29.0,29.0,36.666666666666664,123.0
701547123,open-webui/open-webui,2023-11-06/2023-11-12,139,263,2023-11-06 00:00:00+00:00,5,139.0,139.0,78.33333333333333,249.0
701547123,open-webui/open-webui,2023-11-13/2023-11-19,167,430,2023-11-13 00:00:00+00:00,6,167.0,167.0,111.66666666666667,402.0
701547123,open-webui/open-webui,2023-11-20/2023-11-26,276,706,2023-11-20 00:00:00+00:00,7,276.0,276.0,194.0,611.0
701547123,open-webui/open-webui,2023-11-27/2023-12-03,220,926,2023-11-27 00:00:00+00:00,8,220.0,220.0,221.0,802.0
701547123,open-webui/open-webui,2023-12-04/2023-12-10,364,1290,2023-12-04 00:00:00+00:00,9,364.0,364.0,286.6666666666667,1027.0
701547123,open-webui/open-webui,2023-12-11/2023-12-17,210,1500,2023-12-11 00:00:00+00:00,10,210.0,210.0,264.6666666666667,1070.0
770153867,harry0703/MoneyPrinterTurbo,2024-03-11/2024-03-17,103,103,2024-03-11 00:00:00+00:00,0,,,,
770153867,harry0703/MoneyPrinterTurbo,2024-03-18/2024-03-24,516,619,2024-03-18 00:00:00+00:00,1,516.0,516.0,,
770153867,harry0703/MoneyPrinterTurbo,2024-03-25/2024-03-31,881,1500,2024-03-25 00:00:00+00:00,2,881.0,881.0,,
771302083,OpenHands/OpenHands,2024-03-11/2024-03-17,1261,1261,2024-03-11 00:00:00+00:00,0,,,,
771302083,OpenHands/OpenHands,2024-03-18/2024-03-24,239,1500,2024-03-18 00:00:00+00:00,1,239.0,239.0,,
787076358,firecrawl/firecrawl,2024-04-15/2024-04-21,1146,1146,2024-04-15 00:00:00+00:00,0,,,,
787076358,firecrawl/firecrawl,2024-04-22/2024-04-28,354,1500,2024-04-22 00:00:00+00:00,1,354.0,354.0,,
793375104,Shubhamsaboo/awesome-llm-apps,2024-04-29/2024-05-05,212,212,2024-04-29 00:00:00+00:00,0,,,,
793375104,Shubhamsaboo/awesome-llm-apps,2024-05-06/2024-05-12,63,275,2024-05-06 00:00:00+00:00,1,63.0,63.0,,
793375104,Shubhamsaboo/awesome-llm-apps,2024-05-13/2024-05-19,252,527,2024-05-13 00:00:00+00:00,2,252.0,252.0,,
793375104,Shubhamsaboo/awesome-llm-apps,2024-05-20/2024-05-26,276,803,2024-05-20 00:00:00+00:00,3,276.0,276.0,197.0,
793375104,Shubhamsaboo/awesome-llm-apps,2024-05-27/2024-06-02,489,1292,2024-05-27 00:00:00+00:00,4,489.0,489.0,339.0,1080.0
793375104,Shubhamsaboo/awesome-llm-apps,2024-06-03/2024-06-09,208,1500,2024-06-03 00:00:00+00:00,5,208.0,208.0,324.3333333333333,1225.0
834369920,jingyaogong/minimind,2024-08-26/2024-09-01,6,6,2024-08-26 00:00:00+00:00,0,,,,
834369920,jingyaogong/minimind,2024-09-02/2024-09-08,101,107,2024-09-02 00:00:00+00:00,1,101.0,101.0,,
834369920,jingyaogong/minimind,2024-09-09/2024-09-15,1107,1214,2024-09-09 00:00:00+00:00,2,1107.0,1107.0,,
834369920,jingyaogong/minimind,2024-09-16/2024-09-22,286,1500,2024-09-16 00:00:00+00:00,3,286.0,286.0,498.0,
881458615,browser-use/browser-use,2024-11-04/2024-11-10,1396,1396,2024-11-04 00:00:00+00:00,0,,,,
881458615,browser-use/browser-use,2024-11-11/2024-11-17,104,1500,2024-11-11 00:00:00+00:00,1,104.0,104.0,,
909213664,TauricResearch/TradingAgents,2024-12-30/2025-01-05,4,4,2024-12-30 00:00:00+00:00,0,,,,
909213664,TauricResearch/TradingAgents,2025-01-06/2025-01-12,35,39,2025-01-06 00:00:00+00:00,1,35.0,35.0,,
909213664,TauricResearch/TradingAgents,2025-01-13/2025-01-19,21,60,2025-01-13 00:00:00+00:00,2,21.0,21.0,,
909213664,TauricResearch/TradingAgents,2025-01-20/2025-01-26,19,79,2025-01-20 00:00:00+00:00,3,19.0,19.0,25.0,
909213664,TauricResearch/TradingAgents,2025-01-27/2025-02-02,16,95,2025-01-27 00:00:00+00:00,4,16.0,16.0,18.666666666666668,91.0
909213664,TauricResearch/TradingAgents,2025-02-03/2025-02-09,12,107,2025-02-03 00:00:00+00:00,5,12.0,12.0,15.666666666666666,68.0
909213664,TauricResearch/TradingAgents,2025-02-10/2025-02-16,9,116,2025-02-10 00:00:00+00:00,6,9.0,9.0,12.333333333333334,56.0
909213664,TauricResearch/TradingAgents,2025-02-17/2025-02-23,15,131,2025-02-17 00:00:00+00:00,7,15.0,15.0,12.0,52.0
909213664,TauricResearch/TradingAgents,2025-02-24/2025-03-02,14,145,2025-02-24 00:00:00+00:00,8,14.0,14.0,12.666666666666666,50.0
909213664,TauricResearch/TradingAgents,2025-03-03/2025-03-09,9,154,2025-03-03 00:00:00+00:00,9,9.0,9.0,12.666666666666666,47.0
909213664,TauricResearch/TradingAgents,2025-03-10/2025-03-16,17,171,2025-03-10 00:00:00+00:00,10,17.0,17.0,13.333333333333334,55.0
909213664,TauricResearch/TradingAgents,2025-03-17/2025-03-23,16,187,2025-03-17 00:00:00+00:00,11,16.0,16.0,14.0,56.0
909213664,TauricResearch/TradingAgents,2025-03-24/2025-03-30,8,195,2025-03-24 00:00:00+00:00,12,8.0,8.0,13.666666666666666,50.0
909213664,TauricResearch/TradingAgents,2025-03-31/2025-04-06,17,212,2025-03-31 00:00:00+00:00,13,17.0,17.0,13.666666666666666,58.0
909213664,TauricResearch/TradingAgents,2025-04-07/2025-04-13,13,225,2025-04-07 00:00:00+00:00,14,13.0,13.0,12.666666666666666,54.0
909213664,TauricResearch/TradingAgents,2025-04-14/2025-04-20,7,232,2025-04-14 00:00:00+00:00,15,7.0,7.0,12.333333333333334,45.0
909213664,TauricResearch/TradingAgents,2025-04-21/2025-04-27,8,240,2025-04-21 00:00:00+00:00,16,8.0,8.0,9.333333333333334,45.0
909213664,TauricResearch/TradingAgents,2025-04-28/2025-05-04,9,249,2025-04-28 00:00:00+00:00,17,9.0,9.0,8.0,37.0
909213664,TauricResearch/TradingAgents,2025-05-05/2025-05-11,17,266,2025-05-05 00:00:00+00:00,18,17.0,17.0,11.333333333333334,41.0
909213664,TauricResearch/TradingAgents,2025-05-12/2025-05-18,8,274,2025-05-12 00:00:00+00:00,19,8.0,8.0,11.333333333333334,42.0
909213664,TauricResearch/TradingAgents,2025-05-19/2025-05-25,14,288,2025-05-19 00:00:00+00:00,20,14.0,14.0,13.0,48.0
909213664,TauricResearch/TradingAgents,2025-05-26/2025-06-01,12,300,2025-05-26 00:00:00+00:00,21,12.0,12.0,11.333333333333334,51.0
909213664,TauricResearch/TradingAgents,2025-06-02/2025-06-08,308,608,2025-06-02 00:00:00+00:00,22,308.0,308.0,111.33333333333333,342.0
909213664,TauricResearch/TradingAgents,2025-06-09/2025-06-15,892,1500,2025-06-09 00:00:00+00:00,23,892.0,892.0,404.0,1226.0
969302809,hesreallyhim/awesome-claude-code,2025-04-21/2025-04-27,2,2,2025-04-21 00:00:00+00:00,0,,,,
969302809,hesreallyhim/awesome-claude-code,2025-05-05/2025-05-11,3,5,2025-05-05 00:00:00+00:00,1,3.0,3.0,,
969302809,hesreallyhim/awesome-claude-code,2025-05-12/2025-05-18,5,10,2025-05-12 00:00:00+00:00,2,5.0,5.0,,
969302809,hesreallyhim/awesome-claude-code,2025-05-19/2025-05-25,15,25,2025-05-19 00:00:00+00:00,3,15.0,15.0,7.666666666666667,
969302809,hesreallyhim/awesome-claude-code,2025-05-26/2025-06-01,30,55,2025-05-26 00:00:00+00:00,4,30.0,30.0,16.666666666666668,53.0
969302809,hesreallyhim/awesome-claude-code,2025-06-02/2025-06-08,70,125,2025-06-02 00:00:00+00:00,5,70.0,70.0,38.333333333333336,120.0
969302809,hesreallyhim/awesome-claude-code,2025-06-09/2025-06-15,329,454,2025-06-09 00:00:00+00:00,6,329.0,329.0,143.0,444.0
969302809,hesreallyhim/awesome-claude-code,2025-06-16/2025-06-22,366,820,2025-06-16 00:00:00+00:00,7,366.0,366.0,255.0,795.0
969302809,hesreallyhim/awesome-claude-code,2025-06-23/2025-06-29,680,1500,2025-06-23 00:00:00+00:00,8,680.0,680.0,458.3333333333333,1445.0
997737944,ruvnet/RuView,2025-06-02/2025-06-08,1,1,2025-06-02 00:00:00+00:00,0,,,,
997737944,ruvnet/RuView,2025-06-09/2025-06-15,12,13,2025-06-09 00:00:00+00:00,1,12.0,12.0,,
997737944,ruvnet/RuView,2025-06-16/2025-06-22,5,18,2025-06-16 00:00:00+00:00,2,5.0,5.0,,
997737944,ruvnet/RuView,2025-06-23/2025-06-29,2,20,2025-06-23 00:00:00+00:00,3,2.0,2.0,6.333333333333333,
997737944,ruvnet/RuView,2025-06-30/2025-07-06,12,32,2025-06-30 00:00:00+00:00,4,12.0,12.0,6.333333333333333,31.0
997737944,ruvnet/RuView,2025-07-07/2025-07-13,2,34,2025-07-07 00:00:00+00:00,5,2.0,2.0,5.333333333333333,21.0
997737944,ruvnet/RuView,2025-07-14/2025-07-20,3,37,2025-07-14 00:00:00+00:00,6,3.0,3.0,5.666666666666667,19.0
997737944,ruvnet/RuView,2025-07-21/2025-07-27,2,39,2025-07-21 00:00:00+00:00,7,2.0,2.0,2.3333333333333335,19.0
997737944,ruvnet/RuView,2025-07-28/2025-08-03,2,41,2025-07-28 00:00:00+00:00,8,2.0,2.0,2.3333333333333335,9.0
997737944,ruvnet/RuView,2025-08-04/2025-08-10,5,46,2025-08-04 00:00:00+00:00,9,5.0,5.0,3.0,12.0
997737944,ruvnet/RuView,2025-08-11/2025-08-17,30,76,2025-08-11 00:00:00+00:00,10,30.0,30.0,12.333333333333334,39.0
997737944,ruvnet/RuView,2025-08-18/2025-08-24,3,79,2025-08-18 00:00:00+00:00,11,3.0,3.0,12.666666666666666,40.0
997737944,ruvnet/RuView,2025-08-25/2025-08-31,49,128,2025-08-25 00:00:00+00:00,12,49.0,49.0,27.333333333333332,87.0
997737944,ruvnet/RuView,2025-09-01/2025-09-07,18,146,2025-09-01 00:00:00+00:00,13,18.0,18.0,23.333333333333332,100.0
997737944,ruvnet/RuView,2025-09-08/2025-09-14,37,183,2025-09-08 00:00:00+00:00,14,37.0,37.0,34.666666666666664,107.0
997737944,ruvnet/RuView,2025-09-15/2025-09-21,8,191,2025-09-15 00:00:00+00:00,15,8.0,8.0,21.0,112.0
997737944,ruvnet/RuView,2025-09-22/2025-09-28,2,193,2025-09-22 00:00:00+00:00,16,2.0,2.0,15.666666666666666,65.0
997737944,ruvnet/RuView,2025-09-29/2025-10-05,9,202,2025-09-29 00:00:00+00:00,17,9.0,9.0,6.333333333333333,56.0
997737944,ruvnet/RuView,2025-10-06/2025-10-12,9,211,2025-10-06 00:00:00+00:00,18,9.0,9.0,6.666666666666667,28.0
997737944,ruvnet/RuView,2025-10-13/2025-10-19,7,218,2025-10-13 00:00:00+00:00,19,7.0,7.0,8.333333333333334,27.0
997737944,ruvnet/RuView,2025-10-20/2025-10-26,8,226,2025-10-20 00:00:00+00:00,20,8.0,8.0,8.0,33.0
997737944,ruvnet/RuView,2025-10-27/2025-11-02,7,233,2025-10-27 00:00:00+00:00,21,7.0,7.0,7.333333333333333,31.0
997737944,ruvnet/RuView,2025-11-03/2025-11-09,12,245,2025-11-03 00:00:00+00:00,22,12.0,12.0,9.0,34.0
997737944,ruvnet/RuView,2025-11-10/2025-11-16,7,252,2025-11-10 00:00:00+00:00,23,7.0,7.0,8.666666666666666,34.0
997737944,ruvnet/RuView,2025-11-17/2025-11-23,6,258,2025-11-17 00:00:00+00:00,24,6.0,6.0,8.333333333333334,32.0
997737944,ruvnet/RuView,2025-11-24/2025-11-30,2,260,2025-11-24 00:00:00+00:00,25,2.0,2.0,5.0,27.0
997737944,ruvnet/RuView,2025-12-01/2025-12-07,3,263,2025-12-01 00:00:00+00:00,26,3.0,3.0,3.6666666666666665,18.0
997737944,ruvnet/RuView,2025-12-08/2025-12-14,5,268,2025-12-08 00:00:00+00:00,27,5.0,5.0,3.3333333333333335,16.0
997737944,ruvnet/RuView,2025-12-15/2025-12-21,2,270,2025-12-15 00:00:00+00:00,28,2.0,2.0,3.3333333333333335,12.0
997737944,ruvnet/RuView,2025-12-22/2025-12-28,1230,1500,2025-12-22 00:00:00+00:00,29,1230.0,1230.0,412.3333333333333,1240.0
1024554267,NousResearch/hermes-agent,2025-08-25/2025-08-31,1,1,2025-08-25 00:00:00+00:00,0,,,,
1024554267,NousResearch/hermes-agent,2026-02-02/2026-02-08,1,2,2026-02-02 00:00:00+00:00,1,1.0,1.0,,
1024554267,NousResearch/hermes-agent,2026-02-09/2026-02-15,2,4,2026-02-09 00:00:00+00:00,2,2.0,2.0,,
1024554267,NousResearch/hermes-agent,2026-02-23/2026-03-01,1269,1273,2026-02-23 00:00:00+00:00,3,1269.0,1269.0,424.0,
1024554267,NousResearch/hermes-agent,2026-03-02/2026-03-08,227,1500,2026-03-02 00:00:00+00:00,4,227.0,227.0,499.3333333333333,1499.0
1048065319,thedotmack/claude-mem,2025-09-08/2025-09-14,2,2,2025-09-08 00:00:00+00:00,0,,,,
1048065319,thedotmack/claude-mem,2025-09-22/2025-09-28,8,10,2025-09-22 00:00:00+00:00,1,8.0,8.0,,
1048065319,thedotmack/claude-mem,2025-09-29/2025-10-05,3,13,2025-09-29 00:00:00+00:00,2,3.0,3.0,,
1048065319,thedotmack/claude-mem,2025-10-06/2025-10-12,1,14,2025-10-06 00:00:00+00:00,3,1.0,1.0,4.0,
1048065319,thedotmack/claude-mem,2025-10-13/2025-10-19,4,18,2025-10-13 00:00:00+00:00,4,4.0,4.0,2.6666666666666665,16.0
1048065319,thedotmack/claude-mem,2025-10-20/2025-10-26,217,235,2025-10-20 00:00:00+00:00,5,217.0,217.0,74.0,225.0
1048065319,thedotmack/claude-mem,2025-10-27/2025-11-02,65,300,2025-10-27 00:00:00+00:00,6,65.0,65.0,95.33333333333333,287.0
1048065319,thedotmack/claude-mem,2025-11-03/2025-11-09,61,361,2025-11-03 00:00:00+00:00,7,61.0,61.0,114.33333333333333,347.0
1048065319,thedotmack/claude-mem,2025-11-10/2025-11-16,52,413,2025-11-10 00:00:00+00:00,8,52.0,52.0,59.333333333333336,395.0
1048065319,thedotmack/claude-mem,2025-11-17/2025-11-23,24,437,2025-11-17 00:00:00+00:00,9,24.0,24.0,45.666666666666664,202.0
1048065319,thedotmack/claude-mem,2025-11-24/2025-11-30,16,453,2025-11-24 00:00:00+00:00,10,16.0,16.0,30.666666666666668,153.0
1048065319,thedotmack/claude-mem,2025-12-01/2025-12-07,213,666,2025-12-01 00:00:00+00:00,11,213.0,213.0,84.33333333333333,305.0
1048065319,thedotmack/claude-mem,2025-12-08/2025-12-14,834,1500,2025-12-08 00:00:00+00:00,12,834.0,834.0,354.3333333333333,1087.0
1106996539,nextlevelbuilder/ui-ux-pro-max-skill,2025-12-01/2025-12-07,747,747,2025-12-01 00:00:00+00:00,0,,,,
1106996539,nextlevelbuilder/ui-ux-pro-max-skill,2025-12-08/2025-12-14,416,1163,2025-12-08 00:00:00+00:00,1,416.0,416.0,,
1106996539,nextlevelbuilder/ui-ux-pro-max-skill,2025-12-15/2025-12-21,114,1277,2025-12-15 00:00:00+00:00,2,114.0,114.0,,
1106996539,nextlevelbuilder/ui-ux-pro-max-skill,2025-12-22/2025-12-28,223,1500,2025-12-22 00:00:00+00:00,3,223.0,223.0,251.0,
1136590548,affaan-m/ECC,2026-01-12/2026-01-18,792,792,2026-01-12 00:00:00+00:00,0,,,,
1136590548,affaan-m/ECC,2026-01-19/2026-01-25,708,1500,2026-01-19 00:00:00+00:00,1,708.0,708.0,,
1147094660,HKUDS/nanobot,2026-01-26/2026-02-01,254,254,2026-01-26 00:00:00+00:00,0,,,,
1147094660,HKUDS/nanobot,2026-02-02/2026-02-08,1246,1500,2026-02-02 00:00:00+00:00,1,1246.0,1246.0,,
