method,threshold,roc_auc,pr_auc,accuracy,balanced_accuracy,precision,recall,f1,mcc,cohen_kappa,log_loss,brier_score,tn,fp,fn,tp,distance_from_0_5
uncalibrated,0.005336478617018171,0.73625,0.4737409698395573,0.24242424242424243,0.5,0.24242424242424243,1.0,0.3902439024390244,0.0,0.0,0.5894334504689335,0.1834078291302661,0,50,0,16,0.4946635213829818
uncalibrated,0.006226395408257119,0.73625,0.4737409698395573,0.25757575757575757,0.51,0.24615384615384617,1.0,0.3950617283950617,0.07016464154456234,0.009797917942437229,0.5894334504689335,0.1834078291302661,1,49,0,16,0.49377360459174285
uncalibrated,0.00693775026818014,0.73625,0.4737409698395573,0.2727272727272727,0.52,0.25,1.0,0.4,0.1,0.01980198019801982,0.5894334504689335,0.1834078291302661,2,48,0,16,0.49306224973181983
uncalibrated,0.0073246394663732325,0.73625,0.4737409698395573,0.2878787878787879,0.53,0.25396825396825395,1.0,0.4050632911392405,0.12344267996967352,0.030018761726078758,0.5894334504689335,0.1834078291302661,3,47,0,16,0.49267536053362676
uncalibrated,0.008775047253400827,0.73625,0.4737409698395573,0.30303030303030304,0.54,0.25806451612903225,1.0,0.41025641025641024,0.14368424162141993,0.04045512010113772,0.5894334504689335,0.1834078291302661,4,46,0,16,0.49122495274659916
uncalibrated,0.013373370868062758,0.73625,0.4737409698395573,0.3181818181818182,0.55,0.26229508196721313,1.0,0.4155844155844156,0.1619552660357832,0.051118210862619806,0.5894334504689335,0.1834078291302661,5,45,0,16,0.4866266291319372
uncalibrated,0.014823223444610737,0.73625,0.4737409698395573,0.3333333333333333,0.56,0.26666666666666666,1.0,0.42105263157894735,0.17888543819998318,0.06201550387596899,0.5894334504689335,0.1834078291302661,6,44,0,16,0.48517677655538927
uncalibrated,0.01880210896106752,0.73625,0.4737409698395573,0.3484848484848485,0.5700000000000001,0.2711864406779661,1.0,0.4266666666666667,0.1948489201789819,0.07315480078380132,0.5894334504689335,0.1834078291302661,7,43,0,16,0.48119789103893246
uncalibrated,0.02,0.73625,0.4737409698395573,0.36363636363636365,0.58,0.27586206896551724,1.0,0.43243243243243246,0.2100902925755561,0.08454425363276086,0.5894334504689335,0.1834078291302661,8,42,0,16,0.48
uncalibrated,0.020014807588856497,0.73625,0.4737409698395573,0.36363636363636365,0.58,0.27586206896551724,1.0,0.43243243243243246,0.2100902925755561,0.08454425363276086,0.5894334504689335,0.1834078291302661,8,42,0,16,0.4799851924111435
uncalibrated,0.021062333031584224,0.73625,0.4737409698395573,0.3787878787878788,0.59,0.2807017543859649,1.0,0.4383561643835616,0.22478059477960657,0.09619238476953895,0.5894334504689335,0.1834078291302661,9,41,0,16,0.4789376669684158
uncalibrated,0.02360016083918342,0.73625,0.4737409698395573,0.3939393939393939,0.6,0.2857142857142857,1.0,0.4444444444444444,0.23904572186687872,0.108108108108108,0.5894334504689335,0.1834078291302661,10,40,0,16,0.4763998391608166
uncalibrated,0.024695421468228246,0.73625,0.4737409698395573,0.4090909090909091,0.61,0.2909090909090909,1.0,0.4507042253521127,0.25298221281347033,0.12030075187969913,0.5894334504689335,0.1834078291302661,11,39,0,16,0.47530457853177177
uncalibrated,0.025,0.73625,0.4737409698395573,0.42424242424242425,0.62,0.2962962962962963,1.0,0.45714285714285713,0.26666666666666666,0.13278008298755173,0.5894334504689335,0.1834078291302661,12,38,0,16,0.475
uncalibrated,0.02541164592302874,0.73625,0.4737409698395573,0.42424242424242425,0.62,0.2962962962962963,1.0,0.45714285714285713,0.26666666666666666,0.13278008298755173,0.5894334504689335,0.1834078291302661,12,38,0,16,0.47458835407697125
uncalibrated,0.02622509737645625,0.73625,0.4737409698395573,0.4090909090909091,0.58875,0.2830188679245283,0.9375,0.43478260869565216,0.19126422274632968,0.09937018894331684,0.5894334504689335,0.1834078291302661,12,38,1,15,0.47377490262354377
uncalibrated,0.02907593789347077,0.73625,0.4737409698395573,0.42424242424242425,0.59875,0.28846153846153844,0.9375,0.4411764705882353,0.20703625525257888,0.11189801699716706,0.5894334504689335,0.1834078291302661,13,37,1,15,0.4709240621065292
uncalibrated,0.03,0.73625,0.4737409698395573,0.4393939393939394,0.60875,0.29411764705882354,0.9375,0.44776119402985076,0.22241984676573745,0.12473118279569884,0.5894334504689335,0.1834078291302661,14,36,1,15,0.47
uncalibrated,0.030859005411053693,0.73625,0.4737409698395573,0.4393939393939394,0.60875,0.29411764705882354,0.9375,0.44776119402985076,0.22241984676573745,0.12473118279569884,0.5894334504689335,0.1834078291302661,14,36,1,15,0.4691409945889463
uncalibrated,0.0334081785052538,0.73625,0.4737409698395573,0.45454545454545453,0.61875,0.3,0.9375,0.45454545454545453,0.2375,0.13788098693759054,0.5894334504689335,0.1834078291302661,15,35,1,15,0.4665918214947462
uncalibrated,0.03463314732457749,0.73625,0.4737409698395573,0.4696969696969697,0.62875,0.30612244897959184,0.9375,0.46153846153846156,0.252347918138263,0.15135929463629694,0.5894334504689335,0.1834078291302661,16,34,1,15,0.4653668526754225
uncalibrated,0.03497057872555079,0.73625,0.4737409698395573,0.48484848484848486,0.63875,0.3125,0.9375,0.46875,0.2670244995002019,0.1651785714285715,0.5894334504689335,0.1834078291302661,17,33,1,15,0.46502942127444924
uncalibrated,0.035,0.73625,0.4737409698395573,0.5,0.6487499999999999,0.3191489361702128,0.9375,0.47619047619047616,0.2815828719467791,0.17935192162773184,0.5894334504689335,0.1834078291302661,18,32,1,15,0.46499999999999997
uncalibrated,0.036333009659162925,0.73625,0.4737409698395573,0.5,0.6487499999999999,0.3191489361702128,0.9375,0.47619047619047616,0.2815828719467791,0.17935192162773184,0.5894334504689335,0.1834078291302661,18,32,1,15,0.4636669903408371
uncalibrated,0.03746046663376039,0.73625,0.4737409698395573,0.5151515151515151,0.65875,0.32608695652173914,0.9375,0.4838709677419355,0.29607027661629964,0.1938931297709925,0.5894334504689335,0.1834078291302661,19,31,1,15,0.4625395333662396
uncalibrated,0.037823307902430006,0.73625,0.4737409698395573,0.5303030303030303,0.66875,0.3333333333333333,0.9375,0.4918032786885246,0.31052950170405935,0.20881670533642704,0.5894334504689335,0.1834078291302661,20,30,1,15,0.46217669209757
uncalibrated,0.03818499973018921,0.73625,0.4737409698395573,0.5454545454545454,0.67875,0.3409090909090909,0.9375,0.5,0.325,0.22413793103448287,0.5894334504689335,0.1834078291302661,21,29,1,15,0.4618150002698108
uncalibrated,0.038840791996585126,0.73625,0.4737409698395573,0.5303030303030303,0.6475,0.32558139534883723,0.875,0.4745762711864407,0.26531931274383985,0.18745035742652905,0.5894334504689335,0.1834078291302661,21,29,2,14,0.46115920800341487
uncalibrated,0.03970213205720936,0.73625,0.4737409698395573,0.5454545454545454,0.6575,0.3333333333333333,0.875,0.4827586206896552,0.2806243040080456,0.20289855072463758,0.5894334504689335,0.1834078291302661,22,28,2,14,0.46029786794279065
uncalibrated,0.04,0.73625,0.4737409698395573,0.5606060606060606,0.6675,0.34146341463414637,0.875,0.49122807017543857,0.2959564898805887,0.2187755102040817,0.5894334504689335,0.1834078291302661,23,27,2,14,0.46
uncalibrated,0.04155162697629611,0.73625,0.4737409698395573,0.5606060606060606,0.6675,0.34146341463414637,0.875,0.49122807017543857,0.2959564898805887,0.2187755102040817,0.5894334504689335,0.1834078291302661,23,27,2,14,0.4584483730237039
uncalibrated,0.045,0.73625,0.4737409698395573,0.5757575757575758,0.6775,0.35,0.875,0.5,0.3113555968539954,0.23509933774834446,0.5894334504689335,0.1834078291302661,24,26,2,14,0.455
uncalibrated,0.04531823289028945,0.73625,0.4737409698395573,0.5757575757575758,0.6775,0.35,0.875,0.5,0.3113555968539954,0.23509933774834446,0.5894334504689335,0.1834078291302661,24,26,2,14,0.45468176710971053
uncalibrated,0.045952545590930205,0.73625,0.4737409698395573,0.5909090909090909,0.6875,0.358974358974359,0.875,0.509090909090909,0.3268602252303067,0.2518891687657431,0.5894334504689335,0.1834078291302661,25,25,2,14,0.4540474544090698
uncalibrated,0.0473881497755983,0.73625,0.4737409698395573,0.6060606060606061,0.6975,0.3684210526315789,0.875,0.5185185185185185,0.3425084379620274,0.26916524701873945,0.5894334504689335,0.1834078291302661,26,24,2,14,0.4526118502244017
uncalibrated,0.05,0.73625,0.4737409698395573,0.6212121212121212,0.7075,0.3783783783783784,0.875,0.5283018867924528,0.35833830017436685,0.28694900605012963,0.5894334504689335,0.1834078291302661,27,23,2,14,0.45
uncalibrated,0.05026496819190495,0.73625,0.4737409698395573,0.6212121212121212,0.7075,0.3783783783783784,0.875,0.5283018867924528,0.35833830017436685,0.28694900605012963,0.5894334504689335,0.1834078291302661,27,23,2,14,0.44973503180809504
uncalibrated,0.05178606832818361,0.73625,0.4737409698395573,0.6363636363636364,0.7175,0.3888888888888889,0.875,0.5384615384615384,0.37438839013338365,0.3052631578947369,0.5894334504689335,0.1834078291302661,28,22,2,14,0.4482139316718164
uncalibrated,0.05278612850900905,0.73625,0.4737409698395573,0.6212121212121212,0.68625,0.37142857142857144,0.8125,0.5098039215686274,0.3198573991021134,0.26536064113980407,0.5894334504689335,0.1834078291302661,28,22,3,13,0.44721387149099096
uncalibrated,0.05500000000000001,0.73625,0.4737409698395573,0.6060606060606061,0.655,0.35294117647058826,0.75,0.48,0.2658228069708887,0.22423146473779387,0.5894334504689335,0.1834078291302661,28,22,4,12,0.445
uncalibrated,0.055204371901091426,0.73625,0.4737409698395573,0.6060606060606061,0.655,0.35294117647058826,0.75,0.48,0.2658228069708887,0.22423146473779387,0.5894334504689335,0.1834078291302661,28,22,4,12,0.4447956280989086
uncalibrated,0.05644420146411518,0.73625,0.4737409698395573,0.5909090909090909,0.62375,0.3333333333333333,0.6875,0.4489795918367347,0.21213203435596426,0.18181818181818177,0.5894334504689335,0.1834078291302661,28,22,5,11,0.44355579853588484
uncalibrated,0.05948982013218227,0.73625,0.4737409698395573,0.6060606060606061,0.63375,0.34375,0.6875,0.4583333333333333,0.22937935762810557,0.19962686567164178,0.5894334504689335,0.1834078291302661,29,21,5,11,0.4405101798678177
uncalibrated,0.06,0.73625,0.4737409698395573,0.6212121212121212,0.64375,0.3548387096774194,0.6875,0.46808510638297873,0.2468698046761278,0.2180094786729858,0.5894334504689335,0.1834078291302661,30,20,5,11,0.44
uncalibrated,0.065,0.73625,0.4737409698395573,0.6212121212121212,0.64375,0.3548387096774194,0.6875,0.46808510638297873,0.2468698046761278,0.2180094786729858,0.5894334504689335,0.1834078291302661,30,20,5,11,0.435
uncalibrated,0.06596431500115615,0.73625,0.4737409698395573,0.6212121212121212,0.64375,0.3548387096774194,0.6875,0.46808510638297873,0.2468698046761278,0.2180094786729858,0.5894334504689335,0.1834078291302661,30,20,5,11,0.4340356849988438
uncalibrated,0.0662038159210721,0.73625,0.4737409698395573,0.6363636363636364,0.65375,0.36666666666666664,0.6875,0.4782608695652174,0.2646538619908402,0.23699421965317913,0.5894334504689335,0.1834078291302661,31,19,5,11,0.4337961840789279
uncalibrated,0.06955547697996328,0.73625,0.4737409698395573,0.6515151515151515,0.6637500000000001,0.3793103448275862,0.6875,0.4888888888888889,0.28278504411350636,0.256611165523996,0.5894334504689335,0.1834078291302661,32,18,5,11,0.4304445230200367
uncalibrated,0.07,0.73625,0.4737409698395573,0.6666666666666666,0.6737500000000001,0.39285714285714285,0.6875,0.5,0.3013207144096317,0.27689243027888444,0.5894334504689335,0.1834078291302661,33,17,5,11,0.43
uncalibrated,0.0700967590312824,0.73625,0.4737409698395573,0.6666666666666666,0.6737500000000001,0.39285714285714285,0.6875,0.5,0.3013207144096317,0.27689243027888444,0.5894334504689335,0.1834078291302661,33,17,5,11,0.42990324096871757
uncalibrated,0.07416091063952931,0.73625,0.4737409698395573,0.6515151515151515,0.6425000000000001,0.37037037037037035,0.625,0.46511627906976744,0.24841377117503313,0.23100303951367773,0.5894334504689335,0.1834078291302661,33,17,6,10,0.42583908936047066
uncalibrated,0.075,0.73625,0.4737409698395573,0.6666666666666666,0.6525000000000001,0.38461538461538464,0.625,0.47619047619047616,0.2675026958886439,0.2515463917525772,0.5894334504689335,0.1834078291302661,34,16,6,10,0.425
uncalibrated,0.08,0.73625,0.4737409698395573,0.6666666666666666,0.6525000000000001,0.38461538461538464,0.625,0.47619047619047616,0.2675026958886439,0.2515463917525772,0.5894334504689335,0.1834078291302661,34,16,6,10,0.42
uncalibrated,0.085,0.73625,0.4737409698395573,0.6666666666666666,0.6525000000000001,0.38461538461538464,0.625,0.47619047619047616,0.2675026958886439,0.2515463917525772,0.5894334504689335,0.1834078291302661,34,16,6,10,0.415
uncalibrated,0.08547136596434977,0.73625,0.4737409698395573,0.6666666666666666,0.6525000000000001,0.38461538461538464,0.625,0.47619047619047616,0.2675026958886439,0.2515463917525772,0.5894334504689335,0.1834078291302661,34,16,6,10,0.4145286340356502
uncalibrated,0.09000000000000001,0.73625,0.4737409698395573,0.6818181818181818,0.6625,0.4,0.625,0.4878048780487805,0.28712196779460103,0.27282266526757604,0.5894334504689335,0.1834078291302661,35,15,6,10,0.41
uncalibrated,0.09044862482493127,0.73625,0.4737409698395573,0.6818181818181818,0.6625,0.4,0.625,0.4878048780487805,0.28712196779460103,0.27282266526757604,0.5894334504689335,0.1834078291302661,35,15,6,10,0.40955137517506873
uncalibrated,0.095,0.73625,0.4737409698395573,0.696969696969697,0.6725,0.4166666666666667,0.625,0.5,0.30735042819928804,0.29487179487179493,0.5894334504689335,0.1834078291302661,36,14,6,10,0.405
uncalibrated,0.09529985873116462,0.73625,0.4737409698395573,0.696969696969697,0.6725,0.4166666666666667,0.625,0.5,0.30735042819928804,0.29487179487179493,0.5894334504689335,0.1834078291302661,36,14,6,10,0.40470014126883536
uncalibrated,0.09629631315284075,0.73625,0.4737409698395573,0.7121212121212122,0.6825,0.43478260869565216,0.625,0.5128205128205128,0.3282764378017001,0.3177366702937977,0.5894334504689335,0.1834078291302661,37,13,6,10,0.40370368684715924
uncalibrated,0.09746170944677511,0.73625,0.4737409698395573,0.7272727272727273,0.6925,0.45454545454545453,0.625,0.5263157894736842,0.35,0.3414634146341464,0.5894334504689335,0.1834078291302661,38,12,6,10,0.4025382905532249
uncalibrated,0.1,0.73625,0.4737409698395573,0.7424242424242424,0.7025,0.47619047619047616,0.625,0.5405405405405406,0.3726354020448713,0.36610169491525424,0.5894334504689335,0.1834078291302661,39,11,6,10,0.4
uncalibrated,0.10004618242850075,0.73625,0.4737409698395573,0.7424242424242424,0.7025,0.47619047619047616,0.625,0.5405405405405406,0.3726354020448713,0.36610169491525424,0.5894334504689335,0.1834078291302661,39,11,6,10,0.3999538175714993
uncalibrated,0.10033205455803261,0.73625,0.4737409698395573,0.7575757575757576,0.7125,0.5,0.625,0.5555555555555556,0.39631454350213335,0.39170506912442404,0.5894334504689335,0.1834078291302661,40,10,6,10,0.3996679454419674
uncalibrated,0.10500000000000001,0.73625,0.4737409698395573,0.7424242424242424,0.68125,0.47368421052631576,0.5625,0.5142857142857142,0.3431051801032182,0.34077555816686256,0.5894334504689335,0.1834078291302661,40,10,7,9,0.395
uncalibrated,0.10984834533049503,0.73625,0.4737409698395573,0.7424242424242424,0.68125,0.47368421052631576,0.5625,0.5142857142857142,0.3431051801032182,0.34077555816686256,0.5894334504689335,0.1834078291302661,40,10,7,9,0.39015165466950497
uncalibrated,0.11,0.73625,0.4737409698395573,0.7272727272727273,0.65,0.4444444444444444,0.5,0.47058823529411764,0.28867513459481287,0.28776978417266186,0.5894334504689335,0.1834078291302661,40,10,8,8,0.39
uncalibrated,0.1138499290606036,0.73625,0.4737409698395573,0.7272727272727273,0.65,0.4444444444444444,0.5,0.47058823529411764,0.28867513459481287,0.28776978417266186,0.5894334504689335,0.1834078291302661,40,10,8,8,0.3861500709393964
uncalibrated,0.115,0.73625,0.4737409698395573,0.7424242424242424,0.6599999999999999,0.47058823529411764,0.5,0.48484848484848486,0.31359741283201614,0.31334149326805383,0.5894334504689335,0.1834078291302661,41,9,8,8,0.385
uncalibrated,0.12000000000000001,0.73625,0.4737409698395573,0.7424242424242424,0.6599999999999999,0.47058823529411764,0.5,0.48484848484848486,0.31359741283201614,0.31334149326805383,0.5894334504689335,0.1834078291302661,41,9,8,8,0.38
uncalibrated,0.12494759147965016,0.73625,0.4737409698395573,0.7424242424242424,0.6599999999999999,0.47058823529411764,0.5,0.48484848484848486,0.31359741283201614,0.31334149326805383,0.5894334504689335,0.1834078291302661,41,9,8,8,0.3750524085203498
uncalibrated,0.125,0.73625,0.4737409698395573,0.7272727272727273,0.6287499999999999,0.4375,0.4375,0.4375,0.2575,0.25749999999999995,0.5894334504689335,0.1834078291302661,41,9,9,7,0.375
uncalibrated,0.13,0.73625,0.4737409698395573,0.7272727272727273,0.6287499999999999,0.4375,0.4375,0.4375,0.2575,0.25749999999999995,0.5894334504689335,0.1834078291302661,41,9,9,7,0.37
uncalibrated,0.13100480954395682,0.73625,0.4737409698395573,0.7272727272727273,0.6287499999999999,0.4375,0.4375,0.4375,0.2575,0.25749999999999995,0.5894334504689335,0.1834078291302661,41,9,9,7,0.3689951904560432
uncalibrated,0.135,0.73625,0.4737409698395573,0.7121212121212122,0.5974999999999999,0.4,0.375,0.3870967741935484,0.19941089710031631,0.1992337164750958,0.5894334504689335,0.1834078291302661,41,9,10,6,0.365
uncalibrated,0.1366868786724574,0.73625,0.4737409698395573,0.7121212121212122,0.5974999999999999,0.4,0.375,0.3870967741935484,0.19941089710031631,0.1992337164750958,0.5894334504689335,0.1834078291302661,41,9,10,6,0.36331312132754257
uncalibrated,0.1382434959886519,0.73625,0.4737409698395573,0.696969696969697,0.5662499999999999,0.35714285714285715,0.3125,0.3333333333333333,0.13889774086565418,0.13838120104438634,0.5894334504689335,0.1834078291302661,41,9,11,5,0.36175650401134807
uncalibrated,0.13999999999999999,0.73625,0.4737409698395573,0.7121212121212122,0.5762499999999999,0.38461538461538464,0.3125,0.3448275862068966,0.1643255998243114,0.16288384512683574,0.5894334504689335,0.1834078291302661,42,8,11,5,0.36
uncalibrated,0.145,0.73625,0.4737409698395573,0.7121212121212122,0.5762499999999999,0.38461538461538464,0.3125,0.3448275862068966,0.1643255998243114,0.16288384512683574,0.5894334504689335,0.1834078291302661,42,8,11,5,0.355
uncalibrated,0.15,0.73625,0.4737409698395573,0.7121212121212122,0.5762499999999999,0.38461538461538464,0.3125,0.3448275862068966,0.1643255998243114,0.16288384512683574,0.5894334504689335,0.1834078291302661,42,8,11,5,0.35
uncalibrated,0.155,0.73625,0.4737409698395573,0.7121212121212122,0.5762499999999999,0.38461538461538464,0.3125,0.3448275862068966,0.1643255998243114,0.16288384512683574,0.5894334504689335,0.1834078291302661,42,8,11,5,0.345
uncalibrated,0.16,0.73625,0.4737409698395573,0.7121212121212122,0.5762499999999999,0.38461538461538464,0.3125,0.3448275862068966,0.1643255998243114,0.16288384512683574,0.5894334504689335,0.1834078291302661,42,8,11,5,0.33999999999999997
uncalibrated,0.16499999999999998,0.73625,0.4737409698395573,0.7121212121212122,0.5762499999999999,0.38461538461538464,0.3125,0.3448275862068966,0.1643255998243114,0.16288384512683574,0.5894334504689335,0.1834078291302661,42,8,11,5,0.335
uncalibrated,0.16999999999999998,0.73625,0.4737409698395573,0.7121212121212122,0.5762499999999999,0.38461538461538464,0.3125,0.3448275862068966,0.1643255998243114,0.16288384512683574,0.5894334504689335,0.1834078291302661,42,8,11,5,0.33
uncalibrated,0.175,0.73625,0.4737409698395573,0.7121212121212122,0.5762499999999999,0.38461538461538464,0.3125,0.3448275862068966,0.1643255998243114,0.16288384512683574,0.5894334504689335,0.1834078291302661,42,8,11,5,0.325
uncalibrated,0.17850361282097338,0.73625,0.4737409698395573,0.7121212121212122,0.5762499999999999,0.38461538461538464,0.3125,0.3448275862068966,0.1643255998243114,0.16288384512683574,0.5894334504689335,0.1834078291302661,42,8,11,5,0.3214963871790266
uncalibrated,0.18,0.73625,0.4737409698395573,0.7272727272727273,0.5862499999999999,0.4166666666666667,0.3125,0.35714285714285715,0.19166666666666668,0.18852459016393452,0.5894334504689335,0.1834078291302661,43,7,11,5,0.32
uncalibrated,0.18111819012828856,0.73625,0.4737409698395573,0.7272727272727273,0.5862499999999999,0.4166666666666667,0.3125,0.35714285714285715,0.19166666666666668,0.18852459016393452,0.5894334504689335,0.1834078291302661,43,7,11,5,0.31888180987171144
uncalibrated,0.185,0.73625,0.4737409698395573,0.7121212121212122,0.5549999999999999,0.36363636363636365,0.25,0.2962962962962963,0.12649110640673517,0.12307692307692308,0.5894334504689335,0.1834078291302661,43,7,12,4,0.315
uncalibrated,0.19,0.73625,0.4737409698395573,0.7121212121212122,0.5549999999999999,0.36363636363636365,0.25,0.2962962962962963,0.12649110640673517,0.12307692307692308,0.5894334504689335,0.1834078291302661,43,7,12,4,0.31
uncalibrated,0.195,0.73625,0.4737409698395573,0.7121212121212122,0.5549999999999999,0.36363636363636365,0.25,0.2962962962962963,0.12649110640673517,0.12307692307692308,0.5894334504689335,0.1834078291302661,43,7,12,4,0.305
uncalibrated,0.19999999999999998,0.73625,0.4737409698395573,0.7121212121212122,0.5549999999999999,0.36363636363636365,0.25,0.2962962962962963,0.12649110640673517,0.12307692307692308,0.5894334504689335,0.1834078291302661,43,7,12,4,0.30000000000000004
uncalibrated,0.205,0.73625,0.4737409698395573,0.7121212121212122,0.5549999999999999,0.36363636363636365,0.25,0.2962962962962963,0.12649110640673517,0.12307692307692308,0.5894334504689335,0.1834078291302661,43,7,12,4,0.29500000000000004
uncalibrated,0.20550824765821638,0.73625,0.4737409698395573,0.7121212121212122,0.5549999999999999,0.36363636363636365,0.25,0.2962962962962963,0.12649110640673517,0.12307692307692308,0.5894334504689335,0.1834078291302661,43,7,12,4,0.2944917523417836
uncalibrated,0.20594326913423927,0.73625,0.4737409698395573,0.7272727272727273,0.565,0.4,0.25,0.3076923076923077,0.15537971921347116,0.14899713467048714,0.5894334504689335,0.1834078291302661,44,6,12,4,0.29405673086576073
uncalibrated,0.21,0.73625,0.4737409698395573,0.7424242424242424,0.575,0.4444444444444444,0.25,0.32,0.1873171623163388,0.17621145374449343,0.5894334504689335,0.1834078291302661,45,5,12,4,0.29000000000000004
uncalibrated,0.215,0.73625,0.4737409698395573,0.7424242424242424,0.575,0.4444444444444444,0.25,0.32,0.1873171623163388,0.17621145374449343,0.5894334504689335,0.1834078291302661,45,5,12,4,0.28500000000000003
uncalibrated,0.22,0.73625,0.4737409698395573,0.7424242424242424,0.575,0.4444444444444444,0.25,0.32,0.1873171623163388,0.17621145374449343,0.5894334504689335,0.1834078291302661,45,5,12,4,0.28
uncalibrated,0.225,0.73625,0.4737409698395573,0.7424242424242424,0.575,0.4444444444444444,0.25,0.32,0.1873171623163388,0.17621145374449343,0.5894334504689335,0.1834078291302661,45,5,12,4,0.275
uncalibrated,0.22999999999999998,0.73625,0.4737409698395573,0.7424242424242424,0.575,0.4444444444444444,0.25,0.32,0.1873171623163388,0.17621145374449343,0.5894334504689335,0.1834078291302661,45,5,12,4,0.27
uncalibrated,0.235,0.73625,0.4737409698395573,0.7424242424242424,0.575,0.4444444444444444,0.25,0.32,0.1873171623163388,0.17621145374449343,0.5894334504689335,0.1834078291302661,45,5,12,4,0.265
uncalibrated,0.24,0.73625,0.4737409698395573,0.7424242424242424,0.575,0.4444444444444444,0.25,0.32,0.1873171623163388,0.17621145374449343,0.5894334504689335,0.1834078291302661,45,5,12,4,0.26
uncalibrated,0.245,0.73625,0.4737409698395573,0.7424242424242424,0.575,0.4444444444444444,0.25,0.32,0.1873171623163388,0.17621145374449343,0.5894334504689335,0.1834078291302661,45,5,12,4,0.255
uncalibrated,0.25,0.73625,0.4737409698395573,0.7424242424242424,0.575,0.4444444444444444,0.25,0.32,0.1873171623163388,0.17621145374449343,0.5894334504689335,0.1834078291302661,45,5,12,4,0.25
uncalibrated,0.255,0.73625,0.4737409698395573,0.7424242424242424,0.575,0.4444444444444444,0.25,0.32,0.1873171623163388,0.17621145374449343,0.5894334504689335,0.1834078291302661,45,5,12,4,0.245
uncalibrated,0.26,0.73625,0.4737409698395573,0.7424242424242424,0.575,0.4444444444444444,0.25,0.32,0.1873171623163388,0.17621145374449343,0.5894334504689335,0.1834078291302661,45,5,12,4,0.24
uncalibrated,0.265,0.73625,0.4737409698395573,0.7424242424242424,0.575,0.4444444444444444,0.25,0.32,0.1873171623163388,0.17621145374449343,0.5894334504689335,0.1834078291302661,45,5,12,4,0.235
uncalibrated,0.27,0.73625,0.4737409698395573,0.7424242424242424,0.575,0.4444444444444444,0.25,0.32,0.1873171623163388,0.17621145374449343,0.5894334504689335,0.1834078291302661,45,5,12,4,0.22999999999999998
uncalibrated,0.275,0.73625,0.4737409698395573,0.7424242424242424,0.575,0.4444444444444444,0.25,0.32,0.1873171623163388,0.17621145374449343,0.5894334504689335,0.1834078291302661,45,5,12,4,0.22499999999999998
uncalibrated,0.2786624405706246,0.73625,0.4737409698395573,0.7424242424242424,0.575,0.4444444444444444,0.25,0.32,0.1873171623163388,0.17621145374449343,0.5894334504689335,0.1834078291302661,45,5,12,4,0.22133755942937539
uncalibrated,0.28,0.73625,0.4737409698395573,0.7575757575757576,0.585,0.5,0.25,0.3333333333333333,0.22322093586152833,0.20481927710843373,0.5894334504689335,0.1834078291302661,46,4,12,4,0.21999999999999997
uncalibrated,0.28500000000000003,0.73625,0.4737409698395573,0.7575757575757576,0.585,0.5,0.25,0.3333333333333333,0.22322093586152833,0.20481927710843373,0.5894334504689335,0.1834078291302661,46,4,12,4,0.21499999999999997
uncalibrated,0.29000000000000004,0.73625,0.4737409698395573,0.7575757575757576,0.585,0.5,0.25,0.3333333333333333,0.22322093586152833,0.20481927710843373,0.5894334504689335,0.1834078291302661,46,4,12,4,0.20999999999999996
uncalibrated,0.29500000000000004,0.73625,0.4737409698395573,0.7575757575757576,0.585,0.5,0.25,0.3333333333333333,0.22322093586152833,0.20481927710843373,0.5894334504689335,0.1834078291302661,46,4,12,4,0.20499999999999996
uncalibrated,0.30000000000000004,0.73625,0.4737409698395573,0.7575757575757576,0.585,0.5,0.25,0.3333333333333333,0.22322093586152833,0.20481927710843373,0.5894334504689335,0.1834078291302661,46,4,12,4,0.19999999999999996
uncalibrated,0.30500000000000005,0.73625,0.4737409698395573,0.7575757575757576,0.585,0.5,0.25,0.3333333333333333,0.22322093586152833,0.20481927710843373,0.5894334504689335,0.1834078291302661,46,4,12,4,0.19499999999999995
uncalibrated,0.31,0.73625,0.4737409698395573,0.7575757575757576,0.585,0.5,0.25,0.3333333333333333,0.22322093586152833,0.20481927710843373,0.5894334504689335,0.1834078291302661,46,4,12,4,0.19
uncalibrated,0.315,0.73625,0.4737409698395573,0.7575757575757576,0.585,0.5,0.25,0.3333333333333333,0.22322093586152833,0.20481927710843373,0.5894334504689335,0.1834078291302661,46,4,12,4,0.185
uncalibrated,0.32,0.73625,0.4737409698395573,0.7575757575757576,0.585,0.5,0.25,0.3333333333333333,0.22322093586152833,0.20481927710843373,0.5894334504689335,0.1834078291302661,46,4,12,4,0.18
uncalibrated,0.3249726118712504,0.73625,0.4737409698395573,0.7575757575757576,0.585,0.5,0.25,0.3333333333333333,0.22322093586152833,0.20481927710843373,0.5894334504689335,0.1834078291302661,46,4,12,4,0.17502738812874957
uncalibrated,0.325,0.73625,0.4737409698395573,0.7727272727272727,0.595,0.5714285714285714,0.25,0.34782608695652173,0.26443782024290396,0.2349304482225657,0.5894334504689335,0.1834078291302661,47,3,12,4,0.175
uncalibrated,0.33,0.73625,0.4737409698395573,0.7727272727272727,0.595,0.5714285714285714,0.25,0.34782608695652173,0.26443782024290396,0.2349304482225657,0.5894334504689335,0.1834078291302661,47,3,12,4,0.16999999999999998
uncalibrated,0.335,0.73625,0.4737409698395573,0.7727272727272727,0.595,0.5714285714285714,0.25,0.34782608695652173,0.26443782024290396,0.2349304482225657,0.5894334504689335,0.1834078291302661,47,3,12,4,0.16499999999999998
uncalibrated,0.34,0.73625,0.4737409698395573,0.7727272727272727,0.595,0.5714285714285714,0.25,0.34782608695652173,0.26443782024290396,0.2349304482225657,0.5894334504689335,0.1834078291302661,47,3,12,4,0.15999999999999998
uncalibrated,0.34500000000000003,0.73625,0.4737409698395573,0.7727272727272727,0.595,0.5714285714285714,0.25,0.34782608695652173,0.26443782024290396,0.2349304482225657,0.5894334504689335,0.1834078291302661,47,3,12,4,0.15499999999999997
uncalibrated,0.35000000000000003,0.73625,0.4737409698395573,0.7727272727272727,0.595,0.5714285714285714,0.25,0.34782608695652173,0.26443782024290396,0.2349304482225657,0.5894334504689335,0.1834078291302661,47,3,12,4,0.14999999999999997
uncalibrated,0.35500000000000004,0.73625,0.4737409698395573,0.7727272727272727,0.595,0.5714285714285714,0.25,0.34782608695652173,0.26443782024290396,0.2349304482225657,0.5894334504689335,0.1834078291302661,47,3,12,4,0.14499999999999996
uncalibrated,0.36000000000000004,0.73625,0.4737409698395573,0.7727272727272727,0.595,0.5714285714285714,0.25,0.34782608695652173,0.26443782024290396,0.2349304482225657,0.5894334504689335,0.1834078291302661,47,3,12,4,0.13999999999999996
uncalibrated,0.36500000000000005,0.73625,0.4737409698395573,0.7727272727272727,0.595,0.5714285714285714,0.25,0.34782608695652173,0.26443782024290396,0.2349304482225657,0.5894334504689335,0.1834078291302661,47,3,12,4,0.13499999999999995
uncalibrated,0.37000000000000005,0.73625,0.4737409698395573,0.7727272727272727,0.595,0.5714285714285714,0.25,0.34782608695652173,0.26443782024290396,0.2349304482225657,0.5894334504689335,0.1834078291302661,47,3,12,4,0.12999999999999995
uncalibrated,0.375,0.73625,0.4737409698395573,0.7727272727272727,0.595,0.5714285714285714,0.25,0.34782608695652173,0.26443782024290396,0.2349304482225657,0.5894334504689335,0.1834078291302661,47,3,12,4,0.125
uncalibrated,0.38,0.73625,0.4737409698395573,0.7727272727272727,0.595,0.5714285714285714,0.25,0.34782608695652173,0.26443782024290396,0.2349304482225657,0.5894334504689335,0.1834078291302661,47,3,12,4,0.12
uncalibrated,0.385,0.73625,0.4737409698395573,0.7727272727272727,0.595,0.5714285714285714,0.25,0.34782608695652173,0.26443782024290396,0.2349304482225657,0.5894334504689335,0.1834078291302661,47,3,12,4,0.11499999999999999
uncalibrated,0.39,0.73625,0.4737409698395573,0.7727272727272727,0.595,0.5714285714285714,0.25,0.34782608695652173,0.26443782024290396,0.2349304482225657,0.5894334504689335,0.1834078291302661,47,3,12,4,0.10999999999999999
uncalibrated,0.395,0.73625,0.4737409698395573,0.7727272727272727,0.595,0.5714285714285714,0.25,0.34782608695652173,0.26443782024290396,0.2349304482225657,0.5894334504689335,0.1834078291302661,47,3,12,4,0.10499999999999998
uncalibrated,0.4,0.73625,0.4737409698395573,0.7727272727272727,0.595,0.5714285714285714,0.25,0.34782608695652173,0.26443782024290396,0.2349304482225657,0.5894334504689335,0.1834078291302661,47,3,12,4,0.09999999999999998
uncalibrated,0.405,0.73625,0.4737409698395573,0.7727272727272727,0.595,0.5714285714285714,0.25,0.34782608695652173,0.26443782024290396,0.2349304482225657,0.5894334504689335,0.1834078291302661,47,3,12,4,0.09499999999999997
uncalibrated,0.41000000000000003,0.73625,0.4737409698395573,0.7727272727272727,0.595,0.5714285714285714,0.25,0.34782608695652173,0.26443782024290396,0.2349304482225657,0.5894334504689335,0.1834078291302661,47,3,12,4,0.08999999999999997
uncalibrated,0.41500000000000004,0.73625,0.4737409698395573,0.7727272727272727,0.595,0.5714285714285714,0.25,0.34782608695652173,0.26443782024290396,0.2349304482225657,0.5894334504689335,0.1834078291302661,47,3,12,4,0.08499999999999996
uncalibrated,0.42000000000000004,0.73625,0.4737409698395573,0.7727272727272727,0.595,0.5714285714285714,0.25,0.34782608695652173,0.26443782024290396,0.2349304482225657,0.5894334504689335,0.1834078291302661,47,3,12,4,0.07999999999999996
uncalibrated,0.42500000000000004,0.73625,0.4737409698395573,0.7727272727272727,0.595,0.5714285714285714,0.25,0.34782608695652173,0.26443782024290396,0.2349304482225657,0.5894334504689335,0.1834078291302661,47,3,12,4,0.07499999999999996
uncalibrated,0.43000000000000005,0.73625,0.4737409698395573,0.7727272727272727,0.595,0.5714285714285714,0.25,0.34782608695652173,0.26443782024290396,0.2349304482225657,0.5894334504689335,0.1834078291302661,47,3,12,4,0.06999999999999995
uncalibrated,0.43500000000000005,0.73625,0.4737409698395573,0.7727272727272727,0.595,0.5714285714285714,0.25,0.34782608695652173,0.26443782024290396,0.2349304482225657,0.5894334504689335,0.1834078291302661,47,3,12,4,0.06499999999999995
uncalibrated,0.44,0.73625,0.4737409698395573,0.7727272727272727,0.595,0.5714285714285714,0.25,0.34782608695652173,0.26443782024290396,0.2349304482225657,0.5894334504689335,0.1834078291302661,47,3,12,4,0.06
uncalibrated,0.445,0.73625,0.4737409698395573,0.7727272727272727,0.595,0.5714285714285714,0.25,0.34782608695652173,0.26443782024290396,0.2349304482225657,0.5894334504689335,0.1834078291302661,47,3,12,4,0.05499999999999999
uncalibrated,0.45,0.73625,0.4737409698395573,0.7727272727272727,0.595,0.5714285714285714,0.25,0.34782608695652173,0.26443782024290396,0.2349304482225657,0.5894334504689335,0.1834078291302661,47,3,12,4,0.04999999999999999
uncalibrated,0.455,0.73625,0.4737409698395573,0.7727272727272727,0.595,0.5714285714285714,0.25,0.34782608695652173,0.26443782024290396,0.2349304482225657,0.5894334504689335,0.1834078291302661,47,3,12,4,0.044999999999999984
uncalibrated,0.46,0.73625,0.4737409698395573,0.7727272727272727,0.595,0.5714285714285714,0.25,0.34782608695652173,0.26443782024290396,0.2349304482225657,0.5894334504689335,0.1834078291302661,47,3,12,4,0.03999999999999998
uncalibrated,0.4618622026838926,0.73625,0.4737409698395573,0.7727272727272727,0.595,0.5714285714285714,0.25,0.34782608695652173,0.26443782024290396,0.2349304482225657,0.5894334504689335,0.1834078291302661,47,3,12,4,0.03813779731610739
uncalibrated,0.46373703464488925,0.73625,0.4737409698395573,0.7575757575757576,0.56375,0.5,0.1875,0.2727272727272727,0.19006577808748212,0.16190476190476188,0.5894334504689335,0.1834078291302661,47,3,13,3,0.036262965355110754
uncalibrated,0.46493250963579347,0.73625,0.4737409698395573,0.7424242424242424,0.5325,0.4,0.125,0.19047619047619047,0.10527092292325908,0.08482871125611735,0.5894334504689335,0.1834078291302661,47,3,14,2,0.03506749036420653
uncalibrated,0.465,0.73625,0.4737409698395573,0.7575757575757576,0.5425,0.5,0.125,0.2,0.15266450672275866,0.11409395973154368,0.5894334504689335,0.1834078291302661,48,2,14,2,0.034999999999999976
uncalibrated,0.47000000000000003,0.73625,0.4737409698395573,0.7575757575757576,0.5425,0.5,0.125,0.2,0.15266450672275866,0.11409395973154368,0.5894334504689335,0.1834078291302661,48,2,14,2,0.02999999999999997
uncalibrated,0.47500000000000003,0.73625,0.4737409698395573,0.7575757575757576,0.5425,0.5,0.125,0.2,0.15266450672275866,0.11409395973154368,0.5894334504689335,0.1834078291302661,48,2,14,2,0.024999999999999967
uncalibrated,0.48000000000000004,0.73625,0.4737409698395573,0.7575757575757576,0.5425,0.5,0.125,0.2,0.15266450672275866,0.11409395973154368,0.5894334504689335,0.1834078291302661,48,2,14,2,0.019999999999999962
uncalibrated,0.4818385921217211,0.73625,0.4737409698395573,0.7575757575757576,0.5425,0.5,0.125,0.2,0.15266450672275866,0.11409395973154368,0.5894334504689335,0.1834078291302661,48,2,14,2,0.018161407878278912
uncalibrated,0.48500000000000004,0.73625,0.4737409698395573,0.7727272727272727,0.5525,0.6666666666666666,0.125,0.21052631578947367,0.21602468994692867,0.14507772020725396,0.5894334504689335,0.1834078291302661,49,1,14,2,0.014999999999999958
uncalibrated,0.49000000000000005,0.73625,0.4737409698395573,0.7727272727272727,0.5525,0.6666666666666666,0.125,0.21052631578947367,0.21602468994692867,0.14507772020725396,0.5894334504689335,0.1834078291302661,49,1,14,2,0.009999999999999953
uncalibrated,0.49500000000000005,0.73625,0.4737409698395573,0.7727272727272727,0.5525,0.6666666666666666,0.125,0.21052631578947367,0.21602468994692867,0.14507772020725396,0.5894334504689335,0.1834078291302661,49,1,14,2,0.004999999999999949
uncalibrated,0.49850068899380723,0.73625,0.4737409698395573,0.7727272727272727,0.5525,0.6666666666666666,0.125,0.21052631578947367,0.21602468994692867,0.14507772020725396,0.5894334504689335,0.1834078291302661,49,1,14,2,0.0014993110061927717
uncalibrated,0.5,0.73625,0.4737409698395573,0.7575757575757576,0.52125,0.5,0.0625,0.1111111111111111,0.10625,0.06049822064056942,0.5894334504689335,0.1834078291302661,49,1,15,1,0.0
uncalibrated,0.505,0.73625,0.4737409698395573,0.7575757575757576,0.52125,0.5,0.0625,0.1111111111111111,0.10625,0.06049822064056942,0.5894334504689335,0.1834078291302661,49,1,15,1,0.0050000000000000044
uncalibrated,0.51,0.73625,0.4737409698395573,0.7575757575757576,0.52125,0.5,0.0625,0.1111111111111111,0.10625,0.06049822064056942,0.5894334504689335,0.1834078291302661,49,1,15,1,0.010000000000000009
uncalibrated,0.515,0.73625,0.4737409698395573,0.7575757575757576,0.52125,0.5,0.0625,0.1111111111111111,0.10625,0.06049822064056942,0.5894334504689335,0.1834078291302661,49,1,15,1,0.015000000000000013
uncalibrated,0.5193690340863782,0.73625,0.4737409698395573,0.7575757575757576,0.52125,0.5,0.0625,0.1111111111111111,0.10625,0.06049822064056942,0.5894334504689335,0.1834078291302661,49,1,15,1,0.019369034086378245
uncalibrated,0.52,0.73625,0.4737409698395573,0.7727272727272727,0.53125,1.0,0.0625,0.11764705882352941,0.2192645048267573,0.09174311926605505,0.5894334504689335,0.1834078291302661,50,0,15,1,0.020000000000000018
uncalibrated,0.525,0.73625,0.4737409698395573,0.7727272727272727,0.53125,1.0,0.0625,0.11764705882352941,0.2192645048267573,0.09174311926605505,0.5894334504689335,0.1834078291302661,50,0,15,1,0.025000000000000022
uncalibrated,0.53,0.73625,0.4737409698395573,0.7727272727272727,0.53125,1.0,0.0625,0.11764705882352941,0.2192645048267573,0.09174311926605505,0.5894334504689335,0.1834078291302661,50,0,15,1,0.030000000000000027
uncalibrated,0.535,0.73625,0.4737409698395573,0.7727272727272727,0.53125,1.0,0.0625,0.11764705882352941,0.2192645048267573,0.09174311926605505,0.5894334504689335,0.1834078291302661,50,0,15,1,0.03500000000000003
uncalibrated,0.54,0.73625,0.4737409698395573,0.7727272727272727,0.53125,1.0,0.0625,0.11764705882352941,0.2192645048267573,0.09174311926605505,0.5894334504689335,0.1834078291302661,50,0,15,1,0.040000000000000036
uncalibrated,0.545,0.73625,0.4737409698395573,0.7727272727272727,0.53125,1.0,0.0625,0.11764705882352941,0.2192645048267573,0.09174311926605505,0.5894334504689335,0.1834078291302661,50,0,15,1,0.04500000000000004
uncalibrated,0.55,0.73625,0.4737409698395573,0.7727272727272727,0.53125,1.0,0.0625,0.11764705882352941,0.2192645048267573,0.09174311926605505,0.5894334504689335,0.1834078291302661,50,0,15,1,0.050000000000000044
uncalibrated,0.555,0.73625,0.4737409698395573,0.7727272727272727,0.53125,1.0,0.0625,0.11764705882352941,0.2192645048267573,0.09174311926605505,0.5894334504689335,0.1834078291302661,50,0,15,1,0.05500000000000005
uncalibrated,0.56,0.73625,0.4737409698395573,0.7727272727272727,0.53125,1.0,0.0625,0.11764705882352941,0.2192645048267573,0.09174311926605505,0.5894334504689335,0.1834078291302661,50,0,15,1,0.06000000000000005
uncalibrated,0.5650000000000001,0.73625,0.4737409698395573,0.7727272727272727,0.53125,1.0,0.0625,0.11764705882352941,0.2192645048267573,0.09174311926605505,0.5894334504689335,0.1834078291302661,50,0,15,1,0.06500000000000006
uncalibrated,0.5700000000000001,0.73625,0.4737409698395573,0.7727272727272727,0.53125,1.0,0.0625,0.11764705882352941,0.2192645048267573,0.09174311926605505,0.5894334504689335,0.1834078291302661,50,0,15,1,0.07000000000000006
uncalibrated,0.5750000000000001,0.73625,0.4737409698395573,0.7727272727272727,0.53125,1.0,0.0625,0.11764705882352941,0.2192645048267573,0.09174311926605505,0.5894334504689335,0.1834078291302661,50,0,15,1,0.07500000000000007
uncalibrated,0.5800000000000001,0.73625,0.4737409698395573,0.7727272727272727,0.53125,1.0,0.0625,0.11764705882352941,0.2192645048267573,0.09174311926605505,0.5894334504689335,0.1834078291302661,50,0,15,1,0.08000000000000007
uncalibrated,0.5850000000000001,0.73625,0.4737409698395573,0.7727272727272727,0.53125,1.0,0.0625,0.11764705882352941,0.2192645048267573,0.09174311926605505,0.5894334504689335,0.1834078291302661,50,0,15,1,0.08500000000000008
uncalibrated,0.5900000000000001,0.73625,0.4737409698395573,0.7727272727272727,0.53125,1.0,0.0625,0.11764705882352941,0.2192645048267573,0.09174311926605505,0.5894334504689335,0.1834078291302661,50,0,15,1,0.09000000000000008
uncalibrated,0.5950000000000001,0.73625,0.4737409698395573,0.7727272727272727,0.53125,1.0,0.0625,0.11764705882352941,0.2192645048267573,0.09174311926605505,0.5894334504689335,0.1834078291302661,50,0,15,1,0.09500000000000008
uncalibrated,0.6,0.73625,0.4737409698395573,0.7727272727272727,0.53125,1.0,0.0625,0.11764705882352941,0.2192645048267573,0.09174311926605505,0.5894334504689335,0.1834078291302661,50,0,15,1,0.09999999999999998
uncalibrated,0.605,0.73625,0.4737409698395573,0.7727272727272727,0.53125,1.0,0.0625,0.11764705882352941,0.2192645048267573,0.09174311926605505,0.5894334504689335,0.1834078291302661,50,0,15,1,0.10499999999999998
uncalibrated,0.6086780406425492,0.73625,0.4737409698395573,0.7727272727272727,0.53125,1.0,0.0625,0.11764705882352941,0.2192645048267573,0.09174311926605505,0.5894334504689335,0.1834078291302661,50,0,15,1,0.10867804064254916
uncalibrated,0.61,0.73625,0.4737409698395573,0.7575757575757576,0.5,0.0,0.0,0.0,0.0,0.0,0.5894334504689335,0.1834078291302661,50,0,16,0,0.10999999999999999
uncalibrated,0.615,0.73625,0.4737409698395573,0.7575757575757576,0.5,0.0,0.0,0.0,0.0,0.0,0.5894334504689335,0.1834078291302661,50,0,16,0,0.11499999999999999
uncalibrated,0.62,0.73625,0.4737409698395573,0.7575757575757576,0.5,0.0,0.0,0.0,0.0,0.0,0.5894334504689335,0.1834078291302661,50,0,16,0,0.12
uncalibrated,0.625,0.73625,0.4737409698395573,0.7575757575757576,0.5,0.0,0.0,0.0,0.0,0.0,0.5894334504689335,0.1834078291302661,50,0,16,0,0.125
uncalibrated,0.63,0.73625,0.4737409698395573,0.7575757575757576,0.5,0.0,0.0,0.0,0.0,0.0,0.5894334504689335,0.1834078291302661,50,0,16,0,0.13
uncalibrated,0.635,0.73625,0.4737409698395573,0.7575757575757576,0.5,0.0,0.0,0.0,0.0,0.0,0.5894334504689335,0.1834078291302661,50,0,16,0,0.135
uncalibrated,0.64,0.73625,0.4737409698395573,0.7575757575757576,0.5,0.0,0.0,0.0,0.0,0.0,0.5894334504689335,0.1834078291302661,50,0,16,0,0.14
uncalibrated,0.645,0.73625,0.4737409698395573,0.7575757575757576,0.5,0.0,0.0,0.0,0.0,0.0,0.5894334504689335,0.1834078291302661,50,0,16,0,0.14500000000000002
uncalibrated,0.65,0.73625,0.4737409698395573,0.7575757575757576,0.5,0.0,0.0,0.0,0.0,0.0,0.5894334504689335,0.1834078291302661,50,0,16,0,0.15000000000000002
uncalibrated,0.655,0.73625,0.4737409698395573,0.7575757575757576,0.5,0.0,0.0,0.0,0.0,0.0,0.5894334504689335,0.1834078291302661,50,0,16,0,0.15500000000000003
uncalibrated,0.66,0.73625,0.4737409698395573,0.7575757575757576,0.5,0.0,0.0,0.0,0.0,0.0,0.5894334504689335,0.1834078291302661,50,0,16,0,0.16000000000000003
uncalibrated,0.665,0.73625,0.4737409698395573,0.7575757575757576,0.5,0.0,0.0,0.0,0.0,0.0,0.5894334504689335,0.1834078291302661,50,0,16,0,0.16500000000000004
uncalibrated,0.67,0.73625,0.4737409698395573,0.7575757575757576,0.5,0.0,0.0,0.0,0.0,0.0,0.5894334504689335,0.1834078291302661,50,0,16,0,0.17000000000000004
uncalibrated,0.675,0.73625,0.4737409698395573,0.7575757575757576,0.5,0.0,0.0,0.0,0.0,0.0,0.5894334504689335,0.1834078291302661,50,0,16,0,0.17500000000000004
uncalibrated,0.68,0.73625,0.4737409698395573,0.7575757575757576,0.5,0.0,0.0,0.0,0.0,0.0,0.5894334504689335,0.1834078291302661,50,0,16,0,0.18000000000000005
uncalibrated,0.685,0.73625,0.4737409698395573,0.7575757575757576,0.5,0.0,0.0,0.0,0.0,0.0,0.5894334504689335,0.1834078291302661,50,0,16,0,0.18500000000000005
uncalibrated,0.6900000000000001,0.73625,0.4737409698395573,0.7575757575757576,0.5,0.0,0.0,0.0,0.0,0.0,0.5894334504689335,0.1834078291302661,50,0,16,0,0.19000000000000006
uncalibrated,0.6950000000000001,0.73625,0.4737409698395573,0.7575757575757576,0.5,0.0,0.0,0.0,0.0,0.0,0.5894334504689335,0.1834078291302661,50,0,16,0,0.19500000000000006
uncalibrated,0.7000000000000001,0.73625,0.4737409698395573,0.7575757575757576,0.5,0.0,0.0,0.0,0.0,0.0,0.5894334504689335,0.1834078291302661,50,0,16,0,0.20000000000000007
uncalibrated,0.7050000000000001,0.73625,0.4737409698395573,0.7575757575757576,0.5,0.0,0.0,0.0,0.0,0.0,0.5894334504689335,0.1834078291302661,50,0,16,0,0.20500000000000007
uncalibrated,0.7100000000000001,0.73625,0.4737409698395573,0.7575757575757576,0.5,0.0,0.0,0.0,0.0,0.0,0.5894334504689335,0.1834078291302661,50,0,16,0,0.21000000000000008
uncalibrated,0.7150000000000001,0.73625,0.4737409698395573,0.7575757575757576,0.5,0.0,0.0,0.0,0.0,0.0,0.5894334504689335,0.1834078291302661,50,0,16,0,0.21500000000000008
uncalibrated,0.7200000000000001,0.73625,0.4737409698395573,0.7575757575757576,0.5,0.0,0.0,0.0,0.0,0.0,0.5894334504689335,0.1834078291302661,50,0,16,0,0.22000000000000008
uncalibrated,0.725,0.73625,0.4737409698395573,0.7575757575757576,0.5,0.0,0.0,0.0,0.0,0.0,0.5894334504689335,0.1834078291302661,50,0,16,0,0.22499999999999998
uncalibrated,0.73,0.73625,0.4737409698395573,0.7575757575757576,0.5,0.0,0.0,0.0,0.0,0.0,0.5894334504689335,0.1834078291302661,50,0,16,0,0.22999999999999998
uncalibrated,0.735,0.73625,0.4737409698395573,0.7575757575757576,0.5,0.0,0.0,0.0,0.0,0.0,0.5894334504689335,0.1834078291302661,50,0,16,0,0.235
uncalibrated,0.74,0.73625,0.4737409698395573,0.7575757575757576,0.5,0.0,0.0,0.0,0.0,0.0,0.5894334504689335,0.1834078291302661,50,0,16,0,0.24
uncalibrated,0.745,0.73625,0.4737409698395573,0.7575757575757576,0.5,0.0,0.0,0.0,0.0,0.0,0.5894334504689335,0.1834078291302661,50,0,16,0,0.245
uncalibrated,0.75,0.73625,0.4737409698395573,0.7575757575757576,0.5,0.0,0.0,0.0,0.0,0.0,0.5894334504689335,0.1834078291302661,50,0,16,0,0.25
uncalibrated,0.755,0.73625,0.4737409698395573,0.7575757575757576,0.5,0.0,0.0,0.0,0.0,0.0,0.5894334504689335,0.1834078291302661,50,0,16,0,0.255
uncalibrated,0.76,0.73625,0.4737409698395573,0.7575757575757576,0.5,0.0,0.0,0.0,0.0,0.0,0.5894334504689335,0.1834078291302661,50,0,16,0,0.26
uncalibrated,0.765,0.73625,0.4737409698395573,0.7575757575757576,0.5,0.0,0.0,0.0,0.0,0.0,0.5894334504689335,0.1834078291302661,50,0,16,0,0.265
uncalibrated,0.77,0.73625,0.4737409698395573,0.7575757575757576,0.5,0.0,0.0,0.0,0.0,0.0,0.5894334504689335,0.1834078291302661,50,0,16,0,0.27
uncalibrated,0.775,0.73625,0.4737409698395573,0.7575757575757576,0.5,0.0,0.0,0.0,0.0,0.0,0.5894334504689335,0.1834078291302661,50,0,16,0,0.275
uncalibrated,0.78,0.73625,0.4737409698395573,0.7575757575757576,0.5,0.0,0.0,0.0,0.0,0.0,0.5894334504689335,0.1834078291302661,50,0,16,0,0.28
uncalibrated,0.785,0.73625,0.4737409698395573,0.7575757575757576,0.5,0.0,0.0,0.0,0.0,0.0,0.5894334504689335,0.1834078291302661,50,0,16,0,0.28500000000000003
uncalibrated,0.79,0.73625,0.4737409698395573,0.7575757575757576,0.5,0.0,0.0,0.0,0.0,0.0,0.5894334504689335,0.1834078291302661,50,0,16,0,0.29000000000000004
uncalibrated,0.795,0.73625,0.4737409698395573,0.7575757575757576,0.5,0.0,0.0,0.0,0.0,0.0,0.5894334504689335,0.1834078291302661,50,0,16,0,0.29500000000000004
uncalibrated,0.8,0.73625,0.4737409698395573,0.7575757575757576,0.5,0.0,0.0,0.0,0.0,0.0,0.5894334504689335,0.1834078291302661,50,0,16,0,0.30000000000000004
uncalibrated,0.805,0.73625,0.4737409698395573,0.7575757575757576,0.5,0.0,0.0,0.0,0.0,0.0,0.5894334504689335,0.1834078291302661,50,0,16,0,0.30500000000000005
uncalibrated,0.81,0.73625,0.4737409698395573,0.7575757575757576,0.5,0.0,0.0,0.0,0.0,0.0,0.5894334504689335,0.1834078291302661,50,0,16,0,0.31000000000000005
uncalibrated,0.8150000000000001,0.73625,0.4737409698395573,0.7575757575757576,0.5,0.0,0.0,0.0,0.0,0.0,0.5894334504689335,0.1834078291302661,50,0,16,0,0.31500000000000006
uncalibrated,0.8200000000000001,0.73625,0.4737409698395573,0.7575757575757576,0.5,0.0,0.0,0.0,0.0,0.0,0.5894334504689335,0.1834078291302661,50,0,16,0,0.32000000000000006
uncalibrated,0.8250000000000001,0.73625,0.4737409698395573,0.7575757575757576,0.5,0.0,0.0,0.0,0.0,0.0,0.5894334504689335,0.1834078291302661,50,0,16,0,0.32500000000000007
uncalibrated,0.8300000000000001,0.73625,0.4737409698395573,0.7575757575757576,0.5,0.0,0.0,0.0,0.0,0.0,0.5894334504689335,0.1834078291302661,50,0,16,0,0.33000000000000007
uncalibrated,0.8350000000000001,0.73625,0.4737409698395573,0.7575757575757576,0.5,0.0,0.0,0.0,0.0,0.0,0.5894334504689335,0.1834078291302661,50,0,16,0,0.3350000000000001
uncalibrated,0.8400000000000001,0.73625,0.4737409698395573,0.7575757575757576,0.5,0.0,0.0,0.0,0.0,0.0,0.5894334504689335,0.1834078291302661,50,0,16,0,0.3400000000000001
uncalibrated,0.8450000000000001,0.73625,0.4737409698395573,0.7575757575757576,0.5,0.0,0.0,0.0,0.0,0.0,0.5894334504689335,0.1834078291302661,50,0,16,0,0.3450000000000001
uncalibrated,0.8500000000000001,0.73625,0.4737409698395573,0.7575757575757576,0.5,0.0,0.0,0.0,0.0,0.0,0.5894334504689335,0.1834078291302661,50,0,16,0,0.3500000000000001
uncalibrated,0.855,0.73625,0.4737409698395573,0.7575757575757576,0.5,0.0,0.0,0.0,0.0,0.0,0.5894334504689335,0.1834078291302661,50,0,16,0,0.355
uncalibrated,0.86,0.73625,0.4737409698395573,0.7575757575757576,0.5,0.0,0.0,0.0,0.0,0.0,0.5894334504689335,0.1834078291302661,50,0,16,0,0.36
uncalibrated,0.865,0.73625,0.4737409698395573,0.7575757575757576,0.5,0.0,0.0,0.0,0.0,0.0,0.5894334504689335,0.1834078291302661,50,0,16,0,0.365
uncalibrated,0.87,0.73625,0.4737409698395573,0.7575757575757576,0.5,0.0,0.0,0.0,0.0,0.0,0.5894334504689335,0.1834078291302661,50,0,16,0,0.37
uncalibrated,0.875,0.73625,0.4737409698395573,0.7575757575757576,0.5,0.0,0.0,0.0,0.0,0.0,0.5894334504689335,0.1834078291302661,50,0,16,0,0.375
uncalibrated,0.88,0.73625,0.4737409698395573,0.7575757575757576,0.5,0.0,0.0,0.0,0.0,0.0,0.5894334504689335,0.1834078291302661,50,0,16,0,0.38
uncalibrated,0.885,0.73625,0.4737409698395573,0.7575757575757576,0.5,0.0,0.0,0.0,0.0,0.0,0.5894334504689335,0.1834078291302661,50,0,16,0,0.385
uncalibrated,0.89,0.73625,0.4737409698395573,0.7575757575757576,0.5,0.0,0.0,0.0,0.0,0.0,0.5894334504689335,0.1834078291302661,50,0,16,0,0.39
uncalibrated,0.895,0.73625,0.4737409698395573,0.7575757575757576,0.5,0.0,0.0,0.0,0.0,0.0,0.5894334504689335,0.1834078291302661,50,0,16,0,0.395
uncalibrated,0.9,0.73625,0.4737409698395573,0.7575757575757576,0.5,0.0,0.0,0.0,0.0,0.0,0.5894334504689335,0.1834078291302661,50,0,16,0,0.4
uncalibrated,0.905,0.73625,0.4737409698395573,0.7575757575757576,0.5,0.0,0.0,0.0,0.0,0.0,0.5894334504689335,0.1834078291302661,50,0,16,0,0.405
uncalibrated,0.91,0.73625,0.4737409698395573,0.7575757575757576,0.5,0.0,0.0,0.0,0.0,0.0,0.5894334504689335,0.1834078291302661,50,0,16,0,0.41000000000000003
uncalibrated,0.915,0.73625,0.4737409698395573,0.7575757575757576,0.5,0.0,0.0,0.0,0.0,0.0,0.5894334504689335,0.1834078291302661,50,0,16,0,0.41500000000000004
uncalibrated,0.92,0.73625,0.4737409698395573,0.7575757575757576,0.5,0.0,0.0,0.0,0.0,0.0,0.5894334504689335,0.1834078291302661,50,0,16,0,0.42000000000000004
uncalibrated,0.925,0.73625,0.4737409698395573,0.7575757575757576,0.5,0.0,0.0,0.0,0.0,0.0,0.5894334504689335,0.1834078291302661,50,0,16,0,0.42500000000000004
uncalibrated,0.93,0.73625,0.4737409698395573,0.7575757575757576,0.5,0.0,0.0,0.0,0.0,0.0,0.5894334504689335,0.1834078291302661,50,0,16,0,0.43000000000000005
uncalibrated,0.935,0.73625,0.4737409698395573,0.7575757575757576,0.5,0.0,0.0,0.0,0.0,0.0,0.5894334504689335,0.1834078291302661,50,0,16,0,0.43500000000000005
uncalibrated,0.9400000000000001,0.73625,0.4737409698395573,0.7575757575757576,0.5,0.0,0.0,0.0,0.0,0.0,0.5894334504689335,0.1834078291302661,50,0,16,0,0.44000000000000006
uncalibrated,0.9450000000000001,0.73625,0.4737409698395573,0.7575757575757576,0.5,0.0,0.0,0.0,0.0,0.0,0.5894334504689335,0.1834078291302661,50,0,16,0,0.44500000000000006
uncalibrated,0.9500000000000001,0.73625,0.4737409698395573,0.7575757575757576,0.5,0.0,0.0,0.0,0.0,0.0,0.5894334504689335,0.1834078291302661,50,0,16,0,0.45000000000000007
uncalibrated,0.9550000000000001,0.73625,0.4737409698395573,0.7575757575757576,0.5,0.0,0.0,0.0,0.0,0.0,0.5894334504689335,0.1834078291302661,50,0,16,0,0.45500000000000007
uncalibrated,0.9600000000000001,0.73625,0.4737409698395573,0.7575757575757576,0.5,0.0,0.0,0.0,0.0,0.0,0.5894334504689335,0.1834078291302661,50,0,16,0,0.4600000000000001
uncalibrated,0.9650000000000001,0.73625,0.4737409698395573,0.7575757575757576,0.5,0.0,0.0,0.0,0.0,0.0,0.5894334504689335,0.1834078291302661,50,0,16,0,0.4650000000000001
uncalibrated,0.9700000000000001,0.73625,0.4737409698395573,0.7575757575757576,0.5,0.0,0.0,0.0,0.0,0.0,0.5894334504689335,0.1834078291302661,50,0,16,0,0.4700000000000001
uncalibrated,0.9750000000000001,0.73625,0.4737409698395573,0.7575757575757576,0.5,0.0,0.0,0.0,0.0,0.0,0.5894334504689335,0.1834078291302661,50,0,16,0,0.4750000000000001
uncalibrated,0.98,0.73625,0.4737409698395573,0.7575757575757576,0.5,0.0,0.0,0.0,0.0,0.0,0.5894334504689335,0.1834078291302661,50,0,16,0,0.48
sigmoid_temporal_cv,0.02,0.7725000000000001,0.497073839093027,0.24242424242424243,0.5,0.24242424242424243,1.0,0.3902439024390244,0.0,0.0,0.48708256183082693,0.16082585198760224,0,50,0,16,0.48
sigmoid_temporal_cv,0.025,0.7725000000000001,0.497073839093027,0.24242424242424243,0.5,0.24242424242424243,1.0,0.3902439024390244,0.0,0.0,0.48708256183082693,0.16082585198760224,0,50,0,16,0.475
sigmoid_temporal_cv,0.03,0.7725000000000001,0.497073839093027,0.24242424242424243,0.5,0.24242424242424243,1.0,0.3902439024390244,0.0,0.0,0.48708256183082693,0.16082585198760224,0,50,0,16,0.47
sigmoid_temporal_cv,0.035,0.7725000000000001,0.497073839093027,0.24242424242424243,0.5,0.24242424242424243,1.0,0.3902439024390244,0.0,0.0,0.48708256183082693,0.16082585198760224,0,50,0,16,0.46499999999999997
sigmoid_temporal_cv,0.04,0.7725000000000001,0.497073839093027,0.24242424242424243,0.5,0.24242424242424243,1.0,0.3902439024390244,0.0,0.0,0.48708256183082693,0.16082585198760224,0,50,0,16,0.46
sigmoid_temporal_cv,0.045,0.7725000000000001,0.497073839093027,0.24242424242424243,0.5,0.24242424242424243,1.0,0.3902439024390244,0.0,0.0,0.48708256183082693,0.16082585198760224,0,50,0,16,0.455
sigmoid_temporal_cv,0.05,0.7725000000000001,0.497073839093027,0.24242424242424243,0.5,0.24242424242424243,1.0,0.3902439024390244,0.0,0.0,0.48708256183082693,0.16082585198760224,0,50,0,16,0.45
sigmoid_temporal_cv,0.05500000000000001,0.7725000000000001,0.497073839093027,0.24242424242424243,0.5,0.24242424242424243,1.0,0.3902439024390244,0.0,0.0,0.48708256183082693,0.16082585198760224,0,50,0,16,0.445
sigmoid_temporal_cv,0.06,0.7725000000000001,0.497073839093027,0.24242424242424243,0.5,0.24242424242424243,1.0,0.3902439024390244,0.0,0.0,0.48708256183082693,0.16082585198760224,0,50,0,16,0.44
sigmoid_temporal_cv,0.065,0.7725000000000001,0.497073839093027,0.24242424242424243,0.5,0.24242424242424243,1.0,0.3902439024390244,0.0,0.0,0.48708256183082693,0.16082585198760224,0,50,0,16,0.435
sigmoid_temporal_cv,0.07,0.7725000000000001,0.497073839093027,0.24242424242424243,0.5,0.24242424242424243,1.0,0.3902439024390244,0.0,0.0,0.48708256183082693,0.16082585198760224,0,50,0,16,0.43
sigmoid_temporal_cv,0.075,0.7725000000000001,0.497073839093027,0.24242424242424243,0.5,0.24242424242424243,1.0,0.3902439024390244,0.0,0.0,0.48708256183082693,0.16082585198760224,0,50,0,16,0.425
sigmoid_temporal_cv,0.08,0.7725000000000001,0.497073839093027,0.24242424242424243,0.5,0.24242424242424243,1.0,0.3902439024390244,0.0,0.0,0.48708256183082693,0.16082585198760224,0,50,0,16,0.42
sigmoid_temporal_cv,0.085,0.7725000000000001,0.497073839093027,0.24242424242424243,0.5,0.24242424242424243,1.0,0.3902439024390244,0.0,0.0,0.48708256183082693,0.16082585198760224,0,50,0,16,0.415
sigmoid_temporal_cv,0.08700805000123829,0.7725000000000001,0.497073839093027,0.24242424242424243,0.5,0.24242424242424243,1.0,0.3902439024390244,0.0,0.0,0.48708256183082693,0.16082585198760224,0,50,0,16,0.4129919499987617
sigmoid_temporal_cv,0.08982090349993045,0.7725000000000001,0.497073839093027,0.25757575757575757,0.51,0.24615384615384617,1.0,0.3950617283950617,0.07016464154456234,0.009797917942437229,0.48708256183082693,0.16082585198760224,1,49,0,16,0.41017909650006956
sigmoid_temporal_cv,0.09000000000000001,0.7725000000000001,0.497073839093027,0.2727272727272727,0.52,0.25,1.0,0.4,0.1,0.01980198019801982,0.48708256183082693,0.16082585198760224,2,48,0,16,0.41
sigmoid_temporal_cv,0.09432100304842052,0.7725000000000001,0.497073839093027,0.2727272727272727,0.52,0.25,1.0,0.4,0.1,0.01980198019801982,0.48708256183082693,0.16082585198760224,2,48,0,16,0.4056789969515795
sigmoid_temporal_cv,0.095,0.7725000000000001,0.497073839093027,0.2878787878787879,0.53,0.25396825396825395,1.0,0.4050632911392405,0.12344267996967352,0.030018761726078758,0.48708256183082693,0.16082585198760224,3,47,0,16,0.405
sigmoid_temporal_cv,0.1,0.7725000000000001,0.497073839093027,0.2878787878787879,0.53,0.25396825396825395,1.0,0.4050632911392405,0.12344267996967352,0.030018761726078758,0.48708256183082693,0.16082585198760224,3,47,0,16,0.4
sigmoid_temporal_cv,0.10500000000000001,0.7725000000000001,0.497073839093027,0.2878787878787879,0.53,0.25396825396825395,1.0,0.4050632911392405,0.12344267996967352,0.030018761726078758,0.48708256183082693,0.16082585198760224,3,47,0,16,0.395
sigmoid_temporal_cv,0.10564383430457898,0.7725000000000001,0.497073839093027,0.2878787878787879,0.53,0.25396825396825395,1.0,0.4050632911392405,0.12344267996967352,0.030018761726078758,0.48708256183082693,0.16082585198760224,3,47,0,16,0.39435616569542103
sigmoid_temporal_cv,0.1079493501969882,0.7725000000000001,0.497073839093027,0.30303030303030304,0.54,0.25806451612903225,1.0,0.41025641025641024,0.14368424162141993,0.04045512010113772,0.48708256183082693,0.16082585198760224,4,46,0,16,0.3920506498030118
sigmoid_temporal_cv,0.10939724714091041,0.7725000000000001,0.497073839093027,0.3181818181818182,0.55,0.26229508196721313,1.0,0.4155844155844156,0.1619552660357832,0.051118210862619806,0.48708256183082693,0.16082585198760224,5,45,0,16,0.3906027528590896
sigmoid_temporal_cv,0.11,0.7725000000000001,0.497073839093027,0.3333333333333333,0.56,0.26666666666666666,1.0,0.42105263157894735,0.17888543819998318,0.06201550387596899,0.48708256183082693,0.16082585198760224,6,44,0,16,0.39
sigmoid_temporal_cv,0.115,0.7725000000000001,0.497073839093027,0.3333333333333333,0.56,0.26666666666666666,1.0,0.42105263157894735,0.17888543819998318,0.06201550387596899,0.48708256183082693,0.16082585198760224,6,44,0,16,0.385
sigmoid_temporal_cv,0.12000000000000001,0.7725000000000001,0.497073839093027,0.3333333333333333,0.56,0.26666666666666666,1.0,0.42105263157894735,0.17888543819998318,0.06201550387596899,0.48708256183082693,0.16082585198760224,6,44,0,16,0.38
sigmoid_temporal_cv,0.1227950005449594,0.7725000000000001,0.497073839093027,0.3333333333333333,0.56,0.26666666666666666,1.0,0.42105263157894735,0.17888543819998318,0.06201550387596899,0.48708256183082693,0.16082585198760224,6,44,0,16,0.3772049994550406
sigmoid_temporal_cv,0.125,0.7725000000000001,0.497073839093027,0.3484848484848485,0.5700000000000001,0.2711864406779661,1.0,0.4266666666666667,0.1948489201789819,0.07315480078380132,0.48708256183082693,0.16082585198760224,7,43,0,16,0.375
sigmoid_temporal_cv,0.12540281592095953,0.7725000000000001,0.497073839093027,0.3484848484848485,0.5700000000000001,0.2711864406779661,1.0,0.4266666666666667,0.1948489201789819,0.07315480078380132,0.48708256183082693,0.16082585198760224,7,43,0,16,0.37459718407904047
sigmoid_temporal_cv,0.12797356160551907,0.7725000000000001,0.497073839093027,0.36363636363636365,0.58,0.27586206896551724,1.0,0.43243243243243246,0.2100902925755561,0.08454425363276086,0.48708256183082693,0.16082585198760224,8,42,0,16,0.3720264383944809
sigmoid_temporal_cv,0.13,0.7725000000000001,0.497073839093027,0.3787878787878788,0.59,0.2807017543859649,1.0,0.4383561643835616,0.22478059477960657,0.09619238476953895,0.48708256183082693,0.16082585198760224,9,41,0,16,0.37
sigmoid_temporal_cv,0.13049044680759067,0.7725000000000001,0.497073839093027,0.3787878787878788,0.59,0.2807017543859649,1.0,0.4383561643835616,0.22478059477960657,0.09619238476953895,0.48708256183082693,0.16082585198760224,9,41,0,16,0.3695095531924093
sigmoid_temporal_cv,0.1342829026513704,0.7725000000000001,0.497073839093027,0.3939393939393939,0.6,0.2857142857142857,1.0,0.4444444444444444,0.23904572186687872,0.108108108108108,0.48708256183082693,0.16082585198760224,10,40,0,16,0.36571709734862956
sigmoid_temporal_cv,0.13433489356094,0.7725000000000001,0.497073839093027,0.4090909090909091,0.61,0.2909090909090909,1.0,0.4507042253521127,0.25298221281347033,0.12030075187969913,0.48708256183082693,0.16082585198760224,11,39,0,16,0.36566510643906003
sigmoid_temporal_cv,0.135,0.7725000000000001,0.497073839093027,0.42424242424242425,0.62,0.2962962962962963,1.0,0.45714285714285713,0.26666666666666666,0.13278008298755173,0.48708256183082693,0.16082585198760224,12,38,0,16,0.365
sigmoid_temporal_cv,0.13999999999999999,0.7725000000000001,0.497073839093027,0.42424242424242425,0.62,0.2962962962962963,1.0,0.45714285714285713,0.26666666666666666,0.13278008298755173,0.48708256183082693,0.16082585198760224,12,38,0,16,0.36
sigmoid_temporal_cv,0.14076499534020126,0.7725000000000001,0.497073839093027,0.42424242424242425,0.62,0.2962962962962963,1.0,0.45714285714285713,0.26666666666666666,0.13278008298755173,0.48708256183082693,0.16082585198760224,12,38,0,16,0.35923500465979874
sigmoid_temporal_cv,0.14437902692326407,0.7725000000000001,0.497073839093027,0.4393939393939394,0.63,0.3018867924528302,1.0,0.463768115942029,0.28016167838899,0.14555633310006988,0.48708256183082693,0.16082585198760224,13,37,0,16,0.3556209730767359
sigmoid_temporal_cv,0.145,0.7725000000000001,0.497073839093027,0.45454545454545453,0.64,0.3076923076923077,1.0,0.47058823529411764,0.2935197542821371,0.1586402266288951,0.48708256183082693,0.16082585198760224,14,36,0,16,0.355
sigmoid_temporal_cv,0.14891467229383304,0.7725000000000001,0.497073839093027,0.45454545454545453,0.64,0.3076923076923077,1.0,0.47058823529411764,0.2935197542821371,0.1586402266288951,0.48708256183082693,0.16082585198760224,14,36,0,16,0.35108532770616696
sigmoid_temporal_cv,0.15,0.7725000000000001,0.497073839093027,0.4696969696969697,0.65,0.3137254901960784,1.0,0.47761194029850745,0.3067859955389482,0.17204301075268802,0.48708256183082693,0.16082585198760224,15,35,0,16,0.35
sigmoid_temporal_cv,0.1504406655671224,0.7725000000000001,0.497073839093027,0.4696969696969697,0.65,0.3137254901960784,1.0,0.47761194029850745,0.3067859955389482,0.17204301075268802,0.48708256183082693,0.16082585198760224,15,35,0,16,0.34955933443287757
sigmoid_temporal_cv,0.15090798311508405,0.7725000000000001,0.497073839093027,0.48484848484848486,0.66,0.32,1.0,0.48484848484848486,0.32,0.18577648766328003,0.48708256183082693,0.16082585198760224,16,34,0,16,0.349092016884916
sigmoid_temporal_cv,0.155,0.7725000000000001,0.497073839093027,0.5,0.67,0.32653061224489793,1.0,0.49230769230769234,0.33319725113401716,0.19985304922850855,0.48708256183082693,0.16082585198760224,17,33,0,16,0.345
sigmoid_temporal_cv,0.15688324456674343,0.7725000000000001,0.497073839093027,0.5,0.67,0.32653061224489793,1.0,0.49230769230769234,0.33319725113401716,0.19985304922850855,0.48708256183082693,0.16082585198760224,17,33,0,16,0.3431167554332566
sigmoid_temporal_cv,0.15744175204889635,0.7725000000000001,0.497073839093027,0.5151515151515151,0.6799999999999999,0.3333333333333333,1.0,0.5,0.34641016151377546,0.2142857142857144,0.48708256183082693,0.16082585198760224,18,32,0,16,0.3425582479511037
sigmoid_temporal_cv,0.15746590417034012,0.7725000000000001,0.497073839093027,0.5303030303030303,0.69,0.3404255319148936,1.0,0.5079365079365079,0.35966887845302875,0.2290881688018087,0.48708256183082693,0.16082585198760224,19,31,0,16,0.3425340958296599
sigmoid_temporal_cv,0.16,0.7725000000000001,0.497073839093027,0.5454545454545454,0.7,0.34782608695652173,1.0,0.5161290322580645,0.3730019232961255,0.24427480916030542,0.48708256183082693,0.16082585198760224,20,30,0,16,0.33999999999999997
sigmoid_temporal_cv,0.16300450255267437,0.7725000000000001,0.497073839093027,0.5454545454545454,0.7,0.34782608695652173,1.0,0.5161290322580645,0.3730019232961255,0.24427480916030542,0.48708256183082693,0.16082585198760224,20,30,0,16,0.3369954974473256
sigmoid_temporal_cv,0.1641533617915741,0.7725000000000001,0.497073839093027,0.5606060606060606,0.71,0.35555555555555557,1.0,0.5245901639344263,0.38643671323171835,0.25986078886310915,0.48708256183082693,0.16082585198760224,21,29,0,16,0.33584663820842586
sigmoid_temporal_cv,0.16499999999999998,0.7725000000000001,0.497073839093027,0.5757575757575758,0.72,0.36363636363636365,1.0,0.5333333333333333,0.4,0.27586206896551735,0.48708256183082693,0.16082585198760224,22,28,0,16,0.335
sigmoid_temporal_cv,0.16762985756564763,0.7725000000000001,0.497073839093027,0.5757575757575758,0.72,0.36363636363636365,1.0,0.5333333333333333,0.4,0.27586206896551735,0.48708256183082693,0.16082585198760224,22,28,0,16,0.33237014243435237
sigmoid_temporal_cv,0.16999999999999998,0.7725000000000001,0.497073839093027,0.5909090909090909,0.73,0.37209302325581395,1.0,0.5423728813559322,0.41371825038022486,0.2922954725972995,0.48708256183082693,0.16082585198760224,23,27,0,16,0.33
sigmoid_temporal_cv,0.17108905622588236,0.7725000000000001,0.497073839093027,0.5909090909090909,0.73,0.37209302325581395,1.0,0.5423728813559322,0.41371825038022486,0.2922954725972995,0.48708256183082693,0.16082585198760224,23,27,0,16,0.32891094377411767
sigmoid_temporal_cv,0.17221438910887663,0.7725000000000001,0.497073839093027,0.6060606060606061,0.74,0.38095238095238093,1.0,0.5517241379310345,0.42761798705987897,0.3091787439613526,0.48708256183082693,0.16082585198760224,24,26,0,16,0.32778561089112335
sigmoid_temporal_cv,0.17407757661621667,0.7725000000000001,0.497073839093027,0.6212121212121212,0.75,0.3902439024390244,1.0,0.5614035087719298,0.44172610429938614,0.326530612244898,0.48708256183082693,0.16082585198760224,25,25,0,16,0.3259224233837833
sigmoid_temporal_cv,0.17482545773975103,0.7725000000000001,0.497073839093027,0.6363636363636364,0.76,0.4,1.0,0.5714285714285714,0.4560701700396552,0.3443708609271524,0.48708256183082693,0.16082585198760224,26,24,0,16,0.325174542260249
sigmoid_temporal_cv,0.175,0.7725000000000001,0.497073839093027,0.6212121212121212,0.72875,0.38461538461538464,0.9375,0.5454545454545454,0.39876947478097424,0.3073047858942066,0.48708256183082693,0.16082585198760224,26,24,1,15,0.325
sigmoid_temporal_cv,0.17676732042140908,0.7725000000000001,0.497073839093027,0.6212121212121212,0.72875,0.38461538461538464,0.9375,0.5454545454545454,0.39876947478097424,0.3073047858942066,0.48708256183082693,0.16082585198760224,26,24,1,15,0.3232326795785909
sigmoid_temporal_cv,0.18,0.7725000000000001,0.497073839093027,0.6363636363636364,0.73875,0.39473684210526316,0.9375,0.5555555555555556,0.4140450104477673,0.3253833049403748,0.48708256183082693,0.16082585198760224,27,23,1,15,0.32
sigmoid_temporal_cv,0.185,0.7725000000000001,0.497073839093027,0.6363636363636364,0.73875,0.39473684210526316,0.9375,0.5555555555555556,0.4140450104477673,0.3253833049403748,0.48708256183082693,0.16082585198760224,27,23,1,15,0.315
sigmoid_temporal_cv,0.18502638443506705,0.7725000000000001,0.497073839093027,0.6363636363636364,0.73875,0.39473684210526316,0.9375,0.5555555555555556,0.4140450104477673,0.3253833049403748,0.48708256183082693,0.16082585198760224,27,23,1,15,0.314973615564933
sigmoid_temporal_cv,0.19,0.7725000000000001,0.497073839093027,0.6515151515151515,0.74875,0.40540540540540543,0.9375,0.5660377358490566,0.42957422731746386,0.3439930855661193,0.48708256183082693,0.16082585198760224,28,22,1,15,0.31
sigmoid_temporal_cv,0.19102841178618857,0.7725000000000001,0.497073839093027,0.6515151515151515,0.74875,0.40540540540540543,0.9375,0.5660377358490566,0.42957422731746386,0.3439930855661193,0.48708256183082693,0.16082585198760224,28,22,1,15,0.30897158821381143
sigmoid_temporal_cv,0.19323546153578217,0.7725000000000001,0.497073839093027,0.6363636363636364,0.7175,0.3888888888888889,0.875,0.5384615384615384,0.37438839013338365,0.3052631578947369,0.48708256183082693,0.16082585198760224,28,22,2,14,0.3067645384642178
sigmoid_temporal_cv,0.19346821493036806,0.7725000000000001,0.497073839093027,0.6515151515151515,0.7275,0.4,0.875,0.5490196078431373,0.39069829957439356,0.3241317898486198,0.48708256183082693,0.16082585198760224,29,21,2,14,0.30653178506963197
sigmoid_temporal_cv,0.195,0.7725000000000001,0.497073839093027,0.6666666666666666,0.7375,0.4117647058823529,0.875,0.56,0.4073091397134585,0.3435804701627486,0.48708256183082693,0.16082585198760224,30,20,2,14,0.305
sigmoid_temporal_cv,0.19764067526586226,0.7725000000000001,0.497073839093027,0.6666666666666666,0.7375,0.4117647058823529,0.875,0.56,0.4073091397134585,0.3435804701627486,0.48708256183082693,0.16082585198760224,30,20,2,14,0.30235932473413774
sigmoid_temporal_cv,0.19999999999999998,0.7725000000000001,0.497073839093027,0.6515151515151515,0.70625,0.3939393939393939,0.8125,0.5306122448979592,0.35355339059327373,0.303030303030303,0.48708256183082693,0.16082585198760224,30,20,3,13,0.30000000000000004
sigmoid_temporal_cv,0.20372576356858638,0.7725000000000001,0.497073839093027,0.6515151515151515,0.70625,0.3939393939393939,0.8125,0.5306122448979592,0.35355339059327373,0.303030303030303,0.48708256183082693,0.16082585198760224,30,20,3,13,0.2962742364314136
sigmoid_temporal_cv,0.205,0.7725000000000001,0.497073839093027,0.6666666666666666,0.71625,0.40625,0.8125,0.5416666666666666,0.37086569037067535,0.3227611940298507,0.48708256183082693,0.16082585198760224,31,19,3,13,0.29500000000000004
sigmoid_temporal_cv,0.21,0.7725000000000001,0.497073839093027,0.6666666666666666,0.71625,0.40625,0.8125,0.5416666666666666,0.37086569037067535,0.3227611940298507,0.48708256183082693,0.16082585198760224,31,19,3,13,0.29000000000000004
sigmoid_temporal_cv,0.215,0.7725000000000001,0.497073839093027,0.6666666666666666,0.71625,0.40625,0.8125,0.5416666666666666,0.37086569037067535,0.3227611940298507,0.48708256183082693,0.16082585198760224,31,19,3,13,0.28500000000000003
sigmoid_temporal_cv,0.21992572087094145,0.7725000000000001,0.497073839093027,0.6666666666666666,0.71625,0.40625,0.8125,0.5416666666666666,0.37086569037067535,0.3227611940298507,0.48708256183082693,0.16082585198760224,31,19,3,13,0.2800742791290586
sigmoid_temporal_cv,0.22,0.7725000000000001,0.497073839093027,0.6515151515151515,0.685,0.3870967741935484,0.75,0.5106382978723404,0.31771070514840793,0.28056872037914693,0.48708256183082693,0.16082585198760224,31,19,4,12,0.28
sigmoid_temporal_cv,0.22421311713042272,0.7725000000000001,0.497073839093027,0.6515151515151515,0.685,0.3870967741935484,0.75,0.5106382978723404,0.31771070514840793,0.28056872037914693,0.48708256183082693,0.16082585198760224,31,19,4,12,0.2757868828695773
sigmoid_temporal_cv,0.225,0.7725000000000001,0.497073839093027,0.6666666666666666,0.6950000000000001,0.4,0.75,0.5217391304347826,0.33565855667130945,0.3005780346820809,0.48708256183082693,0.16082585198760224,32,18,4,12,0.275
sigmoid_temporal_cv,0.22723187780717835,0.7725000000000001,0.497073839093027,0.6666666666666666,0.6950000000000001,0.4,0.75,0.5217391304347826,0.33565855667130945,0.3005780346820809,0.48708256183082693,0.16082585198760224,32,18,4,12,0.27276812219282165
sigmoid_temporal_cv,0.22765637027205973,0.7725000000000001,0.497073839093027,0.6818181818181818,0.7050000000000001,0.41379310344827586,0.75,0.5333333333333333,0.35402097125660337,0.3212536728697355,0.48708256183082693,0.16082585198760224,33,17,4,12,0.27234362972794024
sigmoid_temporal_cv,0.22923672911434823,0.7725000000000001,0.497073839093027,0.696969696969697,0.7150000000000001,0.42857142857142855,0.75,0.5454545454545454,0.3728572868953716,0.34262948207171307,0.48708256183082693,0.16082585198760224,34,16,4,12,0.2707632708856518
sigmoid_temporal_cv,0.22999999999999998,0.7725000000000001,0.497073839093027,0.6818181818181818,0.6837500000000001,0.4074074074074074,0.6875,0.5116279069767442,0.3203230207257006,0.2978723404255319,0.48708256183082693,0.16082585198760224,34,16,5,11,0.27
sigmoid_temporal_cv,0.235,0.7725000000000001,0.497073839093027,0.6818181818181818,0.6837500000000001,0.4074074074074074,0.6875,0.5116279069767442,0.3203230207257006,0.2978723404255319,0.48708256183082693,0.16082585198760224,34,16,5,11,0.265
sigmoid_temporal_cv,0.23669633942722942,0.7725000000000001,0.497073839093027,0.6818181818181818,0.6837500000000001,0.4074074074074074,0.6875,0.5116279069767442,0.3203230207257006,0.2978723404255319,0.48708256183082693,0.16082585198760224,34,16,5,11,0.26330366057277055
sigmoid_temporal_cv,0.24,0.7725000000000001,0.497073839093027,0.696969696969697,0.69375,0.4230769230769231,0.6875,0.5238095238095238,0.3398599824814738,0.31958762886597936,0.48708256183082693,0.16082585198760224,35,15,5,11,0.26
sigmoid_temporal_cv,0.2406455811604273,0.7725000000000001,0.497073839093027,0.696969696969697,0.69375,0.4230769230769231,0.6875,0.5238095238095238,0.3398599824814738,0.31958762886597936,0.48708256183082693,0.16082585198760224,35,15,5,11,0.25935441883957266
sigmoid_temporal_cv,0.2430058638719054,0.7725000000000001,0.497073839093027,0.6818181818181818,0.6625,0.4,0.625,0.4878048780487805,0.28712196779460103,0.27282266526757604,0.48708256183082693,0.16082585198760224,35,15,6,10,0.25699413612809463
sigmoid_temporal_cv,0.245,0.7725000000000001,0.497073839093027,0.696969696969697,0.6725,0.4166666666666667,0.625,0.5,0.30735042819928804,0.29487179487179493,0.48708256183082693,0.16082585198760224,36,14,6,10,0.255
sigmoid_temporal_cv,0.25,0.7725000000000001,0.497073839093027,0.696969696969697,0.6725,0.4166666666666667,0.625,0.5,0.30735042819928804,0.29487179487179493,0.48708256183082693,0.16082585198760224,36,14,6,10,0.25
sigmoid_temporal_cv,0.255,0.7725000000000001,0.497073839093027,0.696969696969697,0.6725,0.4166666666666667,0.625,0.5,0.30735042819928804,0.29487179487179493,0.48708256183082693,0.16082585198760224,36,14,6,10,0.245
sigmoid_temporal_cv,0.26,0.7725000000000001,0.497073839093027,0.696969696969697,0.6725,0.4166666666666667,0.625,0.5,0.30735042819928804,0.29487179487179493,0.48708256183082693,0.16082585198760224,36,14,6,10,0.24
sigmoid_temporal_cv,0.265,0.7725000000000001,0.497073839093027,0.696969696969697,0.6725,0.4166666666666667,0.625,0.5,0.30735042819928804,0.29487179487179493,0.48708256183082693,0.16082585198760224,36,14,6,10,0.235
sigmoid_temporal_cv,0.27,0.7725000000000001,0.497073839093027,0.696969696969697,0.6725,0.4166666666666667,0.625,0.5,0.30735042819928804,0.29487179487179493,0.48708256183082693,0.16082585198760224,36,14,6,10,0.22999999999999998
sigmoid_temporal_cv,0.275,0.7725000000000001,0.497073839093027,0.696969696969697,0.6725,0.4166666666666667,0.625,0.5,0.30735042819928804,0.29487179487179493,0.48708256183082693,0.16082585198760224,36,14,6,10,0.22499999999999998
sigmoid_temporal_cv,0.27529331337907403,0.7725000000000001,0.497073839093027,0.696969696969697,0.6725,0.4166666666666667,0.625,0.5,0.30735042819928804,0.29487179487179493,0.48708256183082693,0.16082585198760224,36,14,6,10,0.22470668662092597
sigmoid_temporal_cv,0.2793114645675157,0.7725000000000001,0.497073839093027,0.7121212121212122,0.6825,0.43478260869565216,0.625,0.5128205128205128,0.3282764378017001,0.3177366702937977,0.48708256183082693,0.16082585198760224,37,13,6,10,0.2206885354324843
sigmoid_temporal_cv,0.28,0.7725000000000001,0.497073839093027,0.696969696969697,0.65125,0.4090909090909091,0.5625,0.47368421052631576,0.275,0.2682926829268293,0.48708256183082693,0.16082585198760224,37,13,7,9,0.21999999999999997
sigmoid_temporal_cv,0.28167273735565806,0.7725000000000001,0.497073839093027,0.696969696969697,0.65125,0.4090909090909091,0.5625,0.47368421052631576,0.275,0.2682926829268293,0.48708256183082693,0.16082585198760224,37,13,7,9,0.21832726264434194
sigmoid_temporal_cv,0.28500000000000003,0.7725000000000001,0.497073839093027,0.6818181818181818,0.62,0.38095238095238093,0.5,0.43243243243243246,0.22082097898955333,0.2169491525423728,0.48708256183082693,0.16082585198760224,37,13,8,8,0.21499999999999997
sigmoid_temporal_cv,0.29000000000000004,0.7725000000000001,0.497073839093027,0.6818181818181818,0.62,0.38095238095238093,0.5,0.43243243243243246,0.22082097898955333,0.2169491525423728,0.48708256183082693,0.16082585198760224,37,13,8,8,0.20999999999999996
sigmoid_temporal_cv,0.2932778374964243,0.7725000000000001,0.497073839093027,0.6818181818181818,0.62,0.38095238095238093,0.5,0.43243243243243246,0.22082097898955333,0.2169491525423728,0.48708256183082693,0.16082585198760224,37,13,8,8,0.20672216250357572
sigmoid_temporal_cv,0.29500000000000004,0.7725000000000001,0.497073839093027,0.696969696969697,0.63,0.4,0.5,0.4444444444444444,0.2424512501424816,0.23963133640553003,0.48708256183082693,0.16082585198760224,38,12,8,8,0.20499999999999996
sigmoid_temporal_cv,0.2970008025922211,0.7725000000000001,0.497073839093027,0.696969696969697,0.63,0.4,0.5,0.4444444444444444,0.2424512501424816,0.23963133640553003,0.48708256183082693,0.16082585198760224,38,12,8,8,0.2029991974077789
sigmoid_temporal_cv,0.2976095280830702,0.7725000000000001,0.497073839093027,0.7121212121212122,0.64,0.42105263157894735,0.5,0.45714285714285713,0.2650191735969686,0.2632197414806111,0.48708256183082693,0.16082585198760224,39,11,8,8,0.20239047191692983
sigmoid_temporal_cv,0.29848228312492625,0.7725000000000001,0.497073839093027,0.696969696969697,0.60875,0.3888888888888889,0.4375,0.4117647058823529,0.20928947258123934,0.2086330935251799,0.48708256183082693,0.16082585198760224,39,11,9,7,0.20151771687507375
sigmoid_temporal_cv,0.30000000000000004,0.7725000000000001,0.497073839093027,0.7121212121212122,0.61875,0.4117647058823529,0.4375,0.42424242424242425,0.232748079836262,0.2325581395348837,0.48708256183082693,0.16082585198760224,40,10,9,7,0.19999999999999996
sigmoid_temporal_cv,0.30115882636934144,0.7725000000000001,0.497073839093027,0.7121212121212122,0.61875,0.4117647058823529,0.4375,0.42424242424242425,0.232748079836262,0.2325581395348837,0.48708256183082693,0.16082585198760224,40,10,9,7,0.19884117363065856
sigmoid_temporal_cv,0.30500000000000005,0.7725000000000001,0.497073839093027,0.7272727272727273,0.6287499999999999,0.4375,0.4375,0.4375,0.2575,0.25749999999999995,0.48708256183082693,0.16082585198760224,41,9,9,7,0.19499999999999995
sigmoid_temporal_cv,0.30961351358132877,0.7725000000000001,0.497073839093027,0.7272727272727273,0.6287499999999999,0.4375,0.4375,0.4375,0.2575,0.25749999999999995,0.48708256183082693,0.16082585198760224,41,9,9,7,0.19038648641867123
sigmoid_temporal_cv,0.31,0.7725000000000001,0.497073839093027,0.7424242424242424,0.6387499999999999,0.4666666666666667,0.4375,0.45161290322580644,0.2837770458735271,0.28352490421455934,0.48708256183082693,0.16082585198760224,42,8,9,7,0.19
sigmoid_temporal_cv,0.315,0.7725000000000001,0.497073839093027,0.7424242424242424,0.6387499999999999,0.4666666666666667,0.4375,0.45161290322580644,0.2837770458735271,0.28352490421455934,0.48708256183082693,0.16082585198760224,42,8,9,7,0.185
sigmoid_temporal_cv,0.32,0.7725000000000001,0.497073839093027,0.7424242424242424,0.6387499999999999,0.4666666666666667,0.4375,0.45161290322580644,0.2837770458735271,0.28352490421455934,0.48708256183082693,0.16082585198760224,42,8,9,7,0.18
sigmoid_temporal_cv,0.325,0.7725000000000001,0.497073839093027,0.7424242424242424,0.6387499999999999,0.4666666666666667,0.4375,0.45161290322580644,0.2837770458735271,0.28352490421455934,0.48708256183082693,0.16082585198760224,42,8,9,7,0.175
sigmoid_temporal_cv,0.33,0.7725000000000001,0.497073839093027,0.7424242424242424,0.6387499999999999,0.4666666666666667,0.4375,0.45161290322580644,0.2837770458735271,0.28352490421455934,0.48708256183082693,0.16082585198760224,42,8,9,7,0.16999999999999998
sigmoid_temporal_cv,0.33294147921844686,0.7725000000000001,0.497073839093027,0.7424242424242424,0.6387499999999999,0.4666666666666667,0.4375,0.45161290322580644,0.2837770458735271,0.28352490421455934,0.48708256183082693,0.16082585198760224,42,8,9,7,0.16705852078155314
sigmoid_temporal_cv,0.3330920118540591,0.7725000000000001,0.497073839093027,0.7272727272727273,0.6074999999999999,0.42857142857142855,0.375,0.4,0.22538123989521244,0.2245430809399478,0.48708256183082693,0.16082585198760224,42,8,10,6,0.16690798814594088
sigmoid_temporal_cv,0.335,0.7725000000000001,0.497073839093027,0.7121212121212122,0.5762499999999999,0.38461538461538464,0.3125,0.3448275862068966,0.1643255998243114,0.16288384512683574,0.48708256183082693,0.16082585198760224,42,8,11,5,0.16499999999999998
sigmoid_temporal_cv,0.34,0.7725000000000001,0.497073839093027,0.7121212121212122,0.5762499999999999,0.38461538461538464,0.3125,0.3448275862068966,0.1643255998243114,0.16288384512683574,0.48708256183082693,0.16082585198760224,42,8,11,5,0.15999999999999998
sigmoid_temporal_cv,0.34408919289140494,0.7725000000000001,0.497073839093027,0.7121212121212122,0.5762499999999999,0.38461538461538464,0.3125,0.3448275862068966,0.1643255998243114,0.16288384512683574,0.48708256183082693,0.16082585198760224,42,8,11,5,0.15591080710859506
sigmoid_temporal_cv,0.34500000000000003,0.7725000000000001,0.497073839093027,0.696969696969697,0.5449999999999999,0.3333333333333333,0.25,0.2857142857142857,0.1,0.09836065573770503,0.48708256183082693,0.16082585198760224,42,8,12,4,0.15499999999999997
sigmoid_temporal_cv,0.35000000000000003,0.7725000000000001,0.497073839093027,0.696969696969697,0.5449999999999999,0.3333333333333333,0.25,0.2857142857142857,0.1,0.09836065573770503,0.48708256183082693,0.16082585198760224,42,8,12,4,0.14999999999999997
sigmoid_temporal_cv,0.35500000000000004,0.7725000000000001,0.497073839093027,0.696969696969697,0.5449999999999999,0.3333333333333333,0.25,0.2857142857142857,0.1,0.09836065573770503,0.48708256183082693,0.16082585198760224,42,8,12,4,0.14499999999999996
sigmoid_temporal_cv,0.36000000000000004,0.7725000000000001,0.497073839093027,0.696969696969697,0.5449999999999999,0.3333333333333333,0.25,0.2857142857142857,0.1,0.09836065573770503,0.48708256183082693,0.16082585198760224,42,8,12,4,0.13999999999999996
sigmoid_temporal_cv,0.36500000000000005,0.7725000000000001,0.497073839093027,0.696969696969697,0.5449999999999999,0.3333333333333333,0.25,0.2857142857142857,0.1,0.09836065573770503,0.48708256183082693,0.16082585198760224,42,8,12,4,0.13499999999999995
sigmoid_temporal_cv,0.37000000000000005,0.7725000000000001,0.497073839093027,0.696969696969697,0.5449999999999999,0.3333333333333333,0.25,0.2857142857142857,0.1,0.09836065573770503,0.48708256183082693,0.16082585198760224,42,8,12,4,0.12999999999999995
sigmoid_temporal_cv,0.375,0.7725000000000001,0.497073839093027,0.696969696969697,0.5449999999999999,0.3333333333333333,0.25,0.2857142857142857,0.1,0.09836065573770503,0.48708256183082693,0.16082585198760224,42,8,12,4,0.125
sigmoid_temporal_cv,0.38,0.7725000000000001,0.497073839093027,0.696969696969697,0.5449999999999999,0.3333333333333333,0.25,0.2857142857142857,0.1,0.09836065573770503,0.48708256183082693,0.16082585198760224,42,8,12,4,0.12
sigmoid_temporal_cv,0.3835937803006819,0.7725000000000001,0.497073839093027,0.696969696969697,0.5449999999999999,0.3333333333333333,0.25,0.2857142857142857,0.1,0.09836065573770503,0.48708256183082693,0.16082585198760224,42,8,12,4,0.11640621969931808
sigmoid_temporal_cv,0.385,0.7725000000000001,0.497073839093027,0.7121212121212122,0.5549999999999999,0.36363636363636365,0.25,0.2962962962962963,0.12649110640673517,0.12307692307692308,0.48708256183082693,0.16082585198760224,43,7,12,4,0.11499999999999999
sigmoid_temporal_cv,0.38766350835336755,0.7725000000000001,0.497073839093027,0.7121212121212122,0.5549999999999999,0.36363636363636365,0.25,0.2962962962962963,0.12649110640673517,0.12307692307692308,0.48708256183082693,0.16082585198760224,43,7,12,4,0.11233649164663245
sigmoid_temporal_cv,0.39,0.7725000000000001,0.497073839093027,0.7272727272727273,0.565,0.4,0.25,0.3076923076923077,0.15537971921347116,0.14899713467048714,0.48708256183082693,0.16082585198760224,44,6,12,4,0.10999999999999999
sigmoid_temporal_cv,0.3932856669730027,0.7725000000000001,0.497073839093027,0.7272727272727273,0.565,0.4,0.25,0.3076923076923077,0.15537971921347116,0.14899713467048714,0.48708256183082693,0.16082585198760224,44,6,12,4,0.10671433302699729
sigmoid_temporal_cv,0.395,0.7725000000000001,0.497073839093027,0.7424242424242424,0.575,0.4444444444444444,0.25,0.32,0.1873171623163388,0.17621145374449343,0.48708256183082693,0.16082585198760224,45,5,12,4,0.10499999999999998
sigmoid_temporal_cv,0.3965941379423524,0.7725000000000001,0.497073839093027,0.7424242424242424,0.575,0.4444444444444444,0.25,0.32,0.1873171623163388,0.17621145374449343,0.48708256183082693,0.16082585198760224,45,5,12,4,0.10340586205764762
sigmoid_temporal_cv,0.4,0.7725000000000001,0.497073839093027,0.7575757575757576,0.585,0.5,0.25,0.3333333333333333,0.22322093586152833,0.20481927710843373,0.48708256183082693,0.16082585198760224,46,4,12,4,0.09999999999999998
sigmoid_temporal_cv,0.405,0.7725000000000001,0.497073839093027,0.7575757575757576,0.585,0.5,0.25,0.3333333333333333,0.22322093586152833,0.20481927710843373,0.48708256183082693,0.16082585198760224,46,4,12,4,0.09499999999999997
sigmoid_temporal_cv,0.41000000000000003,0.7725000000000001,0.497073839093027,0.7575757575757576,0.585,0.5,0.25,0.3333333333333333,0.22322093586152833,0.20481927710843373,0.48708256183082693,0.16082585198760224,46,4,12,4,0.08999999999999997
sigmoid_temporal_cv,0.41500000000000004,0.7725000000000001,0.497073839093027,0.7575757575757576,0.585,0.5,0.25,0.3333333333333333,0.22322093586152833,0.20481927710843373,0.48708256183082693,0.16082585198760224,46,4,12,4,0.08499999999999996
sigmoid_temporal_cv,0.4185136964896498,0.7725000000000001,0.497073839093027,0.7575757575757576,0.585,0.5,0.25,0.3333333333333333,0.22322093586152833,0.20481927710843373,0.48708256183082693,0.16082585198760224,46,4,12,4,0.08148630351035019
sigmoid_temporal_cv,0.42000000000000004,0.7725000000000001,0.497073839093027,0.7727272727272727,0.595,0.5714285714285714,0.25,0.34782608695652173,0.26443782024290396,0.2349304482225657,0.48708256183082693,0.16082585198760224,47,3,12,4,0.07999999999999996
sigmoid_temporal_cv,0.42500000000000004,0.7725000000000001,0.497073839093027,0.7727272727272727,0.595,0.5714285714285714,0.25,0.34782608695652173,0.26443782024290396,0.2349304482225657,0.48708256183082693,0.16082585198760224,47,3,12,4,0.07499999999999996
sigmoid_temporal_cv,0.43000000000000005,0.7725000000000001,0.497073839093027,0.7727272727272727,0.595,0.5714285714285714,0.25,0.34782608695652173,0.26443782024290396,0.2349304482225657,0.48708256183082693,0.16082585198760224,47,3,12,4,0.06999999999999995
sigmoid_temporal_cv,0.43500000000000005,0.7725000000000001,0.497073839093027,0.7727272727272727,0.595,0.5714285714285714,0.25,0.34782608695652173,0.26443782024290396,0.2349304482225657,0.48708256183082693,0.16082585198760224,47,3,12,4,0.06499999999999995
sigmoid_temporal_cv,0.44,0.7725000000000001,0.497073839093027,0.7727272727272727,0.595,0.5714285714285714,0.25,0.34782608695652173,0.26443782024290396,0.2349304482225657,0.48708256183082693,0.16082585198760224,47,3,12,4,0.06
sigmoid_temporal_cv,0.445,0.7725000000000001,0.497073839093027,0.7727272727272727,0.595,0.5714285714285714,0.25,0.34782608695652173,0.26443782024290396,0.2349304482225657,0.48708256183082693,0.16082585198760224,47,3,12,4,0.05499999999999999
sigmoid_temporal_cv,0.45,0.7725000000000001,0.497073839093027,0.7727272727272727,0.595,0.5714285714285714,0.25,0.34782608695652173,0.26443782024290396,0.2349304482225657,0.48708256183082693,0.16082585198760224,47,3,12,4,0.04999999999999999
sigmoid_temporal_cv,0.455,0.7725000000000001,0.497073839093027,0.7727272727272727,0.595,0.5714285714285714,0.25,0.34782608695652173,0.26443782024290396,0.2349304482225657,0.48708256183082693,0.16082585198760224,47,3,12,4,0.044999999999999984
sigmoid_temporal_cv,0.46,0.7725000000000001,0.497073839093027,0.7727272727272727,0.595,0.5714285714285714,0.25,0.34782608695652173,0.26443782024290396,0.2349304482225657,0.48708256183082693,0.16082585198760224,47,3,12,4,0.03999999999999998
sigmoid_temporal_cv,0.465,0.7725000000000001,0.497073839093027,0.7727272727272727,0.595,0.5714285714285714,0.25,0.34782608695652173,0.26443782024290396,0.2349304482225657,0.48708256183082693,0.16082585198760224,47,3,12,4,0.034999999999999976
sigmoid_temporal_cv,0.4692858139023086,0.7725000000000001,0.497073839093027,0.7727272727272727,0.595,0.5714285714285714,0.25,0.34782608695652173,0.26443782024290396,0.2349304482225657,0.48708256183082693,0.16082585198760224,47,3,12,4,0.030714186097691387
sigmoid_temporal_cv,0.47000000000000003,0.7725000000000001,0.497073839093027,0.7878787878787878,0.605,0.6666666666666666,0.25,0.36363636363636365,0.31304951684997057,0.2666666666666666,0.48708256183082693,0.16082585198760224,48,2,12,4,0.02999999999999997
sigmoid_temporal_cv,0.47500000000000003,0.7725000000000001,0.497073839093027,0.7878787878787878,0.605,0.6666666666666666,0.25,0.36363636363636365,0.31304951684997057,0.2666666666666666,0.48708256183082693,0.16082585198760224,48,2,12,4,0.024999999999999967
sigmoid_temporal_cv,0.47852957222229486,0.7725000000000001,0.497073839093027,0.7878787878787878,0.605,0.6666666666666666,0.25,0.36363636363636365,0.31304951684997057,0.2666666666666666,0.48708256183082693,0.16082585198760224,48,2,12,4,0.021470427777705137
sigmoid_temporal_cv,0.48000000000000004,0.7725000000000001,0.497073839093027,0.7727272727272727,0.57375,0.6,0.1875,0.2857142857142857,0.2388840174027802,0.19249592169657415,0.48708256183082693,0.16082585198760224,48,2,13,3,0.019999999999999962
sigmoid_temporal_cv,0.481705342360045,0.7725000000000001,0.497073839093027,0.7727272727272727,0.57375,0.6,0.1875,0.2857142857142857,0.2388840174027802,0.19249592169657415,0.48708256183082693,0.16082585198760224,48,2,13,3,0.018294657639955025
sigmoid_temporal_cv,0.48500000000000004,0.7725000000000001,0.497073839093027,0.7575757575757576,0.5425,0.5,0.125,0.2,0.15266450672275866,0.11409395973154368,0.48708256183082693,0.16082585198760224,48,2,14,2,0.014999999999999958
sigmoid_temporal_cv,0.49000000000000005,0.7725000000000001,0.497073839093027,0.7575757575757576,0.5425,0.5,0.125,0.2,0.15266450672275866,0.11409395973154368,0.48708256183082693,0.16082585198760224,48,2,14,2,0.009999999999999953
sigmoid_temporal_cv,0.49080374752733796,0.7725000000000001,0.497073839093027,0.7575757575757576,0.5425,0.5,0.125,0.2,0.15266450672275866,0.11409395973154368,0.48708256183082693,0.16082585198760224,48,2,14,2,0.009196252472662036
sigmoid_temporal_cv,0.49093999672363586,0.7725000000000001,0.497073839093027,0.7727272727272727,0.5525,0.6666666666666666,0.125,0.21052631578947367,0.21602468994692867,0.14507772020725396,0.48708256183082693,0.16082585198760224,49,1,14,2,0.009060003276364137
sigmoid_temporal_cv,0.49500000000000005,0.7725000000000001,0.497073839093027,0.7575757575757576,0.52125,0.5,0.0625,0.1111111111111111,0.10625,0.06049822064056942,0.48708256183082693,0.16082585198760224,49,1,15,1,0.004999999999999949
sigmoid_temporal_cv,0.49761679100557626,0.7725000000000001,0.497073839093027,0.7575757575757576,0.52125,0.5,0.0625,0.1111111111111111,0.10625,0.06049822064056942,0.48708256183082693,0.16082585198760224,49,1,15,1,0.0023832089944237356
sigmoid_temporal_cv,0.5,0.7725000000000001,0.497073839093027,0.7727272727272727,0.53125,1.0,0.0625,0.11764705882352941,0.2192645048267573,0.09174311926605505,0.48708256183082693,0.16082585198760224,50,0,15,1,0.0
sigmoid_temporal_cv,0.505,0.7725000000000001,0.497073839093027,0.7727272727272727,0.53125,1.0,0.0625,0.11764705882352941,0.2192645048267573,0.09174311926605505,0.48708256183082693,0.16082585198760224,50,0,15,1,0.0050000000000000044
sigmoid_temporal_cv,0.51,0.7725000000000001,0.497073839093027,0.7727272727272727,0.53125,1.0,0.0625,0.11764705882352941,0.2192645048267573,0.09174311926605505,0.48708256183082693,0.16082585198760224,50,0,15,1,0.010000000000000009
sigmoid_temporal_cv,0.515,0.7725000000000001,0.497073839093027,0.7727272727272727,0.53125,1.0,0.0625,0.11764705882352941,0.2192645048267573,0.09174311926605505,0.48708256183082693,0.16082585198760224,50,0,15,1,0.015000000000000013
sigmoid_temporal_cv,0.52,0.7725000000000001,0.497073839093027,0.7727272727272727,0.53125,1.0,0.0625,0.11764705882352941,0.2192645048267573,0.09174311926605505,0.48708256183082693,0.16082585198760224,50,0,15,1,0.020000000000000018
sigmoid_temporal_cv,0.525,0.7725000000000001,0.497073839093027,0.7727272727272727,0.53125,1.0,0.0625,0.11764705882352941,0.2192645048267573,0.09174311926605505,0.48708256183082693,0.16082585198760224,50,0,15,1,0.025000000000000022
sigmoid_temporal_cv,0.5252578711729642,0.7725000000000001,0.497073839093027,0.7727272727272727,0.53125,1.0,0.0625,0.11764705882352941,0.2192645048267573,0.09174311926605505,0.48708256183082693,0.16082585198760224,50,0,15,1,0.025257871172964186
sigmoid_temporal_cv,0.53,0.7725000000000001,0.497073839093027,0.7575757575757576,0.5,0.0,0.0,0.0,0.0,0.0,0.48708256183082693,0.16082585198760224,50,0,16,0,0.030000000000000027
sigmoid_temporal_cv,0.535,0.7725000000000001,0.497073839093027,0.7575757575757576,0.5,0.0,0.0,0.0,0.0,0.0,0.48708256183082693,0.16082585198760224,50,0,16,0,0.03500000000000003
sigmoid_temporal_cv,0.54,0.7725000000000001,0.497073839093027,0.7575757575757576,0.5,0.0,0.0,0.0,0.0,0.0,0.48708256183082693,0.16082585198760224,50,0,16,0,0.040000000000000036
sigmoid_temporal_cv,0.545,0.7725000000000001,0.497073839093027,0.7575757575757576,0.5,0.0,0.0,0.0,0.0,0.0,0.48708256183082693,0.16082585198760224,50,0,16,0,0.04500000000000004
sigmoid_temporal_cv,0.55,0.7725000000000001,0.497073839093027,0.7575757575757576,0.5,0.0,0.0,0.0,0.0,0.0,0.48708256183082693,0.16082585198760224,50,0,16,0,0.050000000000000044
sigmoid_temporal_cv,0.555,0.7725000000000001,0.497073839093027,0.7575757575757576,0.5,0.0,0.0,0.0,0.0,0.0,0.48708256183082693,0.16082585198760224,50,0,16,0,0.05500000000000005
sigmoid_temporal_cv,0.56,0.7725000000000001,0.497073839093027,0.7575757575757576,0.5,0.0,0.0,0.0,0.0,0.0,0.48708256183082693,0.16082585198760224,50,0,16,0,0.06000000000000005
sigmoid_temporal_cv,0.5650000000000001,0.7725000000000001,0.497073839093027,0.7575757575757576,0.5,0.0,0.0,0.0,0.0,0.0,0.48708256183082693,0.16082585198760224,50,0,16,0,0.06500000000000006
sigmoid_temporal_cv,0.5700000000000001,0.7725000000000001,0.497073839093027,0.7575757575757576,0.5,0.0,0.0,0.0,0.0,0.0,0.48708256183082693,0.16082585198760224,50,0,16,0,0.07000000000000006
sigmoid_temporal_cv,0.5750000000000001,0.7725000000000001,0.497073839093027,0.7575757575757576,0.5,0.0,0.0,0.0,0.0,0.0,0.48708256183082693,0.16082585198760224,50,0,16,0,0.07500000000000007
sigmoid_temporal_cv,0.5800000000000001,0.7725000000000001,0.497073839093027,0.7575757575757576,0.5,0.0,0.0,0.0,0.0,0.0,0.48708256183082693,0.16082585198760224,50,0,16,0,0.08000000000000007
sigmoid_temporal_cv,0.5850000000000001,0.7725000000000001,0.497073839093027,0.7575757575757576,0.5,0.0,0.0,0.0,0.0,0.0,0.48708256183082693,0.16082585198760224,50,0,16,0,0.08500000000000008
sigmoid_temporal_cv,0.5900000000000001,0.7725000000000001,0.497073839093027,0.7575757575757576,0.5,0.0,0.0,0.0,0.0,0.0,0.48708256183082693,0.16082585198760224,50,0,16,0,0.09000000000000008
sigmoid_temporal_cv,0.5950000000000001,0.7725000000000001,0.497073839093027,0.7575757575757576,0.5,0.0,0.0,0.0,0.0,0.0,0.48708256183082693,0.16082585198760224,50,0,16,0,0.09500000000000008
sigmoid_temporal_cv,0.6,0.7725000000000001,0.497073839093027,0.7575757575757576,0.5,0.0,0.0,0.0,0.0,0.0,0.48708256183082693,0.16082585198760224,50,0,16,0,0.09999999999999998
sigmoid_temporal_cv,0.605,0.7725000000000001,0.497073839093027,0.7575757575757576,0.5,0.0,0.0,0.0,0.0,0.0,0.48708256183082693,0.16082585198760224,50,0,16,0,0.10499999999999998
sigmoid_temporal_cv,0.61,0.7725000000000001,0.497073839093027,0.7575757575757576,0.5,0.0,0.0,0.0,0.0,0.0,0.48708256183082693,0.16082585198760224,50,0,16,0,0.10999999999999999
sigmoid_temporal_cv,0.615,0.7725000000000001,0.497073839093027,0.7575757575757576,0.5,0.0,0.0,0.0,0.0,0.0,0.48708256183082693,0.16082585198760224,50,0,16,0,0.11499999999999999
sigmoid_temporal_cv,0.62,0.7725000000000001,0.497073839093027,0.7575757575757576,0.5,0.0,0.0,0.0,0.0,0.0,0.48708256183082693,0.16082585198760224,50,0,16,0,0.12
sigmoid_temporal_cv,0.625,0.7725000000000001,0.497073839093027,0.7575757575757576,0.5,0.0,0.0,0.0,0.0,0.0,0.48708256183082693,0.16082585198760224,50,0,16,0,0.125
sigmoid_temporal_cv,0.63,0.7725000000000001,0.497073839093027,0.7575757575757576,0.5,0.0,0.0,0.0,0.0,0.0,0.48708256183082693,0.16082585198760224,50,0,16,0,0.13
sigmoid_temporal_cv,0.635,0.7725000000000001,0.497073839093027,0.7575757575757576,0.5,0.0,0.0,0.0,0.0,0.0,0.48708256183082693,0.16082585198760224,50,0,16,0,0.135
sigmoid_temporal_cv,0.64,0.7725000000000001,0.497073839093027,0.7575757575757576,0.5,0.0,0.0,0.0,0.0,0.0,0.48708256183082693,0.16082585198760224,50,0,16,0,0.14
sigmoid_temporal_cv,0.645,0.7725000000000001,0.497073839093027,0.7575757575757576,0.5,0.0,0.0,0.0,0.0,0.0,0.48708256183082693,0.16082585198760224,50,0,16,0,0.14500000000000002
sigmoid_temporal_cv,0.65,0.7725000000000001,0.497073839093027,0.7575757575757576,0.5,0.0,0.0,0.0,0.0,0.0,0.48708256183082693,0.16082585198760224,50,0,16,0,0.15000000000000002
sigmoid_temporal_cv,0.655,0.7725000000000001,0.497073839093027,0.7575757575757576,0.5,0.0,0.0,0.0,0.0,0.0,0.48708256183082693,0.16082585198760224,50,0,16,0,0.15500000000000003
sigmoid_temporal_cv,0.66,0.7725000000000001,0.497073839093027,0.7575757575757576,0.5,0.0,0.0,0.0,0.0,0.0,0.48708256183082693,0.16082585198760224,50,0,16,0,0.16000000000000003
sigmoid_temporal_cv,0.665,0.7725000000000001,0.497073839093027,0.7575757575757576,0.5,0.0,0.0,0.0,0.0,0.0,0.48708256183082693,0.16082585198760224,50,0,16,0,0.16500000000000004
sigmoid_temporal_cv,0.67,0.7725000000000001,0.497073839093027,0.7575757575757576,0.5,0.0,0.0,0.0,0.0,0.0,0.48708256183082693,0.16082585198760224,50,0,16,0,0.17000000000000004
sigmoid_temporal_cv,0.675,0.7725000000000001,0.497073839093027,0.7575757575757576,0.5,0.0,0.0,0.0,0.0,0.0,0.48708256183082693,0.16082585198760224,50,0,16,0,0.17500000000000004
sigmoid_temporal_cv,0.68,0.7725000000000001,0.497073839093027,0.7575757575757576,0.5,0.0,0.0,0.0,0.0,0.0,0.48708256183082693,0.16082585198760224,50,0,16,0,0.18000000000000005
sigmoid_temporal_cv,0.685,0.7725000000000001,0.497073839093027,0.7575757575757576,0.5,0.0,0.0,0.0,0.0,0.0,0.48708256183082693,0.16082585198760224,50,0,16,0,0.18500000000000005
sigmoid_temporal_cv,0.6900000000000001,0.7725000000000001,0.497073839093027,0.7575757575757576,0.5,0.0,0.0,0.0,0.0,0.0,0.48708256183082693,0.16082585198760224,50,0,16,0,0.19000000000000006
sigmoid_temporal_cv,0.6950000000000001,0.7725000000000001,0.497073839093027,0.7575757575757576,0.5,0.0,0.0,0.0,0.0,0.0,0.48708256183082693,0.16082585198760224,50,0,16,0,0.19500000000000006
sigmoid_temporal_cv,0.7000000000000001,0.7725000000000001,0.497073839093027,0.7575757575757576,0.5,0.0,0.0,0.0,0.0,0.0,0.48708256183082693,0.16082585198760224,50,0,16,0,0.20000000000000007
sigmoid_temporal_cv,0.7050000000000001,0.7725000000000001,0.497073839093027,0.7575757575757576,0.5,0.0,0.0,0.0,0.0,0.0,0.48708256183082693,0.16082585198760224,50,0,16,0,0.20500000000000007
sigmoid_temporal_cv,0.7100000000000001,0.7725000000000001,0.497073839093027,0.7575757575757576,0.5,0.0,0.0,0.0,0.0,0.0,0.48708256183082693,0.16082585198760224,50,0,16,0,0.21000000000000008
sigmoid_temporal_cv,0.7150000000000001,0.7725000000000001,0.497073839093027,0.7575757575757576,0.5,0.0,0.0,0.0,0.0,0.0,0.48708256183082693,0.16082585198760224,50,0,16,0,0.21500000000000008
sigmoid_temporal_cv,0.7200000000000001,0.7725000000000001,0.497073839093027,0.7575757575757576,0.5,0.0,0.0,0.0,0.0,0.0,0.48708256183082693,0.16082585198760224,50,0,16,0,0.22000000000000008
sigmoid_temporal_cv,0.725,0.7725000000000001,0.497073839093027,0.7575757575757576,0.5,0.0,0.0,0.0,0.0,0.0,0.48708256183082693,0.16082585198760224,50,0,16,0,0.22499999999999998
sigmoid_temporal_cv,0.73,0.7725000000000001,0.497073839093027,0.7575757575757576,0.5,0.0,0.0,0.0,0.0,0.0,0.48708256183082693,0.16082585198760224,50,0,16,0,0.22999999999999998
sigmoid_temporal_cv,0.735,0.7725000000000001,0.497073839093027,0.7575757575757576,0.5,0.0,0.0,0.0,0.0,0.0,0.48708256183082693,0.16082585198760224,50,0,16,0,0.235
sigmoid_temporal_cv,0.74,0.7725000000000001,0.497073839093027,0.7575757575757576,0.5,0.0,0.0,0.0,0.0,0.0,0.48708256183082693,0.16082585198760224,50,0,16,0,0.24
sigmoid_temporal_cv,0.745,0.7725000000000001,0.497073839093027,0.7575757575757576,0.5,0.0,0.0,0.0,0.0,0.0,0.48708256183082693,0.16082585198760224,50,0,16,0,0.245
sigmoid_temporal_cv,0.75,0.7725000000000001,0.497073839093027,0.7575757575757576,0.5,0.0,0.0,0.0,0.0,0.0,0.48708256183082693,0.16082585198760224,50,0,16,0,0.25
sigmoid_temporal_cv,0.755,0.7725000000000001,0.497073839093027,0.7575757575757576,0.5,0.0,0.0,0.0,0.0,0.0,0.48708256183082693,0.16082585198760224,50,0,16,0,0.255
sigmoid_temporal_cv,0.76,0.7725000000000001,0.497073839093027,0.7575757575757576,0.5,0.0,0.0,0.0,0.0,0.0,0.48708256183082693,0.16082585198760224,50,0,16,0,0.26
sigmoid_temporal_cv,0.765,0.7725000000000001,0.497073839093027,0.7575757575757576,0.5,0.0,0.0,0.0,0.0,0.0,0.48708256183082693,0.16082585198760224,50,0,16,0,0.265
sigmoid_temporal_cv,0.77,0.7725000000000001,0.497073839093027,0.7575757575757576,0.5,0.0,0.0,0.0,0.0,0.0,0.48708256183082693,0.16082585198760224,50,0,16,0,0.27
sigmoid_temporal_cv,0.775,0.7725000000000001,0.497073839093027,0.7575757575757576,0.5,0.0,0.0,0.0,0.0,0.0,0.48708256183082693,0.16082585198760224,50,0,16,0,0.275
sigmoid_temporal_cv,0.78,0.7725000000000001,0.497073839093027,0.7575757575757576,0.5,0.0,0.0,0.0,0.0,0.0,0.48708256183082693,0.16082585198760224,50,0,16,0,0.28
sigmoid_temporal_cv,0.785,0.7725000000000001,0.497073839093027,0.7575757575757576,0.5,0.0,0.0,0.0,0.0,0.0,0.48708256183082693,0.16082585198760224,50,0,16,0,0.28500000000000003
sigmoid_temporal_cv,0.79,0.7725000000000001,0.497073839093027,0.7575757575757576,0.5,0.0,0.0,0.0,0.0,0.0,0.48708256183082693,0.16082585198760224,50,0,16,0,0.29000000000000004
sigmoid_temporal_cv,0.795,0.7725000000000001,0.497073839093027,0.7575757575757576,0.5,0.0,0.0,0.0,0.0,0.0,0.48708256183082693,0.16082585198760224,50,0,16,0,0.29500000000000004
sigmoid_temporal_cv,0.8,0.7725000000000001,0.497073839093027,0.7575757575757576,0.5,0.0,0.0,0.0,0.0,0.0,0.48708256183082693,0.16082585198760224,50,0,16,0,0.30000000000000004
sigmoid_temporal_cv,0.805,0.7725000000000001,0.497073839093027,0.7575757575757576,0.5,0.0,0.0,0.0,0.0,0.0,0.48708256183082693,0.16082585198760224,50,0,16,0,0.30500000000000005
sigmoid_temporal_cv,0.81,0.7725000000000001,0.497073839093027,0.7575757575757576,0.5,0.0,0.0,0.0,0.0,0.0,0.48708256183082693,0.16082585198760224,50,0,16,0,0.31000000000000005
sigmoid_temporal_cv,0.8150000000000001,0.7725000000000001,0.497073839093027,0.7575757575757576,0.5,0.0,0.0,0.0,0.0,0.0,0.48708256183082693,0.16082585198760224,50,0,16,0,0.31500000000000006
sigmoid_temporal_cv,0.8200000000000001,0.7725000000000001,0.497073839093027,0.7575757575757576,0.5,0.0,0.0,0.0,0.0,0.0,0.48708256183082693,0.16082585198760224,50,0,16,0,0.32000000000000006
sigmoid_temporal_cv,0.8250000000000001,0.7725000000000001,0.497073839093027,0.7575757575757576,0.5,0.0,0.0,0.0,0.0,0.0,0.48708256183082693,0.16082585198760224,50,0,16,0,0.32500000000000007
sigmoid_temporal_cv,0.8300000000000001,0.7725000000000001,0.497073839093027,0.7575757575757576,0.5,0.0,0.0,0.0,0.0,0.0,0.48708256183082693,0.16082585198760224,50,0,16,0,0.33000000000000007
sigmoid_temporal_cv,0.8350000000000001,0.7725000000000001,0.497073839093027,0.7575757575757576,0.5,0.0,0.0,0.0,0.0,0.0,0.48708256183082693,0.16082585198760224,50,0,16,0,0.3350000000000001
sigmoid_temporal_cv,0.8400000000000001,0.7725000000000001,0.497073839093027,0.7575757575757576,0.5,0.0,0.0,0.0,0.0,0.0,0.48708256183082693,0.16082585198760224,50,0,16,0,0.3400000000000001
sigmoid_temporal_cv,0.8450000000000001,0.7725000000000001,0.497073839093027,0.7575757575757576,0.5,0.0,0.0,0.0,0.0,0.0,0.48708256183082693,0.16082585198760224,50,0,16,0,0.3450000000000001
sigmoid_temporal_cv,0.8500000000000001,0.7725000000000001,0.497073839093027,0.7575757575757576,0.5,0.0,0.0,0.0,0.0,0.0,0.48708256183082693,0.16082585198760224,50,0,16,0,0.3500000000000001
sigmoid_temporal_cv,0.855,0.7725000000000001,0.497073839093027,0.7575757575757576,0.5,0.0,0.0,0.0,0.0,0.0,0.48708256183082693,0.16082585198760224,50,0,16,0,0.355
sigmoid_temporal_cv,0.86,0.7725000000000001,0.497073839093027,0.7575757575757576,0.5,0.0,0.0,0.0,0.0,0.0,0.48708256183082693,0.16082585198760224,50,0,16,0,0.36
sigmoid_temporal_cv,0.865,0.7725000000000001,0.497073839093027,0.7575757575757576,0.5,0.0,0.0,0.0,0.0,0.0,0.48708256183082693,0.16082585198760224,50,0,16,0,0.365
sigmoid_temporal_cv,0.87,0.7725000000000001,0.497073839093027,0.7575757575757576,0.5,0.0,0.0,0.0,0.0,0.0,0.48708256183082693,0.16082585198760224,50,0,16,0,0.37
sigmoid_temporal_cv,0.875,0.7725000000000001,0.497073839093027,0.7575757575757576,0.5,0.0,0.0,0.0,0.0,0.0,0.48708256183082693,0.16082585198760224,50,0,16,0,0.375
sigmoid_temporal_cv,0.88,0.7725000000000001,0.497073839093027,0.7575757575757576,0.5,0.0,0.0,0.0,0.0,0.0,0.48708256183082693,0.16082585198760224,50,0,16,0,0.38
sigmoid_temporal_cv,0.885,0.7725000000000001,0.497073839093027,0.7575757575757576,0.5,0.0,0.0,0.0,0.0,0.0,0.48708256183082693,0.16082585198760224,50,0,16,0,0.385
sigmoid_temporal_cv,0.89,0.7725000000000001,0.497073839093027,0.7575757575757576,0.5,0.0,0.0,0.0,0.0,0.0,0.48708256183082693,0.16082585198760224,50,0,16,0,0.39
sigmoid_temporal_cv,0.895,0.7725000000000001,0.497073839093027,0.7575757575757576,0.5,0.0,0.0,0.0,0.0,0.0,0.48708256183082693,0.16082585198760224,50,0,16,0,0.395
sigmoid_temporal_cv,0.9,0.7725000000000001,0.497073839093027,0.7575757575757576,0.5,0.0,0.0,0.0,0.0,0.0,0.48708256183082693,0.16082585198760224,50,0,16,0,0.4
sigmoid_temporal_cv,0.905,0.7725000000000001,0.497073839093027,0.7575757575757576,0.5,0.0,0.0,0.0,0.0,0.0,0.48708256183082693,0.16082585198760224,50,0,16,0,0.405
sigmoid_temporal_cv,0.91,0.7725000000000001,0.497073839093027,0.7575757575757576,0.5,0.0,0.0,0.0,0.0,0.0,0.48708256183082693,0.16082585198760224,50,0,16,0,0.41000000000000003
sigmoid_temporal_cv,0.915,0.7725000000000001,0.497073839093027,0.7575757575757576,0.5,0.0,0.0,0.0,0.0,0.0,0.48708256183082693,0.16082585198760224,50,0,16,0,0.41500000000000004
sigmoid_temporal_cv,0.92,0.7725000000000001,0.497073839093027,0.7575757575757576,0.5,0.0,0.0,0.0,0.0,0.0,0.48708256183082693,0.16082585198760224,50,0,16,0,0.42000000000000004
sigmoid_temporal_cv,0.925,0.7725000000000001,0.497073839093027,0.7575757575757576,0.5,0.0,0.0,0.0,0.0,0.0,0.48708256183082693,0.16082585198760224,50,0,16,0,0.42500000000000004
sigmoid_temporal_cv,0.93,0.7725000000000001,0.497073839093027,0.7575757575757576,0.5,0.0,0.0,0.0,0.0,0.0,0.48708256183082693,0.16082585198760224,50,0,16,0,0.43000000000000005
sigmoid_temporal_cv,0.935,0.7725000000000001,0.497073839093027,0.7575757575757576,0.5,0.0,0.0,0.0,0.0,0.0,0.48708256183082693,0.16082585198760224,50,0,16,0,0.43500000000000005
sigmoid_temporal_cv,0.9400000000000001,0.7725000000000001,0.497073839093027,0.7575757575757576,0.5,0.0,0.0,0.0,0.0,0.0,0.48708256183082693,0.16082585198760224,50,0,16,0,0.44000000000000006
sigmoid_temporal_cv,0.9450000000000001,0.7725000000000001,0.497073839093027,0.7575757575757576,0.5,0.0,0.0,0.0,0.0,0.0,0.48708256183082693,0.16082585198760224,50,0,16,0,0.44500000000000006
sigmoid_temporal_cv,0.9500000000000001,0.7725000000000001,0.497073839093027,0.7575757575757576,0.5,0.0,0.0,0.0,0.0,0.0,0.48708256183082693,0.16082585198760224,50,0,16,0,0.45000000000000007
sigmoid_temporal_cv,0.9550000000000001,0.7725000000000001,0.497073839093027,0.7575757575757576,0.5,0.0,0.0,0.0,0.0,0.0,0.48708256183082693,0.16082585198760224,50,0,16,0,0.45500000000000007
sigmoid_temporal_cv,0.9600000000000001,0.7725000000000001,0.497073839093027,0.7575757575757576,0.5,0.0,0.0,0.0,0.0,0.0,0.48708256183082693,0.16082585198760224,50,0,16,0,0.4600000000000001
sigmoid_temporal_cv,0.9650000000000001,0.7725000000000001,0.497073839093027,0.7575757575757576,0.5,0.0,0.0,0.0,0.0,0.0,0.48708256183082693,0.16082585198760224,50,0,16,0,0.4650000000000001
sigmoid_temporal_cv,0.9700000000000001,0.7725000000000001,0.497073839093027,0.7575757575757576,0.5,0.0,0.0,0.0,0.0,0.0,0.48708256183082693,0.16082585198760224,50,0,16,0,0.4700000000000001
sigmoid_temporal_cv,0.9750000000000001,0.7725000000000001,0.497073839093027,0.7575757575757576,0.5,0.0,0.0,0.0,0.0,0.0,0.48708256183082693,0.16082585198760224,50,0,16,0,0.4750000000000001
sigmoid_temporal_cv,0.98,0.7725000000000001,0.497073839093027,0.7575757575757576,0.5,0.0,0.0,0.0,0.0,0.0,0.48708256183082693,0.16082585198760224,50,0,16,0,0.48
isotonic_exploratory,0.0,0.7625,0.44168452083293885,0.24242424242424243,0.5,0.24242424242424243,1.0,0.3902439024390244,0.0,0.0,0.4779415214425047,0.16499134552491448,0,50,0,16,0.5
isotonic_exploratory,0.006417632829362385,0.7625,0.44168452083293885,0.5454545454545454,0.7,0.34782608695652173,1.0,0.5161290322580645,0.3730019232961255,0.24427480916030542,0.4779415214425047,0.16499134552491448,20,30,0,16,0.49358236717063764
isotonic_exploratory,0.02,0.7625,0.44168452083293885,0.5606060606060606,0.71,0.35555555555555557,1.0,0.5245901639344263,0.38643671323171835,0.25986078886310915,0.4779415214425047,0.16499134552491448,21,29,0,16,0.48
isotonic_exploratory,0.025,0.7625,0.44168452083293885,0.5606060606060606,0.71,0.35555555555555557,1.0,0.5245901639344263,0.38643671323171835,0.25986078886310915,0.4779415214425047,0.16499134552491448,21,29,0,16,0.475
isotonic_exploratory,0.03,0.7625,0.44168452083293885,0.5606060606060606,0.71,0.35555555555555557,1.0,0.5245901639344263,0.38643671323171835,0.25986078886310915,0.4779415214425047,0.16499134552491448,21,29,0,16,0.47
isotonic_exploratory,0.035,0.7625,0.44168452083293885,0.5606060606060606,0.71,0.35555555555555557,1.0,0.5245901639344263,0.38643671323171835,0.25986078886310915,0.4779415214425047,0.16499134552491448,21,29,0,16,0.46499999999999997
isotonic_exploratory,0.04,0.7625,0.44168452083293885,0.5606060606060606,0.71,0.35555555555555557,1.0,0.5245901639344263,0.38643671323171835,0.25986078886310915,0.4779415214425047,0.16499134552491448,21,29,0,16,0.46
isotonic_exploratory,0.041666666666666664,0.7625,0.44168452083293885,0.5606060606060606,0.71,0.35555555555555557,1.0,0.5245901639344263,0.38643671323171835,0.25986078886310915,0.4779415214425047,0.16499134552491448,21,29,0,16,0.4583333333333333
isotonic_exploratory,0.045,0.7625,0.44168452083293885,0.5757575757575758,0.72,0.36363636363636365,1.0,0.5333333333333333,0.4,0.27586206896551735,0.4779415214425047,0.16499134552491448,22,28,0,16,0.455
isotonic_exploratory,0.05,0.7625,0.44168452083293885,0.5757575757575758,0.72,0.36363636363636365,1.0,0.5333333333333333,0.4,0.27586206896551735,0.4779415214425047,0.16499134552491448,22,28,0,16,0.45
isotonic_exploratory,0.05411532921744328,0.7625,0.44168452083293885,0.5757575757575758,0.72,0.36363636363636365,1.0,0.5333333333333333,0.4,0.27586206896551735,0.4779415214425047,0.16499134552491448,22,28,0,16,0.4458846707825567
isotonic_exploratory,0.05500000000000001,0.7625,0.44168452083293885,0.5909090909090909,0.73,0.37209302325581395,1.0,0.5423728813559322,0.41371825038022486,0.2922954725972995,0.4779415214425047,0.16499134552491448,23,27,0,16,0.445
isotonic_exploratory,0.06,0.7625,0.44168452083293885,0.5909090909090909,0.73,0.37209302325581395,1.0,0.5423728813559322,0.41371825038022486,0.2922954725972995,0.4779415214425047,0.16499134552491448,23,27,0,16,0.44
isotonic_exploratory,0.065,0.7625,0.44168452083293885,0.5909090909090909,0.73,0.37209302325581395,1.0,0.5423728813559322,0.41371825038022486,0.2922954725972995,0.4779415214425047,0.16499134552491448,23,27,0,16,0.435
isotonic_exploratory,0.07,0.7625,0.44168452083293885,0.5909090909090909,0.73,0.37209302325581395,1.0,0.5423728813559322,0.41371825038022486,0.2922954725972995,0.4779415214425047,0.16499134552491448,23,27,0,16,0.43
isotonic_exploratory,0.07116392771396839,0.7625,0.44168452083293885,0.5909090909090909,0.73,0.37209302325581395,1.0,0.5423728813559322,0.41371825038022486,0.2922954725972995,0.4779415214425047,0.16499134552491448,23,27,0,16,0.4288360722860316
isotonic_exploratory,0.07159809008353446,0.7625,0.44168452083293885,0.6060606060606061,0.74,0.38095238095238093,1.0,0.5517241379310345,0.42761798705987897,0.3091787439613526,0.4779415214425047,0.16499134552491448,24,26,0,16,0.42840190991646554
isotonic_exploratory,0.075,0.7625,0.44168452083293885,0.6212121212121212,0.75,0.3902439024390244,1.0,0.5614035087719298,0.44172610429938614,0.326530612244898,0.4779415214425047,0.16499134552491448,25,25,0,16,0.425
isotonic_exploratory,0.08,0.7625,0.44168452083293885,0.6212121212121212,0.75,0.3902439024390244,1.0,0.5614035087719298,0.44172610429938614,0.326530612244898,0.4779415214425047,0.16499134552491448,25,25,0,16,0.42
isotonic_exploratory,0.085,0.7625,0.44168452083293885,0.6212121212121212,0.75,0.3902439024390244,1.0,0.5614035087719298,0.44172610429938614,0.326530612244898,0.4779415214425047,0.16499134552491448,25,25,0,16,0.415
isotonic_exploratory,0.08521632375601844,0.7625,0.44168452083293885,0.6212121212121212,0.75,0.3902439024390244,1.0,0.5614035087719298,0.44172610429938614,0.326530612244898,0.4779415214425047,0.16499134552491448,25,25,0,16,0.41478367624398155
isotonic_exploratory,0.08600649110257504,0.7625,0.44168452083293885,0.6060606060606061,0.71875,0.375,0.9375,0.5357142857142857,0.3837128834468253,0.28973509933774844,0.4779415214425047,0.16499134552491448,25,25,1,15,0.413993508897425
isotonic_exploratory,0.09000000000000001,0.7625,0.44168452083293885,0.6212121212121212,0.72875,0.38461538461538464,0.9375,0.5454545454545454,0.39876947478097424,0.3073047858942066,0.4779415214425047,0.16499134552491448,26,24,1,15,0.41
isotonic_exploratory,0.09454315387635052,0.7625,0.44168452083293885,0.6212121212121212,0.72875,0.38461538461538464,0.9375,0.5454545454545454,0.39876947478097424,0.3073047858942066,0.4779415214425047,0.16499134552491448,26,24,1,15,0.40545684612364946
isotonic_exploratory,0.095,0.7625,0.44168452083293885,0.6363636363636364,0.73875,0.39473684210526316,0.9375,0.5555555555555556,0.4140450104477673,0.3253833049403748,0.4779415214425047,0.16499134552491448,27,23,1,15,0.405
isotonic_exploratory,0.1,0.7625,0.44168452083293885,0.6363636363636364,0.73875,0.39473684210526316,0.9375,0.5555555555555556,0.4140450104477673,0.3253833049403748,0.4779415214425047,0.16499134552491448,27,23,1,15,0.4
isotonic_exploratory,0.10500000000000001,0.7625,0.44168452083293885,0.6363636363636364,0.73875,0.39473684210526316,0.9375,0.5555555555555556,0.4140450104477673,0.3253833049403748,0.4779415214425047,0.16499134552491448,27,23,1,15,0.395
isotonic_exploratory,0.10833333333333334,0.7625,0.44168452083293885,0.6363636363636364,0.73875,0.39473684210526316,0.9375,0.5555555555555556,0.4140450104477673,0.3253833049403748,0.4779415214425047,0.16499134552491448,27,23,1,15,0.39166666666666666
isotonic_exploratory,0.10962169276862671,0.7625,0.44168452083293885,0.6818181818181818,0.6837500000000001,0.4074074074074074,0.6875,0.5116279069767442,0.3203230207257006,0.2978723404255319,0.4779415214425047,0.16499134552491448,34,16,5,11,0.3903783072313733
isotonic_exploratory,0.11,0.7625,0.44168452083293885,0.696969696969697,0.69375,0.4230769230769231,0.6875,0.5238095238095238,0.3398599824814738,0.31958762886597936,0.4779415214425047,0.16499134552491448,35,15,5,11,0.39
isotonic_exploratory,0.11364407931698813,0.7625,0.44168452083293885,0.696969696969697,0.69375,0.4230769230769231,0.6875,0.5238095238095238,0.3398599824814738,0.31958762886597936,0.4779415214425047,0.16499134552491448,35,15,5,11,0.3863559206830119
isotonic_exploratory,0.115,0.7625,0.44168452083293885,0.6818181818181818,0.6625,0.4,0.625,0.4878048780487805,0.28712196779460103,0.27282266526757604,0.4779415214425047,0.16499134552491448,35,15,6,10,0.385
isotonic_exploratory,0.12000000000000001,0.7625,0.44168452083293885,0.6818181818181818,0.6625,0.4,0.625,0.4878048780487805,0.28712196779460103,0.27282266526757604,0.4779415214425047,0.16499134552491448,35,15,6,10,0.38
isotonic_exploratory,0.125,0.7625,0.44168452083293885,0.6818181818181818,0.6625,0.4,0.625,0.4878048780487805,0.28712196779460103,0.27282266526757604,0.4779415214425047,0.16499134552491448,35,15,6,10,0.375
isotonic_exploratory,0.1286460166918818,0.7625,0.44168452083293885,0.6818181818181818,0.6625,0.4,0.625,0.4878048780487805,0.28712196779460103,0.27282266526757604,0.4779415214425047,0.16499134552491448,35,15,6,10,0.3713539833081182
isotonic_exploratory,0.13,0.7625,0.44168452083293885,0.696969696969697,0.6725,0.4166666666666667,0.625,0.5,0.30735042819928804,0.29487179487179493,0.4779415214425047,0.16499134552491448,36,14,6,10,0.37
isotonic_exploratory,0.135,0.7625,0.44168452083293885,0.696969696969697,0.6725,0.4166666666666667,0.625,0.5,0.30735042819928804,0.29487179487179493,0.4779415214425047,0.16499134552491448,36,14,6,10,0.365
isotonic_exploratory,0.13999999999999999,0.7625,0.44168452083293885,0.696969696969697,0.6725,0.4166666666666667,0.625,0.5,0.30735042819928804,0.29487179487179493,0.4779415214425047,0.16499134552491448,36,14,6,10,0.36
isotonic_exploratory,0.145,0.7625,0.44168452083293885,0.696969696969697,0.6725,0.4166666666666667,0.625,0.5,0.30735042819928804,0.29487179487179493,0.4779415214425047,0.16499134552491448,36,14,6,10,0.355
isotonic_exploratory,0.15,0.7625,0.44168452083293885,0.696969696969697,0.6725,0.4166666666666667,0.625,0.5,0.30735042819928804,0.29487179487179493,0.4779415214425047,0.16499134552491448,36,14,6,10,0.35
isotonic_exploratory,0.155,0.7625,0.44168452083293885,0.696969696969697,0.6725,0.4166666666666667,0.625,0.5,0.30735042819928804,0.29487179487179493,0.4779415214425047,0.16499134552491448,36,14,6,10,0.345
isotonic_exploratory,0.16,0.7625,0.44168452083293885,0.696969696969697,0.6725,0.4166666666666667,0.625,0.5,0.30735042819928804,0.29487179487179493,0.4779415214425047,0.16499134552491448,36,14,6,10,0.33999999999999997
isotonic_exploratory,0.16499999999999998,0.7625,0.44168452083293885,0.696969696969697,0.6725,0.4166666666666667,0.625,0.5,0.30735042819928804,0.29487179487179493,0.4779415214425047,0.16499134552491448,36,14,6,10,0.335
isotonic_exploratory,0.16999999999999998,0.7625,0.44168452083293885,0.696969696969697,0.6725,0.4166666666666667,0.625,0.5,0.30735042819928804,0.29487179487179493,0.4779415214425047,0.16499134552491448,36,14,6,10,0.33
isotonic_exploratory,0.175,0.7625,0.44168452083293885,0.696969696969697,0.6725,0.4166666666666667,0.625,0.5,0.30735042819928804,0.29487179487179493,0.4779415214425047,0.16499134552491448,36,14,6,10,0.325
isotonic_exploratory,0.18,0.7625,0.44168452083293885,0.696969696969697,0.6725,0.4166666666666667,0.625,0.5,0.30735042819928804,0.29487179487179493,0.4779415214425047,0.16499134552491448,36,14,6,10,0.32
isotonic_exploratory,0.185,0.7625,0.44168452083293885,0.696969696969697,0.6725,0.4166666666666667,0.625,0.5,0.30735042819928804,0.29487179487179493,0.4779415214425047,0.16499134552491448,36,14,6,10,0.315
isotonic_exploratory,0.19,0.7625,0.44168452083293885,0.696969696969697,0.6725,0.4166666666666667,0.625,0.5,0.30735042819928804,0.29487179487179493,0.4779415214425047,0.16499134552491448,36,14,6,10,0.31
isotonic_exploratory,0.195,0.7625,0.44168452083293885,0.696969696969697,0.6725,0.4166666666666667,0.625,0.5,0.30735042819928804,0.29487179487179493,0.4779415214425047,0.16499134552491448,36,14,6,10,0.305
isotonic_exploratory,0.19999999999999998,0.7625,0.44168452083293885,0.696969696969697,0.6725,0.4166666666666667,0.625,0.5,0.30735042819928804,0.29487179487179493,0.4779415214425047,0.16499134552491448,36,14,6,10,0.30000000000000004
isotonic_exploratory,0.205,0.7625,0.44168452083293885,0.696969696969697,0.6725,0.4166666666666667,0.625,0.5,0.30735042819928804,0.29487179487179493,0.4779415214425047,0.16499134552491448,36,14,6,10,0.29500000000000004
isotonic_exploratory,0.21,0.7625,0.44168452083293885,0.696969696969697,0.6725,0.4166666666666667,0.625,0.5,0.30735042819928804,0.29487179487179493,0.4779415214425047,0.16499134552491448,36,14,6,10,0.29000000000000004
isotonic_exploratory,0.215,0.7625,0.44168452083293885,0.696969696969697,0.6725,0.4166666666666667,0.625,0.5,0.30735042819928804,0.29487179487179493,0.4779415214425047,0.16499134552491448,36,14,6,10,0.28500000000000003
isotonic_exploratory,0.22,0.7625,0.44168452083293885,0.696969696969697,0.6725,0.4166666666666667,0.625,0.5,0.30735042819928804,0.29487179487179493,0.4779415214425047,0.16499134552491448,36,14,6,10,0.28
isotonic_exploratory,0.225,0.7625,0.44168452083293885,0.696969696969697,0.6725,0.4166666666666667,0.625,0.5,0.30735042819928804,0.29487179487179493,0.4779415214425047,0.16499134552491448,36,14,6,10,0.275
isotonic_exploratory,0.22999999999999998,0.7625,0.44168452083293885,0.696969696969697,0.6725,0.4166666666666667,0.625,0.5,0.30735042819928804,0.29487179487179493,0.4779415214425047,0.16499134552491448,36,14,6,10,0.27
isotonic_exploratory,0.235,0.7625,0.44168452083293885,0.696969696969697,0.6725,0.4166666666666667,0.625,0.5,0.30735042819928804,0.29487179487179493,0.4779415214425047,0.16499134552491448,36,14,6,10,0.265
isotonic_exploratory,0.24,0.7625,0.44168452083293885,0.696969696969697,0.6725,0.4166666666666667,0.625,0.5,0.30735042819928804,0.29487179487179493,0.4779415214425047,0.16499134552491448,36,14,6,10,0.26
isotonic_exploratory,0.245,0.7625,0.44168452083293885,0.696969696969697,0.6725,0.4166666666666667,0.625,0.5,0.30735042819928804,0.29487179487179493,0.4779415214425047,0.16499134552491448,36,14,6,10,0.255
isotonic_exploratory,0.25,0.7625,0.44168452083293885,0.696969696969697,0.6725,0.4166666666666667,0.625,0.5,0.30735042819928804,0.29487179487179493,0.4779415214425047,0.16499134552491448,36,14,6,10,0.25
isotonic_exploratory,0.255,0.7625,0.44168452083293885,0.696969696969697,0.6725,0.4166666666666667,0.625,0.5,0.30735042819928804,0.29487179487179493,0.4779415214425047,0.16499134552491448,36,14,6,10,0.245
isotonic_exploratory,0.26,0.7625,0.44168452083293885,0.696969696969697,0.6725,0.4166666666666667,0.625,0.5,0.30735042819928804,0.29487179487179493,0.4779415214425047,0.16499134552491448,36,14,6,10,0.24
isotonic_exploratory,0.265,0.7625,0.44168452083293885,0.696969696969697,0.6725,0.4166666666666667,0.625,0.5,0.30735042819928804,0.29487179487179493,0.4779415214425047,0.16499134552491448,36,14,6,10,0.235
isotonic_exploratory,0.27,0.7625,0.44168452083293885,0.696969696969697,0.6725,0.4166666666666667,0.625,0.5,0.30735042819928804,0.29487179487179493,0.4779415214425047,0.16499134552491448,36,14,6,10,0.22999999999999998
isotonic_exploratory,0.275,0.7625,0.44168452083293885,0.696969696969697,0.6725,0.4166666666666667,0.625,0.5,0.30735042819928804,0.29487179487179493,0.4779415214425047,0.16499134552491448,36,14,6,10,0.22499999999999998
isotonic_exploratory,0.28,0.7625,0.44168452083293885,0.696969696969697,0.6725,0.4166666666666667,0.625,0.5,0.30735042819928804,0.29487179487179493,0.4779415214425047,0.16499134552491448,36,14,6,10,0.21999999999999997
isotonic_exploratory,0.28500000000000003,0.7625,0.44168452083293885,0.696969696969697,0.6725,0.4166666666666667,0.625,0.5,0.30735042819928804,0.29487179487179493,0.4779415214425047,0.16499134552491448,36,14,6,10,0.21499999999999997
isotonic_exploratory,0.29000000000000004,0.7625,0.44168452083293885,0.696969696969697,0.6725,0.4166666666666667,0.625,0.5,0.30735042819928804,0.29487179487179493,0.4779415214425047,0.16499134552491448,36,14,6,10,0.20999999999999996
isotonic_exploratory,0.29500000000000004,0.7625,0.44168452083293885,0.696969696969697,0.6725,0.4166666666666667,0.625,0.5,0.30735042819928804,0.29487179487179493,0.4779415214425047,0.16499134552491448,36,14,6,10,0.20499999999999996
isotonic_exploratory,0.30000000000000004,0.7625,0.44168452083293885,0.696969696969697,0.6725,0.4166666666666667,0.625,0.5,0.30735042819928804,0.29487179487179493,0.4779415214425047,0.16499134552491448,36,14,6,10,0.19999999999999996
isotonic_exploratory,0.30500000000000005,0.7625,0.44168452083293885,0.696969696969697,0.6725,0.4166666666666667,0.625,0.5,0.30735042819928804,0.29487179487179493,0.4779415214425047,0.16499134552491448,36,14,6,10,0.19499999999999995
isotonic_exploratory,0.31,0.7625,0.44168452083293885,0.696969696969697,0.6725,0.4166666666666667,0.625,0.5,0.30735042819928804,0.29487179487179493,0.4779415214425047,0.16499134552491448,36,14,6,10,0.19
isotonic_exploratory,0.315,0.7625,0.44168452083293885,0.696969696969697,0.6725,0.4166666666666667,0.625,0.5,0.30735042819928804,0.29487179487179493,0.4779415214425047,0.16499134552491448,36,14,6,10,0.185
isotonic_exploratory,0.32,0.7625,0.44168452083293885,0.696969696969697,0.6725,0.4166666666666667,0.625,0.5,0.30735042819928804,0.29487179487179493,0.4779415214425047,0.16499134552491448,36,14,6,10,0.18
isotonic_exploratory,0.325,0.7625,0.44168452083293885,0.696969696969697,0.6725,0.4166666666666667,0.625,0.5,0.30735042819928804,0.29487179487179493,0.4779415214425047,0.16499134552491448,36,14,6,10,0.175
isotonic_exploratory,0.33,0.7625,0.44168452083293885,0.696969696969697,0.6725,0.4166666666666667,0.625,0.5,0.30735042819928804,0.29487179487179493,0.4779415214425047,0.16499134552491448,36,14,6,10,0.16999999999999998
isotonic_exploratory,0.335,0.7625,0.44168452083293885,0.696969696969697,0.6725,0.4166666666666667,0.625,0.5,0.30735042819928804,0.29487179487179493,0.4779415214425047,0.16499134552491448,36,14,6,10,0.16499999999999998
isotonic_exploratory,0.34,0.7625,0.44168452083293885,0.696969696969697,0.6725,0.4166666666666667,0.625,0.5,0.30735042819928804,0.29487179487179493,0.4779415214425047,0.16499134552491448,36,14,6,10,0.15999999999999998
isotonic_exploratory,0.34500000000000003,0.7625,0.44168452083293885,0.696969696969697,0.6725,0.4166666666666667,0.625,0.5,0.30735042819928804,0.29487179487179493,0.4779415214425047,0.16499134552491448,36,14,6,10,0.15499999999999997
isotonic_exploratory,0.35000000000000003,0.7625,0.44168452083293885,0.696969696969697,0.6725,0.4166666666666667,0.625,0.5,0.30735042819928804,0.29487179487179493,0.4779415214425047,0.16499134552491448,36,14,6,10,0.14999999999999997
isotonic_exploratory,0.35500000000000004,0.7625,0.44168452083293885,0.696969696969697,0.6725,0.4166666666666667,0.625,0.5,0.30735042819928804,0.29487179487179493,0.4779415214425047,0.16499134552491448,36,14,6,10,0.14499999999999996
isotonic_exploratory,0.36000000000000004,0.7625,0.44168452083293885,0.696969696969697,0.6725,0.4166666666666667,0.625,0.5,0.30735042819928804,0.29487179487179493,0.4779415214425047,0.16499134552491448,36,14,6,10,0.13999999999999996
isotonic_exploratory,0.36500000000000005,0.7625,0.44168452083293885,0.696969696969697,0.6725,0.4166666666666667,0.625,0.5,0.30735042819928804,0.29487179487179493,0.4779415214425047,0.16499134552491448,36,14,6,10,0.13499999999999995
isotonic_exploratory,0.37000000000000005,0.7625,0.44168452083293885,0.696969696969697,0.6725,0.4166666666666667,0.625,0.5,0.30735042819928804,0.29487179487179493,0.4779415214425047,0.16499134552491448,36,14,6,10,0.12999999999999995
isotonic_exploratory,0.375,0.7625,0.44168452083293885,0.696969696969697,0.6725,0.4166666666666667,0.625,0.5,0.30735042819928804,0.29487179487179493,0.4779415214425047,0.16499134552491448,36,14,6,10,0.125
isotonic_exploratory,0.38,0.7625,0.44168452083293885,0.696969696969697,0.6725,0.4166666666666667,0.625,0.5,0.30735042819928804,0.29487179487179493,0.4779415214425047,0.16499134552491448,36,14,6,10,0.12
isotonic_exploratory,0.385,0.7625,0.44168452083293885,0.696969696969697,0.6725,0.4166666666666667,0.625,0.5,0.30735042819928804,0.29487179487179493,0.4779415214425047,0.16499134552491448,36,14,6,10,0.11499999999999999
isotonic_exploratory,0.39,0.7625,0.44168452083293885,0.696969696969697,0.6725,0.4166666666666667,0.625,0.5,0.30735042819928804,0.29487179487179493,0.4779415214425047,0.16499134552491448,36,14,6,10,0.10999999999999999
isotonic_exploratory,0.39285714285714285,0.7625,0.44168452083293885,0.696969696969697,0.6725,0.4166666666666667,0.625,0.5,0.30735042819928804,0.29487179487179493,0.4779415214425047,0.16499134552491448,36,14,6,10,0.10714285714285715
isotonic_exploratory,0.395,0.7625,0.44168452083293885,0.6818181818181818,0.62,0.38095238095238093,0.5,0.43243243243243246,0.22082097898955333,0.2169491525423728,0.4779415214425047,0.16499134552491448,37,13,8,8,0.10499999999999998
isotonic_exploratory,0.39859829244618306,0.7625,0.44168452083293885,0.6818181818181818,0.62,0.38095238095238093,0.5,0.43243243243243246,0.22082097898955333,0.2169491525423728,0.4779415214425047,0.16499134552491448,37,13,8,8,0.10140170755381694
isotonic_exploratory,0.39897696195393717,0.7625,0.44168452083293885,0.696969696969697,0.63,0.4,0.5,0.4444444444444444,0.2424512501424816,0.23963133640553003,0.4779415214425047,0.16499134552491448,38,12,8,8,0.10102303804606283
isotonic_exploratory,0.4,0.7625,0.44168452083293885,0.7121212121212122,0.64,0.42105263157894735,0.5,0.45714285714285713,0.2650191735969686,0.2632197414806111,0.4779415214425047,0.16499134552491448,39,11,8,8,0.09999999999999998
isotonic_exploratory,0.4026717606142112,0.7625,0.44168452083293885,0.7121212121212122,0.64,0.42105263157894735,0.5,0.45714285714285713,0.2650191735969686,0.2632197414806111,0.4779415214425047,0.16499134552491448,39,11,8,8,0.09732823938578877
isotonic_exploratory,0.4030062295700954,0.7625,0.44168452083293885,0.7272727272727273,0.65,0.4444444444444444,0.5,0.47058823529411764,0.28867513459481287,0.28776978417266186,0.4779415214425047,0.16499134552491448,40,10,8,8,0.09699377042990459
isotonic_exploratory,0.405,0.7625,0.44168452083293885,0.7424242424242424,0.6599999999999999,0.47058823529411764,0.5,0.48484848484848486,0.31359741283201614,0.31334149326805383,0.4779415214425047,0.16499134552491448,41,9,8,8,0.09499999999999997
isotonic_exploratory,0.4066131750176793,0.7625,0.44168452083293885,0.7424242424242424,0.6599999999999999,0.47058823529411764,0.5,0.48484848484848486,0.31359741283201614,0.31334149326805383,0.4779415214425047,0.16499134552491448,41,9,8,8,0.0933868249823207
isotonic_exploratory,0.41000000000000003,0.7625,0.44168452083293885,0.7272727272727273,0.6287499999999999,0.4375,0.4375,0.4375,0.2575,0.25749999999999995,0.4779415214425047,0.16499134552491448,41,9,9,7,0.08999999999999997
isotonic_exploratory,0.41204790131203445,0.7625,0.44168452083293885,0.7272727272727273,0.6287499999999999,0.4375,0.4375,0.4375,0.2575,0.25749999999999995,0.4779415214425047,0.16499134552491448,41,9,9,7,0.08795209868796555
isotonic_exploratory,0.41500000000000004,0.7625,0.44168452083293885,0.7424242424242424,0.6387499999999999,0.4666666666666667,0.4375,0.45161290322580644,0.2837770458735271,0.28352490421455934,0.4779415214425047,0.16499134552491448,42,8,9,7,0.08499999999999996
isotonic_exploratory,0.42000000000000004,0.7625,0.44168452083293885,0.7424242424242424,0.6387499999999999,0.4666666666666667,0.4375,0.45161290322580644,0.2837770458735271,0.28352490421455934,0.4779415214425047,0.16499134552491448,42,8,9,7,0.07999999999999996
isotonic_exploratory,0.42500000000000004,0.7625,0.44168452083293885,0.7424242424242424,0.6387499999999999,0.4666666666666667,0.4375,0.45161290322580644,0.2837770458735271,0.28352490421455934,0.4779415214425047,0.16499134552491448,42,8,9,7,0.07499999999999996
isotonic_exploratory,0.43000000000000005,0.7625,0.44168452083293885,0.7424242424242424,0.6387499999999999,0.4666666666666667,0.4375,0.45161290322580644,0.2837770458735271,0.28352490421455934,0.4779415214425047,0.16499134552491448,42,8,9,7,0.06999999999999995
isotonic_exploratory,0.4314675803368873,0.7625,0.44168452083293885,0.7424242424242424,0.6387499999999999,0.4666666666666667,0.4375,0.45161290322580644,0.2837770458735271,0.28352490421455934,0.4779415214425047,0.16499134552491448,42,8,9,7,0.06853241966311269
isotonic_exploratory,0.43500000000000005,0.7625,0.44168452083293885,0.7272727272727273,0.6074999999999999,0.42857142857142855,0.375,0.4,0.22538123989521244,0.2245430809399478,0.4779415214425047,0.16499134552491448,42,8,10,6,0.06499999999999995
isotonic_exploratory,0.44,0.7625,0.44168452083293885,0.7272727272727273,0.6074999999999999,0.42857142857142855,0.375,0.4,0.22538123989521244,0.2245430809399478,0.4779415214425047,0.16499134552491448,42,8,10,6,0.06
isotonic_exploratory,0.44257224000133877,0.7625,0.44168452083293885,0.7272727272727273,0.6074999999999999,0.42857142857142855,0.375,0.4,0.22538123989521244,0.2245430809399478,0.4779415214425047,0.16499134552491448,42,8,10,6,0.05742775999866123
isotonic_exploratory,0.445,0.7625,0.44168452083293885,0.7121212121212122,0.5762499999999999,0.38461538461538464,0.3125,0.3448275862068966,0.1643255998243114,0.16288384512683574,0.4779415214425047,0.16499134552491448,42,8,11,5,0.05499999999999999
isotonic_exploratory,0.45,0.7625,0.44168452083293885,0.7121212121212122,0.5762499999999999,0.38461538461538464,0.3125,0.3448275862068966,0.1643255998243114,0.16288384512683574,0.4779415214425047,0.16499134552491448,42,8,11,5,0.04999999999999999
isotonic_exploratory,0.454254667554663,0.7625,0.44168452083293885,0.7121212121212122,0.5762499999999999,0.38461538461538464,0.3125,0.3448275862068966,0.1643255998243114,0.16288384512683574,0.4779415214425047,0.16499134552491448,42,8,11,5,0.04574533244533702
isotonic_exploratory,0.455,0.7625,0.44168452083293885,0.696969696969697,0.5449999999999999,0.3333333333333333,0.25,0.2857142857142857,0.1,0.09836065573770503,0.4779415214425047,0.16499134552491448,42,8,12,4,0.044999999999999984
isotonic_exploratory,0.46,0.7625,0.44168452083293885,0.696969696969697,0.5449999999999999,0.3333333333333333,0.25,0.2857142857142857,0.1,0.09836065573770503,0.4779415214425047,0.16499134552491448,42,8,12,4,0.03999999999999998
isotonic_exploratory,0.465,0.7625,0.44168452083293885,0.696969696969697,0.5449999999999999,0.3333333333333333,0.25,0.2857142857142857,0.1,0.09836065573770503,0.4779415214425047,0.16499134552491448,42,8,12,4,0.034999999999999976
isotonic_exploratory,0.47000000000000003,0.7625,0.44168452083293885,0.696969696969697,0.5449999999999999,0.3333333333333333,0.25,0.2857142857142857,0.1,0.09836065573770503,0.4779415214425047,0.16499134552491448,42,8,12,4,0.02999999999999997
isotonic_exploratory,0.47500000000000003,0.7625,0.44168452083293885,0.696969696969697,0.5449999999999999,0.3333333333333333,0.25,0.2857142857142857,0.1,0.09836065573770503,0.4779415214425047,0.16499134552491448,42,8,12,4,0.024999999999999967
isotonic_exploratory,0.48000000000000004,0.7625,0.44168452083293885,0.696969696969697,0.5449999999999999,0.3333333333333333,0.25,0.2857142857142857,0.1,0.09836065573770503,0.4779415214425047,0.16499134552491448,42,8,12,4,0.019999999999999962
isotonic_exploratory,0.48500000000000004,0.7625,0.44168452083293885,0.696969696969697,0.5449999999999999,0.3333333333333333,0.25,0.2857142857142857,0.1,0.09836065573770503,0.4779415214425047,0.16499134552491448,42,8,12,4,0.014999999999999958
isotonic_exploratory,0.49000000000000005,0.7625,0.44168452083293885,0.696969696969697,0.5449999999999999,0.3333333333333333,0.25,0.2857142857142857,0.1,0.09836065573770503,0.4779415214425047,0.16499134552491448,42,8,12,4,0.009999999999999953
isotonic_exploratory,0.49500000000000005,0.7625,0.44168452083293885,0.696969696969697,0.5449999999999999,0.3333333333333333,0.25,0.2857142857142857,0.1,0.09836065573770503,0.4779415214425047,0.16499134552491448,42,8,12,4,0.004999999999999949
isotonic_exploratory,0.4962372063624825,0.7625,0.44168452083293885,0.696969696969697,0.5449999999999999,0.3333333333333333,0.25,0.2857142857142857,0.1,0.09836065573770503,0.4779415214425047,0.16499134552491448,42,8,12,4,0.0037627936375175253
isotonic_exploratory,0.5,0.7625,0.44168452083293885,0.7121212121212122,0.5549999999999999,0.36363636363636365,0.25,0.2962962962962963,0.12649110640673517,0.12307692307692308,0.4779415214425047,0.16499134552491448,43,7,12,4,0.0
isotonic_exploratory,0.505,0.7625,0.44168452083293885,0.7575757575757576,0.52125,0.5,0.0625,0.1111111111111111,0.10625,0.06049822064056942,0.4779415214425047,0.16499134552491448,49,1,15,1,0.0050000000000000044
isotonic_exploratory,0.51,0.7625,0.44168452083293885,0.7575757575757576,0.52125,0.5,0.0625,0.1111111111111111,0.10625,0.06049822064056942,0.4779415214425047,0.16499134552491448,49,1,15,1,0.010000000000000009
isotonic_exploratory,0.515,0.7625,0.44168452083293885,0.7575757575757576,0.52125,0.5,0.0625,0.1111111111111111,0.10625,0.06049822064056942,0.4779415214425047,0.16499134552491448,49,1,15,1,0.015000000000000013
isotonic_exploratory,0.52,0.7625,0.44168452083293885,0.7575757575757576,0.52125,0.5,0.0625,0.1111111111111111,0.10625,0.06049822064056942,0.4779415214425047,0.16499134552491448,49,1,15,1,0.020000000000000018
isotonic_exploratory,0.525,0.7625,0.44168452083293885,0.7575757575757576,0.52125,0.5,0.0625,0.1111111111111111,0.10625,0.06049822064056942,0.4779415214425047,0.16499134552491448,49,1,15,1,0.025000000000000022
isotonic_exploratory,0.53,0.7625,0.44168452083293885,0.7575757575757576,0.52125,0.5,0.0625,0.1111111111111111,0.10625,0.06049822064056942,0.4779415214425047,0.16499134552491448,49,1,15,1,0.030000000000000027
isotonic_exploratory,0.535,0.7625,0.44168452083293885,0.7575757575757576,0.52125,0.5,0.0625,0.1111111111111111,0.10625,0.06049822064056942,0.4779415214425047,0.16499134552491448,49,1,15,1,0.03500000000000003
isotonic_exploratory,0.54,0.7625,0.44168452083293885,0.7575757575757576,0.52125,0.5,0.0625,0.1111111111111111,0.10625,0.06049822064056942,0.4779415214425047,0.16499134552491448,49,1,15,1,0.040000000000000036
isotonic_exploratory,0.545,0.7625,0.44168452083293885,0.7575757575757576,0.52125,0.5,0.0625,0.1111111111111111,0.10625,0.06049822064056942,0.4779415214425047,0.16499134552491448,49,1,15,1,0.04500000000000004
isotonic_exploratory,0.55,0.7625,0.44168452083293885,0.7575757575757576,0.52125,0.5,0.0625,0.1111111111111111,0.10625,0.06049822064056942,0.4779415214425047,0.16499134552491448,49,1,15,1,0.050000000000000044
isotonic_exploratory,0.555,0.7625,0.44168452083293885,0.7575757575757576,0.52125,0.5,0.0625,0.1111111111111111,0.10625,0.06049822064056942,0.4779415214425047,0.16499134552491448,49,1,15,1,0.05500000000000005
isotonic_exploratory,0.56,0.7625,0.44168452083293885,0.7575757575757576,0.52125,0.5,0.0625,0.1111111111111111,0.10625,0.06049822064056942,0.4779415214425047,0.16499134552491448,49,1,15,1,0.06000000000000005
isotonic_exploratory,0.5650000000000001,0.7625,0.44168452083293885,0.7575757575757576,0.52125,0.5,0.0625,0.1111111111111111,0.10625,0.06049822064056942,0.4779415214425047,0.16499134552491448,49,1,15,1,0.06500000000000006
isotonic_exploratory,0.5700000000000001,0.7625,0.44168452083293885,0.7575757575757576,0.52125,0.5,0.0625,0.1111111111111111,0.10625,0.06049822064056942,0.4779415214425047,0.16499134552491448,49,1,15,1,0.07000000000000006
isotonic_exploratory,0.5750000000000001,0.7625,0.44168452083293885,0.7575757575757576,0.52125,0.5,0.0625,0.1111111111111111,0.10625,0.06049822064056942,0.4779415214425047,0.16499134552491448,49,1,15,1,0.07500000000000007
isotonic_exploratory,0.5793650793650793,0.7625,0.44168452083293885,0.7575757575757576,0.52125,0.5,0.0625,0.1111111111111111,0.10625,0.06049822064056942,0.4779415214425047,0.16499134552491448,49,1,15,1,0.0793650793650793
isotonic_exploratory,0.5800000000000001,0.7625,0.44168452083293885,0.7727272727272727,0.53125,1.0,0.0625,0.11764705882352941,0.2192645048267573,0.09174311926605505,0.4779415214425047,0.16499134552491448,50,0,15,1,0.08000000000000007
isotonic_exploratory,0.5850000000000001,0.7625,0.44168452083293885,0.7727272727272727,0.53125,1.0,0.0625,0.11764705882352941,0.2192645048267573,0.09174311926605505,0.4779415214425047,0.16499134552491448,50,0,15,1,0.08500000000000008
isotonic_exploratory,0.5900000000000001,0.7625,0.44168452083293885,0.7727272727272727,0.53125,1.0,0.0625,0.11764705882352941,0.2192645048267573,0.09174311926605505,0.4779415214425047,0.16499134552491448,50,0,15,1,0.09000000000000008
isotonic_exploratory,0.5950000000000001,0.7625,0.44168452083293885,0.7727272727272727,0.53125,1.0,0.0625,0.11764705882352941,0.2192645048267573,0.09174311926605505,0.4779415214425047,0.16499134552491448,50,0,15,1,0.09500000000000008
isotonic_exploratory,0.6,0.7625,0.44168452083293885,0.7727272727272727,0.53125,1.0,0.0625,0.11764705882352941,0.2192645048267573,0.09174311926605505,0.4779415214425047,0.16499134552491448,50,0,15,1,0.09999999999999998
isotonic_exploratory,0.605,0.7625,0.44168452083293885,0.7727272727272727,0.53125,1.0,0.0625,0.11764705882352941,0.2192645048267573,0.09174311926605505,0.4779415214425047,0.16499134552491448,50,0,15,1,0.10499999999999998
isotonic_exploratory,0.61,0.7625,0.44168452083293885,0.7727272727272727,0.53125,1.0,0.0625,0.11764705882352941,0.2192645048267573,0.09174311926605505,0.4779415214425047,0.16499134552491448,50,0,15,1,0.10999999999999999
isotonic_exploratory,0.615,0.7625,0.44168452083293885,0.7727272727272727,0.53125,1.0,0.0625,0.11764705882352941,0.2192645048267573,0.09174311926605505,0.4779415214425047,0.16499134552491448,50,0,15,1,0.11499999999999999
isotonic_exploratory,0.62,0.7625,0.44168452083293885,0.7727272727272727,0.53125,1.0,0.0625,0.11764705882352941,0.2192645048267573,0.09174311926605505,0.4779415214425047,0.16499134552491448,50,0,15,1,0.12
isotonic_exploratory,0.625,0.7625,0.44168452083293885,0.7727272727272727,0.53125,1.0,0.0625,0.11764705882352941,0.2192645048267573,0.09174311926605505,0.4779415214425047,0.16499134552491448,50,0,15,1,0.125
isotonic_exploratory,0.63,0.7625,0.44168452083293885,0.7727272727272727,0.53125,1.0,0.0625,0.11764705882352941,0.2192645048267573,0.09174311926605505,0.4779415214425047,0.16499134552491448,50,0,15,1,0.13
isotonic_exploratory,0.635,0.7625,0.44168452083293885,0.7727272727272727,0.53125,1.0,0.0625,0.11764705882352941,0.2192645048267573,0.09174311926605505,0.4779415214425047,0.16499134552491448,50,0,15,1,0.135
isotonic_exploratory,0.64,0.7625,0.44168452083293885,0.7727272727272727,0.53125,1.0,0.0625,0.11764705882352941,0.2192645048267573,0.09174311926605505,0.4779415214425047,0.16499134552491448,50,0,15,1,0.14
isotonic_exploratory,0.645,0.7625,0.44168452083293885,0.7727272727272727,0.53125,1.0,0.0625,0.11764705882352941,0.2192645048267573,0.09174311926605505,0.4779415214425047,0.16499134552491448,50,0,15,1,0.14500000000000002
isotonic_exploratory,0.6465303384928893,0.7625,0.44168452083293885,0.7727272727272727,0.53125,1.0,0.0625,0.11764705882352941,0.2192645048267573,0.09174311926605505,0.4779415214425047,0.16499134552491448,50,0,15,1,0.14653033849288932
isotonic_exploratory,0.65,0.7625,0.44168452083293885,0.7575757575757576,0.5,0.0,0.0,0.0,0.0,0.0,0.4779415214425047,0.16499134552491448,50,0,16,0,0.15000000000000002
isotonic_exploratory,0.655,0.7625,0.44168452083293885,0.7575757575757576,0.5,0.0,0.0,0.0,0.0,0.0,0.4779415214425047,0.16499134552491448,50,0,16,0,0.15500000000000003
isotonic_exploratory,0.66,0.7625,0.44168452083293885,0.7575757575757576,0.5,0.0,0.0,0.0,0.0,0.0,0.4779415214425047,0.16499134552491448,50,0,16,0,0.16000000000000003
isotonic_exploratory,0.665,0.7625,0.44168452083293885,0.7575757575757576,0.5,0.0,0.0,0.0,0.0,0.0,0.4779415214425047,0.16499134552491448,50,0,16,0,0.16500000000000004
isotonic_exploratory,0.67,0.7625,0.44168452083293885,0.7575757575757576,0.5,0.0,0.0,0.0,0.0,0.0,0.4779415214425047,0.16499134552491448,50,0,16,0,0.17000000000000004
isotonic_exploratory,0.675,0.7625,0.44168452083293885,0.7575757575757576,0.5,0.0,0.0,0.0,0.0,0.0,0.4779415214425047,0.16499134552491448,50,0,16,0,0.17500000000000004
isotonic_exploratory,0.68,0.7625,0.44168452083293885,0.7575757575757576,0.5,0.0,0.0,0.0,0.0,0.0,0.4779415214425047,0.16499134552491448,50,0,16,0,0.18000000000000005
isotonic_exploratory,0.685,0.7625,0.44168452083293885,0.7575757575757576,0.5,0.0,0.0,0.0,0.0,0.0,0.4779415214425047,0.16499134552491448,50,0,16,0,0.18500000000000005
isotonic_exploratory,0.6900000000000001,0.7625,0.44168452083293885,0.7575757575757576,0.5,0.0,0.0,0.0,0.0,0.0,0.4779415214425047,0.16499134552491448,50,0,16,0,0.19000000000000006
isotonic_exploratory,0.6950000000000001,0.7625,0.44168452083293885,0.7575757575757576,0.5,0.0,0.0,0.0,0.0,0.0,0.4779415214425047,0.16499134552491448,50,0,16,0,0.19500000000000006
isotonic_exploratory,0.7000000000000001,0.7625,0.44168452083293885,0.7575757575757576,0.5,0.0,0.0,0.0,0.0,0.0,0.4779415214425047,0.16499134552491448,50,0,16,0,0.20000000000000007
isotonic_exploratory,0.7050000000000001,0.7625,0.44168452083293885,0.7575757575757576,0.5,0.0,0.0,0.0,0.0,0.0,0.4779415214425047,0.16499134552491448,50,0,16,0,0.20500000000000007
isotonic_exploratory,0.7100000000000001,0.7625,0.44168452083293885,0.7575757575757576,0.5,0.0,0.0,0.0,0.0,0.0,0.4779415214425047,0.16499134552491448,50,0,16,0,0.21000000000000008
isotonic_exploratory,0.7150000000000001,0.7625,0.44168452083293885,0.7575757575757576,0.5,0.0,0.0,0.0,0.0,0.0,0.4779415214425047,0.16499134552491448,50,0,16,0,0.21500000000000008
isotonic_exploratory,0.7200000000000001,0.7625,0.44168452083293885,0.7575757575757576,0.5,0.0,0.0,0.0,0.0,0.0,0.4779415214425047,0.16499134552491448,50,0,16,0,0.22000000000000008
isotonic_exploratory,0.725,0.7625,0.44168452083293885,0.7575757575757576,0.5,0.0,0.0,0.0,0.0,0.0,0.4779415214425047,0.16499134552491448,50,0,16,0,0.22499999999999998
isotonic_exploratory,0.73,0.7625,0.44168452083293885,0.7575757575757576,0.5,0.0,0.0,0.0,0.0,0.0,0.4779415214425047,0.16499134552491448,50,0,16,0,0.22999999999999998
isotonic_exploratory,0.735,0.7625,0.44168452083293885,0.7575757575757576,0.5,0.0,0.0,0.0,0.0,0.0,0.4779415214425047,0.16499134552491448,50,0,16,0,0.235
isotonic_exploratory,0.74,0.7625,0.44168452083293885,0.7575757575757576,0.5,0.0,0.0,0.0,0.0,0.0,0.4779415214425047,0.16499134552491448,50,0,16,0,0.24
isotonic_exploratory,0.745,0.7625,0.44168452083293885,0.7575757575757576,0.5,0.0,0.0,0.0,0.0,0.0,0.4779415214425047,0.16499134552491448,50,0,16,0,0.245
isotonic_exploratory,0.75,0.7625,0.44168452083293885,0.7575757575757576,0.5,0.0,0.0,0.0,0.0,0.0,0.4779415214425047,0.16499134552491448,50,0,16,0,0.25
isotonic_exploratory,0.755,0.7625,0.44168452083293885,0.7575757575757576,0.5,0.0,0.0,0.0,0.0,0.0,0.4779415214425047,0.16499134552491448,50,0,16,0,0.255
isotonic_exploratory,0.76,0.7625,0.44168452083293885,0.7575757575757576,0.5,0.0,0.0,0.0,0.0,0.0,0.4779415214425047,0.16499134552491448,50,0,16,0,0.26
isotonic_exploratory,0.765,0.7625,0.44168452083293885,0.7575757575757576,0.5,0.0,0.0,0.0,0.0,0.0,0.4779415214425047,0.16499134552491448,50,0,16,0,0.265
isotonic_exploratory,0.77,0.7625,0.44168452083293885,0.7575757575757576,0.5,0.0,0.0,0.0,0.0,0.0,0.4779415214425047,0.16499134552491448,50,0,16,0,0.27
isotonic_exploratory,0.775,0.7625,0.44168452083293885,0.7575757575757576,0.5,0.0,0.0,0.0,0.0,0.0,0.4779415214425047,0.16499134552491448,50,0,16,0,0.275
isotonic_exploratory,0.78,0.7625,0.44168452083293885,0.7575757575757576,0.5,0.0,0.0,0.0,0.0,0.0,0.4779415214425047,0.16499134552491448,50,0,16,0,0.28
isotonic_exploratory,0.785,0.7625,0.44168452083293885,0.7575757575757576,0.5,0.0,0.0,0.0,0.0,0.0,0.4779415214425047,0.16499134552491448,50,0,16,0,0.28500000000000003
isotonic_exploratory,0.79,0.7625,0.44168452083293885,0.7575757575757576,0.5,0.0,0.0,0.0,0.0,0.0,0.4779415214425047,0.16499134552491448,50,0,16,0,0.29000000000000004
isotonic_exploratory,0.795,0.7625,0.44168452083293885,0.7575757575757576,0.5,0.0,0.0,0.0,0.0,0.0,0.4779415214425047,0.16499134552491448,50,0,16,0,0.29500000000000004
isotonic_exploratory,0.8,0.7625,0.44168452083293885,0.7575757575757576,0.5,0.0,0.0,0.0,0.0,0.0,0.4779415214425047,0.16499134552491448,50,0,16,0,0.30000000000000004
isotonic_exploratory,0.805,0.7625,0.44168452083293885,0.7575757575757576,0.5,0.0,0.0,0.0,0.0,0.0,0.4779415214425047,0.16499134552491448,50,0,16,0,0.30500000000000005
isotonic_exploratory,0.81,0.7625,0.44168452083293885,0.7575757575757576,0.5,0.0,0.0,0.0,0.0,0.0,0.4779415214425047,0.16499134552491448,50,0,16,0,0.31000000000000005
isotonic_exploratory,0.8150000000000001,0.7625,0.44168452083293885,0.7575757575757576,0.5,0.0,0.0,0.0,0.0,0.0,0.4779415214425047,0.16499134552491448,50,0,16,0,0.31500000000000006
isotonic_exploratory,0.8200000000000001,0.7625,0.44168452083293885,0.7575757575757576,0.5,0.0,0.0,0.0,0.0,0.0,0.4779415214425047,0.16499134552491448,50,0,16,0,0.32000000000000006
isotonic_exploratory,0.8250000000000001,0.7625,0.44168452083293885,0.7575757575757576,0.5,0.0,0.0,0.0,0.0,0.0,0.4779415214425047,0.16499134552491448,50,0,16,0,0.32500000000000007
isotonic_exploratory,0.8300000000000001,0.7625,0.44168452083293885,0.7575757575757576,0.5,0.0,0.0,0.0,0.0,0.0,0.4779415214425047,0.16499134552491448,50,0,16,0,0.33000000000000007
isotonic_exploratory,0.8350000000000001,0.7625,0.44168452083293885,0.7575757575757576,0.5,0.0,0.0,0.0,0.0,0.0,0.4779415214425047,0.16499134552491448,50,0,16,0,0.3350000000000001
isotonic_exploratory,0.8400000000000001,0.7625,0.44168452083293885,0.7575757575757576,0.5,0.0,0.0,0.0,0.0,0.0,0.4779415214425047,0.16499134552491448,50,0,16,0,0.3400000000000001
isotonic_exploratory,0.8450000000000001,0.7625,0.44168452083293885,0.7575757575757576,0.5,0.0,0.0,0.0,0.0,0.0,0.4779415214425047,0.16499134552491448,50,0,16,0,0.3450000000000001
isotonic_exploratory,0.8500000000000001,0.7625,0.44168452083293885,0.7575757575757576,0.5,0.0,0.0,0.0,0.0,0.0,0.4779415214425047,0.16499134552491448,50,0,16,0,0.3500000000000001
isotonic_exploratory,0.855,0.7625,0.44168452083293885,0.7575757575757576,0.5,0.0,0.0,0.0,0.0,0.0,0.4779415214425047,0.16499134552491448,50,0,16,0,0.355
isotonic_exploratory,0.86,0.7625,0.44168452083293885,0.7575757575757576,0.5,0.0,0.0,0.0,0.0,0.0,0.4779415214425047,0.16499134552491448,50,0,16,0,0.36
isotonic_exploratory,0.865,0.7625,0.44168452083293885,0.7575757575757576,0.5,0.0,0.0,0.0,0.0,0.0,0.4779415214425047,0.16499134552491448,50,0,16,0,0.365
isotonic_exploratory,0.87,0.7625,0.44168452083293885,0.7575757575757576,0.5,0.0,0.0,0.0,0.0,0.0,0.4779415214425047,0.16499134552491448,50,0,16,0,0.37
isotonic_exploratory,0.875,0.7625,0.44168452083293885,0.7575757575757576,0.5,0.0,0.0,0.0,0.0,0.0,0.4779415214425047,0.16499134552491448,50,0,16,0,0.375
isotonic_exploratory,0.88,0.7625,0.44168452083293885,0.7575757575757576,0.5,0.0,0.0,0.0,0.0,0.0,0.4779415214425047,0.16499134552491448,50,0,16,0,0.38
isotonic_exploratory,0.885,0.7625,0.44168452083293885,0.7575757575757576,0.5,0.0,0.0,0.0,0.0,0.0,0.4779415214425047,0.16499134552491448,50,0,16,0,0.385
isotonic_exploratory,0.89,0.7625,0.44168452083293885,0.7575757575757576,0.5,0.0,0.0,0.0,0.0,0.0,0.4779415214425047,0.16499134552491448,50,0,16,0,0.39
isotonic_exploratory,0.895,0.7625,0.44168452083293885,0.7575757575757576,0.5,0.0,0.0,0.0,0.0,0.0,0.4779415214425047,0.16499134552491448,50,0,16,0,0.395
isotonic_exploratory,0.9,0.7625,0.44168452083293885,0.7575757575757576,0.5,0.0,0.0,0.0,0.0,0.0,0.4779415214425047,0.16499134552491448,50,0,16,0,0.4
isotonic_exploratory,0.905,0.7625,0.44168452083293885,0.7575757575757576,0.5,0.0,0.0,0.0,0.0,0.0,0.4779415214425047,0.16499134552491448,50,0,16,0,0.405
isotonic_exploratory,0.91,0.7625,0.44168452083293885,0.7575757575757576,0.5,0.0,0.0,0.0,0.0,0.0,0.4779415214425047,0.16499134552491448,50,0,16,0,0.41000000000000003
isotonic_exploratory,0.915,0.7625,0.44168452083293885,0.7575757575757576,0.5,0.0,0.0,0.0,0.0,0.0,0.4779415214425047,0.16499134552491448,50,0,16,0,0.41500000000000004
isotonic_exploratory,0.92,0.7625,0.44168452083293885,0.7575757575757576,0.5,0.0,0.0,0.0,0.0,0.0,0.4779415214425047,0.16499134552491448,50,0,16,0,0.42000000000000004
isotonic_exploratory,0.925,0.7625,0.44168452083293885,0.7575757575757576,0.5,0.0,0.0,0.0,0.0,0.0,0.4779415214425047,0.16499134552491448,50,0,16,0,0.42500000000000004
isotonic_exploratory,0.93,0.7625,0.44168452083293885,0.7575757575757576,0.5,0.0,0.0,0.0,0.0,0.0,0.4779415214425047,0.16499134552491448,50,0,16,0,0.43000000000000005
isotonic_exploratory,0.935,0.7625,0.44168452083293885,0.7575757575757576,0.5,0.0,0.0,0.0,0.0,0.0,0.4779415214425047,0.16499134552491448,50,0,16,0,0.43500000000000005
isotonic_exploratory,0.9400000000000001,0.7625,0.44168452083293885,0.7575757575757576,0.5,0.0,0.0,0.0,0.0,0.0,0.4779415214425047,0.16499134552491448,50,0,16,0,0.44000000000000006
isotonic_exploratory,0.9450000000000001,0.7625,0.44168452083293885,0.7575757575757576,0.5,0.0,0.0,0.0,0.0,0.0,0.4779415214425047,0.16499134552491448,50,0,16,0,0.44500000000000006
isotonic_exploratory,0.9500000000000001,0.7625,0.44168452083293885,0.7575757575757576,0.5,0.0,0.0,0.0,0.0,0.0,0.4779415214425047,0.16499134552491448,50,0,16,0,0.45000000000000007
isotonic_exploratory,0.9550000000000001,0.7625,0.44168452083293885,0.7575757575757576,0.5,0.0,0.0,0.0,0.0,0.0,0.4779415214425047,0.16499134552491448,50,0,16,0,0.45500000000000007
isotonic_exploratory,0.9600000000000001,0.7625,0.44168452083293885,0.7575757575757576,0.5,0.0,0.0,0.0,0.0,0.0,0.4779415214425047,0.16499134552491448,50,0,16,0,0.4600000000000001
isotonic_exploratory,0.9650000000000001,0.7625,0.44168452083293885,0.7575757575757576,0.5,0.0,0.0,0.0,0.0,0.0,0.4779415214425047,0.16499134552491448,50,0,16,0,0.4650000000000001
isotonic_exploratory,0.9700000000000001,0.7625,0.44168452083293885,0.7575757575757576,0.5,0.0,0.0,0.0,0.0,0.0,0.4779415214425047,0.16499134552491448,50,0,16,0,0.4700000000000001
isotonic_exploratory,0.9750000000000001,0.7625,0.44168452083293885,0.7575757575757576,0.5,0.0,0.0,0.0,0.0,0.0,0.4779415214425047,0.16499134552491448,50,0,16,0,0.4750000000000001
isotonic_exploratory,0.98,0.7625,0.44168452083293885,0.7575757575757576,0.5,0.0,0.0,0.0,0.0,0.0,0.4779415214425047,0.16499134552491448,50,0,16,0,0.48
