user_id,train_history_count,candidate_count_validation
26,1,144
102,1,144
118,1,144
137,1,144
155,1,144
182,1,144
211,1,144
224,1,144
227,1,144
230,1,144
278,1,144
288,1,144
306,1,144
347,1,144
366,1,144
498,1,144
512,1,144
585,1,144
591,1,144
636,1,144
763,1,144
778,1,144
810,1,144
870,1,144
917,1,144
953,1,144
990,1,144
1014,1,144
1037,1,144
1095,1,144
1115,1,144
1128,1,144
1157,1,144
1185,1,144
1226,1,144
1228,1,144
1249,1,144
1286,1,144
1351,1,144
1352,1,144
1391,1,144
1432,1,144
1558,1,144
1592,1,144
1593,1,144
1598,1,144
1602,1,144
1605,1,144
1614,1,144
1615,1,144
1623,1,144
1639,1,144
1664,1,144
1735,1,144
1851,1,144
1878,1,144
1917,1,144
1954,1,144
2088,1,144
2134,1,144
2317,1,144
2319,1,144
2363,1,144
2449,1,144
2458,1,144
2472,1,144
2481,1,144
2516,1,144
2609,1,144
2722,1,144
2738,1,144
2917,1,144
2944,1,144
2946,1,144
2948,1,144
3084,1,144
3108,1,144
3134,1,144
3226,1,144
3250,1,144
3267,1,144
3326,1,144
3426,1,144
3556,1,144
3593,1,144
3716,1,144
3753,1,144
3764,1,144
4046,1,144
4188,1,144
4229,1,144
4337,1,144
4343,1,144
4425,1,144
4443,1,144
4500,1,144
4603,1,144
4623,1,144
4651,1,144
4672,1,144
4836,1,144
4837,1,144
4863,1,144
4867,1,144
4910,1,144
4933,1,144
5089,1,144
5173,1,144
5181,1,144
5250,1,144
5259,1,144
5323,1,144
5349,1,144
5393,1,144
5417,1,144
5448,1,144
5530,1,144
5535,1,144
5539,1,144
5605,1,144
5664,1,144
5733,1,144
5771,1,144
5817,1,144
5839,1,144
5866,1,144
5968,1,144
6027,1,144
6036,1,144
6039,1,144
6114,1,144
6188,1,144
6270,1,144
6332,1,144
6375,1,144
6490,1,144
6499,1,144
6528,1,144
6532,1,144
6643,1,144
6700,1,144
6871,1,144
6875,1,144
6939,1,144
7050,1,144
7052,1,144
7069,1,144
7129,1,144
7190,1,144
7229,1,144
7247,1,144
7261,1,144
7292,1,144
7333,1,144
7354,1,144
7418,1,144
7634,1,144
7788,1,144
7790,1,144
7904,1,144
7913,1,144
7978,1,144
8081,1,144
8130,1,144
8142,1,144
8153,1,144
8197,1,144
8267,1,144
8333,1,144
8401,1,144
8459,1,144
8536,1,144
8567,1,144
8586,1,144
8609,1,144
8699,1,144
8828,1,144
8832,1,144
8942,1,144
9235,1,144
9323,1,144
9327,1,144
9421,1,144
9654,1,144
9705,1,144
9898,1,144
9907,1,144
9957,1,144
10099,1,144
10117,1,144
10226,1,144
10383,1,144
10446,1,144
10460,1,144
10502,1,144
10508,1,144
10535,1,144
10574,1,144
10682,1,144
10702,1,144
10706,1,144
10998,1,144
11169,1,144
11241,1,144
11696,1,144
11700,1,144
11782,1,144
12050,1,144
12083,1,144
12100,1,144
12174,1,144
12271,1,144
12423,1,144
12481,1,144
12524,1,144
12686,1,144
12793,1,144
12875,1,144
13096,1,144
13283,1,144
13300,1,144
13301,1,144
13303,1,144
13393,1,144
13595,1,144
13653,1,144
13781,1,144
13989,1,144
14014,1,144
14161,1,144
14173,1,144
14323,1,144
14330,1,144
14349,1,144
14454,1,144
14510,1,144
14569,1,144
14677,1,144
14762,1,144
14783,1,144
14960,1,144
14989,1,144
15014,1,144
15115,1,144
15126,1,144
15179,1,144
15248,1,144
15274,1,144
15394,1,144
15484,1,144
15594,1,144
15651,1,144
15725,1,144
15809,1,144
15849,1,144
16032,1,144
16454,1,144
16519,1,144
16737,1,144
16769,1,144
16865,1,144
16932,1,144
17013,1,144
17043,1,144
17164,1,144
17178,1,144
17232,1,144
17237,1,144
17565,1,144
17655,1,144
17748,1,144
17833,1,144
17929,1,144
17947,1,144
17980,1,144
17991,1,144
18080,1,144
18141,1,144
18383,1,144
18412,1,144
18490,1,144
18528,1,144
18544,1,144
18561,1,144
18831,1,144
19168,1,144
19176,1,144
19201,1,144
19441,1,144
19495,1,144
19609,1,144
19625,1,144
19721,1,144
19755,1,144
19793,1,144
19794,1,144
19872,1,144
19875,1,144
19881,1,144
19985,1,144
20032,1,144
20110,1,144
20201,1,144
20370,1,144
20524,1,144
20738,1,144
20770,1,144
20999,1,144
21094,1,144
21205,1,144
21219,1,144
21420,1,144
21452,1,144
21453,1,144
21505,1,144
21592,1,144
21626,1,144
21740,1,144
21761,1,144
21772,1,144
21919,1,144
21992,1,144
22216,1,144
22486,1,144
22612,1,144
22614,1,144
22681,1,144
22811,1,144
22852,1,144
22946,1,144
23097,1,144
23153,1,144
23272,1,144
23305,1,144
23368,1,144
23410,1,144
23453,1,144
23519,1,144
23535,1,144
23861,1,144
23943,1,144
23975,1,144
24005,1,144
24247,1,144
24449,1,144
24555,1,144
24597,1,144
24681,1,144
24772,1,144
25034,1,144
25346,1,144
25710,1,144
25727,1,144
25772,1,144
25954,1,144
26042,1,144
26278,1,144
26383,1,144
26620,1,144
26656,1,144
26739,1,144
26783,1,144
26844,1,144
26889,1,144
26890,1,144
26976,1,144
27011,1,144
27257,1,144
27380,1,144
27912,1,144
28253,1,144
28353,1,144
28428,1,144
28488,1,144
28634,1,144
28670,1,144
28956,1,144
29039,1,144
29101,1,144
29429,1,144
29612,1,144
29658,1,144
29692,1,144
29834,1,144
30021,1,144
30054,1,144
30218,1,144
30241,1,144
30445,1,144
30456,1,144
30460,1,144
30503,1,144
30594,1,144
30776,1,144
30856,1,144
30984,1,144
31001,1,144
31202,1,144
31247,1,144
31481,1,144
31543,1,144
31591,1,144
31597,1,144
31751,1,144
31774,1,144
31819,1,144
32214,1,144
32248,1,144
33046,1,144
33054,1,144
33092,1,144
33229,1,144
33390,1,144
33528,1,144
33952,1,144
34030,1,144
34079,1,144
34182,1,144
34284,1,144
34359,1,144
34519,1,144
34577,1,144
34686,1,144
34764,1,144
34790,1,144
35148,1,144
35289,1,144
35297,1,144
35640,1,144
35998,1,144
36012,1,144
36068,1,144
36079,1,144
36392,1,144
36406,1,144
36533,1,144
36662,1,144
36873,1,144
36985,1,144
36993,1,144
37095,1,144
37177,1,144
37300,1,144
37400,1,144
37474,1,144
37633,1,144
37691,1,144
37715,1,144
37857,1,144
38037,1,144
38180,1,144
38239,1,144
38245,1,144
38446,1,144
38447,1,144
38583,1,144
38863,1,144
39039,1,144
39234,1,144
39342,1,144
39717,1,144
40177,1,144
40227,1,144
40378,1,144
40421,1,144
40585,1,144
40753,1,144
40769,1,144
40772,1,144
40828,1,144
41268,1,144
41305,1,144
41341,1,144
41679,1,144
41723,1,144
41848,1,144
41891,1,144
42042,1,144
42300,1,144
42518,1,144
42626,1,144
42634,1,144
42676,1,144
42802,1,144
42982,1,144
43011,1,144
43038,1,144
43072,1,144
43209,1,144
43314,1,144
43417,1,144
43438,1,144
43507,1,144
44058,1,144
44247,1,144
44343,1,144
44445,1,144
44740,1,144
45137,1,144
45244,1,144
45400,1,144
45449,1,144
45735,1,144
45740,1,144
46100,1,144
46198,1,144
46554,1,144
46590,1,144
46616,1,144
46617,1,144
46754,1,144
46846,1,144
47012,1,144
47235,1,144
47262,1,144
47268,1,144
47347,1,144
47652,1,144
47689,1,144
47751,1,144
48132,1,144
48974,1,144
49256,1,144
49307,1,144
49605,1,144
49728,1,144
50568,1,144
50594,1,144
50823,1,144
50860,1,144
51099,1,144
51138,1,144
51294,1,144
51299,1,144
51424,1,144
51503,1,144
51584,1,144
51593,1,144
51646,1,144
51738,1,144
51847,1,144
51902,1,144
51905,1,144
52377,1,144
52463,1,144
52548,1,144
52813,1,144
53024,1,144
53131,1,144
53284,1,144
53660,1,144
53705,1,144
54067,1,144
54128,1,144
54345,1,144
54362,1,144
54563,1,144
54608,1,144
54680,1,144
54875,1,144
54914,1,144
55096,1,144
55355,1,144
55365,1,144
55384,1,144
55838,1,144
55938,1,144
56119,1,144
56147,1,144
56223,1,144
56779,1,144
56807,1,144
56893,1,144
56973,1,144
57259,1,144
57292,1,144
57301,1,144
57451,1,144
57536,1,144
57564,1,144
57662,1,144
57668,1,144
57737,1,144
57791,1,144
57811,1,144
58145,1,144
58212,1,144
58314,1,144
58662,1,144
58699,1,144
59031,1,144
59063,1,144
59066,1,144
59331,1,144
59441,1,144
59474,1,144
59479,1,144
60051,1,144
60104,1,144
60158,1,144
60258,1,144
60320,1,144
60755,1,144
60860,1,144
60910,1,144
61154,1,144
61255,1,144
61351,1,144
61438,1,144
61472,1,144
61564,1,144
62033,1,144
62089,1,144
62330,1,144
62679,1,144
62770,1,144
63340,1,144
63508,1,144
63551,1,144
63750,1,144
63785,1,144
64040,1,144
64068,1,144
64128,1,144
64247,1,144
64456,1,144
64635,1,144
64789,1,144
64949,1,144
65021,1,144
65385,1,144
65402,1,144
65888,1,144
65969,1,144
66025,1,144
66042,1,144
66048,1,144
66282,1,144
66633,1,144
66665,1,144
66836,1,144
66961,1,144
67103,1,144
67495,1,144
67498,1,144
67801,1,144
67856,1,144
67913,1,144
67945,1,144
68055,1,144
68307,1,144
68640,1,144
69200,1,144
69353,1,144
69633,1,144
70007,1,144
70079,1,144
70216,1,144
70445,1,144
70572,1,144
70602,1,144
71085,1,144
72206,1,144
72347,1,144
72429,1,144
72702,1,144
72764,1,144
72891,1,144
73154,1,144
73172,1,144
73310,1,144
73311,1,144
73437,1,144
73567,1,144
73654,1,144
73695,1,144
74080,1,144
74085,1,144
74169,1,144
74525,1,144
74711,1,144
74920,1,144
74945,1,144
75132,1,144
75278,1,144
75350,1,144
75448,1,144
75607,1,144
76056,1,144
76181,1,144
76208,1,144
76620,1,144
76711,1,144
76741,1,144
77098,1,144
77121,1,144
77198,1,144
77253,1,144
77626,1,144
77759,1,144
77817,1,144
77841,1,144
78318,1,144
78383,1,144
78506,1,144
78526,1,144
78866,1,144
79093,1,144
79218,1,144
79468,1,144
79497,1,144
79563,1,144
79885,1,144
80023,1,144
80540,1,144
80777,1,144
80995,1,144
81103,1,144
81162,1,144
81244,1,144
81361,1,144
81476,1,144
81567,1,144
81859,1,144
82082,1,144
82317,1,144
82697,1,144
82880,1,144
83314,1,144
83597,1,144
83897,1,144
83908,1,144
83935,1,144
83948,1,144
84044,1,144
84106,1,144
84346,1,144
84506,1,144
84613,1,144
84757,1,144
84971,1,144
85259,1,144
86017,1,144
86240,1,144
86352,1,144
86358,1,144
86611,1,144
86739,1,144
86755,1,144
86942,1,144
86995,1,144
87115,1,144
87265,1,144
87369,1,144
87429,1,144
87604,1,144
87759,1,144
87817,1,144
87846,1,144
88045,1,144
88426,1,144
88584,1,144
88591,1,144
88744,1,144
89034,1,144
89551,1,144
89607,1,144
90512,1,144
90781,1,144
90814,1,144
91019,1,144
91542,1,144
91604,1,144
91866,1,144
92165,1,144
92518,1,144
92793,1,144
93031,1,144
93127,1,144
93304,1,144
93397,1,144
93509,1,144
93558,1,144
93743,1,144
94068,1,144
94096,1,144
94472,1,144
94535,1,144
94665,1,144
95307,1,144
95552,1,144
95562,1,144
95939,1,144
96048,1,144
96487,1,144
96977,1,144
97021,1,144
97212,1,144
97428,1,144
97768,1,144
97936,1,144
98113,1,144
98176,1,144
98217,1,144
98437,1,144
98708,1,144
99067,1,144
99944,1,144
100121,1,144
100429,1,144
100609,1,144
100884,1,144
100955,1,144
101405,1,144
101456,1,144
101590,1,144
101693,1,144
102537,1,144
102697,1,144
103113,1,144
103221,1,144
103456,1,144
103545,1,144
103653,1,144
103824,1,144
103871,1,144
104469,1,144
105192,1,144
105535,1,144
105782,1,144
105820,1,144
106068,1,144
106574,1,144
106582,1,144
106825,1,144
107030,1,144
107334,1,144
107451,1,144
107470,1,144
107763,1,144
107893,1,144
108018,1,144
108112,1,144
108517,1,144
108777,1,144
110125,1,144
110324,1,144
110473,1,144
110813,1,144
110926,1,144
111271,1,144
111430,1,144
111510,1,144
111667,1,144
112048,1,144
112174,1,144
112248,1,144
112297,1,144
112441,1,144
113444,1,144
113573,1,144
113710,1,144
113989,1,144
114194,1,144
114329,1,144
114976,1,144
115503,1,144
115797,1,144
115951,1,144
116113,1,144
116139,1,144
116157,1,144
116795,1,144
116927,1,144
117500,1,144
118430,1,144
118681,1,144
118692,1,144
118992,1,144
119261,1,144
119337,1,144
119391,1,144
119577,1,144
120647,1,144
120793,1,144
120962,1,144
121124,1,144
121173,1,144
121186,1,144
121504,1,144
121766,1,144
121994,1,144
122218,1,144
122233,1,144
122457,1,144
122654,1,144
122734,1,144
123096,1,144
123099,1,144
123344,1,144
123805,1,144
123820,1,144
124380,1,144
124396,1,144
124550,1,144
124706,1,144
125001,1,144
125003,1,144
125308,1,144
125544,1,144
125546,1,144
125572,1,144
125676,1,144
126339,1,144
126355,1,144
126636,1,144
126710,1,144
126989,1,144
127144,1,144
127282,1,144
127294,1,144
127349,1,144
127606,1,144
127682,1,144
127687,1,144
127755,1,144
127927,1,144
128204,1,144
128794,1,144
129096,1,144
129630,1,144
130286,1,144
130470,1,144
130561,1,144
130567,1,144
130587,1,144
130854,1,144
130991,1,144
131341,1,144
131776,1,144
132062,1,144
132558,1,144
133180,1,144
133831,1,144
133832,1,144
133845,1,144
134117,1,144
134249,1,144
134588,1,144
135069,1,144
135177,1,144
135390,1,144
135466,1,144
135933,1,144
136235,1,144
136294,1,144
136654,1,144
137612,1,144
137711,1,144
138125,1,144
138171,1,144
138199,1,144
138706,1,144
138917,1,144
139657,1,144
139742,1,144
139784,1,144
139888,1,144
139999,1,144
140257,1,144
140385,1,144
140472,1,144
140968,1,144
141127,1,144
141337,1,144
141556,1,144
141742,1,144
142342,1,144
142570,1,144
142691,1,144
142914,1,144
143093,1,144
143179,1,144
143418,1,144
144483,1,144
144775,1,144
144934,1,144
145201,1,144
145408,1,144
146023,1,144
146901,1,144
147367,1,144
147412,1,144
147971,1,144
148045,1,144
148298,1,144
148348,1,144
148978,1,144
149145,1,144
149291,1,144
149307,1,144
149885,1,144
149978,1,144
151262,1,144
151300,1,144
151614,1,144
151783,1,144
152046,1,144
152942,1,144
153266,1,144
153315,1,144
153843,1,144
153874,1,144
153910,1,144
153965,1,144
154350,1,144
154603,1,144
155706,1,144
155714,1,144
156289,1,144
156303,1,144
157039,1,144
157786,1,144
157832,1,144
157864,1,144
158447,1,144
158591,1,144
158592,1,144
159270,1,144
159336,1,144
159371,1,144
160099,1,144
160117,1,144
160279,1,144
160371,1,144
160654,1,144
161552,1,144
161571,1,144
161935,1,144
161995,1,144
162986,1,144
163009,1,144
163426,1,144
163695,1,144
163743,1,144
163873,1,144
164147,1,144
164460,1,144
164625,1,144
164675,1,144
164817,1,144
165338,1,144
165631,1,144
165954,1,144
166253,1,144
166575,1,144
166637,1,144
166909,1,144
166953,1,144
167306,1,144
168267,1,144
168397,1,144
168513,1,144
168601,1,144
168681,1,144
168768,1,144
168870,1,144
169059,1,144
169170,1,144
169631,1,144
170023,1,144
170124,1,144
170201,1,144
170265,1,144
170983,1,144
171200,1,144
171215,1,144
171778,1,144
171995,1,144
173158,1,144
173166,1,144
173928,1,144
174317,1,144
174318,1,144
174441,1,144
175109,1,144
175326,1,144
175515,1,144
175627,1,144
175652,1,144
176019,1,144
176762,1,144
177366,1,144
177525,1,144
177809,1,144
178500,1,144
178524,1,144
178528,1,144
178724,1,144
179162,1,144
179361,1,144
180396,1,144
181341,1,144
181635,1,144
181983,1,144
182101,1,144
182515,1,144
182770,1,144
182902,1,144
183031,1,144
183354,1,144
183431,1,144
183904,1,144
184706,1,144
184756,1,144
184957,1,144
185008,1,144
185306,1,144
185375,1,144
185499,1,144
185797,1,144
186158,1,144
186422,1,144
186637,1,144
186704,1,144
187439,1,144
187798,1,144
188470,1,144
188638,1,144
188642,1,144
188658,1,144
188822,1,144
189851,1,144
190322,1,144
190527,1,144
190671,1,144
190684,1,144
190916,1,144
191142,1,144
191460,1,144
191818,1,144
191975,1,144
192247,1,144
192557,1,144
193272,1,144
193461,1,144
193685,1,144
193817,1,144
193864,1,144
194283,1,144
194400,1,144
194563,1,144
194899,1,144
195016,1,144
195229,1,144
195635,1,144
195829,1,144
196144,1,144
196266,1,144
196279,1,144
196477,1,144
196830,1,144
196861,1,144
196998,1,144
197134,1,144
197784,1,144
197788,1,144
198230,1,144
198276,1,144
198281,1,144
198349,1,144
198513,1,144
199295,1,144
199362,1,144
199576,1,144
199847,1,144
199887,1,144
200353,1,144
200609,1,144
201034,1,144
201853,1,144
202744,1,144
203321,1,144
203476,1,144
203540,1,144
203725,1,144
203771,1,144
204754,1,144
205134,1,144
205210,1,144
205364,1,144
206108,1,144
206201,1,144
206295,1,144
206357,1,144
207051,1,144
207551,1,144
207686,1,144
208317,1,144
208512,1,144
209767,1,144
209769,1,144
210353,1,144
210359,1,144
210468,1,144
210908,1,144
211040,1,144
211096,1,144
211490,1,144
211517,1,144
211550,1,144
211925,1,144
211926,1,144
212880,1,144
212883,1,144
212915,1,144
213498,1,144
213566,1,144
213777,1,144
213869,1,144
214581,1,144
215919,1,144
216331,1,144
216480,1,144
216638,1,144
219140,1,144
219689,1,144
219834,1,144
220070,1,144
220283,1,144
220327,1,144
220358,1,144
220826,1,144
221084,1,144
221200,1,144
221412,1,144
221467,1,144
221781,1,144
221942,1,144
222015,1,144
222181,1,144
222763,1,144
222800,1,144
223326,1,144
223478,1,144
223822,1,144
223948,1,144
224215,1,144
224251,1,144
224985,1,144
225335,1,144
225662,1,144
225668,1,144
226696,1,144
226778,1,144
226827,1,144
226872,1,144
227395,1,144
227672,1,144
227909,1,144
229222,1,144
230674,1,144
231197,1,144
231338,1,144
231539,1,144
231835,1,144
231853,1,144
232005,1,144
232016,1,144
232049,1,144
232464,1,144
233103,1,144
233318,1,144
233601,1,144
234495,1,144
234813,1,144
234983,1,144
235025,1,144
235329,1,144
235402,1,144
236356,1,144
236607,1,144
236657,1,144
236736,1,144
236767,1,144
236879,1,144
236886,1,144
237176,1,144
238295,1,144
238407,1,144
238421,1,144
239880,1,144
240271,1,144
241873,1,144
242004,1,144
242065,1,144
242723,1,144
243161,1,144
243719,1,144
243819,1,144
244047,1,144
244704,1,144
246103,1,144
246432,1,144
246636,1,144
246935,1,144
247408,1,144
248011,1,144
248267,1,144
248304,1,144
248555,1,144
248741,1,144
249055,1,144
250069,1,144
250145,1,144
250426,1,144
251057,1,144
251292,1,144
251685,1,144
251937,1,144
252217,1,144
252257,1,144
252403,1,144
253385,1,144
254434,1,144
256050,1,144
256210,1,144
258992,1,144
259551,1,144
259691,1,144
259707,1,144
261274,1,144
261849,1,144
263237,1,144
263460,1,144
264626,1,144
265193,1,144
265802,1,144
265872,1,144
266452,1,144
266668,1,144
270298,1,144
271241,1,144
271673,1,144
271746,1,144
271816,1,144
271933,1,144
273071,1,144
273120,1,144
273283,1,144
274594,1,144
275145,1,144
275268,1,144
275330,1,144
275340,1,144
275571,1,144
276351,1,144
276946,1,144
277729,1,144
277784,1,144
278444,1,144
278995,1,144
280235,1,144
280252,1,144
280420,1,144
282896,1,144
283447,1,144
283903,1,144
284007,1,144
284129,1,144
284263,1,144
284475,1,144
284778,1,144
285039,1,144
285055,1,144
285598,1,144
285707,1,144
286171,1,144
286425,1,144
288470,1,144
288516,1,144
288709,1,144
288851,1,144
290084,1,144
290367,1,144
290624,1,144
290710,1,144
292420,1,144
292468,1,144
292738,1,144
292959,1,144
293844,1,144
294138,1,144
294474,1,144
294627,1,144
295282,1,144
295749,1,144
296285,1,144
296432,1,144
296794,1,144
297343,1,144
298675,1,144
299113,1,144
299586,1,144
299830,1,144
300946,1,144
301029,1,144
301510,1,144
302680,1,144
302736,1,144
302886,1,144
303135,1,144
303623,1,144
303966,1,144
304265,1,144
304498,1,144
305268,1,144
305339,1,144
305404,1,144
305688,1,144
306524,1,144
306541,1,144
307008,1,144
307427,1,144
308142,1,144
308430,1,144
309689,1,144
310199,1,144
310350,1,144
310443,1,144
310866,1,144
311155,1,144
313476,1,144
314215,1,144
315297,1,144
315656,1,144
318511,1,144
318650,1,144
320505,1,144
321090,1,144
321291,1,144
321368,1,144
323695,1,144
323734,1,144
323891,1,144
324371,1,144
324440,1,144
324931,1,144
325137,1,144
325322,1,144
325821,1,144
326469,1,144
326831,1,144
326951,1,144
327019,1,144
327202,1,144
327734,1,144
328097,1,144
328300,1,144
328654,1,144
328891,1,144
330715,1,144
330946,1,144
332202,1,144
332359,1,144
334085,1,144
334435,1,144
334457,1,144
334530,1,144
334996,1,144
336427,1,144
337125,1,144
337806,1,144
339183,1,144
339420,1,144
339547,1,144
340262,1,144
340520,1,144
341680,1,144
343072,1,144
343895,1,144
344208,1,144
345925,1,144
345998,1,144
346079,1,144
346311,1,144
347361,1,144
347807,1,144
347915,1,144
348342,1,144
348362,1,144
349215,1,144
349682,1,144
350034,1,144
350177,1,144
351568,1,144
351856,1,144
352100,1,144
352454,1,144
352603,1,144
352722,1,144
353158,1,144
353563,1,144
353692,1,144
353909,1,144
354163,1,144
354181,1,144
354604,1,144
354809,1,144
357283,1,144
357480,1,144
357937,1,144
358972,1,144
360661,1,144
362261,1,144
362590,1,144
363129,1,144
364094,1,144
365334,1,144
366545,1,144
366688,1,144
366692,1,144
367368,1,144
367517,1,144
367994,1,144
368247,1,144
368316,1,144
368660,1,144
369170,1,144
370010,1,144
370161,1,144
370249,1,144
370420,1,144
371114,1,144
371360,1,144
371796,1,144
371844,1,144
372027,1,144
372518,1,144
372910,1,144
374390,1,144
374618,1,144
375116,1,144
376333,1,144
376661,1,144
376767,1,144
376873,1,144
377137,1,144
377205,1,144
377712,1,144
378397,1,144
378699,1,144
378969,1,144
379351,1,144
379985,1,144
380033,1,144
380951,1,144
381258,1,144
381715,1,144
381860,1,144
382660,1,144
383353,1,144
384332,1,144
384498,1,144
384546,1,144
385726,1,144
386234,1,144
386250,1,144
387742,1,144
390964,1,144
392683,1,144
393558,1,144
393782,1,144
393817,1,144
395031,1,144
396570,1,144
398331,1,144
399433,1,144
399469,1,144
399657,1,144
400296,1,144
400641,1,144
401304,1,144
401962,1,144
403872,1,144
404168,1,144
404737,1,144
405000,1,144
407708,1,144
407837,1,144
407934,1,144
408959,1,144
409333,1,144
409490,1,144
410057,1,144
410447,1,144
410625,1,144
410839,1,144
411384,1,144
412061,1,144
412632,1,144
413879,1,144
413886,1,144
414141,1,144
414158,1,144
414888,1,144
415021,1,144
416018,1,144
417632,1,144
418800,1,144
419048,1,144
419875,1,144
419920,1,144
419933,1,144
420541,1,144
420807,1,144
420942,1,144
421660,1,144
422155,1,144
422168,1,144
422175,1,144
422644,1,144
423149,1,144
423683,1,144
424411,1,144
424903,1,144
425310,1,144
426007,1,144
426143,1,144
427322,1,144
427919,1,144
430267,1,144
430445,1,144
431350,1,144
431696,1,144
431892,1,144
432379,1,144
433111,1,144
433637,1,144
434149,1,144
434593,1,144
435233,1,144
437042,1,144
437388,1,144
437915,1,144
438482,1,144
438502,1,144
438848,1,144
438944,1,144
439945,1,144
440052,1,144
440812,1,144
441850,1,144
441980,1,144
442111,1,144
442814,1,144
442932,1,144
443063,1,144
444629,1,144
444635,1,144
444814,1,144
444911,1,144
444935,1,144
445341,1,144
445638,1,144
445937,1,144
446062,1,144
446712,1,144
446928,1,144
447120,1,144
447419,1,144
447588,1,144
448208,1,144
448872,1,144
448931,1,144
449205,1,144
449563,1,144
449955,1,144
450186,1,144
450559,1,144
451045,1,144
451153,1,144
451538,1,144
452425,1,144
452518,1,144
452664,1,144
454095,1,144
455355,1,144
455684,1,144
456185,1,144
456838,1,144
457349,1,144
457527,1,144
457542,1,144
458311,1,144
458781,1,144
459008,1,144
459216,1,144
459505,1,144
459813,1,144
459945,1,144
461059,1,144
461293,1,144
461490,1,144
461669,1,144
461927,1,144
462020,1,144
463136,1,144
463344,1,144
463577,1,144
463661,1,144
464251,1,144
466648,1,144
466830,1,144
467009,1,144
467251,1,144
468037,1,144
468479,1,144
468559,1,144
469696,1,144
470918,1,144
470938,1,144
471035,1,144
471278,1,144
472311,1,144
473708,1,144
473888,1,144
474225,1,144
474347,1,144
474780,1,144
474838,1,144
475578,1,144
476757,1,144
477917,1,144
478237,1,144
478757,1,144
479088,1,144
479169,1,144
479260,1,144
479622,1,144
479816,1,144
479915,1,144
479917,1,144
481216,1,144
482377,1,144
482690,1,144
483657,1,144
483829,1,144
484656,1,144
485054,1,144
486142,1,144
486340,1,144
487237,1,144
487331,1,144
487379,1,144
487539,1,144
488265,1,144
489001,1,144
489986,1,144
490380,1,144
491247,1,144
491428,1,144
491544,1,144
491565,1,144
491718,1,144
492946,1,144
494354,1,144
494686,1,144
495831,1,144
495892,1,144
496577,1,144
496987,1,144
498190,1,144
498274,1,144
498635,1,144
499057,1,144
499260,1,144
501238,1,144
501740,1,144
501861,1,144
502914,1,144
503380,1,144
503405,1,144
503676,1,144
504804,1,144
505485,1,144
505699,1,144
506160,1,144
506234,1,144
507047,1,144
507464,1,144
507728,1,144
508218,1,144
508414,1,144
509078,1,144
509350,1,144
510045,1,144
510085,1,144
510807,1,144
511030,1,144
511278,1,144
512415,1,144
512416,1,144
513361,1,144
514720,1,144
514812,1,144
515296,1,144
515926,1,144
516291,1,144
517727,1,144
518143,1,144
518652,1,144
519733,1,144
520827,1,144
521109,1,144
521341,1,144
525039,1,144
525426,1,144
525506,1,144
526453,1,144
526707,1,144
528304,1,144
528448,1,144
528893,1,144
528972,1,144
529021,1,144
530018,1,144
533180,1,144
533928,1,144
534177,1,144
534611,1,144
535282,1,144
535794,1,144
537189,1,144
537587,1,144
537657,1,144
537838,1,144
538584,1,144
538610,1,144
539238,1,144
539320,1,144
539546,1,144
541540,1,144
542013,1,144
542070,1,144
542092,1,144
542246,1,144
542322,1,144
542365,1,144
542968,1,144
543530,1,144
543633,1,144
544262,1,144
544442,1,144
544954,1,144
545212,1,144
545768,1,144
546440,1,144
547815,1,144
548549,1,144
549700,1,144
550328,1,144
551329,1,144
552509,1,144
552827,1,144
552961,1,144
553376,1,144
554159,1,144
555859,1,144
556770,1,144
558430,1,144
559002,1,144
559179,1,144
559434,1,144
562626,1,144
563086,1,144
563469,1,144
563996,1,144
564279,1,144
565726,1,144
566183,1,144
567771,1,144
569014,1,144
571316,1,144
571411,1,144
571745,1,144
572794,1,144
573320,1,144
574168,1,144
574185,1,144
575012,1,144
575570,1,144
575885,1,144
576054,1,144
576068,1,144
576299,1,144
577143,1,144
579126,1,144
579297,1,144
579895,1,144
579928,1,144
580275,1,144
580472,1,144
580776,1,144
582314,1,144
582473,1,144
582621,1,144
583162,1,144
583204,1,144
583593,1,144
583598,1,144
584378,1,144
585191,1,144
585662,1,144
585833,1,144
585865,1,144
586064,1,144
587213,1,144
587925,1,144
588205,1,144
588744,1,144
589490,1,144
589491,1,144
589533,1,144
589911,1,144
590222,1,144
590517,1,144
590678,1,144
590754,1,144
590904,1,144
591424,1,144
591804,1,144
592637,1,144
594848,1,144
595663,1,144
596220,1,144
597030,1,144
598405,1,144
599991,1,144
600720,1,144
602300,1,144
602954,1,144
603475,1,144
605003,1,144
605989,1,144
607252,1,144
608229,1,144
608610,1,144
610869,1,144
611216,1,144
612703,1,144
612826,1,144
613647,1,144
614167,1,144
614588,1,144
614768,1,144
614777,1,144
615042,1,144
615339,1,144
615548,1,144
616274,1,144
616707,1,144
616767,1,144
617369,1,144
617443,1,144
618054,1,144
618857,1,144
619557,1,144
619982,1,144
621140,1,144
621376,1,144
621942,1,144
622187,1,144
622509,1,144
622621,1,144
623510,1,144
623525,1,144
623766,1,144
623771,1,144
624150,1,144
624418,1,144
624517,1,144
625152,1,144
625201,1,144
626005,1,144
626069,1,144
626347,1,144
627197,1,144
627533,1,144
627951,1,144
630564,1,144
631091,1,144
631586,1,144
631670,1,144
632968,1,144
633976,1,144
634009,1,144
635512,1,144
635679,1,144
635902,1,144
636050,1,144
636284,1,144
636704,1,144
637225,1,144
638535,1,144
639157,1,144
640840,1,144
641065,1,144
641718,1,144
642821,1,144
644793,1,144
645637,1,144
646843,1,144
647669,1,144
648039,1,144
649798,1,144
650717,1,144
651066,1,144
651938,1,144
651943,1,144
652766,1,144
652999,1,144
654530,1,144
654819,1,144
654889,1,144
655459,1,144
656662,1,144
656820,1,144
657222,1,144
658088,1,144
658148,1,144
658840,1,144
661156,1,144
661159,1,144
662545,1,144
662948,1,144
663001,1,144
663151,1,144
665595,1,144
666122,1,144
667663,1,144
667688,1,144
667716,1,144
667843,1,144
667857,1,144
668723,1,144
670471,1,144
670701,1,144
671278,1,144
673545,1,144
674107,1,144
675565,1,144
675739,1,144
676185,1,144
676739,1,144
676957,1,144
678772,1,144
679310,1,144
679335,1,144
680248,1,144
680356,1,144
681150,1,144
681982,1,144
681989,1,144
684942,1,144
684965,1,144
685149,1,144
685701,1,144
687463,1,144
688197,1,144
689072,1,144
689311,1,144
690624,1,144
691096,1,144
692817,1,144
692844,1,144
693875,1,144
694071,1,144
694367,1,144
694932,1,144
695166,1,144
695319,1,144
697014,1,144
697913,1,144
699452,1,144
700518,1,144
700552,1,144
700616,1,144
701010,1,144
701808,1,144
701815,1,144
702474,1,144
702718,1,144
703581,1,144
704914,1,144
705652,1,144
706186,1,144
706434,1,144
707147,1,144
707866,1,144
708204,1,144
708569,1,144
709159,1,144
711311,1,144
711404,1,144
712617,1,144
713074,1,144
714208,1,144
714625,1,144
716621,1,144
718983,1,144
719641,1,144
721134,1,144
721599,1,144
721619,1,144
723206,1,144
723226,1,144
725299,1,144
725421,1,144
727072,1,144
727375,1,144
728526,1,144
728651,1,144
728808,1,144
730115,1,144
730173,1,144
730342,1,144
730511,1,144
730526,1,144
731333,1,144
731424,1,144
732085,1,144
733158,1,144
734160,1,144
735158,1,144
736556,1,144
738069,1,144
739280,1,144
739450,1,144
739611,1,144
739984,1,144
741068,1,144
741363,1,144
742097,1,144
742161,1,144
742384,1,144
742789,1,144
743962,1,144
744004,1,144
744011,1,144
744549,1,144
745503,1,144
745625,1,144
748525,1,144
748586,1,144
749374,1,144
750003,1,144
751846,1,144
752103,1,144
753350,1,144
756378,1,144
757125,1,144
757536,1,144
758017,1,144
758562,1,144
758990,1,144
760819,1,144
761942,1,144
762471,1,144
762494,1,144
762949,1,144
762968,1,144
763424,1,144
763877,1,144
763985,1,144
765100,1,144
766846,1,144
768052,1,144
768321,1,144
769272,1,144
770675,1,144
770917,1,144
773875,1,144
775227,1,144
775309,1,144
777001,1,144
778145,1,144
779068,1,144
779171,1,144
779521,1,144
781168,1,144
783188,1,144
783410,1,144
783501,1,144
784710,1,144
784846,1,144
785206,1,144
785305,1,144
785449,1,144
786618,1,144
788066,1,144
788415,1,144
790400,1,144
790659,1,144
792112,1,144
792586,1,144
793406,1,144
794152,1,144
794222,1,144
794281,1,144
794658,1,144
794809,1,144
794816,1,144
796368,1,144
797193,1,144
798971,1,144
802203,1,144
803398,1,144
804446,1,144
804941,1,144
805201,1,144
805333,1,144
805699,1,144
806755,1,144
806777,1,144
807362,1,144
809682,1,144
810398,1,144
810885,1,144
811518,1,144
812088,1,144
812147,1,144
812650,1,144
812655,1,144
813865,1,144
814029,1,144
814168,1,144
815188,1,144
819673,1,144
819856,1,144
820947,1,144
821095,1,144
821695,1,144
822139,1,144
822237,1,144
822528,1,144
822784,1,144
823715,1,144
824129,1,144
824246,1,144
824403,1,144
825855,1,144
825937,1,144
827540,1,144
829039,1,144
829426,1,144
830423,1,144
830515,1,144
830606,1,144
830794,1,144
831111,1,144
831611,1,144
832489,1,144
832726,1,144
833231,1,144
833925,1,144
835588,1,144
835921,1,144
836040,1,144
837612,1,144
839361,1,144
840150,1,144
841551,1,144
841776,1,144
842059,1,144
842798,1,144
846001,1,144
846232,1,144
846943,1,144
850057,1,144
850852,1,144
851856,1,144
852866,1,144
853012,1,144
853022,1,144
853089,1,144
853552,1,144
854520,1,144
855559,1,144
856285,1,144
856386,1,144
856838,1,144
857372,1,144
858614,1,144
859015,1,144
859210,1,144
859465,1,144
859624,1,144
859946,1,144
861280,1,144
862023,1,144
863286,1,144
863605,1,144
863754,1,144
863968,1,144
864716,1,144
865677,1,144
865817,1,144
866138,1,144
868885,1,144
870766,1,144
872310,1,144
873631,1,144
873859,1,144
873991,1,144
874370,1,144
874863,1,144
874898,1,144
875324,1,144
875872,1,144
876086,1,144
876920,1,144
877194,1,144
877790,1,144
877843,1,144
877936,1,144
878499,1,144
879369,1,144
879431,1,144
879469,1,144
881931,1,144
882713,1,144
883279,1,144
883439,1,144
886500,1,144
887454,1,144
887984,1,144
888115,1,144
890156,1,144
890207,1,144
890579,1,144
891178,1,144
891264,1,144
892346,1,144
893846,1,144
894185,1,144
895033,1,144
895553,1,144
895678,1,144
895777,1,144
895923,1,144
896157,1,144
897173,1,144
897401,1,144
898057,1,144
898359,1,144
898602,1,144
899816,1,144
900041,1,144
900775,1,144
901035,1,144
903438,1,144
903847,1,144
904854,1,144
905195,1,144
906529,1,144
906974,1,144
909138,1,144
909809,1,144
909959,1,144
910368,1,144
910672,1,144
911307,1,144
911903,1,144
912790,1,144
912849,1,144
913931,1,144
914215,1,144
914320,1,144
914595,1,144
915231,1,144
915787,1,144
916905,1,144
917006,1,144
917989,1,144
919606,1,144
919732,1,144
919840,1,144
919844,1,144
919987,1,144
920492,1,144
920616,1,144
921131,1,144
921995,1,144
922210,1,144
923608,1,144
923865,1,144
924137,1,144
926675,1,144
926693,1,144
926894,1,144
926953,1,144
928905,1,144
929735,1,144
932699,1,144
932732,1,144
934320,1,144
935028,1,144
935155,1,144
937198,1,144
939842,1,144
940258,1,144
941182,1,144
941331,1,144
941708,1,144
943252,1,144
943369,1,144
943985,1,144
944260,1,144
944282,1,144
944894,1,144
945144,1,144
945186,1,144
946636,1,144
946732,1,144
947471,1,144
948048,1,144
949393,1,144
950193,1,144
950314,1,144
950423,1,144
950717,1,144
950835,1,144
951476,1,144
951947,1,144
952028,1,144
952036,1,144
952319,1,144
952574,1,144
952805,1,144
955484,1,144
955601,1,144
955620,1,144
956884,1,144
960067,1,144
961734,1,144
963210,1,144
964386,1,144
965295,1,144
965353,1,144
966274,1,144
966361,1,144
967050,1,144
967336,1,144
967568,1,144
968126,1,144
968212,1,144
968267,1,144
969104,1,144
969120,1,144
972799,1,144
972974,1,144
974283,1,144
974796,1,144
977460,1,144
977633,1,144
978461,1,144
979196,1,144
979929,1,144
980000,1,144
981105,1,144
984146,1,144
984832,1,144
986614,1,144
986878,1,144
988715,1,144
989250,1,144
990113,1,144
990216,1,144
990494,1,144
990773,1,144
991587,1,144
993108,1,144
993491,1,144
994397,1,144
994859,1,144
996939,1,144
998933,1,144
999072,1,144
999523,1,144
1000401,1,144
1000414,1,144
1001097,1,144
1001505,1,144
1001709,1,144
1001854,1,144
1002385,1,144
1003141,1,144
1004903,1,144
1004951,1,144
1005167,1,144
1005498,1,144
1005506,1,144
1006365,1,144
1006483,1,144
1006870,1,144
1007493,1,144
1008654,1,144
1010018,1,144
1011201,1,144
1011902,1,144
1011906,1,144
1013797,1,144
1015032,1,144
1016470,1,144
1017746,1,144
1018141,1,144
1018433,1,144
1018824,1,144
1020347,1,144
1020579,1,144
1024089,1,144
1024762,1,144
1025220,1,144
1026125,1,144
1026290,1,144
1026479,1,144
1026910,1,144
1027258,1,144
1029114,1,144
1029249,1,144
1030996,1,144
1032184,1,144
1033773,1,144
1034862,1,144
1037254,1,144
1039155,1,144
1039236,1,144
1039597,1,144
1040433,1,144
1041895,1,144
1042267,1,144
1044776,1,144
1045456,1,144
1045603,1,144
1047412,1,144
1049006,1,144
1049561,1,144
1050086,1,144
1050163,1,144
1053325,1,144
1053622,1,144
1054228,1,144
1056039,1,144
1056587,1,144
1057981,1,144
1058326,1,144
1058456,1,144
1058496,1,144
1060422,1,144
1061012,1,144
1061108,1,144
1061506,1,144
1061968,1,144
1061998,1,144
1062408,1,144
1063454,1,144
1064167,1,144
1064734,1,144
1065473,1,144
1066016,1,144
1067951,1,144
1068915,1,144
1069210,1,144
1070836,1,144
1071078,1,144
1071521,1,144
1075305,1,144
1076321,1,144
1077890,1,144
1078728,1,144
1081237,1,144
1083040,1,144
1083902,1,144
1085787,1,144
1086275,1,144
1086630,1,144
1087221,1,144
1090065,1,144
1090773,1,144
1093032,1,144
1094335,1,144
1094804,1,144
1094863,1,144
1097953,1,144
1100150,1,144
1101238,1,144
1101318,1,144
1103075,1,144
1104005,1,144
1104051,1,144
1106235,1,144
1106489,1,144
1106607,1,144
1107762,1,144
1107924,1,144
1108341,1,144
1110019,1,144
1111016,1,144
1111308,1,144
1112998,1,144
1117026,1,144
1117340,1,144
1117606,1,144
1118933,1,144
1121027,1,144
1121418,1,144
1124251,1,144
1124573,1,144
1126471,1,144
1127164,1,144
1128312,1,144
1130686,1,144
1131991,1,144
1131998,1,144
1132662,1,144
1133415,1,144
1134945,1,144
1134969,1,144
1136652,1,144
1136718,1,144
1137104,1,144
1137350,1,144
1140238,1,144
1141514,1,144
1141869,1,144
1142616,1,144
1142758,1,144
1143399,1,144
1143851,1,144
1145580,1,144
1146834,1,144
1151101,1,144
1153187,1,144
1154569,1,144
1156192,1,144
1159854,1,144
1159959,1,144
1160245,1,144
1160305,1,144
1160522,1,144
1160688,1,144
1160934,1,144
1163103,1,144
1163252,1,144
1163783,1,144
1165727,1,144
1166328,1,144
1169499,1,144
1169522,1,144
1169817,1,144
1171786,1,144
1171820,1,144
1174278,1,144
1175567,1,144
1175845,1,144
1178516,1,144
1178877,1,144
1180563,1,144
1180841,1,144
1180955,1,144
1181798,1,144
1182515,1,144
1182529,1,144
1183856,1,144
1185819,1,144
1186124,1,144
1186933,1,144
1186948,1,144
1186992,1,144
1187779,1,144
1189869,1,144
1191767,1,144
1192156,1,144
1192599,1,144
1195074,1,144
1195453,1,144
1196517,1,144
1197544,1,144
1198479,1,144
1198848,1,144
1198913,1,144
1200316,1,144
1200925,1,144
1201028,1,144
1202905,1,144
1203912,1,144
1204665,1,144
1206676,1,144
1209026,1,144
1210943,1,144
1211438,1,144
1213389,1,144
1213498,1,144
1214390,1,144
1214420,1,144
1214675,1,144
1216672,1,144
1216673,1,144
1216749,1,144
1216987,1,144
1217741,1,144
1219418,1,144
1219518,1,144
1220272,1,144
1221537,1,144
1221592,1,144
1221750,1,144
1222160,1,144
1222339,1,144
1222916,1,144
1223190,1,144
1223837,1,144
1224327,1,144
1224344,1,144
1225999,1,144
1227099,1,144
1227139,1,144
1227150,1,144
1228507,1,144
1230619,1,144
1231510,1,144
1232068,1,144
1232319,1,144
1232859,1,144
1235459,1,144
1238183,1,144
1238408,1,144
1239372,1,144
1239439,1,144
1241546,1,144
1241822,1,144
1243384,1,144
1243475,1,144
1245141,1,144
1245245,1,144
1246464,1,144
1247629,1,144
1249287,1,144
1252818,1,144
1253786,1,144
1254113,1,144
1254169,1,144
1255680,1,144
1256183,1,144
1256509,1,144
1259609,1,144
1260828,1,144
1261087,1,144
1261626,1,144
1262018,1,144
1262565,1,144
1264419,1,144
1264704,1,144
1265125,1,144
1265909,1,144
1265995,1,144
1268387,1,144
1269372,1,144
1270106,1,144
1270145,1,144
1270272,1,144
1270696,1,144
1270790,1,144
1270959,1,144
1271302,1,144
1272486,1,144
1273277,1,144
1276296,1,144
1278442,1,144
1278644,1,144
1279769,1,144
1280137,1,144
1281144,1,144
1281484,1,144
1281520,1,144
1283200,1,144
1283347,1,144
1284728,1,144
1285699,1,144
1285888,1,144
1288209,1,144
1288676,1,144
1289894,1,144
1292853,1,144
1295431,1,144
1296115,1,144
1296276,1,144
1296736,1,144
1299370,1,144
1299923,1,144
1301787,1,144
1302120,1,144
1302857,1,144
1303230,1,144
1303898,1,144
1304505,1,144
1305597,1,144
1305635,1,144
1305805,1,144
1306625,1,144
1306857,1,144
1306927,1,144
1307985,1,144
1308646,1,144
1311691,1,144
1311924,1,144
1312079,1,144
1312165,1,144
1312874,1,144
1315101,1,144
1315533,1,144
1315879,1,144
1316543,1,144
1317941,1,144
1318472,1,144
1320785,1,144
1322093,1,144
1322638,1,144
1323581,1,144
1323941,1,144
1324432,1,144
1326893,1,144
1327327,1,144
1328505,1,144
1328761,1,144
1328961,1,144
1329328,1,144
1333276,1,144
1334476,1,144
1335790,1,144
1337470,1,144
1349078,1,144
1352072,1,144
1353551,1,144
1355566,1,144
1356007,1,144
1360552,1,144
1361821,1,144
1363056,1,144
1363287,1,144
1366188,1,144
1368129,1,144
1368633,1,144
1371101,1,144
1375704,1,144
1377735,1,144
1378791,1,144
1379565,1,144
1379888,1,144
1380208,1,144
1382472,1,144
1384846,1,144
1385752,1,144
1386442,1,144
1387571,1,144
1388608,1,144
1388644,1,144
1388660,1,144
1390709,1,144
1391299,1,144
1394035,1,144
1394955,1,144
1394980,1,144
1395167,1,144
1396511,1,144
1396615,1,144
1396853,1,144
1396878,1,144
1397310,1,144
1397914,1,144
1398691,1,144
1399482,1,144
1400296,1,144
1400299,1,144
1400357,1,144
1400871,1,144
1401435,1,144
1401559,1,144
1402931,1,144
1403231,1,144
1403558,1,144
1403561,1,144
1403779,1,144
1406942,1,144
1406983,1,144
1407228,1,144
1407908,1,144
1410662,1,144
1412159,1,144
1414709,1,144
1425806,1,144
1426824,1,144
1427829,1,144
1429481,1,144
1430279,1,144
1431484,1,144
1432241,1,144
1432549,1,144
1432730,1,144
1436888,1,144
1438757,1,144
1439466,1,144
1439497,1,144
1440785,1,144
1443567,1,144
1444415,1,144
1445269,1,144
1445522,1,144
1445568,1,144
1446201,1,144
1447136,1,144
1448944,1,144
1449263,1,144
1450984,1,144
1451847,1,144
1452329,1,144
1455685,1,144
1458272,1,144
1459603,1,144
1460497,1,144
1460615,1,144
1461273,1,144
1462115,1,144
1462357,1,144
1464125,1,144
1464126,1,144
1464608,1,144
1465371,1,144
1467801,1,144
1469187,1,144
1470373,1,144
1474746,1,144
1474758,1,144
1475875,1,144
1476823,1,144
1477130,1,144
1477140,1,144
1479864,1,144
1480539,1,144
1480751,1,144
1481543,1,144
1482925,1,144
1483691,1,144
1486311,1,144
1487283,1,144
1488391,1,144
1489573,1,144
1490177,1,144
1491642,1,144
1496352,1,144
1499744,1,144
1499932,1,144
1500206,1,144
1501387,1,144
1501757,1,144
1506671,1,144
1506900,1,144
1506907,1,144
1508770,1,144
1509894,1,144
1510449,1,144
1510815,1,144
1510976,1,144
1511906,1,144
1512227,1,144
1512383,1,144
1515160,1,144
1515662,1,144
1515742,1,144
1517367,1,144
1518608,1,144
1518967,1,144
1519413,1,144
1523099,1,144
1523147,1,144
1524501,1,144
1525759,1,144
1528301,1,144
1529009,1,144
1530684,1,144
1530861,1,144
1531031,1,144
1532733,1,144
1533087,1,144
1533175,1,144
1533420,1,144
1536976,1,144
1538687,1,144
1539253,1,144
1540213,1,144
1541187,1,144
1541411,1,144
1541665,1,144
1542751,1,144
1542831,1,144
1542916,1,144
1544760,1,144
1545919,1,144
1546649,1,144
1548742,1,144
1549216,1,144
1549440,1,144
1550412,1,144
1550672,1,144
1551322,1,144
1552840,1,144
1555633,1,144
1556054,1,144
1557563,1,144
1559451,1,144
1559563,1,144
1559670,1,144
1559729,1,144
1562309,1,144
1563307,1,144
1567517,1,144
1567518,1,144
1568690,1,144
1570851,1,144
1570963,1,144
1572770,1,144
1575034,1,144
1575448,1,144
1577714,1,144
1578960,1,144
1580390,1,144
1581621,1,144
1583820,1,144
1586995,1,144
1587780,1,144
1591085,1,144
1591142,1,144
1591872,1,144
1592615,1,144
1592843,1,144
1595871,1,144
1595976,1,144
1596183,1,144
1596303,1,144
1598688,1,144
1605860,1,144
1609225,1,144
1609226,1,144
1609620,1,144
1610434,1,144
1610642,1,144
1611647,1,144
1612090,1,144
1612241,1,144
1612364,1,144
1614226,1,144
1614438,1,144
1616167,1,144
1617708,1,144
1618938,1,144
1619852,1,144
1624703,1,144
1626020,1,144
1626863,1,144
1627577,1,144
1627967,1,144
1628252,1,144
1628540,1,144
1631405,1,144
1631487,1,144
1632544,1,144
1633735,1,144
1633837,1,144
1633912,1,144
1634468,1,144
1635231,1,144
1635441,1,144
1637162,1,144
1637293,1,144
1637657,1,144
1638987,1,144
1639127,1,144
1639487,1,144
1640994,1,144
1641480,1,144
1645374,1,144
1645957,1,144
1646122,1,144
1646564,1,144
1646721,1,144
1646785,1,144
1648240,1,144
1650561,1,144
1652021,1,144
1652903,1,144
1653494,1,144
1654120,1,144
1654891,1,144
1655984,1,144
1656054,1,144
1657332,1,144
1658949,1,144
1661310,1,144
1661352,1,144
1661587,1,144
1662268,1,144
1662740,1,144
1663283,1,144
1663332,1,144
1665222,1,144
1665333,1,144
1665522,1,144
1666071,1,144
1670243,1,144
1671532,1,144
1673966,1,144
1674145,1,144
1674662,1,144
1675613,1,144
1677451,1,144
1677760,1,144
1679647,1,144
1680273,1,144
1680943,1,144
1681034,1,144
1681147,1,144
1681216,1,144
1681406,1,144
1681530,1,144
1683805,1,144
1683921,1,144
1684171,1,144
1687276,1,144
1687443,1,144
1688758,1,144
1689291,1,144
1689983,1,144
1691190,1,144
1692203,1,144
1692453,1,144
1694104,1,144
1695063,1,144
1695154,1,144
1698185,1,144
1700165,1,144
1700322,1,144
1701771,1,144
1702392,1,144
1704089,1,144
1705361,1,144
1707132,1,144
1708463,1,144
1709780,1,144
1709810,1,144
1711143,1,144
1714002,1,144
1714565,1,144
1714767,1,144
1715211,1,144
1715618,1,144
1716116,1,144
1716394,1,144
1716620,1,144
1720172,1,144
1724000,1,144
1724388,1,144
1729493,1,144
1731745,1,144
1731943,1,144
1734740,1,144
1734769,1,144
1735459,1,144
1736260,1,144
1739462,1,144
1742829,1,144
1746435,1,144
1747264,1,144
1747643,1,144
1749159,1,144
1749290,1,144
1749860,1,144
1751150,1,144
1752577,1,144
1753934,1,144
1754430,1,144
1754805,1,144
1754822,1,144
1756640,1,144
1757915,1,144
1758145,1,144
1758707,1,144
1759338,1,144
1762520,1,144
1762587,1,144
1764512,1,144
1765075,1,144
1765531,1,144
1766923,1,144
1767032,1,144
1767890,1,144
1768520,1,144
1770008,1,144
1770272,1,144
1771003,1,144
1771005,1,144
1772912,1,144
1774242,1,144
1778661,1,144
1781431,1,144
1782860,1,144
1783768,1,144
1784401,1,144
1785175,1,144
1788058,1,144
1790822,1,144
1790941,1,144
1791297,1,144
1791637,1,144
1793950,1,144
1794293,1,144
1794298,1,144
1794527,1,144
1795050,1,144
1796906,1,144
1797160,1,144
1798972,1,144
1800151,1,144
1802676,1,144
1803137,1,144
1803843,1,144
1808306,1,144
1808404,1,144
1809973,1,144
1810137,1,144
1810476,1,144
1811021,1,144
1812021,1,144
1812628,1,144
1812771,1,144
1813231,1,144
1813468,1,144
1813813,1,144
1814753,1,144
1814800,1,144
1815885,1,144
1817286,1,144
1818211,1,144
1822473,1,144
1823463,1,144
1824544,1,144
1824790,1,144
1826334,1,144
1829294,1,144
1829522,1,144
1829676,1,144
1834241,1,144
1836449,1,144
1841235,1,144
1843466,1,144
1843672,1,144
1844458,1,144
1847030,1,144
1847812,1,144
1848287,1,144
1854148,1,144
1854376,1,144
1854799,1,144
1854811,1,144
1854949,1,144
1855606,1,144
1855729,1,144
1857049,1,144
1857707,1,144
1859128,1,144
1860219,1,144
1862983,1,144
1864051,1,144
1865832,1,144
1868217,1,144
1871054,1,144
1874487,1,144
1874523,1,144
1877079,1,144
1879771,1,144
1880012,1,144
1880532,1,144
1883112,1,144
1883870,1,144
1885826,1,144
1887029,1,144
1887942,1,144
1889800,1,144
1892215,1,144
1895508,1,144
1896836,1,144
1897025,1,144
1898225,1,144
1898461,1,144
1901273,1,144
1902665,1,144
1903027,1,144
1906977,1,144
1906982,1,144
1907223,1,144
1908896,1,144
1908965,1,144
1909016,1,144
1910070,1,144
1911142,1,144
1912583,1,144
1913489,1,144
1914074,1,144
1917351,1,144
1917651,1,144
1917947,1,144
1919535,1,144
1919843,1,144
1922628,1,144
1922957,1,144
1923260,1,144
1923813,1,144
1926381,1,144
1928984,1,144
1930145,1,144
1930192,1,144
1931297,1,144
1934033,1,144
1934813,1,144
1934966,1,144
1937303,1,144
1937433,1,144
1939288,1,144
1942473,1,144
1945035,1,144
1946425,1,144
1946663,1,144
1947344,1,144
1948011,1,144
1948312,1,144
1948935,1,144
1952125,1,144
1952405,1,144
1952468,1,144
1952799,1,144
1952803,1,144
1953162,1,144
1953861,1,144
1954094,1,144
1954370,1,144
1957198,1,144
1957315,1,144
1958253,1,144
1961922,1,144
1962818,1,144
1963568,1,144
1966521,1,144
1966982,1,144
1967804,1,144
1970279,1,144
1973559,1,144
1973948,1,144
1978925,1,144
1984063,1,144
1984909,1,144
1987232,1,144
1990109,1,144
1994311,1,144
1995613,1,144
1996626,1,144
1996801,1,144
1998569,1,144
1999719,1,144
2001452,1,144
2011716,1,144
2014314,1,144
2015108,1,144
2015955,1,144
2016091,1,144
2017491,1,144
2017547,1,144
2021323,1,144
2024949,1,144
2027484,1,144
2032984,1,144
2037064,1,144
2037226,1,144
2037311,1,144
2037719,1,144
2038987,1,144
2041082,1,144
2044349,1,144
2044879,1,144
2045348,1,144
2050385,1,144
2052785,1,144
2054772,1,144
2056471,1,144
2056831,1,144
2058170,1,144
2058205,1,144
2065299,1,144
2067259,1,144
2075915,1,144
2076274,1,144
2078082,1,144
2079305,1,144
2079338,1,144
2081699,1,144
2082804,1,144
2083251,1,144
2083495,1,144
2090495,1,144
2092714,1,144
2095354,1,144
2097571,1,144
2100222,1,144
2100512,1,144
2100716,1,144
2100885,1,144
2101038,1,144
2101568,1,144
2103527,1,144
2103975,1,144
2105043,1,144
2107245,1,144
2109080,1,144
2114712,1,144
2116038,1,144
2116347,1,144
2118299,1,144
2120155,1,144
2121340,1,144
2122345,1,144
2124358,1,144
2124722,1,144
2126912,1,144
2129782,1,144
2138665,1,144
2143450,1,144
2146203,1,144
2147644,1,144
2148168,1,144
2148353,1,144
2149747,1,144
2152084,1,144
2154475,1,144
2160566,1,144
2160742,1,144
2164741,1,144
2165256,1,144
2173796,1,144
2175324,1,144
2175447,1,144
2177366,1,144
2177567,1,144
2178244,1,144
2178870,1,144
2184455,1,144
2190898,1,144
2193314,1,144
2194462,1,144
2194474,1,144
2196548,1,144
2196620,1,144
2198487,1,144
2204263,1,144
2212354,1,144
2218489,1,144
2218917,1,144
2222191,1,144
2223120,1,144
2224093,1,144
2224388,1,144
2229108,1,144
2236153,1,144
2239263,1,144
2239547,1,144
2239584,1,144
2241459,1,144
2251344,1,144
2252863,1,144
2254157,1,144
2257156,1,144
2258120,1,144
2258536,1,144
2258905,1,144
2261077,1,144
2262007,1,144
2263040,1,144
2265034,1,144
2266210,1,144
2267038,1,144
2269238,1,144
2270505,1,144
2272019,1,144
2275652,1,144
2276054,1,144
2276220,1,144
2276698,1,144
2276718,1,144
2278543,1,144
2285483,1,144
2288388,1,144
2288755,1,144
2291859,1,144
2296173,1,144
2297442,1,144
2300298,1,144
2300709,1,144
2301233,1,144
2303500,1,144
2305004,1,144
2305214,1,144
2310087,1,144
2312287,1,144
2316148,1,144
2322305,1,144
2323820,1,144
2325522,1,144
2330174,1,144
2333779,1,144
2334902,1,144
2337506,1,144
2338412,1,144
2338778,1,144
2340951,1,144
2346155,1,144
2347416,1,144
2347454,1,144
2350047,1,144
2358560,1,144
2359358,1,144
2359520,1,144
2363477,1,144
2363671,1,144
2364546,1,144
2367614,1,144
2378584,1,144
2382988,1,144
2384083,1,144
2384760,1,144
2386239,1,144
2386374,1,144
2391878,1,144
2397382,1,144
2398708,1,144
2401359,1,144
2404757,1,144
2411981,1,144
2418513,1,144
2420688,1,144
2422378,1,144
2426762,1,144
2433267,1,144
2433916,1,144
2436542,1,144
2439657,1,144
2442821,1,144
2447968,1,144
2450047,1,144
2453968,1,144
2467993,1,144
2469369,1,144
2473279,1,144
2474348,1,144
2482478,1,144
2484832,1,144
2486399,1,144
2497323,1,144
2498173,1,144
2499912,1,144
2504666,1,144
2510265,1,144
2517921,1,144
2523987,1,144
2529049,1,144
2529141,1,144
2531750,1,144
2533984,1,144
2534018,1,144
2540302,1,144
2541728,1,144
2542323,1,144
2542327,1,144
2544489,1,144
2546728,1,144
2546989,1,144
2552790,1,144
2552975,1,144
2553211,1,144
2553459,1,144
2557257,1,144
2562845,1,144
2566047,1,144
2567775,1,144
2574164,1,144
2576246,1,144
2577440,1,144
2579457,1,144
2580598,1,144
2581561,1,144
2582974,1,144
2599455,1,144
2600219,1,144
2600603,1,144
2601132,1,144
2608860,1,144
2614203,1,144
2617549,1,144
2619800,1,144
2620575,1,144
2623102,1,144
2623999,1,144
2631658,1,144
2639371,1,144
2640989,1,144
2644614,1,144
2649547,1,144
2657600,1,144
2663505,1,144
2667659,1,144
2671593,1,144
2674299,1,144
2675838,1,144
2677334,1,144
2682206,1,144
2689364,1,144
2690106,1,144
2698003,1,144
2698932,1,144
2698956,1,144
2707291,1,144
2712147,1,144
2713983,1,144
2716590,1,144
2731774,1,144
2733932,1,144
2737471,1,144
2740549,1,144
2741976,1,144
2750170,1,144
2754821,1,144
2759499,1,144
2761140,1,144
2761597,1,144
2764242,1,144
2768809,1,144
2768843,1,144
2770202,1,144
2770300,1,144
2770322,1,144
2770841,1,144
2770886,1,144
2772065,1,144
2772738,1,144
2781191,1,144
2783678,1,144
2785418,1,144
2785780,1,144
2789441,1,144
2798285,1,144
2801079,1,144
2802198,1,144
2803097,1,144
2809870,1,144
2813953,1,144
2814024,1,144
2816999,1,144
2817235,1,144
2819756,1,144
2824573,1,144
2826706,1,144
2827496,1,144
2829504,1,144
2830379,1,144
2831131,1,144
2831640,1,144
2834954,1,144
2841780,1,144
2842844,1,144
2845095,1,144
2845768,1,144
2851517,1,144
2854597,1,144
2854610,1,144
2854833,1,144
2874643,1,144
2876405,1,144
2881502,1,144
2886672,1,144
2899448,1,144
2900948,1,144
2907397,1,144
2921893,1,144
2922851,1,144
2925672,1,144
2926481,1,144
2927307,1,144
2936504,1,144
2948663,1,144
2950544,1,144
2951562,1,144
2952592,1,144
2957582,1,144
2957912,1,144
2961257,1,144
2963454,1,144
2968391,1,144
2970736,1,144
2978850,1,144
2978876,1,144
2985525,1,144
2985666,1,144
2997451,1,144
2999209,1,144
2999805,1,144
3001653,1,144
3004057,1,144
3004481,1,144
3006337,1,144
3011082,1,144
3016694,1,144
3021206,1,144
3029577,1,144
3039298,1,144
3044907,1,144
3047123,1,144
3049510,1,144
3052811,1,144
3054411,1,144
3054451,1,144
3055419,1,144
3056462,1,144
3059555,1,144
3060067,1,144
3062663,1,144
3063163,1,144
3068278,1,144
3069493,1,144
3071467,1,144
3074608,1,144
3077205,1,144
3078931,1,144
3080139,1,144
3085291,1,144
3086492,1,144
3088022,1,144
3088605,1,144
3091695,1,144
3092315,1,144
3093067,1,144
3106641,1,144
3106725,1,144
3108374,1,144
3109611,1,144
3112844,1,144
3114397,1,144
3120566,1,144
3121306,1,144
3129353,1,144
3132549,1,144
3134589,1,144
3137417,1,144
3140876,1,144
3142540,1,144
3146103,1,144
3147345,1,144
3149489,1,144
3161776,1,144
3163314,1,144
3168076,1,144
3169251,1,144
3175299,1,144
3176882,1,144
3181870,1,144
3183641,1,144
3186691,1,144
3187951,1,144
3188382,1,144
3190894,1,144
3191641,1,144
3194553,1,144
3199446,1,144
3200245,1,144
3201922,1,144
3202762,1,144
3206331,1,144
3207049,1,144
3210634,1,144
3214079,1,144
3215568,1,144
3216887,1,144
3221928,1,144
3224389,1,144
3230486,1,144
3230912,1,144
3240086,1,144
3241937,1,144
3243482,1,144
3245868,1,144
3250776,1,144
3251110,1,144
3257149,1,144
3262664,1,144
3264597,1,144
3270544,1,144
3275983,1,144
3276191,1,144
3278289,1,144
3285444,1,144
3290032,1,144
3291703,1,144
3302620,1,144
3307236,1,144
3317632,1,144
3317635,1,144
3325214,1,144
3328714,1,144
3329806,1,144
3330951,1,144
3332051,1,144
3339694,1,144
3348645,1,144
3348648,1,144
3352179,1,144
3353054,1,144
3354662,1,144
3362154,1,144
3362214,1,144
3362438,1,144
3364271,1,144
3364747,1,144
3366893,1,144
3367641,1,144
3367801,1,144
3369563,1,144
3370693,1,144
3370745,1,144
3372191,1,144
3372909,1,144
3375444,1,144
3377970,1,144
3380894,1,144
3391981,1,144
3392007,1,144
3396062,1,144
3399015,1,144
3406911,1,144
3408480,1,144
3410168,1,144
3410194,1,144
3425171,1,144
3427324,1,144
3427329,1,144
3431687,1,144
3439599,1,144
3444531,1,144
3444544,1,144
3452489,1,144
3452573,1,144
3455652,1,144
3455798,1,144
3458864,1,144
3459374,1,144
3466857,1,144
3469890,1,144
3473393,1,144
3478393,1,144
3478693,1,144
3482759,1,144
3482916,1,144
3484527,1,144
3486461,1,144
3495355,1,144
3497381,1,144
3501116,1,144
3501550,1,144
3513305,1,144
3516903,1,144
3520124,1,144
3521144,1,144
3523160,1,144
3523733,1,144
3524691,1,144
3524982,1,144
3528340,1,144
3531195,1,144
3532215,1,144
3535692,1,144
3536482,1,144
3537278,1,144
3539984,1,144
3577609,1,144
3578986,1,144
3580943,1,144
3590386,1,144
3591543,1,144
3595162,1,144
3595449,1,144
3596343,1,144
3596602,1,144
3598852,1,144
3611305,1,144
3611337,1,144
3619527,1,144
3621384,1,144
3624098,1,144
3627579,1,144
3632020,1,144
3635875,1,144
3639811,1,144
3640689,1,144
3642622,1,144
3643298,1,144
3646270,1,144
3648506,1,144
3651976,1,144
3656605,1,144
3658582,1,144
3660994,1,144
3664474,1,144
3664777,1,144
3670488,1,144
3670630,1,144
3672221,1,144
3673076,1,144
3677417,1,144
3678257,1,144
3679449,1,144
3679842,1,144
3687606,1,144
3687851,1,144
3688036,1,144
3697551,1,144
3697804,1,144
3702943,1,144
3709364,1,144
3720800,1,144
3723184,1,144
3724143,1,144
3726107,1,144
3726399,1,144
3738055,1,144
3748275,1,144
3754272,1,144
3758609,1,144
3760421,1,144
3760744,1,144
3765536,1,144
3772710,1,144
3776267,1,144
3777138,1,144
3784687,1,144
3784942,1,144
3792639,1,144
3807064,1,144
3807788,1,144
3808487,1,144
3810939,1,144
3811164,1,144
3811785,1,144
3822170,1,144
3823149,1,144
3825737,1,144
3827565,1,144
3831847,1,144
3838258,1,144
3840554,1,144
3841370,1,144
3852517,1,144
3856481,1,144
3863839,1,144
3869312,1,144
3869532,1,144
3871835,1,144
3877188,1,144
3880414,1,144
3880707,1,144
3881043,1,144
3881971,1,144
3882254,1,144
3882385,1,144
3883409,1,144
3883758,1,144
3887150,1,144
3887626,1,144
3889592,1,144
3891147,1,144
3893845,1,144
3896260,1,144
3896584,1,144
3899695,1,144
3911882,1,144
3921289,1,144
3923412,1,144
3924130,1,144
3925474,1,144
3926044,1,144
3927704,1,144
3936459,1,144
3942263,1,144
3946829,1,144
3949332,1,144
3954023,1,144
3959470,1,144
3959960,1,144
3961523,1,144
3963550,1,144
3965316,1,144
3970143,1,144
3970500,1,144
3975345,1,144
3976423,1,144
3976625,1,144
3990912,1,144
3991845,1,144
3999221,1,144
4003032,1,144
4008428,1,144
4013355,1,144
4014593,1,144
4016501,1,144
4018475,1,144
4019262,1,144
4020253,1,144
4024957,1,144
4025227,1,144
4027049,1,144
4038420,1,144
4043667,1,144
4044401,1,144
4044428,1,144
4045023,1,144
4045814,1,144
4057326,1,144
4065233,1,144
4069404,1,144
4073936,1,144
4077026,1,144
4077553,1,144
4078550,1,144
4080186,1,144
4081063,1,144
4084885,1,144
4090481,1,144
4093559,1,144
4104003,1,144
4105849,1,144
4109722,1,144
4112409,1,144
4116167,1,144
4116872,1,144
4117393,1,144
4132009,1,144
4133310,1,144
4136500,1,144
4153708,1,144
4161171,1,144
4162631,1,144
4169422,1,144
4171730,1,144
4185404,1,144
4187729,1,144
4189372,1,144
4191765,1,144
4193054,1,144
4197730,1,144
4200429,1,144
4200487,1,144
4208162,1,144
4208193,1,144
4210829,1,144
4212297,1,144
4214195,1,144
4214509,1,144
4216139,1,144
4216446,1,144
4216559,1,144
4219021,1,144
4223524,1,144
4223604,1,144
4225359,1,144
4230309,1,144
4235331,1,144
4236275,1,144
4249086,1,144
4267554,1,144
4276458,1,144
4279697,1,144
4285584,1,144
4292951,1,144
4299733,1,144
4327705,1,144
4331483,1,144
4331946,1,144
4332234,1,144
4333033,1,144
4335753,1,144
4341069,1,144
4347623,1,144
4353345,1,144
4358650,1,144
4363451,1,144
4363857,1,144
4364499,1,144
4370703,1,144
4375231,1,144
4377940,1,144
4383871,1,144
4386608,1,144
4393698,1,144
4394420,1,144
4394982,1,144
4396759,1,144
4399269,1,144
4412263,1,144
4412692,1,144
4415632,1,144
4419718,1,144
4425506,1,144
4427641,1,144
4427787,1,144
4432603,1,144
4434603,1,144
4436652,1,144
4437323,1,144
4443604,1,144
4464015,1,144
4469502,1,144
4475688,1,144
4486497,1,144
4488090,1,144
4503796,1,144
4507462,1,144
4508882,1,144
4514795,1,144
4525760,1,144
4526759,1,144
4528223,1,144
4533329,1,144
4534472,1,144
4538563,1,144
4541072,1,144
4541300,1,144
4562878,1,144
4563751,1,144
4564126,1,144
4569111,1,144
4570265,1,144
4580163,1,144
4583896,1,144
4588113,1,144
4591771,1,144
4594395,1,144
4596037,1,144
4597409,1,144
4597433,1,144
4602382,1,144
4604869,1,144
4615516,1,144
4619802,1,144
4620184,1,144
4624073,1,144
4631359,1,144
4633636,1,144
4639607,1,144
4641116,1,144
4648498,1,144
4654252,1,144
4658359,1,144
4659887,1,144
4663695,1,144
4684188,1,144
4685781,1,144
4691966,1,144
4692150,1,144
4694408,1,144
4694896,1,144
4710291,1,144
4711084,1,144
4711277,1,144
4713622,1,144
4721750,1,144
4722782,1,144
4728499,1,144
4729303,1,144
4729938,1,144
4732330,1,144
4733470,1,144
4746329,1,144
4748419,1,144
4748463,1,144
4751719,1,144
4753182,1,144
4764539,1,144
4765378,1,144
4772980,1,144
4775299,1,144
4778169,1,144
4787050,1,144
4790091,1,144
4800338,1,144
4803103,1,144
4806311,1,144
4811753,1,144
4816870,1,144
4820492,1,144
4863660,1,144
4873392,1,144
4882982,1,144
4893548,1,144
4898263,1,144
4911505,1,144
4921638,1,144
4927804,1,144
4928378,1,144
4929888,1,144
4935501,1,144
4936201,1,144
4936805,1,144
4947911,1,144
4949000,1,144
4949414,1,144
4966182,1,144
4974151,1,144
4977409,1,144
4979321,1,144
4979571,1,144
4984377,1,144
4994954,1,144
4999658,1,144
5001050,1,144
5007227,1,144
5007576,1,144
5011695,1,144
5015104,1,144
5027156,1,144
5027771,1,144
5029171,1,144
5029859,1,144
5035266,1,144
5035876,1,144
5036933,1,144
5042903,1,144
5046904,1,144
5048164,1,144
5049984,1,144
5052616,1,144
5059610,1,144
5074207,1,144
5074917,1,144
5076526,1,144
5080126,1,144
5080353,1,144
5080834,1,144
5084430,1,144
5085260,1,144
5094008,1,144
5094338,1,144
5098753,1,144
5100555,1,144
5114143,1,144
5118000,1,144
5134133,1,144
5138977,1,144
5141864,1,144
5142394,1,144
5143829,1,144
5147210,1,144
5147530,1,144
5148132,1,144
5167344,1,144
5168415,1,144
5171685,1,144
5174202,1,144
5175609,1,144
5177126,1,144
5184128,1,144
5193791,1,144
5195324,1,144
5195423,1,144
5202322,1,144
5203656,1,144
5206425,1,144
5212023,1,144
5219775,1,144
5220563,1,144
5221047,1,144
5222084,1,144
5223649,1,144
5226601,1,144
5227468,1,144
5230042,1,144
5236823,1,144
5239362,1,144
5249370,1,144
5253055,1,144
5253753,1,144
5257933,1,144
5260900,1,144
5269004,1,144
5276331,1,144
5277788,1,144
5286092,1,144
5290786,1,144
5300674,1,144
5301424,1,144
5303255,1,144
5306513,1,144
5306886,1,144
5307200,1,144
5308013,1,144
5315815,1,144
5318301,1,144
5320015,1,144
5326086,1,144
5326183,1,144
5347132,1,144
5350898,1,144
5352434,1,144
5363119,1,144
5371129,1,144
5381376,1,144
5381764,1,144
5383145,1,144
5391892,1,144
5403917,1,144
5404575,1,144
5407471,1,144
5410298,1,144
5416256,1,144
5417266,1,144
5417628,1,144
5421627,1,144
5422152,1,144
5424113,1,144
5424272,1,144
5425487,1,144
5425684,1,144
5427141,1,144
5435657,1,144
5436545,1,144
5437786,1,144
5443152,1,144
5446313,1,144
5448818,1,144
5455173,1,144
5455451,1,144
5458070,1,144
5459550,1,144
5460365,1,144
5461649,1,144
5461715,1,144
5471004,1,144
5478280,1,144
5480431,1,144
5481304,1,144
5485478,1,144
5488514,1,144
5491827,1,144
5492542,1,144
5494764,1,144
5496488,1,144
5499939,1,144
5503720,1,144
5508905,1,144
5513087,1,144
5523410,1,144
5523883,1,144
5526335,1,144
5553483,1,144
5555900,1,144
5559977,1,144
5562157,1,144
5563073,1,144
5565449,1,144
5567296,1,144
5567573,1,144
5568406,1,144
5570168,1,144
5571823,1,144
5575356,1,144
5577741,1,144
5579638,1,144
5581972,1,144
5582657,1,144
5582988,1,144
5597047,1,144
5598996,1,144
5599208,1,144
5599373,1,144
5599662,1,144
5600341,1,144
5601065,1,144
5608189,1,144
5608239,1,144
5608480,1,144
5608945,1,144
5609076,1,144
5613584,1,144
5621185,1,144
5621298,1,144
5621792,1,144
5629366,1,144
5635867,1,144
5649915,1,144
5650970,1,144
5657585,1,144
5663877,1,144
5664434,1,144
5667335,1,144
5668806,1,144
5672748,1,144
5674605,1,144
5676888,1,144
5677929,1,144
5679671,1,144
5688346,1,144
5693297,1,144
5695780,1,144
5705890,1,144
5710962,1,144
5714057,1,144
5717770,1,144
5727769,1,144
5739391,1,144
5743757,1,144
5762822,1,144
5765945,1,144
5766482,1,144
5772287,1,144
5773210,1,144
5799436,1,144
5811980,1,144
5818726,1,144
5818801,1,144
5821684,1,144
5829885,1,144
5832570,1,144
5833278,1,144
5835798,1,144
5838641,1,144
5843735,1,144
5859040,1,144
5870291,1,144
5875315,1,144
5876748,1,144
5877812,1,144
5877923,1,144
5891861,1,144
5893007,1,144
5895676,1,144
5904336,1,144
5907357,1,144
5909827,1,144
5912803,1,144
5913975,1,144
5919164,1,144
5920977,1,144
5927133,1,144
5943624,1,144
5943935,1,144
5949351,1,144
5953871,1,144
5962538,1,144
5969664,1,144
5969866,1,144
5970971,1,144
5974717,1,144
5984159,1,144
5985730,1,144
5990209,1,144
6002490,1,144
6007894,1,144
6021683,1,144
6022701,1,144
6036869,1,144
6037501,1,144
6039952,1,144
6041110,1,144
6042239,1,144
6042320,1,144
6045532,1,144
6047769,1,144
6048843,1,144
6052176,1,144
6054758,1,144
6055037,1,144
6061078,1,144
6067707,1,144
6070701,1,144
6076421,1,144
6082757,1,144
6091112,1,144
6091630,1,144
6092585,1,144
6095735,1,144
6101761,1,144
6115991,1,144
6130598,1,144
6135093,1,144
6138133,1,144
6138982,1,144
6140689,1,144
6143567,1,144
6145910,1,144
6146254,1,144
6151788,1,144
6152000,1,144
6154318,1,144
6154901,1,144
6161006,1,144
6161734,1,144
6161814,1,144
6165232,1,144
6167168,1,144
6168436,1,144
6177271,1,144
6183050,1,144
6183880,1,144
6184465,1,144
6191335,1,144
6214936,1,144
6215400,1,144
6217422,1,144
6223240,1,144
6227003,1,144
6251887,1,144
6251970,1,144
6256333,1,144
6265396,1,144
6270048,1,144
6274202,1,144
6274462,1,144
6282321,1,144
6285463,1,144
6293471,1,144
6302519,1,144
6304465,1,144
6311647,1,144
6323063,1,144
6323478,1,144
6329505,1,144
6332263,1,144
6332957,1,144
6337562,1,144
6341011,1,144
6343135,1,144
6356626,1,144
6360216,1,144
6360459,1,144
6366788,1,144
6371303,1,144
6371437,1,144
6374269,1,144
6376156,1,144
6376906,1,144
6378458,1,144
6380080,1,144
6383605,1,144
6385820,1,144
6387460,1,144
6392644,1,144
6397177,1,144
6398157,1,144
6405557,1,144
6409350,1,144
6417429,1,144
6423113,1,144
6426433,1,144
6428732,1,144
6430933,1,144
6440104,1,144
6443315,1,144
6449301,1,144
6458704,1,144
6465794,1,144
6476870,1,144
6478745,1,144
6479266,1,144
6492740,1,144
6498392,1,144
6501930,1,144
6506964,1,144
6510170,1,144
6521191,1,144
6523503,1,144
6528586,1,144
6530081,1,144
6536985,1,144
6546430,1,144
6547952,1,144
6552560,1,144
6563158,1,144
6564836,1,144
6566645,1,144
6581089,1,144
6585644,1,144
6604457,1,144
6604864,1,144
6610038,1,144
6620597,1,144
6626818,1,144
6628249,1,144
6629172,1,144
6636455,1,144
6642334,1,144
6643582,1,144
6653988,1,144
6655009,1,144
6657120,1,144
6657354,1,144
6674648,1,144
6675751,1,144
6688035,1,144
6688324,1,144
6692023,1,144
6693365,1,144
6699964,1,144
6701124,1,144
6711679,1,144
6714442,1,144
6716115,1,144
6717746,1,144
6720967,1,144
6726016,1,144
6729807,1,144
6730217,1,144
6732004,1,144
6737785,1,144
6737824,1,144
6753674,1,144
6754058,1,144
6758540,1,144
6758877,1,144
6759483,1,144
6761013,1,144
6762133,1,144
6768582,1,144
6768712,1,144
6770119,1,144
6772202,1,144
6778631,1,144
6779237,1,144
6779417,1,144
6785435,1,144
6785614,1,144
6788752,1,144
6797137,1,144
6797824,1,144
6798349,1,144
6809335,1,144
6822643,1,144
6823226,1,144
6824141,1,144
6830908,1,144
6834920,1,144
6835981,1,144
6842551,1,144
6842826,1,144
6843507,1,144
6843530,1,144
6847544,1,144
6847747,1,144
6862658,1,144
6864827,1,144
6864828,1,144
6867996,1,144
6875462,1,144
6875673,1,144
6875849,1,144
6881377,1,144
6890321,1,144
6892666,1,144
6894634,1,144
6894956,1,144
6899011,1,144
6907684,1,144
6908001,1,144
6915384,1,144
6917090,1,144
6922276,1,144
6922892,1,144
6926644,1,144
6929170,1,144
6929822,1,144
6936676,1,144
6937958,1,144
6943919,1,144
6944095,1,144
6948411,1,144
6960701,1,144
6961490,1,144
6966410,1,144
6970196,1,144
6979137,1,144
6979207,1,144
6984035,1,144
6997163,1,144
7010685,1,144
7042260,1,144
7043112,1,144
7044375,1,144
7078573,1,144
7085282,1,144
7091451,1,144
7095609,1,144
7100099,1,144
7100645,1,144
7107505,1,144
7117438,1,144
7118300,1,144
7120647,1,144
7121753,1,144
7123234,1,144
7124059,1,144
7125133,1,144
7130705,1,144
7132058,1,144
7133704,1,144
7134030,1,144
7138212,1,144
7142767,1,144
7144717,1,144
7158596,1,144
7183998,1,144
7192539,1,144
7192832,1,144
7196802,1,144
7209163,1,144
7215480,1,144
7233865,1,144
7234477,1,144
7236292,1,144
7237365,1,144
7240427,1,144
7241887,1,144
7246357,1,144
7249414,1,144
7252454,1,144
7266435,1,144
7269913,1,144
7270164,1,144
7279640,1,144
7289680,1,144
7298302,1,144
7308775,1,144
7311462,1,144
7315454,1,144
7328625,1,144
7329019,1,144
7335302,1,144
7335613,1,144
7342888,1,144
7351351,1,144
7362290,1,144
7364383,1,144
7369541,1,144
7376454,1,144
7393896,1,144
7409845,1,144
7413816,1,144
7415349,1,144
7415984,1,144
7425261,1,144
7435187,1,144
7436176,1,144
7437580,1,144
7448203,1,144
7454142,1,144
7454468,1,144
7459310,1,144
7461492,1,144
7461887,1,144
7462257,1,144
7464363,1,144
7471018,1,144
7475150,1,144
7476318,1,144
7484215,1,144
7501477,1,144
7502537,1,144
7510974,1,144
7512323,1,144
7516020,1,144
7525670,1,144
7542439,1,144
7543438,1,144
7567001,1,144
7567786,1,144
7598630,1,144
7614353,1,144
7641760,1,144
7642878,1,144
7643490,1,144
7645717,1,144
7651474,1,144
7658554,1,144
7661146,1,144
7680796,1,144
7682657,1,144
7695060,1,144
7710663,1,144
7721181,1,144
7726233,1,144
7729878,1,144
7748788,1,144
7749319,1,144
7768611,1,144
7773601,1,144
7780462,1,144
7780919,1,144
7783185,1,144
7813511,1,144
7817026,1,144
7820881,1,144
7833788,1,144
7857126,1,144
7861544,1,144
7862699,1,144
7872348,1,144
7875085,1,144
7876335,1,144
7876498,1,144
7889075,1,144
7890877,1,144
7891097,1,144
7891333,1,144
7893197,1,144
7908723,1,144
7911352,1,144
7920285,1,144
7927356,1,144
7927822,1,144
7937889,1,144
7939005,1,144
7942367,1,144
7944350,1,144
7945757,1,144
7949037,1,144
7952854,1,144
7952949,1,144
7957370,1,144
7960232,1,144
7970947,1,144
7999878,1,144
8007836,1,144
8012876,1,144
8017590,1,144
8018776,1,144
8020847,1,144
8031866,1,144
8039608,1,144
8045792,1,144
8047987,1,144
8049878,1,144
8052991,1,144
8055247,1,144
8057288,1,144
8059120,1,144
8065913,1,144
8070144,1,144
8072111,1,144
8083526,1,144
8083892,1,144
8095651,1,144
8097526,1,144
8097799,1,144
8098261,1,144
8109384,1,144
8110936,1,144
8124929,1,144
8128941,1,144
8141935,1,144
8143068,1,144
8158363,1,144
8178749,1,144
8180186,1,144
8187479,1,144
8188708,1,144
8219721,1,144
8220653,1,144
8222059,1,144
8222843,1,144
8232742,1,144
8272989,1,144
8274272,1,144
8275741,1,144
8276276,1,144
8280645,1,144
8282096,1,144
8289691,1,144
8305363,1,144
8311862,1,144
8313760,1,144
8333647,1,144
8336744,1,144
8337939,1,144
8340919,1,144
8341602,1,144
8352747,1,144
8353151,1,144
8356669,1,144
8375466,1,144
8381177,1,144
8385065,1,144
8391194,1,144
8393596,1,144
8402647,1,144
8406903,1,144
8407904,1,144
8411309,1,144
8411522,1,144
8420490,1,144
8425822,1,144
8432168,1,144
8432403,1,144
8433587,1,144
8440027,1,144
8455958,1,144
8458519,1,144
8469791,1,144
8483660,1,144
8484333,1,144
8486415,1,144
8501092,1,144
8508510,1,144
8517289,1,144
8531066,1,144
8534160,1,144
8542552,1,144
8567270,1,144
8567578,1,144
8582266,1,144
8588940,1,144
8598274,1,144
8609142,1,144
8611349,1,144
8619310,1,144
8619966,1,144
8622362,1,144
8629355,1,144
8648317,1,144
8664776,1,144
8676711,1,144
8683380,1,144
8686776,1,144
8691626,1,144
8711502,1,144
8717260,1,144
8720866,1,144
8726537,1,144
8734556,1,144
8736805,1,144
8749389,1,144
8759270,1,144
8765687,1,144
8773846,1,144
8785700,1,144
8795397,1,144
8813276,1,144
8820518,1,144
8827846,1,144
8828652,1,144
8839692,1,144
8843035,1,144
8846086,1,144
8857643,1,144
8861742,1,144
8869390,1,144
8880186,1,144
8883368,1,144
8887216,1,144
8888824,1,144
8890070,1,144
8900907,1,144
8917241,1,144
8929435,1,144
8931029,1,144
8942470,1,144
8942633,1,144
8943787,1,144
8944061,1,144
8950002,1,144
8968110,1,144
8970365,1,144
8971713,1,144
8980971,1,144
8983434,1,144
8990544,1,144
8999477,1,144
9005943,1,144
9008889,1,144
9010275,1,144
9015450,1,144
9017743,1,144
9020979,1,144
9023776,1,144
9058285,1,144
9058657,1,144
9063761,1,144
9072266,1,144
9075214,1,144
9083656,1,144
9091881,1,144
9094232,1,144
9099617,1,144
9106608,1,144
9108002,1,144
9118764,1,144
9119913,1,144
9121359,1,144
9121936,1,144
9125851,1,144
9126944,1,144
9130583,1,144
9134703,1,144
9136791,1,144
9137836,1,144
9144902,1,144
9147514,1,144
9169831,1,144
9178352,1,144
9190779,1,144
9191505,1,144
9195197,1,144
9199763,1,144
9202993,1,144
9209105,1,144
9265364,1,144
9269845,1,144
9270494,1,144
9276742,1,144
9287847,1,144
9295121,1,144
9303093,1,144
9308240,1,144
9347950,1,144
9348198,1,144
9349451,1,144
9358427,1,144
9392750,1,144
9393714,1,144
9402461,1,144
9410575,1,144
9429707,1,144
9436892,1,144
9455367,1,144
9467273,1,144
9470158,1,144
9476421,1,144
9503187,1,144
9509127,1,144
9534477,1,144
9551111,1,144
9558691,1,144
9565499,1,144
9569076,1,144
9589597,1,144
9589618,1,144
9638813,1,144
9642578,1,144
9654118,1,144
9657386,1,144
9657752,1,144
9675939,1,144
9693410,1,144
9701252,1,144
9712785,1,144
9712830,1,144
9718515,1,144
9720902,1,144
9742719,1,144
9743157,1,144
9790196,1,144
9818842,1,144
9857273,1,144
9859840,1,144
9862022,1,144
9863282,1,144
9889539,1,144
9922367,1,144
9925064,1,144
9926275,1,144
9947422,1,144
9952617,1,144
9966695,1,144
9982233,1,144
9987909,1,144
9990521,1,144
10009114,1,144
10026538,1,144
10036810,1,144
10044008,1,144
10058770,1,144
10061376,1,144
10070228,1,144
10083758,1,144
10099165,1,144
10106289,1,144
10111561,1,144
10114923,1,144
10117682,1,144
10143821,1,144
10152935,1,144
10162120,1,144
10191084,1,144
10192625,1,144
10201242,1,144
10210400,1,144
10211651,1,144
10239411,1,144
10241269,1,144
10272887,1,144
10286947,1,144
10293294,1,144
10296554,1,144
10300258,1,144
10321350,1,144
10334119,1,144
10335062,1,144
10337953,1,144
10339692,1,144
10355488,1,144
10356688,1,144
10358615,1,144
10364402,1,144
10366796,1,144
10366797,1,144
10368577,1,144
10398640,1,144
10398739,1,144
10401996,1,144
10406127,1,144
10424900,1,144
10438373,1,144
10467983,1,144
10473170,1,144
10496155,1,144
10507676,1,144
10510431,1,144
10531387,1,144
10540192,1,144
10559737,1,144
10562610,1,144
10569203,1,144
10606348,1,144
10608935,1,144
10609041,1,144
10613324,1,144
10627238,1,144
10638021,1,144
10645383,1,144
10646019,1,144
10652829,1,144
10664298,1,144
10670565,1,144
10682054,1,144
10688625,1,144
10697536,1,144
10700721,1,144
10704302,1,144
10738135,1,144
10743098,1,144
10743728,1,144
10744107,1,144
10753453,1,144
10753813,1,144
10758773,1,144
10763210,1,144
10769493,1,144
10772830,1,144
10791881,1,144
10804210,1,144
10805199,1,144
10807108,1,144
10811822,1,144
10814689,1,144
10817067,1,144
10826283,1,144
10830701,1,144
10834042,1,144
10849218,1,144
10859091,1,144
10864799,1,144
10865659,1,144
10877466,1,144
10884832,1,144
10904842,1,144
10907166,1,144
10917718,1,144
10954751,1,144
10968765,1,144
10983745,1,144
10999294,1,144
11003450,1,144
11005963,1,144
11021913,1,144
11025365,1,144
11051042,1,144
11060804,1,144
11088651,1,144
11094999,1,144
11130940,1,144
11134329,1,144
11141389,1,144
11172548,1,144
11180621,1,144
11212694,1,144
11224493,1,144
11257760,1,144
11265431,1,144
11265530,1,144
11285464,1,144
11288470,1,144
11292378,1,144
11294789,1,144
11306473,1,144
11310145,1,144
11312561,1,144
11318384,1,144
11323660,1,144
11340449,1,144
11341688,1,144
11372728,1,144
11375341,1,144
11376339,1,144
11401608,1,144
11404005,1,144
11407254,1,144
11435907,1,144
11459840,1,144
11466453,1,144
11470826,1,144
11475982,1,144
11492342,1,144
11506338,1,144
11509367,1,144
11513291,1,144
11522632,1,144
11539734,1,144
11571622,1,144
11590571,1,144
11600445,1,144
11628637,1,144
11632726,1,144
11663379,1,144
11665765,1,144
11675208,1,144
11680080,1,144
11689533,1,144
11703998,1,144
11711871,1,144
11713023,1,144
11750320,1,144
11750685,1,144
11755645,1,144
11771227,1,144
11786506,1,144
11799110,1,144
11808903,1,144
11813607,1,144
11813717,1,144
11814502,1,144
11827742,1,144
11836070,1,144
11907723,1,144
11934435,1,144
11937539,1,144
11945891,1,144
11950149,1,144
11961431,1,144
11974795,1,144
11981528,1,144
11981606,1,144
11993626,1,144
12013210,1,144
12014505,1,144
12032248,1,144
12034601,1,144
12087735,1,144
12092085,1,144
12097473,1,144
12110844,1,144
12112653,1,144
12115186,1,144
12136987,1,144
12149075,1,144
12155003,1,144
12163410,1,144
12181206,1,144
12187705,1,144
12205993,1,144
12247242,1,144
12251974,1,144
12268435,1,144
12285810,1,144
12296629,1,144
12299307,1,144
12321831,1,144
12322740,1,144
12343599,1,144
12372866,1,144
12374911,1,144
12386288,1,144
12388064,1,144
12439836,1,144
12442935,1,144
12461397,1,144
12479827,1,144
12494342,1,144
12499093,1,144
12538243,1,144
12552500,1,144
12556455,1,144
12557407,1,144
12564272,1,144
12567059,1,144
12569497,1,144
12573225,1,144
12574012,1,144
12583921,1,144
12597188,1,144
12606945,1,144
12610236,1,144
12615679,1,144
12628112,1,144
12630224,1,144
12636260,1,144
12645064,1,144
12647135,1,144
12668546,1,144
12672027,1,144
12685466,1,144
12697164,1,144
12705724,1,144
12707986,1,144
12717624,1,144
12723639,1,144
12729148,1,144
12767967,1,144
12776545,1,144
12787665,1,144
12831016,1,144
12863398,1,144
12883086,1,144
12893282,1,144
12901172,1,144
12949090,1,144
12957260,1,144
12977174,1,144
12991390,1,144
13039644,1,144
13051123,1,144
13062571,1,144
13070349,1,144
13080878,1,144
13110958,1,144
13111745,1,144
13117994,1,144
13118196,1,144
13120305,1,144
13165540,1,144
13172299,1,144
13228572,1,144
13228718,1,144
13242392,1,144
13275149,1,144
13280256,1,144
13297000,1,144
13297788,1,144
13357824,1,144
13373856,1,144
13390788,1,144
13405108,1,144
13412867,1,144
13439477,1,144
13448100,1,144
13527967,1,144
13536789,1,144
13547968,1,144
13563773,1,144
13595375,1,144
13604961,1,144
13630016,1,144
13635132,1,144
13665922,1,144
13670337,1,144
13672994,1,144
13675895,1,144
13678055,1,144
13744329,1,144
13745018,1,144
13745971,1,144
13759377,1,144
13764397,1,144
13803578,1,144
13816742,1,144
13835762,1,144
13843504,1,144
13875558,1,144
13881055,1,144
13916566,1,144
13917777,1,144
13920778,1,144
13937686,1,144
13943595,1,144
13968549,1,144
13978897,1,144
13982649,1,144
14001723,1,144
14014254,1,144
14029134,1,144
14031838,1,144
14060644,1,144
14078609,1,144
14095443,1,144
14141039,1,144
14146176,1,144
14152255,1,144
14166854,1,144
14212979,1,144
14227502,1,144
14231420,1,144
14238078,1,144
14260239,1,144
14293537,1,144
14306649,1,144
14311730,1,144
14323700,1,144
14326710,1,144
14338007,1,144
14783482,1,144
14815358,1,144
14831315,1,144
14836149,1,144
14877732,1,144
14910118,1,144
14953122,1,144
14966486,1,144
14973783,1,144
14985016,1,144
14987735,1,144
15011477,1,144
15019917,1,144
15034591,1,144
15056748,1,144
15058720,1,144
15059605,1,144
15059874,1,144
15061397,1,144
15090582,1,144
15092024,1,144
15109673,1,144
15123751,1,144
15180992,1,144
15187870,1,144
15207595,1,144
15215827,1,144
15307244,1,144
15319872,1,144
15329593,1,144
15341301,1,144
15354374,1,144
15356855,1,144
15377484,1,144
15383958,1,144
15527378,1,144
15602986,1,144
15606803,1,144
15611739,1,144
15623866,1,144
15702795,1,144
15729967,1,144
15793112,1,144
15798640,1,144
15816056,1,144
15818888,1,144
15819498,1,144
15828926,1,144
15866937,1,144
15868755,1,144
15871340,1,144
15871674,1,144
15883435,1,144
15884336,1,144
15891700,1,144
15937065,1,144
15987317,1,144
16000377,1,144
16000481,1,144
16023153,1,144
16025433,1,144
16035998,1,144
16067334,1,144
16106390,1,144
16129249,1,144
16133390,1,144
16149251,1,144
16240829,1,144
16242985,1,144
16243531,1,144
16259856,1,144
16276998,1,144
16320631,1,144
16370036,1,144
16386583,1,144
16406123,1,144
16416542,1,144
16417098,1,144
16427740,1,144
16469472,1,144
16473923,1,144
16507963,1,144
16515806,1,144
16515861,1,144
16534325,1,144
16575998,1,144
16576219,1,144
16576397,1,144
16596777,1,144
16612247,1,144
16620320,1,144
16622901,1,144
16640749,1,144
16648097,1,144
16649600,1,144
16685403,1,144
16688836,1,144
16728530,1,144
16747783,1,144
16750345,1,144
16751056,1,144
16763503,1,144
16787288,1,144
16797849,1,144
16820598,1,144
16829323,1,144
16853175,1,144
16854044,1,144
16890077,1,144
16895779,1,144
16908622,1,144
16922341,1,144
16937838,1,144
16959528,1,144
16960088,1,144
16978632,1,144
16986576,1,144
16995169,1,144
16995184,1,144
17014540,1,144
17024693,1,144
17027165,1,144
17030877,1,144
17053375,1,144
17064360,1,144
17088390,1,144
17097939,1,144
17157965,1,144
17185462,1,144
17234623,1,144
17249775,1,144
17251601,1,144
17264277,1,144
17315212,1,144
17379963,1,144
17400725,1,144
17402163,1,144
17485959,1,144
17489298,1,144
17507690,1,144
17507900,1,144
17510239,1,144
17536662,1,144
17542073,1,144
17559289,1,144
17571457,1,144
17575688,1,144
17619594,1,144
17620737,1,144
17645049,1,144
17716841,1,144
17722527,1,144
17755202,1,144
17774285,1,144
17776388,1,144
17805098,1,144
17841919,1,144
17860233,1,144
17868599,1,144
17877083,1,144
17890625,1,144
17918689,1,144
17924127,1,144
17973020,1,144
17983546,1,144
17994108,1,144
18000060,1,144
18005609,1,144
18006523,1,144
18011004,1,144
18011385,1,144
18069263,1,144
18096089,1,144
18097030,1,144
18102092,1,144
18105154,1,144
18111035,1,144
18112560,1,144
18121502,1,144
18158613,1,144
18171279,1,144
18190905,1,144
18204690,1,144
18220165,1,144
18228330,1,144
18228395,1,144
18243819,1,144
18280701,1,144
18282328,1,144
18318073,1,144
18319734,1,144
18344132,1,144
18362949,1,144
18377564,1,144
18431775,1,144
18451597,1,144
18452646,1,144
18474917,1,144
18509807,1,144
18531182,1,144
18554242,1,144
18555653,1,144
18562506,1,144
18588618,1,144
18622274,1,144
18657211,1,144
18684321,1,144
18690811,1,144
18716446,1,144
19165280,1,144
19170275,1,144
19193616,1,144
19252680,1,144
19254205,1,144
19275982,1,144
19303058,1,144
19337206,1,144
19367683,1,144
19389342,1,144
19466330,1,144
19472747,1,144
19475586,1,144
19484365,1,144
19496473,1,144
19545513,1,144
19562558,1,144
19566515,1,144
19587016,1,144
19588613,1,144
19595147,1,144
19608884,1,144
19636742,1,144
19649268,1,144
19658300,1,144
19681723,1,144
19684265,1,144
19686918,1,144
19698023,1,144
19707787,1,144
19725432,1,144
19776877,1,144
19844368,1,144
19867502,1,144
19874599,1,144
19882756,1,144
19926174,1,144
19956136,1,144
19974370,1,144
20006734,1,144
20013881,1,144
20023277,1,144
20106221,1,144
20114984,1,144
20116814,1,144
20128202,1,144
20147572,1,144
20181770,1,144
20187820,1,144
20195369,1,144
20206358,1,144
20230896,1,144
20249699,1,144
20262255,1,144
20264467,1,144
20267733,1,144
20273349,1,144
20318608,1,144
20339327,1,144
20359693,1,144
20398129,1,144
20409002,1,144
20412837,1,144
20426965,1,144
20434874,1,144
20484736,1,144
20503529,1,144
20516943,1,144
20521320,1,144
20597656,1,144
20602256,1,144
20632910,1,144
20651852,1,144
20666570,1,144
20679825,1,144
20690133,1,144
20725783,1,144
20760160,1,144
20765464,1,144
20788562,1,144
20871604,1,144
20911264,1,144
20941716,1,144
20972179,1,144
20980671,1,144
20985156,1,144
20997737,1,144
21002462,1,144
21002823,1,144
21021916,1,144
21114044,1,144
21117946,1,144
21148423,1,144
21152737,1,144
21243082,1,144
21259251,1,144
21269527,1,144
21285645,1,144
21301288,1,144
21317928,1,144
21324187,1,144
21331325,1,144
21379657,1,144
21632768,1,144
21700490,1,144
21942252,1,144
22065566,1,144
22111654,1,144
22129923,1,144
22145534,1,144
22145591,1,144
22162179,1,144
22179916,1,144
22282320,1,144
22294314,1,144
22297416,1,144
22370654,1,144
22388092,1,144
22427645,1,144
22481592,1,144
22582912,1,144
22596927,1,144
22618852,1,144
22652019,1,144
22652991,1,144
22667578,1,144
22672781,1,144
22676124,1,144
22676438,1,144
22696026,1,144
22702771,1,144
22712687,1,144
22716548,1,144
22789194,1,144
22817584,1,144
22833323,1,144
22840952,1,144
22917554,1,144
22967202,1,144
23016174,1,144
23023315,1,144
23024060,1,144
23030927,1,144
23098739,1,144
23102374,1,144
23152884,1,144
23155096,1,144
23157188,1,144
23194264,1,144
23233994,1,144
23298031,1,144
23306911,1,144
23313266,1,144
23334509,1,144
23343834,1,144
23348270,1,144
23382699,1,144
23436060,1,144
23436531,1,144
23448304,1,144
23459375,1,144
23494598,1,144
23525618,1,144
23562067,1,144
24197735,1,144
24246192,1,144
24253179,1,144
24272763,1,144
24301052,1,144
24353882,1,144
24359202,1,144
24364012,1,144
24376900,1,144
24403355,1,144
24414009,1,144
24445732,1,144
24454660,1,144
24471281,1,144
24697309,1,144
24698778,1,144
24718142,1,144
24752267,1,144
24794196,1,144
24848602,1,144
24874574,1,144
24881093,1,144
24949944,1,144
25029451,1,144
25034472,1,144
25067102,1,144
25072187,1,144
25110253,1,144
25134035,1,144
25167333,1,144
25312957,1,144
25345277,1,144
25351731,1,144
25390522,1,144
25523682,1,144
25537482,1,144
25542404,1,144
25566683,1,144
25662450,1,144
25695666,1,144
25701912,1,144
25728391,1,144
25761663,1,144
25782824,1,144
25822348,1,144
25871546,1,144
25886902,1,144
25972282,1,144
26037023,1,144
26044446,1,144
26060271,1,144
26069465,1,144
26079608,1,144
26081991,1,144
26106673,1,144
26142591,1,144
26146257,1,144
26213546,1,144
26236658,1,144
26271661,1,144
26344602,1,144
26358638,1,144
26402739,1,144
26423749,1,144
26552821,1,144
26563601,1,144
26592019,1,144
26622992,1,144
26650445,1,144
26664837,1,144
26821036,1,144
26821114,1,144
26837622,1,144
26839205,1,144
26897106,1,144
27219459,1,144
27339127,1,144
27382372,1,144
27500510,1,144
27545908,1,144
27571783,1,144
27693280,1,144
27751995,1,144
27874014,1,144
28142617,1,144
28187080,1,144
28272120,1,144
28291288,1,144
28291528,1,144
28498769,1,144
28512322,1,144
28529232,1,144
28538992,1,144
28568115,1,144
28620416,1,144
28630104,1,144
28731137,1,144
28761082,1,144
28768905,1,144
28823188,1,144
28854043,1,144
28890199,1,144
28945722,1,144
29133953,1,144
29142128,1,144
29142615,1,144
29188938,1,144
29195190,1,144
29203907,1,144
29228316,1,144
29235686,1,144
29236063,1,144
29257266,1,144
29287837,1,144
29288966,1,144
29390282,1,144
29458506,1,144
29519076,1,144
29625414,1,144
29686241,1,144
29747003,1,144
29749331,1,144
29850264,1,144
29863388,1,144
29919927,1,144
29942725,1,144
30022279,1,144
30042278,1,144
30053857,1,144
30091032,1,144
30093351,1,144
30101789,1,144
30122185,1,144
30315706,1,144
30370926,1,144
30425581,1,144
30508218,1,144
30516232,1,144
30688055,1,144
30772043,1,144
30831226,1,144
30921855,1,144
31038271,1,144
31106915,1,144
31120229,1,144
31182666,1,144
31203597,1,144
31268695,1,144
31319367,1,144
31357713,1,144
31632952,1,144
31635761,1,144
31661557,1,144
31761278,1,144
31850793,1,144
31884251,1,144
31943024,1,144
31991302,1,144
32056666,1,144
32060638,1,144
32095257,1,144
32141522,1,144
32154643,1,144
32236122,1,144
32268273,1,144
32305652,1,144
32415038,1,144
32419460,1,144
32457854,1,144
32508168,1,144
32599041,1,144
32632186,1,144
32635093,1,144
32676955,1,144
32855384,1,144
32968095,1,144
32972544,1,144
33024314,1,144
33157286,1,144
33218762,1,144
33232379,1,144
33329230,1,144
33365787,1,144
33485182,1,144
33492469,1,144
33555998,1,144
33605526,1,144
33613386,1,144
33713262,1,144
33729221,1,144
33755694,1,144
33892306,1,144
33972006,1,144
34009210,1,144
34055636,1,144
34081671,1,144
34166218,1,144
34192321,1,144
34407054,1,144
34438228,1,144
34452439,1,144
34510821,1,144
34513461,1,144
34615258,1,144
34717999,1,144
34963991,1,144
35181442,1,144
35216312,1,144
35244965,1,144
35250354,1,144
35308100,1,144
35339052,1,144
35490660,1,144
35652893,1,144
35666615,1,144
35675328,1,144
35741485,1,144
35887727,1,144
35922417,1,144
35939574,1,144
35978975,1,144
36089983,1,144
36146202,1,144
36278431,1,144
36286533,1,144
36314674,1,144
36372671,1,144
36408371,1,144
36460656,1,144
36569113,1,144
36575628,1,144
36758308,1,144
36920420,1,144
36937771,1,144
37043348,1,144
37097934,1,144
37127369,1,144
37130252,1,144
37262174,1,144
37267652,1,144
37304367,1,144
37367987,1,144
37478750,1,144
37483725,1,144
37498833,1,144
38133356,1,144
38380040,1,144
38438271,1,144
38558617,1,144
38586247,1,144
38752750,1,144
38794918,1,144
39113895,1,144
39209396,1,144
39324739,1,144
39345998,1,144
39419636,1,144
39444031,1,144
39504660,1,144
39525643,1,144
39561216,1,144
39698030,1,144
39714471,1,144
39737553,1,144
39826528,1,144
39893655,1,144
39906742,1,144
39976736,1,144
40034115,1,144
40118018,1,144
40213395,1,144
40384330,1,144
40495740,1,144
40563855,1,144
40628119,1,144
40731627,1,144
40938625,1,144
41055141,1,144
41112852,1,144
41201746,1,144
41377023,1,144
41546558,1,144
41564365,1,144
41659814,1,144
41716258,1,144
41834689,1,144
41840333,1,144
41906707,1,144
41912303,1,144
41922527,1,144
42166106,1,144
42194936,1,144
42266513,1,144
42321810,1,144
42724207,1,144
42794826,1,144
42800676,1,144
42864849,1,144
43080698,1,144
43112535,1,144
43764240,1,144
43824860,1,144
43826031,1,144
43996526,1,144
44196146,1,144
44502734,1,144
44511454,1,144
44733677,1,144
44852834,1,144
44864604,1,144
44864771,1,144
44881678,1,144
44917050,1,144
44944011,1,144
45023042,1,144
45049663,1,144
45082182,1,144
45171915,1,144
45271396,1,144
45278594,1,144
45348435,1,144
45542006,1,144
45615727,1,144
45737948,1,144
45819703,1,144
45831913,1,144
45851576,1,144
45852604,1,144
45918109,1,144
46022640,1,144
46034369,1,144
46293482,1,144
46379947,1,144
46468889,1,144
46488521,1,144
46603154,1,144
46641379,1,144
46659526,1,144
46726168,1,144
46843258,1,144
46970005,1,144
47242699,1,144
47457170,1,144
47495003,1,144
47532082,1,144
47675791,1,144
48105558,1,144
48146603,1,144
48233351,1,144
48300094,1,144
48452323,1,144
48452391,1,144
48473141,1,144
48605866,1,144
48670850,1,144
48893750,1,144
48912393,1,144
49167020,1,144
49216046,1,144
49525534,1,144
49564443,1,144
49933115,1,144
50169346,1,144
50201755,1,144
50248166,1,144
50427374,1,144
50874116,1,144
51034904,1,144
51249217,1,144
51251028,1,144
51296182,1,144
51509840,1,144
52277126,1,144
52289379,1,144
52375207,1,144
52391965,1,144
52737443,1,144
52982404,1,144
53030784,1,144
53876061,1,144
54008264,1,144
54525741,1,144
54551996,1,144
54564297,1,144
54767886,1,144
54851735,1,144
54963267,1,144
54977092,1,144
55336614,1,144
55362141,1,144
55885798,1,144
55931244,1,144
56270748,1,144
56428630,1,144
56714680,1,144
56794124,1,144
57005629,1,144
57023770,1,144
57054685,1,144
57311241,1,144
57316446,1,144
57464354,1,144
57482873,1,144
57543567,1,144
57847247,1,144
57922983,1,144
57958223,1,144
58260599,1,144
58387284,1,144
58399076,1,144
58623694,1,144
60236447,1,144
60332772,1,144
60866749,1,144
60891163,1,144
60950231,1,144
61092813,1,144
61280196,1,144
61284357,1,144
61354428,1,144
61378198,1,144
62018067,1,144
62642098,1,144
62721447,1,144
62954367,1,144
63524998,1,144
63531512,1,144
63745540,1,144
63861105,1,144
64414613,1,144
65093753,1,144
65143272,1,144
65363919,1,144
66120530,1,144
66369295,1,144
66848002,1,144
67082011,1,144
67097666,1,144
67230549,1,144
68526301,1,144
68532085,1,144
68653294,1,144
69302858,1,144
69804100,1,144
70191398,1,144
71102010,1,144
71154457,1,144
71239005,1,144
71274141,1,144
71321862,1,144
72600955,1,144
72974932,1,144
73533505,1,144
74580001,1,144
74645232,1,144
75132353,1,144
75619172,1,144
75871323,1,144
76069775,1,144
76894132,1,144
77173537,1,144
77358146,1,144
77535604,1,144
77632836,1,144
77653931,1,144
77834681,1,144
77903222,1,144
78848211,1,144
79169021,1,144
79493862,1,144
79616706,1,144
80008839,1,144
80022154,1,144
80175881,1,144
81135230,1,144
81570596,1,144
82653045,1,144
82707645,1,144
83513359,1,144
84679547,1,144
85140972,1,144
85437095,1,144
85590086,1,144
86169069,1,144
86586602,1,144
86996507,1,144
87247317,1,144
87302269,1,144
87547925,1,144
87673558,1,144
87696416,1,144
88136623,1,144
88386924,1,144
88531676,1,144
88903336,1,144
89509910,1,144
90195224,1,144
90312225,1,144
90396483,1,144
90807080,1,144
91606967,1,144
91623162,1,144
91725214,1,144
91998347,1,144
92427579,1,144
92501820,1,144
93466598,1,144
93533238,1,144
93545284,1,144
93696669,1,144
94437201,1,144
95065745,1,144
96135484,1,144
96277073,1,144
96343899,1,144
96531430,1,144
97013062,1,144
98217124,1,144
98601269,1,144
99184393,1,144
101038474,1,144
103758616,1,144
104659405,1,144
104727398,1,144
105969161,1,144
106648681,1,144
107894082,1,144
108418515,1,144
109474841,1,144
109948871,1,144
109972187,1,144
110235056,1,144
110796556,1,144
111305442,1,144
111347570,1,144
112789662,1,144
113029340,1,144
113035356,1,144
113954709,1,144
113979106,1,144
114056486,1,144
114269199,1,144
115758842,1,144
116091326,1,144
117302165,1,144
117613043,1,144
119469404,1,144
119796144,1,144
119855679,1,144
119969586,1,144
120131572,1,144
120776729,1,144
121286649,1,144
121413592,1,144
121913232,1,144
122453769,1,144
122457676,1,144
123190501,1,144
124335295,1,144
125795763,1,144
126120051,1,144
126243956,1,144
126769237,1,144
127712326,1,144
127952379,1,144
128470527,1,144
128769938,1,144
128929400,1,144
129240065,1,144
129710256,1,144
130004902,1,144
130041847,1,144
131369648,1,144
131469441,1,144
131590473,1,144
131633030,1,144
131730286,1,144
131768049,1,144
133108478,1,144
133655553,1,144
133857587,1,144
135327579,1,144
136914157,1,144
140069430,1,144
143110857,1,144
143691324,1,144
144061219,1,144
149134281,1,144
152065001,1,144
152223091,1,144
154382451,1,144
154565560,1,144
169220140,1,144
170801907,1,144
211186736,1,144
211192206,1,144
25,2,143
100,2,143
185,2,143
307,2,143
338,2,143
400,2,143
461,2,143
547,2,143
747,2,143
851,2,143
855,2,143
925,2,143
940,2,143
1047,2,143
1093,2,143
1218,2,143
1232,2,143
1283,2,143
1310,2,143
1406,2,143
1510,2,143
1573,2,143
1837,2,143
2142,2,143
2379,2,143
2413,2,143
2533,2,143
2807,2,143
2965,2,143
2983,2,143
3090,2,143
3142,2,143
3341,2,143
3375,2,143
3464,2,143
3772,2,143
3840,2,143
3864,2,143
3987,2,143
4055,2,143
4117,2,143
4307,2,143
4322,2,143
4328,2,143
4378,2,143
4728,2,143
4839,2,143
4928,2,143
4980,2,143
5113,2,143
5352,2,143
5453,2,143
5554,2,143
5743,2,143
5805,2,143
5928,2,143
5964,2,143
6128,2,143
6273,2,143
6282,2,143
6403,2,143
6705,2,143
6820,2,143
6850,2,143
6884,2,143
6936,2,143
6947,2,143
7014,2,143
7081,2,143
7176,2,143
7193,2,143
7312,2,143
7826,2,143
8100,2,143
8136,2,143
8320,2,143
8445,2,143
8549,2,143
8608,2,143
8618,2,143
8802,2,143
9288,2,143
9297,2,143
9369,2,143
9383,2,143
9447,2,143
9526,2,143
9537,2,143
9643,2,143
9665,2,143
9938,2,143
9969,2,143
10054,2,143
10181,2,143
10247,2,143
10335,2,143
10338,2,143
10543,2,143
10586,2,143
10737,2,143
10926,2,143
10928,2,143
11224,2,143
11361,2,143
11575,2,143
12275,2,143
12287,2,143
12291,2,143
12301,2,143
12349,2,143
12439,2,143
12554,2,143
12807,2,143
13009,2,143
13560,2,143
13688,2,143
13813,2,143
13856,2,143
13984,2,143
14008,2,143
14193,2,143
14410,2,143
14516,2,143
14658,2,143
14740,2,143
14818,2,143
15027,2,143
15178,2,143
15354,2,143
15479,2,143
15730,2,143
15981,2,143
16067,2,143
16409,2,143
16474,2,143
17115,2,143
17332,2,143
17779,2,143
17814,2,143
18386,2,143
18495,2,143
19304,2,143
19371,2,143
19387,2,143
19409,2,143
19433,2,143
19564,2,143
19702,2,143
19817,2,143
20373,2,143
20488,2,143
20675,2,143
20716,2,143
20795,2,143
21057,2,143
21074,2,143
21463,2,143
21779,2,143
21967,2,143
22004,2,143
22362,2,143
22394,2,143
22396,2,143
22500,2,143
22764,2,143
23313,2,143
23930,2,143
23968,2,143
24152,2,143
24291,2,143
24899,2,143
24953,2,143
25479,2,143
25507,2,143
25558,2,143
25766,2,143
25960,2,143
25970,2,143
26015,2,143
26219,2,143
26638,2,143
26858,2,143
27112,2,143
27273,2,143
27425,2,143
27694,2,143
28030,2,143
28681,2,143
29263,2,143
29353,2,143
29525,2,143
29747,2,143
30476,2,143
30670,2,143
30934,2,143
31234,2,143
31504,2,143
32134,2,143
32325,2,143
32617,2,143
32922,2,143
33044,2,143
33167,2,143
33242,2,143
33424,2,143
33548,2,143
34230,2,143
34457,2,143
35404,2,143
36308,2,143
37032,2,143
37144,2,143
37169,2,143
38310,2,143
38545,2,143
38587,2,143
38787,2,143
38826,2,143
39138,2,143
39780,2,143
40490,2,143
41547,2,143
41681,2,143
42469,2,143
42515,2,143
42555,2,143
42671,2,143
42738,2,143
42839,2,143
43155,2,143
43356,2,143
43479,2,143
43746,2,143
43752,2,143
43916,2,143
44036,2,143
44121,2,143
45031,2,143
46432,2,143
46491,2,143
46796,2,143
46928,2,143
46951,2,143
47009,2,143
47312,2,143
47321,2,143
47828,2,143
47862,2,143
48211,2,143
48425,2,143
48738,2,143
48950,2,143
49339,2,143
49341,2,143
49848,2,143
49975,2,143
50522,2,143
50636,2,143
50949,2,143
51097,2,143
51390,2,143
51676,2,143
51771,2,143
51904,2,143
52511,2,143
52594,2,143
53268,2,143
53277,2,143
53311,2,143
53364,2,143
53427,2,143
53832,2,143
53843,2,143
54056,2,143
54140,2,143
54166,2,143
54409,2,143
54469,2,143
54775,2,143
54830,2,143
55270,2,143
55679,2,143
56019,2,143
56023,2,143
56409,2,143
56460,2,143
56617,2,143
56767,2,143
56849,2,143
57317,2,143
57368,2,143
58365,2,143
58521,2,143
58576,2,143
58669,2,143
58743,2,143
58814,2,143
59027,2,143
59095,2,143
59454,2,143
59567,2,143
59875,2,143
59990,2,143
61077,2,143
61540,2,143
61791,2,143
61947,2,143
62209,2,143
62615,2,143
62857,2,143
62937,2,143
63545,2,143
63774,2,143
63876,2,143
64326,2,143
65282,2,143
65739,2,143
65947,2,143
66429,2,143
66456,2,143
66745,2,143
67012,2,143
67300,2,143
67447,2,143
69209,2,143
70117,2,143
70140,2,143
70684,2,143
70727,2,143
70777,2,143
70969,2,143
71683,2,143
72394,2,143
73738,2,143
74128,2,143
74344,2,143
74739,2,143
74779,2,143
75551,2,143
75566,2,143
76080,2,143
76110,2,143
76673,2,143
77035,2,143
77336,2,143
77367,2,143
77587,2,143
77856,2,143
78304,2,143
78305,2,143
78495,2,143
78644,2,143
78809,2,143
78829,2,143
78846,2,143
78982,2,143
79355,2,143
79371,2,143
79728,2,143
79887,2,143
80490,2,143
80840,2,143
81334,2,143
81473,2,143
81618,2,143
81854,2,143
82482,2,143
82986,2,143
83137,2,143
83862,2,143
84360,2,143
84963,2,143
86174,2,143
86519,2,143
87379,2,143
87463,2,143
88142,2,143
88200,2,143
88755,2,143
89853,2,143
90247,2,143
90556,2,143
90767,2,143
90867,2,143
90969,2,143
91208,2,143
91233,2,143
91423,2,143
92160,2,143
92977,2,143
93907,2,143
94960,2,143
95358,2,143
95672,2,143
96266,2,143
97681,2,143
97820,2,143
97827,2,143
98194,2,143
99479,2,143
99933,2,143
100535,2,143
101193,2,143
101293,2,143
101501,2,143
101755,2,143
102182,2,143
102685,2,143
102935,2,143
103030,2,143
103556,2,143
104473,2,143
104720,2,143
105715,2,143
106123,2,143
106843,2,143
107261,2,143
107629,2,143
107748,2,143
108159,2,143
108382,2,143
108775,2,143
108843,2,143
108989,2,143
109635,2,143
110295,2,143
110802,2,143
111266,2,143
111324,2,143
112856,2,143
113121,2,143
113892,2,143
113896,2,143
114114,2,143
114412,2,143
114454,2,143
114617,2,143
114763,2,143
115037,2,143
115536,2,143
115904,2,143
115931,2,143
116618,2,143
116809,2,143
117317,2,143
117452,2,143
118231,2,143
118253,2,143
118367,2,143
118781,2,143
118835,2,143
118929,2,143
119288,2,143
119893,2,143
120350,2,143
122028,2,143
122995,2,143
123783,2,143
123815,2,143
124346,2,143
126218,2,143
126236,2,143
126632,2,143
127006,2,143
127118,2,143
127787,2,143
127994,2,143
128016,2,143
128356,2,143
128727,2,143
129093,2,143
129761,2,143
129813,2,143
129937,2,143
130111,2,143
130183,2,143
130521,2,143
130642,2,143
131207,2,143
132980,2,143
133697,2,143
133814,2,143
134304,2,143
134774,2,143
135148,2,143
135528,2,143
136582,2,143
137324,2,143
138537,2,143
138627,2,143
139033,2,143
139310,2,143
139388,2,143
139987,2,143
140562,2,143
141891,2,143
142113,2,143
142327,2,143
143364,2,143
143572,2,143
143704,2,143
144399,2,143
145205,2,143
145522,2,143
145859,2,143
146306,2,143
146607,2,143
146691,2,143
147228,2,143
147233,2,143
147393,2,143
147496,2,143
147788,2,143
147817,2,143
147918,2,143
148336,2,143
149119,2,143
149645,2,143
149918,2,143
150102,2,143
150282,2,143
151311,2,143
151463,2,143
152287,2,143
152670,2,143
152852,2,143
153209,2,143
155209,2,143
155508,2,143
156224,2,143
156295,2,143
156580,2,143
156825,2,143
157542,2,143
157817,2,143
158606,2,143
159583,2,143
159986,2,143
160165,2,143
161009,2,143
161289,2,143
162004,2,143
162120,2,143
162375,2,143
162961,2,143
163187,2,143
164168,2,143
164822,2,143
166176,2,143
166301,2,143
166784,2,143
167740,2,143
167785,2,143
168113,2,143
168116,2,143
169748,2,143
169902,2,143
170759,2,143
170938,2,143
171857,2,143
172614,2,143
172843,2,143
174431,2,143
174570,2,143
175685,2,143
176655,2,143
177059,2,143
177446,2,143
177971,2,143
178231,2,143
178424,2,143
178672,2,143
178900,2,143
179194,2,143
179341,2,143
180284,2,143
180459,2,143
180580,2,143
180851,2,143
181588,2,143
182020,2,143
182021,2,143
182030,2,143
182254,2,143
184472,2,143
185294,2,143
185824,2,143
186126,2,143
186223,2,143
186776,2,143
187441,2,143
187922,2,143
188012,2,143
189105,2,143
189420,2,143
189836,2,143
190011,2,143
190648,2,143
190835,2,143
191494,2,143
191614,2,143
192261,2,143
192642,2,143
193474,2,143
193798,2,143
194784,2,143
195832,2,143
197165,2,143
197418,2,143
197497,2,143
198174,2,143
198529,2,143
199090,2,143
199338,2,143
199724,2,143
199735,2,143
200250,2,143
201472,2,143
202232,2,143
202265,2,143
202292,2,143
202919,2,143
203352,2,143
203376,2,143
204017,2,143
205129,2,143
205412,2,143
206662,2,143
207260,2,143
207308,2,143
207748,2,143
207996,2,143
208069,2,143
208544,2,143
208776,2,143
208819,2,143
209225,2,143
210864,2,143
212918,2,143
213272,2,143
214436,2,143
214616,2,143
216535,2,143
218374,2,143
221008,2,143
221684,2,143
221807,2,143
222056,2,143
223958,2,143
226109,2,143
226553,2,143
227198,2,143
228095,2,143
230488,2,143
230630,2,143
231651,2,143
231863,2,143
232224,2,143
233227,2,143
233734,2,143
234891,2,143
237133,2,143
237899,2,143
238455,2,143
239576,2,143
239714,2,143
239970,2,143
241128,2,143
241340,2,143
241601,2,143
244173,2,143
244203,2,143
244492,2,143
246051,2,143
247018,2,143
249556,2,143
249795,2,143
251643,2,143
251861,2,143
254805,2,143
255867,2,143
256166,2,143
259121,2,143
259759,2,143
262165,2,143
265349,2,143
266306,2,143
266481,2,143
270323,2,143
272044,2,143
272149,2,143
273700,2,143
274660,2,143
276007,2,143
278942,2,143
280335,2,143
280505,2,143
281076,2,143
281413,2,143
284521,2,143
287268,2,143
287744,2,143
288535,2,143
289392,2,143
289419,2,143
289994,2,143
290782,2,143
291424,2,143
293691,2,143
293790,2,143
294127,2,143
294614,2,143
297045,2,143
297725,2,143
297739,2,143
298350,2,143
299770,2,143
301183,2,143
301442,2,143
301613,2,143
302135,2,143
306177,2,143
306974,2,143
307834,2,143
309557,2,143
310612,2,143
311553,2,143
311752,2,143
312351,2,143
312938,2,143
313677,2,143
313952,2,143
314036,2,143
314690,2,143
314793,2,143
315252,2,143
315650,2,143
315678,2,143
315820,2,143
316454,2,143
317129,2,143
317734,2,143
317957,2,143
318831,2,143
319694,2,143
319844,2,143
320297,2,143
321520,2,143
322331,2,143
322576,2,143
322986,2,143
325887,2,143
326807,2,143
326935,2,143
327445,2,143
328365,2,143
329591,2,143
330954,2,143
331136,2,143
331710,2,143
333781,2,143
334749,2,143
337422,2,143
338967,2,143
339245,2,143
339663,2,143
340397,2,143
342666,2,143
342936,2,143
342945,2,143
344861,2,143
345452,2,143
346042,2,143
347342,2,143
348031,2,143
348611,2,143
349025,2,143
349342,2,143
349657,2,143
351053,2,143
351309,2,143
351471,2,143
351741,2,143
352956,2,143
353541,2,143
353742,2,143
354746,2,143
354868,2,143
355469,2,143
356022,2,143
356868,2,143
356976,2,143
356994,2,143
357702,2,143
363611,2,143
363907,2,143
364230,2,143
364982,2,143
367293,2,143
367936,2,143
368751,2,143
369105,2,143
371832,2,143
377983,2,143
378622,2,143
379915,2,143
386710,2,143
389021,2,143
389236,2,143
391319,2,143
393259,2,143
393435,2,143
394949,2,143
395144,2,143
395669,2,143
397320,2,143
397523,2,143
397672,2,143
401518,2,143
403621,2,143
404328,2,143
404356,2,143
404874,2,143
406409,2,143
406886,2,143
407387,2,143
407625,2,143
407650,2,143
408586,2,143
410466,2,143
414934,2,143
415576,2,143
415836,2,143
419078,2,143
421240,2,143
421794,2,143
421839,2,143
424493,2,143
426290,2,143
428948,2,143
428992,2,143
429290,2,143
429812,2,143
430272,2,143
433174,2,143
435029,2,143
435208,2,143
436680,2,143
437318,2,143
439899,2,143
440874,2,143
442167,2,143
443521,2,143
444876,2,143
446685,2,143
447606,2,143
447801,2,143
447862,2,143
448801,2,143
449434,2,143
451068,2,143
451306,2,143
451546,2,143
452237,2,143
452613,2,143
452711,2,143
458075,2,143
459049,2,143
459143,2,143
459466,2,143
460185,2,143
461021,2,143
461274,2,143
461537,2,143
462848,2,143
463317,2,143
464441,2,143
466329,2,143
467326,2,143
467756,2,143
469162,2,143
469630,2,143
471176,2,143
472410,2,143
472488,2,143
473564,2,143
473871,2,143
475463,2,143
476505,2,143
478063,2,143
483114,2,143
484429,2,143
484559,2,143
485466,2,143
488163,2,143
489992,2,143
490291,2,143
491117,2,143
493602,2,143
498525,2,143
499108,2,143
499566,2,143
501018,2,143
502146,2,143
502876,2,143
505281,2,143
507189,2,143
507195,2,143
509059,2,143
509507,2,143
509756,2,143
509790,2,143
510925,2,143
511290,2,143
511499,2,143
511713,2,143
512327,2,143
512921,2,143
515757,2,143
515861,2,143
516562,2,143
518467,2,143
518593,2,143
518936,2,143
519865,2,143
520852,2,143
522883,2,143
528677,2,143
532272,2,143
534165,2,143
535021,2,143
536449,2,143
540048,2,143
541937,2,143
542038,2,143
542077,2,143
542486,2,143
543193,2,143
543981,2,143
549747,2,143
550411,2,143
553007,2,143
553618,2,143
554079,2,143
554347,2,143
554941,2,143
555645,2,143
555811,2,143
557074,2,143
557190,2,143
558884,2,143
558901,2,143
559288,2,143
559321,2,143
559443,2,143
562536,2,143
563494,2,143
564311,2,143
566286,2,143
566300,2,143
566869,2,143
567684,2,143
569243,2,143
570651,2,143
570654,2,143
571589,2,143
574469,2,143
576077,2,143
576520,2,143
576828,2,143
577676,2,143
579145,2,143
580229,2,143
581096,2,143
582446,2,143
582828,2,143
584398,2,143
584820,2,143
586100,2,143
586380,2,143
592149,2,143
593377,2,143
594124,2,143
594188,2,143
596274,2,143
601961,2,143
603158,2,143
605787,2,143
606852,2,143
609213,2,143
611470,2,143
612598,2,143
616193,2,143
616585,2,143
616956,2,143
620640,2,143
620714,2,143
623281,2,143
623448,2,143
627344,2,143
627365,2,143
628289,2,143
628844,2,143
629055,2,143
630870,2,143
631715,2,143
633814,2,143
636473,2,143
636651,2,143
637026,2,143
637378,2,143
638391,2,143
638758,2,143
639599,2,143
640613,2,143
640960,2,143
642385,2,143
642870,2,143
645493,2,143
645583,2,143
646205,2,143
646609,2,143
647272,2,143
647815,2,143
649879,2,143
652544,2,143
652649,2,143
654420,2,143
656630,2,143
661038,2,143
662750,2,143
665204,2,143
665454,2,143
667236,2,143
667272,2,143
667376,2,143
667540,2,143
668093,2,143
668167,2,143
671157,2,143
672237,2,143
674997,2,143
677379,2,143
678248,2,143
679336,2,143
679513,2,143
680439,2,143
681816,2,143
683384,2,143
684347,2,143
685382,2,143
687847,2,143
688247,2,143
688309,2,143
690817,2,143
690878,2,143
697853,2,143
698354,2,143
698552,2,143
700480,2,143
703622,2,143
706529,2,143
706782,2,143
707462,2,143
714648,2,143
715761,2,143
718017,2,143
718270,2,143
718654,2,143
718802,2,143
719889,2,143
719946,2,143
721089,2,143
725234,2,143
726356,2,143
729557,2,143
732182,2,143
732281,2,143
737958,2,143
740199,2,143
740263,2,143
741544,2,143
742038,2,143
742056,2,143
742405,2,143
749393,2,143
750305,2,143
753891,2,143
756348,2,143
756579,2,143
759279,2,143
760974,2,143
761203,2,143
761303,2,143
765396,2,143
768815,2,143
770123,2,143
770790,2,143
774338,2,143
775466,2,143
775692,2,143
776919,2,143
779738,2,143
780521,2,143
782398,2,143
784306,2,143
786493,2,143
787518,2,143
795165,2,143
798553,2,143
799942,2,143
800417,2,143
804301,2,143
804467,2,143
804922,2,143
805682,2,143
805688,2,143
806141,2,143
806257,2,143
806604,2,143
807599,2,143
811374,2,143
813577,2,143
814629,2,143
816159,2,143
817344,2,143
817658,2,143
819446,2,143
821841,2,143
822394,2,143
822774,2,143
823021,2,143
823034,2,143
825651,2,143
825702,2,143
827167,2,143
828837,2,143
829963,2,143
832049,2,143
835123,2,143
836375,2,143
841216,2,143
841395,2,143
841782,2,143
842273,2,143
844963,2,143
846454,2,143
848712,2,143
852555,2,143
852610,2,143
852932,2,143
853944,2,143
855649,2,143
856188,2,143
856628,2,143
858295,2,143
858715,2,143
859607,2,143
868085,2,143
868249,2,143
870033,2,143
870716,2,143
871227,2,143
872275,2,143
873043,2,143
874036,2,143
875218,2,143
875591,2,143
881818,2,143
881876,2,143
881965,2,143
884058,2,143
884904,2,143
886122,2,143
886669,2,143
886680,2,143
886683,2,143
886778,2,143
888422,2,143
889798,2,143
891877,2,143
892886,2,143
894075,2,143
896719,2,143
899702,2,143
903263,2,143
903483,2,143
903531,2,143
904724,2,143
906133,2,143
906276,2,143
908178,2,143
908526,2,143
914977,2,143
916621,2,143
918009,2,143
921220,2,143
921606,2,143
922261,2,143
924348,2,143
924975,2,143
931141,2,143
933685,2,143
937742,2,143
937826,2,143
937984,2,143
938555,2,143
939993,2,143
941075,2,143
941618,2,143
942068,2,143
943857,2,143
944459,2,143
947516,2,143
948279,2,143
950181,2,143
950779,2,143
953463,2,143
953486,2,143
955001,2,143
956320,2,143
957402,2,143
957840,2,143
959296,2,143
959901,2,143
960133,2,143
962095,2,143
963874,2,143
968180,2,143
969243,2,143
970587,2,143
970590,2,143
971941,2,143
973142,2,143
973692,2,143
974847,2,143
978919,2,143
981494,2,143
982553,2,143
986084,2,143
996596,2,143
998598,2,143
1000376,2,143
1000800,2,143
1003126,2,143
1007248,2,143
1008252,2,143
1009873,2,143
1011413,2,143
1011681,2,143
1013641,2,143
1014118,2,143
1016703,2,143
1024349,2,143
1024712,2,143
1026253,2,143
1027331,2,143
1027737,2,143
1032414,2,143
1034762,2,143
1035423,2,143
1035910,2,143
1038478,2,143
1040420,2,143
1047312,2,143
1048036,2,143
1049263,2,143
1051453,2,143
1055785,2,143
1059733,2,143
1061680,2,143
1065756,2,143
1066611,2,143
1066984,2,143
1067691,2,143
1069067,2,143
1071494,2,143
1074304,2,143
1080103,2,143
1088967,2,143
1090201,2,143
1093207,2,143
1096565,2,143
1103467,2,143
1107150,2,143
1110551,2,143
1113954,2,143
1114422,2,143
1115318,2,143
1115716,2,143
1119778,2,143
1129263,2,143
1133835,2,143
1137065,2,143
1137112,2,143
1140359,2,143
1141327,2,143
1141361,2,143
1144310,2,143
1149249,2,143
1153066,2,143
1156865,2,143
1159976,2,143
1161607,2,143
1167114,2,143
1167587,2,143
1168692,2,143
1169456,2,143
1170440,2,143
1171294,2,143
1172545,2,143
1173307,2,143
1175189,2,143
1175432,2,143
1177474,2,143
1179537,2,143
1180952,2,143
1183511,2,143
1183773,2,143
1186610,2,143
1190072,2,143
1190888,2,143
1195721,2,143
1198841,2,143
1199999,2,143
1203039,2,143
1203343,2,143
1204301,2,143
1206342,2,143
1206395,2,143
1206615,2,143
1209810,2,143
1214699,2,143
1216815,2,143
1219196,2,143
1220623,2,143
1223371,2,143
1223889,2,143
1228915,2,143
1233234,2,143
1236859,2,143
1237413,2,143
1237445,2,143
1237539,2,143
1238202,2,143
1241700,2,143
1249423,2,143
1253355,2,143
1254933,2,143
1261511,2,143
1262789,2,143
1263239,2,143
1264897,2,143
1265352,2,143
1265628,2,143
1269291,2,143
1270619,2,143
1272947,2,143
1279193,2,143
1283452,2,143
1284531,2,143
1286199,2,143
1286753,2,143
1289128,2,143
1294760,2,143
1297452,2,143
1303141,2,143
1304254,2,143
1304703,2,143
1305660,2,143
1306316,2,143
1306519,2,143
1307026,2,143
1308874,2,143
1310155,2,143
1322613,2,143
1323872,2,143
1329515,2,143
1330608,2,143
1332954,2,143
1333916,2,143
1334817,2,143
1349865,2,143
1354851,2,143
1356828,2,143
1362179,2,143
1362750,2,143
1365915,2,143
1378452,2,143
1381775,2,143
1387388,2,143
1388049,2,143
1388336,2,143
1390475,2,143
1391892,2,143
1392368,2,143
1392526,2,143
1395650,2,143
1397898,2,143
1403501,2,143
1403842,2,143
1404596,2,143
1407815,2,143
1407977,2,143
1409323,2,143
1410207,2,143
1411297,2,143
1412328,2,143
1412469,2,143
1414674,2,143
1416912,2,143
1421621,2,143
1424573,2,143
1429067,2,143
1430937,2,143
1431010,2,143
1432104,2,143
1433380,2,143
1434676,2,143
1434829,2,143
1437519,2,143
1437542,2,143
1438457,2,143
1438562,2,143
1445698,2,143
1448539,2,143
1449393,2,143
1450626,2,143
1451365,2,143
1452845,2,143
1454914,2,143
1456096,2,143
1459190,2,143
1462815,2,143
1468294,2,143
1472352,2,143
1473574,2,143
1474303,2,143
1479799,2,143
1480504,2,143
1481077,2,143
1482046,2,143
1484002,2,143
1485056,2,143
1487175,2,143
1488563,2,143
1488836,2,143
1489321,2,143
1489383,2,143
1493018,2,143
1495496,2,143
1495648,2,143
1503283,2,143
1505448,2,143
1506722,2,143
1507389,2,143
1509413,2,143
1511887,2,143
1514196,2,143
1515788,2,143
1515942,2,143
1517057,2,143
1518713,2,143
1522550,2,143
1522773,2,143
1524545,2,143
1528511,2,143
1529400,2,143
1531431,2,143
1533388,2,143
1540624,2,143
1548421,2,143
1548835,2,143
1549232,2,143
1549854,2,143
1554345,2,143
1554433,2,143
1555695,2,143
1563567,2,143
1566872,2,143
1567209,2,143
1567335,2,143
1569744,2,143
1578018,2,143
1578211,2,143
1580455,2,143
1586521,2,143
1589324,2,143
1589769,2,143
1590959,2,143
1592327,2,143
1594654,2,143
1595081,2,143
1596159,2,143
1610158,2,143
1621263,2,143
1621864,2,143
1622557,2,143
1624720,2,143
1625399,2,143
1629582,2,143
1634427,2,143
1636649,2,143
1638571,2,143
1639979,2,143
1643232,2,143
1643937,2,143
1645308,2,143
1645472,2,143
1650995,2,143
1653525,2,143
1655282,2,143
1655405,2,143
1656745,2,143
1659457,2,143
1661942,2,143
1663066,2,143
1672198,2,143
1673588,2,143
1678027,2,143
1681898,2,143
1688848,2,143
1693027,2,143
1695469,2,143
1701174,2,143
1704018,2,143
1705988,2,143
1707828,2,143
1712965,2,143
1713789,2,143
1714673,2,143
1718752,2,143
1725315,2,143
1725326,2,143
1731486,2,143
1732474,2,143
1734708,2,143
1742201,2,143
1743193,2,143
1743355,2,143
1746589,2,143
1751483,2,143
1752436,2,143
1759634,2,143
1760532,2,143
1762471,2,143
1762882,2,143
1764934,2,143
1780455,2,143
1780882,2,143
1781506,2,143
1789893,2,143
1793746,2,143
1795103,2,143
1796980,2,143
1806683,2,143
1808048,2,143
1809317,2,143
1811071,2,143
1814312,2,143
1814414,2,143
1814687,2,143
1816471,2,143
1818521,2,143
1818628,2,143
1818981,2,143
1820476,2,143
1821583,2,143
1825861,2,143
1826235,2,143
1829457,2,143
1832751,2,143
1832800,2,143
1834317,2,143
1835769,2,143
1844447,2,143
1848702,2,143
1854763,2,143
1862756,2,143
1865386,2,143
1866448,2,143
1867828,2,143
1875434,2,143
1876512,2,143
1877401,2,143
1881113,2,143
1881266,2,143
1886433,2,143
1890238,2,143
1891339,2,143
1894191,2,143
1900200,2,143
1900991,2,143
1912168,2,143
1919475,2,143
1919951,2,143
1921485,2,143
1923767,2,143
1930072,2,143
1938043,2,143
1940433,2,143
1943862,2,143
1958116,2,143
1960360,2,143
1964927,2,143
1972567,2,143
1982475,2,143
1985457,2,143
1996632,2,143
2004247,2,143
2009799,2,143
2010627,2,143
2010759,2,143
2012381,2,143
2017454,2,143
2022139,2,143
2022188,2,143
2022305,2,143
2025911,2,143
2029172,2,143
2029239,2,143
2036594,2,143
2054503,2,143
2055636,2,143
2057432,2,143
2061937,2,143
2068098,2,143
2075654,2,143
2081686,2,143
2088040,2,143
2093411,2,143
2095803,2,143
2096087,2,143
2113407,2,143
2115440,2,143
2118888,2,143
2121554,2,143
2126561,2,143
2144950,2,143
2149223,2,143
2181637,2,143
2186812,2,143
2196208,2,143
2222702,2,143
2240000,2,143
2259361,2,143
2268452,2,143
2269574,2,143
2275515,2,143
2275609,2,143
2278214,2,143
2283004,2,143
2286077,2,143
2286687,2,143
2293095,2,143
2300438,2,143
2303661,2,143
2308771,2,143
2316326,2,143
2328211,2,143
2332747,2,143
2334496,2,143
2336276,2,143
2341114,2,143
2341691,2,143
2343111,2,143
2352181,2,143
2355491,2,143
2357833,2,143
2362023,2,143
2363531,2,143
2368157,2,143
2386570,2,143
2397603,2,143
2401670,2,143
2407490,2,143
2421149,2,143
2442353,2,143
2457736,2,143
2470797,2,143
2487306,2,143
2487968,2,143
2493537,2,143
2498827,2,143
2499021,2,143
2499777,2,143
2500531,2,143
2503672,2,143
2505751,2,143
2508691,2,143
2509209,2,143
2509658,2,143
2520865,2,143
2527093,2,143
2527704,2,143
2528880,2,143
2531337,2,143
2532886,2,143
2536096,2,143
2543240,2,143
2543446,2,143
2544327,2,143
2546805,2,143
2548560,2,143
2566319,2,143
2569893,2,143
2576940,2,143
2595377,2,143
2601236,2,143
2606231,2,143
2631733,2,143
2632006,2,143
2637709,2,143
2645393,2,143
2649081,2,143
2660188,2,143
2676686,2,143
2681638,2,143
2693790,2,143
2695598,2,143
2714784,2,143
2716506,2,143
2717097,2,143
2731702,2,143
2733405,2,143
2738085,2,143
2756872,2,143
2768233,2,143
2768436,2,143
2776756,2,143
2780941,2,143
2792002,2,143
2805320,2,143
2807772,2,143
2821646,2,143
2822276,2,143
2822698,2,143
2843450,2,143
2847328,2,143
2849533,2,143
2876841,2,143
2877516,2,143
2884854,2,143
2917298,2,143
2918044,2,143
2933061,2,143
2933430,2,143
2936741,2,143
2939865,2,143
2942913,2,143
2965120,2,143
2968254,2,143
2985508,2,143
2988555,2,143
2991360,2,143
3001525,2,143
3007631,2,143
3014302,2,143
3016582,2,143
3016692,2,143
3030734,2,143
3038254,2,143
3041462,2,143
3042597,2,143
3048765,2,143
3059508,2,143
3066423,2,143
3087340,2,143
3117884,2,143
3118295,2,143
3121755,2,143
3130526,2,143
3132889,2,143
3134048,2,143
3146159,2,143
3149145,2,143
3157088,2,143
3158865,2,143
3182952,2,143
3188438,2,143
3195570,2,143
3196313,2,143
3207477,2,143
3208863,2,143
3212221,2,143
3212589,2,143
3213579,2,143
3227869,2,143
3231405,2,143
3244875,2,143
3257670,2,143
3271612,2,143
3276151,2,143
3277185,2,143
3278207,2,143
3285345,2,143
3288925,2,143
3302058,2,143
3303588,2,143
3310865,2,143
3312895,2,143
3317207,2,143
3322693,2,143
3324738,2,143
3341068,2,143
3346549,2,143
3348340,2,143
3356523,2,143
3358909,2,143
3364985,2,143
3369091,2,143
3370026,2,143
3375461,2,143
3377845,2,143
3385899,2,143
3390118,2,143
3411834,2,143
3421444,2,143
3432843,2,143
3433722,2,143
3436611,2,143
3442934,2,143
3451040,2,143
3457341,2,143
3457571,2,143
3465489,2,143
3477132,2,143
3477162,2,143
3486892,2,143
3496783,2,143
3502756,2,143
3508878,2,143
3527583,2,143
3603600,2,143
3612395,2,143
3635348,2,143
3635680,2,143
3638653,2,143
3650251,2,143
3657750,2,143
3667825,2,143
3686989,2,143
3689377,2,143
3697901,2,143
3706755,2,143
3719969,2,143
3722519,2,143
3725610,2,143
3729585,2,143
3746270,2,143
3750869,2,143
3792228,2,143
3797062,2,143
3813391,2,143
3817697,2,143
3825242,2,143
3829421,2,143
3832278,2,143
3849293,2,143
3850657,2,143
3862868,2,143
3868170,2,143
3878593,2,143
3883887,2,143
3884843,2,143
3896783,2,143
3901764,2,143
3902525,2,143
3916275,2,143
3920795,2,143
3932388,2,143
3949029,2,143
3953418,2,143
3974177,2,143
3984075,2,143
3984846,2,143
3993008,2,143
3998397,2,143
4014016,2,143
4015159,2,143
4019898,2,143
4022276,2,143
4025246,2,143
4029749,2,143
4075067,2,143
4076745,2,143
4084779,2,143
4097239,2,143
4098258,2,143
4105014,2,143
4109296,2,143
4118615,2,143
4130121,2,143
4180238,2,143
4202013,2,143
4236289,2,143
4266319,2,143
4266355,2,143
4271679,2,143
4273490,2,143
4273973,2,143
4280312,2,143
4310419,2,143
4336798,2,143
4338260,2,143
4368391,2,143
4370770,2,143
4419113,2,143
4439005,2,143
4445121,2,143
4451985,2,143
4459193,2,143
4464561,2,143
4465021,2,143
4477337,2,143
4490352,2,143
4493579,2,143
4496552,2,143
4504831,2,143
4505008,2,143
4506500,2,143
4520864,2,143
4529818,2,143
4530539,2,143
4532626,2,143
4534117,2,143
4550089,2,143
4550173,2,143
4562885,2,143
4604933,2,143
4612594,2,143
4657471,2,143
4665163,2,143
4671110,2,143
4678793,2,143
4682835,2,143
4714866,2,143
4722743,2,143
4729979,2,143
4734918,2,143
4735446,2,143
4738933,2,143
4773707,2,143
4776415,2,143
4777626,2,143
4783781,2,143
4794003,2,143
4805766,2,143
4863897,2,143
4893840,2,143
4898483,2,143
4924168,2,143
4948120,2,143
4950209,2,143
4955081,2,143
4962246,2,143
4967600,2,143
4971956,2,143
4974110,2,143
4974818,2,143
4991363,2,143
4994705,2,143
5012279,2,143
5028941,2,143
5055789,2,143
5058706,2,143
5061876,2,143
5070879,2,143
5077042,2,143
5085778,2,143
5093058,2,143
5104139,2,143
5113925,2,143
5118867,2,143
5133450,2,143
5146128,2,143
5148245,2,143
5151193,2,143
5159921,2,143
5176883,2,143
5185590,2,143
5200780,2,143
5201724,2,143
5210019,2,143
5218392,2,143
5221667,2,143
5222554,2,143
5242715,2,143
5250490,2,143
5256128,2,143
5257741,2,143
5257816,2,143
5261748,2,143
5262871,2,143
5284181,2,143
5303585,2,143
5327305,2,143
5328285,2,143
5329543,2,143
5335936,2,143
5350986,2,143
5358145,2,143
5366292,2,143
5379711,2,143
5395189,2,143
5396631,2,143
5423451,2,143
5429924,2,143
5436704,2,143
5439867,2,143
5440389,2,143
5441476,2,143
5451310,2,143
5458997,2,143
5462521,2,143
5477701,2,143
5487442,2,143
5491695,2,143
5499703,2,143
5524140,2,143
5526312,2,143
5539202,2,143
5551337,2,143
5555347,2,143
5563225,2,143
5584073,2,143
5586575,2,143
5601687,2,143
5619473,2,143
5621153,2,143
5623786,2,143
5625783,2,143
5636045,2,143
5645636,2,143
5646430,2,143
5648999,2,143
5661410,2,143
5664661,2,143
5665135,2,143
5690163,2,143
5699145,2,143
5708290,2,143
5708658,2,143
5712534,2,143
5712661,2,143
5721520,2,143
5742579,2,143
5765458,2,143
5772169,2,143
5776997,2,143
5800328,2,143
5820754,2,143
5823372,2,143
5832226,2,143
5840084,2,143
5841112,2,143
5845924,2,143
5855339,2,143
5866643,2,143
5875574,2,143
5877145,2,143
5879027,2,143
5887929,2,143
5924865,2,143
5930831,2,143
5940286,2,143
5950433,2,143
5963186,2,143
5963656,2,143
5971954,2,143
5972864,2,143
5981570,2,143
5990860,2,143
6005346,2,143
6005925,2,143
6016165,2,143
6024783,2,143
6031166,2,143
6037190,2,143
6040599,2,143
6043876,2,143
6051569,2,143
6051736,2,143
6053592,2,143
6056954,2,143
6057437,2,143
6076919,2,143
6084690,2,143
6087967,2,143
6098300,2,143
6119104,2,143
6121415,2,143
6136383,2,143
6159227,2,143
6173500,2,143
6176314,2,143
6180188,2,143
6190970,2,143
6211831,2,143
6226610,2,143
6231413,2,143
6235280,2,143
6247142,2,143
6276265,2,143
6276457,2,143
6282993,2,143
6294868,2,143
6320214,2,143
6332116,2,143
6367914,2,143
6371971,2,143
6387886,2,143
6400362,2,143
6401874,2,143
6405582,2,143
6411752,2,143
6415623,2,143
6437191,2,143
6458911,2,143
6460178,2,143
6472397,2,143
6480990,2,143
6497884,2,143
6501089,2,143
6519851,2,143
6535865,2,143
6546265,2,143
6547096,2,143
6605049,2,143
6612201,2,143
6625584,2,143
6634389,2,143
6653320,2,143
6668014,2,143
6669628,2,143
6680028,2,143
6690727,2,143
6701462,2,143
6712673,2,143
6715892,2,143
6721157,2,143
6730223,2,143
6736767,2,143
6759612,2,143
6764192,2,143
6764957,2,143
6786817,2,143
6817091,2,143
6828924,2,143
6854701,2,143
6891349,2,143
6936092,2,143
6951284,2,143
6959108,2,143
6964516,2,143
6967294,2,143
6967580,2,143
6972062,2,143
6993457,2,143
6993690,2,143
7012336,2,143
7022740,2,143
7023147,2,143
7030944,2,143
7037381,2,143
7055847,2,143
7059827,2,143
7070798,2,143
7088511,2,143
7100147,2,143
7102943,2,143
7103578,2,143
7110786,2,143
7110867,2,143
7111741,2,143
7114488,2,143
7118751,2,143
7188412,2,143
7190633,2,143
7191084,2,143
7194049,2,143
7219519,2,143
7225802,2,143
7235257,2,143
7255867,2,143
7262443,2,143
7271380,2,143
7275205,2,143
7276380,2,143
7292727,2,143
7298095,2,143
7305683,2,143
7335567,2,143
7352313,2,143
7359555,2,143
7360737,2,143
7362366,2,143
7379800,2,143
7414026,2,143
7419955,2,143
7445602,2,143
7471341,2,143
7480878,2,143
7497207,2,143
7510740,2,143
7512811,2,143
7513265,2,143
7523828,2,143
7549587,2,143
7567343,2,143
7604937,2,143
7608992,2,143
7610975,2,143
7633591,2,143
7636080,2,143
7668186,2,143
7692670,2,143
7714910,2,143
7724615,2,143
7749510,2,143
7763181,2,143
7764890,2,143
7796312,2,143
7799689,2,143
7812909,2,143
7823934,2,143
7846521,2,143
7847386,2,143
7858700,2,143
7879022,2,143
7893705,2,143
7897813,2,143
7903462,2,143
7924413,2,143
7929962,2,143
7957190,2,143
7965201,2,143
8002648,2,143
8039013,2,143
8082613,2,143
8095395,2,143
8137254,2,143
8155259,2,143
8166149,2,143
8191198,2,143
8199708,2,143
8202702,2,143
8210250,2,143
8302959,2,143
8317477,2,143
8318747,2,143
8345382,2,143
8349587,2,143
8367760,2,143
8380489,2,143
8381787,2,143
8442750,2,143
8466067,2,143
8472314,2,143
8474954,2,143
8493007,2,143
8519224,2,143
8538002,2,143
8546571,2,143
8572735,2,143
8573886,2,143
8607125,2,143
8665971,2,143
8666625,2,143
8708895,2,143
8728836,2,143
8747517,2,143
8758499,2,143
8761202,2,143
8774034,2,143
8835977,2,143
8836773,2,143
8862646,2,143
8878848,2,143
8892262,2,143
8907529,2,143
8929888,2,143
8930930,2,143
8955718,2,143
8991068,2,143
9016345,2,143
9054108,2,143
9070637,2,143
9072277,2,143
9103781,2,143
9116042,2,143
9131757,2,143
9134003,2,143
9146678,2,143
9150371,2,143
9153498,2,143
9161438,2,143
9222632,2,143
9285264,2,143
9292367,2,143
9312677,2,143
9370547,2,143
9426721,2,143
9427611,2,143
9451227,2,143
9456418,2,143
9464683,2,143
9498646,2,143
9543653,2,143
9640265,2,143
9677504,2,143
9707405,2,143
9749173,2,143
9755286,2,143
9794177,2,143
9806827,2,143
9831367,2,143
9877221,2,143
9887966,2,143
9901174,2,143
9914235,2,143
9941762,2,143
9957046,2,143
9966516,2,143
9992698,2,143
10008846,2,143
10043789,2,143
10045574,2,143
10062216,2,143
10101471,2,143
10108377,2,143
10138496,2,143
10142795,2,143
10169236,2,143
10220449,2,143
10226043,2,143
10233823,2,143
10300271,2,143
10325111,2,143
10355479,2,143
10400064,2,143
10406436,2,143
10409047,2,143
10423749,2,143
10436858,2,143
10494850,2,143
10532899,2,143
10602903,2,143
10603486,2,143
10692718,2,143
10694619,2,143
10695927,2,143
10708371,2,143
10733264,2,143
10740043,2,143
10779010,2,143
10783208,2,143
10825309,2,143
10849914,2,143
10850221,2,143
10890247,2,143
10896188,2,143
10917363,2,143
10942092,2,143
10953825,2,143
10955264,2,143
11019911,2,143
11025372,2,143
11066224,2,143
11166672,2,143
11166947,2,143
11175019,2,143
11182185,2,143
11255978,2,143
11349489,2,143
11355405,2,143
11358903,2,143
11388989,2,143
11394076,2,143
11396047,2,143
11418901,2,143
11427028,2,143
11440779,2,143
11479165,2,143
11486721,2,143
11492115,2,143
11500057,2,143
11530682,2,143
11538795,2,143
11565814,2,143
11602629,2,143
11639590,2,143
11677663,2,143
11694233,2,143
11699655,2,143
11700003,2,143
11700385,2,143
11701595,2,143
11764459,2,143
11806606,2,143
11806619,2,143
11810069,2,143
11811888,2,143
11817448,2,143
11819738,2,143
11830160,2,143
11842270,2,143
11883251,2,143
11886819,2,143
11961646,2,143
11964840,2,143
11980681,2,143
12002941,2,143
12016373,2,143
12027865,2,143
12088397,2,143
12277063,2,143
12391445,2,143
12408980,2,143
12450625,2,143
12480581,2,143
12488826,2,143
12569776,2,143
12604876,2,143
12607133,2,143
12660796,2,143
12671072,2,143
12770792,2,143
12894563,2,143
12934716,2,143
12947276,2,143
12951461,2,143
12979318,2,143
13009163,2,143
13049130,2,143
13075259,2,143
13132944,2,143
13139388,2,143
13142568,2,143
13161470,2,143
13277869,2,143
13317855,2,143
13335308,2,143
13349979,2,143
13372570,2,143
13381361,2,143
13417006,2,143
13464485,2,143
13509693,2,143
13519255,2,143
13585117,2,143
13595509,2,143
13680617,2,143
13705399,2,143
13724426,2,143
13749603,2,143
13777940,2,143
13796403,2,143
13807549,2,143
13818792,2,143
13867036,2,143
13887263,2,143
13887480,2,143
14040290,2,143
14057734,2,143
14227679,2,143
14236753,2,143
14240012,2,143
14256139,2,143
14289920,2,143
14322948,2,143
14336608,2,143
14338588,2,143
14353381,2,143
14362492,2,143
14365975,2,143
14476356,2,143
14755525,2,143
14841132,2,143
14854468,2,143
14863961,2,143
14887287,2,143
14890504,2,143
15070465,2,143
15099524,2,143
15109094,2,143
15120747,2,143
15176969,2,143
15215732,2,143
15228379,2,143
15268244,2,143
15383700,2,143
15385357,2,143
15624271,2,143
15844949,2,143
15976103,2,143
16014141,2,143
16039513,2,143
16100672,2,143
16117340,2,143
16127346,2,143
16278384,2,143
16359144,2,143
16379061,2,143
16391753,2,143
16410101,2,143
16517138,2,143
16562273,2,143
16598693,2,143
16618049,2,143
16632474,2,143
16727775,2,143
16728318,2,143
16734471,2,143
16740139,2,143
16805946,2,143
16832215,2,143
16882830,2,143
16973742,2,143
17046154,2,143
17093928,2,143
17180950,2,143
17338727,2,143
17355226,2,143
17449478,2,143
17591103,2,143
17615164,2,143
17744043,2,143
17917037,2,143
17938613,2,143
17956325,2,143
17971291,2,143
18022260,2,143
18043941,2,143
18118125,2,143
18148218,2,143
18250390,2,143
18394246,2,143
18485461,2,143
18495886,2,143
18519731,2,143
18571337,2,143
18649881,2,143
18658607,2,143
18731079,2,143
19186904,2,143
19197856,2,143
19241431,2,143
19245504,2,143
19256200,2,143
19356702,2,143
19364223,2,143
19433645,2,143
19441097,2,143
19603573,2,143
19704226,2,143
19720404,2,143
19767286,2,143
19773950,2,143
19853057,2,143
19858274,2,143
19864189,2,143
19874918,2,143
19878418,2,143
19894920,2,143
19927327,2,143
20014268,2,143
20041777,2,143
20082141,2,143
20127956,2,143
20273871,2,143
20278353,2,143
20348276,2,143
20380028,2,143
20420759,2,143
20448089,2,143
20496444,2,143
20531996,2,143
20615964,2,143
20695820,2,143
20761166,2,143
20817629,2,143
20888120,2,143
20944757,2,143
21009455,2,143
21210712,2,143
21218732,2,143
21987810,2,143
22185823,2,143
22330144,2,143
22330483,2,143
22471119,2,143
22676638,2,143
22717129,2,143
22864091,2,143
23210132,2,143
23213772,2,143
23237968,2,143
23444520,2,143
23470846,2,143
23614198,2,143
23618431,2,143
23720731,2,143
24368190,2,143
24380094,2,143
24424864,2,143
24479753,2,143
24600004,2,143
24600080,2,143
24829397,2,143
24856187,2,143
24996527,2,143
25107942,2,143
25117405,2,143
25399519,2,143
25411643,2,143
25516557,2,143
25696365,2,143
25785677,2,143
26014927,2,143
26141673,2,143
26176868,2,143
26326659,2,143
26520612,2,143
26531658,2,143
26556294,2,143
26604994,2,143
26615635,2,143
26666267,2,143
26761456,2,143
27032740,2,143
27534888,2,143
27617696,2,143
28640082,2,143
28683383,2,143
28724070,2,143
28729480,2,143
28736695,2,143
28826199,2,143
29177814,2,143
29187613,2,143
29394759,2,143
29462447,2,143
29541707,2,143
29572918,2,143
29639599,2,143
29686531,2,143
29860391,2,143
29874640,2,143
29888641,2,143
29969638,2,143
30002284,2,143
30019644,2,143
30171460,2,143
30266990,2,143
30327563,2,143
30365333,2,143
30475273,2,143
30956809,2,143
30978270,2,143
31117295,2,143
31321188,2,143
31383810,2,143
31424401,2,143
31495242,2,143
31560031,2,143
31592052,2,143
31843888,2,143
31969517,2,143
32142878,2,143
32336879,2,143
32386654,2,143
32540863,2,143
32566682,2,143
32764135,2,143
32830172,2,143
32988963,2,143
33259169,2,143
33302910,2,143
33400216,2,143
33649649,2,143
33728607,2,143
34683631,2,143
34684800,2,143
35427888,2,143
35454616,2,143
36935934,2,143
36984337,2,143
37807897,2,143
37962604,2,143
37989650,2,143
38031554,2,143
38746192,2,143
38853559,2,143
39271166,2,143
39611808,2,143
39809242,2,143
40564263,2,143
40909550,2,143
41295967,2,143
42042433,2,143
42088801,2,143
42262979,2,143
42402987,2,143
42534669,2,143
42536066,2,143
42688967,2,143
42773358,2,143
42843963,2,143
43058063,2,143
43463187,2,143
43904389,2,143
43922054,2,143
44173311,2,143
45171676,2,143
45213563,2,143
45593480,2,143
45612704,2,143
46276496,2,143
46527411,2,143
46928452,2,143
47287977,2,143
47413402,2,143
47570249,2,143
47667850,2,143
47893091,2,143
48593742,2,143
48755119,2,143
48874620,2,143
49110064,2,143
49134354,2,143
49355472,2,143
49772139,2,143
50035229,2,143
50999343,2,143
51963680,2,143
52147478,2,143
52424625,2,143
52796597,2,143
53250064,2,143
53637977,2,143
54370274,2,143
54375346,2,143
54731898,2,143
55004811,2,143
55389682,2,143
55538295,2,143
55587360,2,143
56010672,2,143
56062072,2,143
56135400,2,143
56443891,2,143
57362377,2,143
57796684,2,143
58219593,2,143
59088937,2,143
59124291,2,143
61503739,2,143
61774041,2,143
62088870,2,143
62353999,2,143
62667347,2,143
62971995,2,143
63497493,2,143
64021988,2,143
64632615,2,143
64731066,2,143
64742282,2,143
64904036,2,143
65524316,2,143
68678137,2,143
68716630,2,143
68828793,2,143
73390819,2,143
74896728,2,143
76652470,2,143
77058942,2,143
77435960,2,143
77760472,2,143
80679481,2,143
80943867,2,143
82722493,2,143
83301543,2,143
83665513,2,143
84280745,2,143
85197402,2,143
85648028,2,143
86011973,2,143
86601758,2,143
89506860,2,143
89982117,2,143
92754843,2,143
94266225,2,143
97628039,2,143
97774114,2,143
102247808,2,143
103234125,2,143
106488955,2,143
107539203,2,143
111713273,2,143
113122454,2,143
113811236,2,143
116357700,2,143
117589240,2,143
118865326,2,143
120506674,2,143
121647851,2,143
126360859,2,143
126403501,2,143
127632570,2,143
129253256,2,143
137719859,2,143
139566763,2,143
142124090,2,143
160,3,142
570,3,142
839,3,142
886,3,142
910,3,142
919,3,142
1300,3,142
1344,3,142
1482,3,142
1505,3,142
1819,3,142
1832,3,142
1894,3,142
1972,3,142
2242,3,142
2269,3,142
2371,3,142
2454,3,142
2553,3,142
2580,3,142
2749,3,142
2817,3,142
3233,3,142
3257,3,142
3460,3,142
4576,3,142
4823,3,142
4963,3,142
5202,3,142
5404,3,142
5623,3,142
5736,3,142
5988,3,142
6001,3,142
6077,3,142
6572,3,142
6720,3,142
6753,3,142
6854,3,142
6894,3,142
6988,3,142
7017,3,142
7325,3,142
8561,3,142
8654,3,142
8751,3,142
8874,3,142
8994,3,142
9233,3,142
9442,3,142
9458,3,142
9561,3,142
9640,3,142
9990,3,142
10036,3,142
10141,3,142
10145,3,142
10229,3,142
10251,3,142
10412,3,142
10452,3,142
10652,3,142
10858,3,142
11433,3,142
11616,3,142
11653,3,142
12141,3,142
12169,3,142
12502,3,142
13042,3,142
13297,3,142
14042,3,142
14671,3,142
14825,3,142
15107,3,142
15571,3,142
15747,3,142
16293,3,142
16631,3,142
16727,3,142
16733,3,142
16886,3,142
16936,3,142
17021,3,142
18160,3,142
18679,3,142
19498,3,142
19739,3,142
19938,3,142
20046,3,142
20185,3,142
20292,3,142
20374,3,142
20629,3,142
21221,3,142
21325,3,142
21517,3,142
21756,3,142
22494,3,142
22524,3,142
22878,3,142
23116,3,142
23230,3,142
23880,3,142
25777,3,142
26336,3,142
27389,3,142
27600,3,142
27783,3,142
27806,3,142
28325,3,142
28436,3,142
29238,3,142
29948,3,142
30176,3,142
30399,3,142
30633,3,142
31260,3,142
31282,3,142
31441,3,142
32264,3,142
33314,3,142
33324,3,142
33837,3,142
34126,3,142
34903,3,142
35883,3,142
36125,3,142
36834,3,142
37623,3,142
37781,3,142
39315,3,142
39320,3,142
39792,3,142
40043,3,142
40234,3,142
40382,3,142
40790,3,142
41143,3,142
41541,3,142
41552,3,142
42124,3,142
42194,3,142
42336,3,142
43473,3,142
45598,3,142
45731,3,142
45806,3,142
46511,3,142
46565,3,142
46623,3,142
47644,3,142
49062,3,142
49314,3,142
49533,3,142
49557,3,142
50030,3,142
50523,3,142
50728,3,142
51594,3,142
52580,3,142
53479,3,142
56547,3,142
56571,3,142
56698,3,142
58083,3,142
58792,3,142
58958,3,142
60180,3,142
60985,3,142
61148,3,142
61755,3,142
61872,3,142
62527,3,142
63247,3,142
64216,3,142
66291,3,142
67311,3,142
68444,3,142
69087,3,142
69485,3,142
70067,3,142
71200,3,142
71206,3,142
71781,3,142
71833,3,142
71965,3,142
72800,3,142
72885,3,142
73139,3,142
74409,3,142
76114,3,142
76307,3,142
76567,3,142
77024,3,142
77148,3,142
77472,3,142
78551,3,142
79451,3,142
80144,3,142
80161,3,142
82331,3,142
82415,3,142
82750,3,142
83173,3,142
83824,3,142
84348,3,142
84494,3,142
85234,3,142
86597,3,142
87619,3,142
89634,3,142
90413,3,142
92450,3,142
92839,3,142
92850,3,142
93906,3,142
95347,3,142
96900,3,142
98132,3,142
99371,3,142
99604,3,142
99779,3,142
100356,3,142
100691,3,142
101547,3,142
105033,3,142
105518,3,142
108053,3,142
108105,3,142
108237,3,142
109390,3,142
110007,3,142
110372,3,142
110683,3,142
111022,3,142
113621,3,142
116057,3,142
116256,3,142
116996,3,142
118984,3,142
119168,3,142
119405,3,142
121520,3,142
122018,3,142
122267,3,142
123950,3,142
124719,3,142
124816,3,142
124864,3,142
125088,3,142
125954,3,142
125978,3,142
126418,3,142
127001,3,142
127547,3,142
127566,3,142
129501,3,142
129784,3,142
129850,3,142
130970,3,142
131916,3,142
132011,3,142
135053,3,142
137037,3,142
138681,3,142
142937,3,142
144581,3,142
145334,3,142
145357,3,142
152635,3,142
153287,3,142
156110,3,142
156347,3,142
156899,3,142
157093,3,142
158035,3,142
158067,3,142
158373,3,142
159307,3,142
160418,3,142
161748,3,142
161844,3,142
163454,3,142
167394,3,142
169271,3,142
169864,3,142
170039,3,142
170420,3,142
170858,3,142
170883,3,142
172380,3,142
172822,3,142
173025,3,142
175470,3,142
177826,3,142
178138,3,142
178376,3,142
178466,3,142
179462,3,142
182446,3,142
184165,3,142
184880,3,142
187174,3,142
189559,3,142
191033,3,142
191707,3,142
192222,3,142
192263,3,142
193238,3,142
194894,3,142
195767,3,142
195992,3,142
196139,3,142
196425,3,142
198407,3,142
198492,3,142
198920,3,142
200261,3,142
200876,3,142
201664,3,142
201930,3,142
203713,3,142
205556,3,142
205752,3,142
206324,3,142
207183,3,142
207689,3,142
208803,3,142
209572,3,142
210675,3,142
211144,3,142
215914,3,142
220622,3,142
226879,3,142
228333,3,142
228341,3,142
229881,3,142
230404,3,142
230893,3,142
231490,3,142
233152,3,142
233974,3,142
238962,3,142
240236,3,142
240542,3,142
240965,3,142
241597,3,142
242766,3,142
243154,3,142
246204,3,142
248058,3,142
249310,3,142
249505,3,142
249872,3,142
250407,3,142
251088,3,142
259576,3,142
261027,3,142
261418,3,142
261677,3,142
263215,3,142
265086,3,142
265653,3,142
265896,3,142
269746,3,142
278084,3,142
278461,3,142
281070,3,142
283907,3,142
284046,3,142
284515,3,142
285384,3,142
286882,3,142
289671,3,142
290948,3,142
293591,3,142
293909,3,142
294235,3,142
296735,3,142
296798,3,142
299097,3,142
300067,3,142
300834,3,142
301036,3,142
301732,3,142
304837,3,142
305722,3,142
308588,3,142
309219,3,142
309655,3,142
310981,3,142
311217,3,142
311736,3,142
313285,3,142
314373,3,142
316190,3,142
319569,3,142
320492,3,142
320529,3,142
322054,3,142
322239,3,142
324418,3,142
324764,3,142
326944,3,142
328001,3,142
335455,3,142
345715,3,142
347809,3,142
349621,3,142
350893,3,142
352105,3,142
352355,3,142
354553,3,142
354668,3,142
357685,3,142
359395,3,142
359612,3,142
360618,3,142
361199,3,142
362647,3,142
362814,3,142
364212,3,142
365396,3,142
368589,3,142
371701,3,142
373853,3,142
376268,3,142
377498,3,142
380234,3,142
381201,3,142
381269,3,142
387629,3,142
389774,3,142
391591,3,142
395386,3,142
396367,3,142
397106,3,142
406477,3,142
409405,3,142
412859,3,142
416239,3,142
418340,3,142
425200,3,142
429985,3,142
433259,3,142
435051,3,142
440583,3,142
441436,3,142
443948,3,142
446106,3,142
446998,3,142
447355,3,142
447771,3,142
450140,3,142
450624,3,142
451495,3,142
451517,3,142
451978,3,142
452234,3,142
453705,3,142
454030,3,142
456538,3,142
458654,3,142
464086,3,142
464978,3,142
465024,3,142
467097,3,142
467655,3,142
470543,3,142
472487,3,142
478161,3,142
480724,3,142
481214,3,142
481405,3,142
485186,3,142
492619,3,142
499038,3,142
502637,3,142
506129,3,142
506399,3,142
507482,3,142
510080,3,142
510355,3,142
510678,3,142
514026,3,142
514845,3,142
516153,3,142
520213,3,142
523021,3,142
525539,3,142
525626,3,142
527325,3,142
528204,3,142
528849,3,142
532679,3,142
534887,3,142
540298,3,142
542912,3,142
543363,3,142
544629,3,142
550061,3,142
553953,3,142
554887,3,142
556594,3,142
556932,3,142
563146,3,142
566748,3,142
570901,3,142
571374,3,142
575884,3,142
576385,3,142
577273,3,142
578259,3,142
581458,3,142
589928,3,142
596262,3,142
606535,3,142
609862,3,142
612823,3,142
613512,3,142
613956,3,142
614430,3,142
616056,3,142
619331,3,142
622855,3,142
623986,3,142
624598,3,142
625998,3,142
627279,3,142
627666,3,142
628317,3,142
629631,3,142
636829,3,142
637415,3,142
640578,3,142
645056,3,142
648674,3,142
649249,3,142
663798,3,142
665210,3,142
665754,3,142
668652,3,142
670114,3,142
670178,3,142
670690,3,142
672767,3,142
674084,3,142
675092,3,142
675929,3,142
678548,3,142
678916,3,142
679137,3,142
679146,3,142
679897,3,142
680040,3,142
680789,3,142
682552,3,142
686101,3,142
694041,3,142
699239,3,142
709187,3,142
711315,3,142
718423,3,142
719605,3,142
733810,3,142
735227,3,142
736778,3,142
739378,3,142
741755,3,142
742680,3,142
743976,3,142
744973,3,142
748752,3,142
754016,3,142
754821,3,142
756604,3,142
757747,3,142
760014,3,142
761623,3,142
761656,3,142
762400,3,142
764006,3,142
764738,3,142
765835,3,142
766837,3,142
767351,3,142
773187,3,142
773701,3,142
775349,3,142
782188,3,142
782873,3,142
782987,3,142
783719,3,142
783970,3,142
785098,3,142
787996,3,142
789732,3,142
794516,3,142
795776,3,142
803715,3,142
806173,3,142
811369,3,142
812976,3,142
820696,3,142
821240,3,142
823277,3,142
823890,3,142
827049,3,142
829535,3,142
831367,3,142
834612,3,142
835072,3,142
841625,3,142
842419,3,142
842975,3,142
862829,3,142
867546,3,142
868737,3,142
870995,3,142
871079,3,142
874670,3,142
876694,3,142
876900,3,142
879780,3,142
882701,3,142
883042,3,142
885262,3,142
885309,3,142
890915,3,142
892720,3,142
895082,3,142
896486,3,142
906468,3,142
912729,3,142
913340,3,142
916761,3,142
916763,3,142
918936,3,142
921609,3,142
922231,3,142
923036,3,142
924190,3,142
924226,3,142
926754,3,142
927220,3,142
931298,3,142
931554,3,142
934045,3,142
934583,3,142
951093,3,142
957820,3,142
959573,3,142
967317,3,142
984628,3,142
985072,3,142
992248,3,142
992405,3,142
1000669,3,142
1003432,3,142
1013557,3,142
1013698,3,142
1014428,3,142
1021165,3,142
1023873,3,142
1024282,3,142
1024948,3,142
1031389,3,142
1032873,3,142
1039984,3,142
1042921,3,142
1050937,3,142
1051626,3,142
1058504,3,142
1060672,3,142
1067084,3,142
1074965,3,142
1076225,3,142
1077520,3,142
1080056,3,142
1083792,3,142
1094226,3,142
1102595,3,142
1113894,3,142
1115200,3,142
1115741,3,142
1115805,3,142
1124448,3,142
1127238,3,142
1127594,3,142
1130939,3,142
1141198,3,142
1144752,3,142
1151181,3,142
1153346,3,142
1155839,3,142
1156678,3,142
1158933,3,142
1160545,3,142
1164410,3,142
1164962,3,142
1174527,3,142
1178705,3,142
1180239,3,142
1180502,3,142
1191206,3,142
1191606,3,142
1191973,3,142
1192602,3,142
1195363,3,142
1203963,3,142
1205067,3,142
1212457,3,142
1214630,3,142
1214637,3,142
1232260,3,142
1232405,3,142
1235042,3,142
1237679,3,142
1240404,3,142
1242849,3,142
1242864,3,142
1243016,3,142
1244181,3,142
1252941,3,142
1256020,3,142
1256594,3,142
1263500,3,142
1266923,3,142
1269954,3,142
1271105,3,142
1276120,3,142
1277164,3,142
1278351,3,142
1280922,3,142
1282808,3,142
1284283,3,142
1284597,3,142
1286378,3,142
1294533,3,142
1298285,3,142
1300085,3,142
1302028,3,142
1306576,3,142
1307502,3,142
1309035,3,142
1309053,3,142
1312023,3,142
1312845,3,142
1315676,3,142
1318997,3,142
1319947,3,142
1321193,3,142
1321488,3,142
1321971,3,142
1329312,3,142
1330311,3,142
1336873,3,142
1344906,3,142
1349077,3,142
1351743,3,142
1355501,3,142
1355765,3,142
1362314,3,142
1366169,3,142
1370949,3,142
1377604,3,142
1377740,3,142
1382374,3,142
1383634,3,142
1388100,3,142
1390848,3,142
1391330,3,142
1403707,3,142
1409395,3,142
1409994,3,142
1411204,3,142
1422687,3,142
1425304,3,142
1440854,3,142
1442332,3,142
1457682,3,142
1462973,3,142
1468716,3,142
1477539,3,142
1477946,3,142
1486609,3,142
1487206,3,142
1488195,3,142
1492877,3,142
1501013,3,142
1508880,3,142
1511862,3,142
1512231,3,142
1524990,3,142
1527676,3,142
1539897,3,142
1541067,3,142
1544510,3,142
1553055,3,142
1553128,3,142
1559756,3,142
1559939,3,142
1562078,3,142
1564923,3,142
1567498,3,142
1569446,3,142
1571308,3,142
1572872,3,142
1584370,3,142
1585718,3,142
1593663,3,142
1597139,3,142
1598744,3,142
1610614,3,142
1611908,3,142
1619534,3,142
1623628,3,142
1624394,3,142
1624812,3,142
1627180,3,142
1636460,3,142
1640870,3,142
1645157,3,142
1646766,3,142
1656324,3,142
1659391,3,142
1661812,3,142
1668712,3,142
1672303,3,142
1683208,3,142
1684300,3,142
1695400,3,142
1695538,3,142
1697076,3,142
1702419,3,142
1703219,3,142
1720473,3,142
1729274,3,142
1730837,3,142
1731922,3,142
1746890,3,142
1749122,3,142
1750837,3,142
1751988,3,142
1755404,3,142
1760218,3,142
1760346,3,142
1764689,3,142
1769088,3,142
1779837,3,142
1792491,3,142
1815898,3,142
1821807,3,142
1822404,3,142
1823355,3,142
1827950,3,142
1830355,3,142
1831767,3,142
1834189,3,142
1835337,3,142
1840624,3,142
1841985,3,142
1842839,3,142
1855473,3,142
1858708,3,142
1875146,3,142
1875256,3,142
1877001,3,142
1885887,3,142
1888491,3,142
1888575,3,142
1889095,3,142
1894628,3,142
1909789,3,142
1922295,3,142
1926860,3,142
1927655,3,142
1937003,3,142
1947204,3,142
1954505,3,142
1957052,3,142
1968932,3,142
1976010,3,142
1976169,3,142
1980389,3,142
1994975,3,142
1995370,3,142
2002216,3,142
2015126,3,142
2018167,3,142
2019092,3,142
2032603,3,142
2047775,3,142
2058684,3,142
2065325,3,142
2075466,3,142
2081100,3,142
2095918,3,142
2104054,3,142
2109371,3,142
2118708,3,142
2120879,3,142
2148666,3,142
2151410,3,142
2153667,3,142
2157052,3,142
2160502,3,142
2160685,3,142
2173532,3,142
2188547,3,142
2199845,3,142
2286385,3,142
2307728,3,142
2313075,3,142
2331825,3,142
2339671,3,142
2363940,3,142
2365911,3,142
2382711,3,142
2386165,3,142
2388098,3,142
2388644,3,142
2410802,3,142
2416934,3,142
2429369,3,142
2453159,3,142
2455711,3,142
2470962,3,142
2472415,3,142
2475199,3,142
2498069,3,142
2503423,3,142
2517831,3,142
2525926,3,142
2530413,3,142
2569287,3,142
2572109,3,142
2578537,3,142
2592722,3,142
2608646,3,142
2642277,3,142
2644563,3,142
2650234,3,142
2698840,3,142
2708346,3,142
2717411,3,142
2736422,3,142
2738939,3,142
2762082,3,142
2778116,3,142
2833194,3,142
2840571,3,142
2849183,3,142
2857535,3,142
2883231,3,142
2885827,3,142
2889664,3,142
2920875,3,142
2942771,3,142
2945708,3,142
2962255,3,142
2982582,3,142
2982657,3,142
2995775,3,142
2996754,3,142
3003694,3,142
3017937,3,142
3024323,3,142
3036133,3,142
3041116,3,142
3062319,3,142
3064145,3,142
3070989,3,142
3074124,3,142
3126515,3,142
3127847,3,142
3136933,3,142
3149388,3,142
3150499,3,142
3154865,3,142
3205166,3,142
3223849,3,142
3244158,3,142
3268739,3,142
3277634,3,142
3282643,3,142
3294102,3,142
3297602,3,142
3305174,3,142
3342274,3,142
3350171,3,142
3367428,3,142
3390252,3,142
3411019,3,142
3411961,3,142
3439875,3,142
3451581,3,142
3467408,3,142
3471406,3,142
3488120,3,142
3508963,3,142
3511050,3,142
3514188,3,142
3520021,3,142
3594528,3,142
3604865,3,142
3614077,3,142
3639013,3,142
3647567,3,142
3662104,3,142
3669192,3,142
3676247,3,142
3683993,3,142
3689606,3,142
3727208,3,142
3727384,3,142
3748291,3,142
3748658,3,142
3750161,3,142
3795964,3,142
3796302,3,142
3799554,3,142
3803466,3,142
3816105,3,142
3857152,3,142
3865161,3,142
3866457,3,142
3874324,3,142
3888884,3,142
3905501,3,142
3935535,3,142
3978062,3,142
4067115,3,142
4070686,3,142
4114541,3,142
4151893,3,142
4214540,3,142
4250921,3,142
4312781,3,142
4338492,3,142
4341982,3,142
4348700,3,142
4365899,3,142
4388847,3,142
4400726,3,142
4408071,3,142
4408379,3,142
4413176,3,142
4413223,3,142
4422516,3,142
4435445,3,142
4474501,3,142
4480940,3,142
4499470,3,142
4505534,3,142
4514195,3,142
4529259,3,142
4547987,3,142
4570610,3,142
4607838,3,142
4610828,3,142
4611676,3,142
4623123,3,142
4637406,3,142
4663766,3,142
4670954,3,142
4706261,3,142
4737519,3,142
4750251,3,142
4753612,3,142
4786694,3,142
4885006,3,142
4932702,3,142
4942808,3,142
4944849,3,142
4991309,3,142
5009534,3,142
5015756,3,142
5016978,3,142
5039340,3,142
5040487,3,142
5052636,3,142
5056405,3,142
5063967,3,142
5064777,3,142
5087676,3,142
5113308,3,142
5125481,3,142
5165674,3,142
5182173,3,142
5200983,3,142
5202478,3,142
5209149,3,142
5235390,3,142
5248271,3,142
5249615,3,142
5254627,3,142
5261448,3,142
5267505,3,142
5267882,3,142
5310542,3,142
5310618,3,142
5326579,3,142
5336049,3,142
5348158,3,142
5351390,3,142
5395723,3,142
5438317,3,142
5442370,3,142
5455041,3,142
5463325,3,142
5463900,3,142
5463986,3,142
5475267,3,142
5488144,3,142
5494638,3,142
5538723,3,142
5546621,3,142
5553901,3,142
5575082,3,142
5607577,3,142
5610674,3,142
5659221,3,142
5661105,3,142
5677408,3,142
5687399,3,142
5692193,3,142
5722609,3,142
5738815,3,142
5744673,3,142
5754074,3,142
5799374,3,142
5827558,3,142
5865309,3,142
5865669,3,142
5869999,3,142
5892486,3,142
5918120,3,142
5986600,3,142
6023883,3,142
6044816,3,142
6048482,3,142
6059356,3,142
6086311,3,142
6087438,3,142
6127678,3,142
6137845,3,142
6139501,3,142
6141953,3,142
6151132,3,142
6166576,3,142
6197491,3,142
6240821,3,142
6276527,3,142
6320032,3,142
6366270,3,142
6386745,3,142
6513657,3,142
6545979,3,142
6559692,3,142
6575619,3,142
6595259,3,142
6598540,3,142
6612558,3,142
6622800,3,142
6644809,3,142
6669808,3,142
6711342,3,142
6713560,3,142
6715182,3,142
6724355,3,142
6743115,3,142
6801309,3,142
6836886,3,142
6878436,3,142
6897158,3,142
6899922,3,142
6934200,3,142
7003853,3,142
7025002,3,142
7029623,3,142
7040242,3,142
7074196,3,142
7081617,3,142
7126128,3,142
7147507,3,142
7201911,3,142
7303825,3,142
7304269,3,142
7379732,3,142
7439692,3,142
7464663,3,142
7474810,3,142
7477150,3,142
7553572,3,142
7594943,3,142
7615277,3,142
7771552,3,142
7822364,3,142
7823011,3,142
7850727,3,142
7858010,3,142
7870949,3,142
7886392,3,142
7902617,3,142
7923245,3,142
7954475,3,142
7957590,3,142
7987513,3,142
8069338,3,142
8139783,3,142
8148440,3,142
8176996,3,142
8192210,3,142
8234470,3,142
8259057,3,142
8263298,3,142
8284972,3,142
8288216,3,142
8381024,3,142
8382136,3,142
8384955,3,142
8389627,3,142
8452523,3,142
8492310,3,142
8507585,3,142
8534915,3,142
8535846,3,142
8567020,3,142
8577076,3,142
8612515,3,142
8707213,3,142
8791811,3,142
8888991,3,142
8935553,3,142
9004182,3,142
9049092,3,142
9053624,3,142
9094917,3,142
9096008,3,142
9111802,3,142
9141879,3,142
9210835,3,142
9252295,3,142
9309853,3,142
9325845,3,142
9396957,3,142
9440993,3,142
9458625,3,142
9528059,3,142
9578297,3,142
9592372,3,142
9661806,3,142
9687786,3,142
9772694,3,142
9872271,3,142
9877150,3,142
9911561,3,142
9958300,3,142
9959901,3,142
9977768,3,142
9986800,3,142
10131986,3,142
10264153,3,142
10265290,3,142
10369213,3,142
10434946,3,142
10499297,3,142
10671790,3,142
10892623,3,142
10899666,3,142
11020525,3,142
11048767,3,142
11063448,3,142
11070996,3,142
11134287,3,142
11154195,3,142
11197111,3,142
11455681,3,142
11524061,3,142
11628392,3,142
11636182,3,142
11764728,3,142
11773683,3,142
11867551,3,142
11912239,3,142
11952174,3,142
12029067,3,142
12032550,3,142
12043095,3,142
12150735,3,142
12237944,3,142
12239478,3,142
12391455,3,142
12452099,3,142
12692552,3,142
12788905,3,142
12962273,3,142
13052723,3,142
13077896,3,142
13182509,3,142
13230606,3,142
13299109,3,142
13307469,3,142
13346090,3,142
13391344,3,142
13506626,3,142
13530594,3,142
13622183,3,142
13657589,3,142
13721983,3,142
13805221,3,142
13816211,3,142
13933210,3,142
14031260,3,142
14052956,3,142
14189730,3,142
14864529,3,142
15001116,3,142
15175618,3,142
15277233,3,142
15382517,3,142
15527358,3,142
15795595,3,142
15833879,3,142
15841147,3,142
15878786,3,142
15901038,3,142
15913938,3,142
15925090,3,142
16177642,3,142
16391550,3,142
16532074,3,142
16612623,3,142
16829428,3,142
16981248,3,142
17097538,3,142
17382248,3,142
17487729,3,142
17521278,3,142
17701805,3,142
18001815,3,142
18029834,3,142
18107317,3,142
18152044,3,142
18165607,3,142
18232214,3,142
18309454,3,142
18317549,3,142
18360329,3,142
18693500,3,142
19378031,3,142
19773473,3,142
19792579,3,142
20144629,3,142
20366111,3,142
20941619,3,142
21958044,3,142
21959017,3,142
22296717,3,142
22530162,3,142
22665058,3,142
22735370,3,142
22789589,3,142
22861853,3,142
23193031,3,142
23342943,3,142
23431444,3,142
23433416,3,142
23697296,3,142
24878432,3,142
24956031,3,142
25297591,3,142
25874080,3,142
26054486,3,142
26106557,3,142
26347195,3,142
26733242,3,142
26824103,3,142
27955793,3,142
28511734,3,142
29243790,3,142
29370468,3,142
29830708,3,142
30162978,3,142
30176935,3,142
30183023,3,142
30854760,3,142
31007839,3,142
31516988,3,142
32124107,3,142
32331576,3,142
32592965,3,142
33769536,3,142
34226570,3,142
34285813,3,142
34678818,3,142
34797853,3,142
34869909,3,142
35157052,3,142
35270620,3,142
35623921,3,142
35655764,3,142
36285126,3,142
36391487,3,142
36721991,3,142
36781294,3,142
37318615,3,142
37577949,3,142
37861211,3,142
38903141,3,142
39826756,3,142
41879249,3,142
42506819,3,142
42943189,3,142
43238557,3,142
43683140,3,142
43786371,3,142
43992125,3,142
45365461,3,142
46082775,3,142
47718989,3,142
47906753,3,142
47952043,3,142
48695625,3,142
49465776,3,142
49967692,3,142
50049020,3,142
50414099,3,142
50727211,3,142
53525291,3,142
53562625,3,142
55561087,3,142
58447309,3,142
58602708,3,142
58898186,3,142
58997184,3,142
59156172,3,142
60454206,3,142
61631493,3,142
64361382,3,142
64754031,3,142
65025273,3,142
65102625,3,142
66137087,3,142
71030857,3,142
71575813,3,142
71952044,3,142
72096386,3,142
78793842,3,142
80422684,3,142
81410494,3,142
92559176,3,142
92616617,3,142
97070094,3,142
102397029,3,142
104276362,3,142
106964301,3,142
123616755,3,142
128812933,3,142
130957406,3,142
133031666,3,142
162015206,3,142
535,4,141
847,4,141
903,4,141
1210,4,141
1265,4,141
1527,4,141
1545,4,141
1994,4,141
2737,4,141
2778,4,141
2812,4,141
3407,4,141
4250,4,141
4531,4,141
4566,4,141
5111,4,141
5269,4,141
5592,4,141
5716,4,141
5850,4,141
6249,4,141
6583,4,141
7066,4,141
7848,4,141
8424,4,141
9434,4,141
9599,4,141
9855,4,141
10512,4,141
11071,4,141
11214,4,141
13238,4,141
13562,4,141
13697,4,141
14250,4,141
15225,4,141
15933,4,141
16997,4,141
17800,4,141
18076,4,141
18288,4,141
18315,4,141
19879,4,141
20335,4,141
21134,4,141
21292,4,141
21705,4,141
22452,4,141
22610,4,141
22853,4,141
22996,4,141
23096,4,141
23381,4,141
23480,4,141
25254,4,141
25778,4,141
27118,4,141
27315,4,141
28718,4,141
29921,4,141
32314,4,141
33171,4,141
33306,4,141
33557,4,141
41499,4,141
43028,4,141
43687,4,141
44745,4,141
46995,4,141
47869,4,141
48234,4,141
52195,4,141
52241,4,141
53429,4,141
53455,4,141
54254,4,141
58628,4,141
58868,4,141
59715,4,141
61152,4,141
61190,4,141
61935,4,141
63402,4,141
63699,4,141
64308,4,141
65367,4,141
66233,4,141
67436,4,141
67560,4,141
68273,4,141
69238,4,141
70500,4,141
72183,4,141
73059,4,141
81168,4,141
81246,4,141
81328,4,141
81990,4,141
82104,4,141
82591,4,141
83426,4,141
83545,4,141
84343,4,141
86731,4,141
90490,4,141
93578,4,141
93691,4,141
94489,4,141
95454,4,141
96544,4,141
96561,4,141
97106,4,141
97343,4,141
97469,4,141
99116,4,141
100613,4,141
102141,4,141
102870,4,141
103502,4,141
106477,4,141
112480,4,141
112493,4,141
115140,4,141
115175,4,141
117788,4,141
117808,4,141
119740,4,141
120693,4,141
121438,4,141
123278,4,141
124117,4,141
124385,4,141
125006,4,141
129939,4,141
132688,4,141
133459,4,141
135645,4,141
137568,4,141
137572,4,141
139212,4,141
139499,4,141
144385,4,141
147294,4,141
148319,4,141
156269,4,141
157801,4,141
160527,4,141
161663,4,141
169184,4,141
170050,4,141
170917,4,141
172237,4,141
174626,4,141
176327,4,141
177597,4,141
179645,4,141
180382,4,141
181013,4,141
183869,4,141
184865,4,141
185002,4,141
186749,4,141
186918,4,141
188896,4,141
190556,4,141
194885,4,141
198409,4,141
198751,4,141
200119,4,141
200570,4,141
203980,4,141
204226,4,141
204707,4,141
207644,4,141
207910,4,141
209714,4,141
212607,4,141
215986,4,141
216637,4,141
217126,4,141
220438,4,141
225986,4,141
229723,4,141
232036,4,141
242716,4,141
243291,4,141
244907,4,141
245494,4,141
251501,4,141
252005,4,141
252882,4,141
276143,4,141
276692,4,141
282104,4,141
284576,4,141
286950,4,141
296619,4,141
296976,4,141
298881,4,141
300833,4,141
301259,4,141
303289,4,141
305282,4,141
305901,4,141
324895,4,141
328836,4,141
334293,4,141
335467,4,141
337400,4,141
343822,4,141
359076,4,141
361435,4,141
365944,4,141
367079,4,141
367429,4,141
369081,4,141
373596,4,141
376930,4,141
377544,4,141
381671,4,141
381780,4,141
382011,4,141
387012,4,141
401167,4,141
401263,4,141
403570,4,141
411113,4,141
416757,4,141
417610,4,141
419789,4,141
422206,4,141
422258,4,141
422904,4,141
425397,4,141
430878,4,141
431808,4,141
444849,4,141
447973,4,141
450168,4,141
455338,4,141
462013,4,141
462072,4,141
465444,4,141
468496,4,141
470775,4,141
480050,4,141
481092,4,141
483625,4,141
486365,4,141
487081,4,141
487333,4,141
493610,4,141
496255,4,141
497458,4,141
498112,4,141
502396,4,141
504463,4,141
508855,4,141
510740,4,141
522354,4,141
523965,4,141
529352,4,141
530220,4,141
536147,4,141
538636,4,141
539889,4,141
543577,4,141
543614,4,141
544238,4,141
557961,4,141
568181,4,141
570544,4,141
579922,4,141
593238,4,141
606459,4,141
624483,4,141
627278,4,141
627834,4,141
628815,4,141
635300,4,141
635388,4,141
636526,4,141
637370,4,141
647161,4,141
654346,4,141
658360,4,141
659908,4,141
661933,4,141
662069,4,141
665582,4,141
669626,4,141
672588,4,141
682679,4,141
684065,4,141
692488,4,141
693487,4,141
694637,4,141
694940,4,141
696693,4,141
704603,4,141
709872,4,141
718368,4,141
719985,4,141
729447,4,141
740794,4,141
742628,4,141
744424,4,141
747840,4,141
748868,4,141
749061,4,141
751455,4,141
758704,4,141
761810,4,141
771649,4,141
774370,4,141
775742,4,141
778822,4,141
780052,4,141
783338,4,141
792149,4,141
794216,4,141
796050,4,141
815848,4,141
824577,4,141
829953,4,141
833107,4,141
838769,4,141
848535,4,141
849609,4,141
852750,4,141
858241,4,141
860869,4,141
864992,4,141
868844,4,141
871178,4,141
873610,4,141
888121,4,141
900947,4,141
903877,4,141
904084,4,141
914786,4,141
931650,4,141
933437,4,141
934473,4,141
946080,4,141
949427,4,141
952930,4,141
953118,4,141
956869,4,141
960438,4,141
963214,4,141
969942,4,141
970862,4,141
974035,4,141
975453,4,141
985607,4,141
986306,4,141
992451,4,141
993554,4,141
1003027,4,141
1007667,4,141
1021110,4,141
1023269,4,141
1025016,4,141
1026216,4,141
1054188,4,141
1055819,4,141
1061341,4,141
1069650,4,141
1070872,4,141
1077188,4,141
1083045,4,141
1088312,4,141
1090152,4,141
1098602,4,141
1105247,4,141
1113976,4,141
1117699,4,141
1121987,4,141
1128965,4,141
1135088,4,141
1142242,4,141
1144357,4,141
1145781,4,141
1155618,4,141
1159448,4,141
1160976,4,141
1167575,4,141
1172267,4,141
1176374,4,141
1177226,4,141
1185519,4,141
1188830,4,141
1192339,4,141
1195069,4,141
1212655,4,141
1220979,4,141
1222454,4,141
1239359,4,141
1258740,4,141
1271509,4,141
1288549,4,141
1299009,4,141
1299754,4,141
1308971,4,141
1312462,4,141
1314724,4,141
1324767,4,141
1328855,4,141
1329807,4,141
1332366,4,141
1332828,4,141
1367017,4,141
1381803,4,141
1381968,4,141
1394282,4,141
1404779,4,141
1404868,4,141
1418567,4,141
1422975,4,141
1430376,4,141
1431300,4,141
1433753,4,141
1443499,4,141
1444264,4,141
1447283,4,141
1448365,4,141
1457735,4,141
1459450,4,141
1466545,4,141
1466881,4,141
1468865,4,141
1491134,4,141
1505314,4,141
1511883,4,141
1512399,4,141
1524716,4,141
1543156,4,141
1560188,4,141
1568188,4,141
1571722,4,141
1571881,4,141
1574732,4,141
1582620,4,141
1611834,4,141
1614415,4,141
1615546,4,141
1627527,4,141
1636009,4,141
1657111,4,141
1661748,4,141
1678979,4,141
1690657,4,141
1695613,4,141
1699368,4,141
1704005,4,141
1704857,4,141
1709346,4,141
1726038,4,141
1733006,4,141
1744908,4,141
1753470,4,141
1769951,4,141
1776954,4,141
1782850,4,141
1788349,4,141
1811303,4,141
1817728,4,141
1830877,4,141
1839452,4,141
1859135,4,141
1874468,4,141
1884609,4,141
1906826,4,141
1916334,4,141
1928515,4,141
1937669,4,141
1941348,4,141
1942688,4,141
2022943,4,141
2088356,4,141
2118956,4,141
2122679,4,141
2123078,4,141
2127280,4,141
2128570,4,141
2149341,4,141
2155510,4,141
2168701,4,141
2177717,4,141
2183293,4,141
2257501,4,141
2278936,4,141
2280194,4,141
2289236,4,141
2296931,4,141
2302254,4,141
2319133,4,141
2328503,4,141
2355719,4,141
2366668,4,141
2377447,4,141
2382594,4,141
2396817,4,141
2446638,4,141
2450496,4,141
2467749,4,141
2474724,4,141
2475912,4,141
2488926,4,141
2505411,4,141
2505540,4,141
2594318,4,141
2597795,4,141
2607178,4,141
2628239,4,141
2632192,4,141
2637602,4,141
2642107,4,141
2672802,4,141
2684823,4,141
2716047,4,141
2790520,4,141
2794089,4,141
2796286,4,141
2822264,4,141
2837532,4,141
2859122,4,141
2867940,4,141
2870004,4,141
2888190,4,141
2896648,4,141
2914170,4,141
3065339,4,141
3091518,4,141
3108160,4,141
3109078,4,141
3114495,4,141
3120896,4,141
3159256,4,141
3163101,4,141
3189997,4,141
3210177,4,141
3227935,4,141
3235116,4,141
3255994,4,141
3285067,4,141
3297859,4,141
3308673,4,141
3359485,4,141
3374841,4,141
3391616,4,141
3394606,4,141
3401801,4,141
3413785,4,141
3425792,4,141
3433105,4,141
3434496,4,141
3462857,4,141
3528975,4,141
3588600,4,141
3609003,4,141
3640132,4,141
3655354,4,141
3666479,4,141
3670355,4,141
3706781,4,141
3774395,4,141
3811656,4,141
3855349,4,141
3868520,4,141
3910766,4,141
3915230,4,141
3939997,4,141
3943494,4,141
4057948,4,141
4060187,4,141
4109551,4,141
4113173,4,141
4143713,4,141
4168981,4,141
4201088,4,141
4217102,4,141
4248851,4,141
4380529,4,141
4405732,4,141
4434883,4,141
4558603,4,141
4608175,4,141
4651254,4,141
4658208,4,141
4659838,4,141
4661481,4,141
4689129,4,141
4700689,4,141
4783372,4,141
4841110,4,141
4844577,4,141
4872561,4,141
4915734,4,141
4936437,4,141
4945340,4,141
4946487,4,141
4950135,4,141
4954335,4,141
4973774,4,141
4986179,4,141
5038030,4,141
5069410,4,141
5100735,4,141
5105812,4,141
5131979,4,141
5151456,4,141
5231132,4,141
5235856,4,141
5246169,4,141
5252179,4,141
5253044,4,141
5256416,4,141
5283042,4,141
5331630,4,141
5347038,4,141
5389035,4,141
5392986,4,141
5412367,4,141
5432102,4,141
5443058,4,141
5496515,4,141
5496931,4,141
5517129,4,141
5582506,4,141
5583727,4,141
5595092,4,141
5639658,4,141
5640057,4,141
5665322,4,141
5750408,4,141
5761298,4,141
5793364,4,141
5823031,4,141
5860071,4,141
5894707,4,141
5969049,4,141
5981459,4,141
6021382,4,141
6166802,4,141
6188052,4,141
6189375,4,141
6209460,4,141
6259812,4,141
6330554,4,141
6436132,4,141
6489651,4,141
6494584,4,141
6607774,4,141
6611491,4,141
6618880,4,141
6666207,4,141
6690059,4,141
6705942,4,141
6733537,4,141
6736708,4,141
6751025,4,141
6811830,4,141
6880188,4,141
6948067,4,141
6971752,4,141
7011604,4,141
7049564,4,141
7069521,4,141
7091508,4,141
7106379,4,141
7118851,4,141
7187685,4,141
7241353,4,141
7252540,4,141
7344640,4,141
7353773,4,141
7364181,4,141
7428698,4,141
7430969,4,141
7460917,4,141
7463687,4,141
7493422,4,141
7519643,4,141
7524911,4,141
7552473,4,141
7637982,4,141
7641666,4,141
7658664,4,141
7683887,4,141
7709598,4,141
7753001,4,141
7848020,4,141
7931934,4,141
7993291,4,141
8118323,4,141
8300476,4,141
8350274,4,141
8456197,4,141
8462615,4,141
8516784,4,141
8517001,4,141
8558836,4,141
8610143,4,141
8642345,4,141
8777948,4,141
8985959,4,141
9022638,4,141
9056253,4,141
9074297,4,141
9150124,4,141
9404205,4,141
9571936,4,141
9662059,4,141
9989471,4,141
10387356,4,141
10457016,4,141
10555820,4,141
10627086,4,141
10877837,4,141
11488612,4,141
11515513,4,141
11719101,4,141
12106703,4,141
12370585,4,141
12439992,4,141
12665801,4,141
12713315,4,141
12816250,4,141
12878220,4,141
13087421,4,141
13133610,4,141
13300808,4,141
13455991,4,141
13708403,4,141
14824142,4,141
14953806,4,141
15159487,4,141
15185829,4,141
15885737,4,141
15907728,4,141
15924506,4,141
16113233,4,141
16183843,4,141
16259333,4,141
16361938,4,141
16563523,4,141
16569391,4,141
16760252,4,141
16956850,4,141
16987247,4,141
17292215,4,141
17581911,4,141
17686135,4,141
18014473,4,141
18066992,4,141
18158178,4,141
18285421,4,141
18665740,4,141
19185692,4,141
19427124,4,141
19595418,4,141
20520291,4,141
20576094,4,141
21050064,4,141
21117973,4,141
21988178,4,141
22025425,4,141
22395393,4,141
22520551,4,141
23526306,4,141
24296018,4,141
25115876,4,141
25358838,4,141
25506297,4,141
26023701,4,141
26706920,4,141
26898520,4,141
28763909,4,141
29095103,4,141
29944979,4,141
29997337,4,141
30579087,4,141
31262637,4,141
32014649,4,141
32401852,4,141
35005637,4,141
35831069,4,141
36191488,4,141
36230752,4,141
36818845,4,141
38158676,4,141
38166320,4,141
39905704,4,141
44762559,4,141
47128084,4,141
47758296,4,141
51035771,4,141
56545798,4,141
57391256,4,141
59380685,4,141
60949035,4,141
62496160,4,141
67411735,4,141
69923983,4,141
75944176,4,141
85917743,4,141
93304166,4,141
96679994,4,141
104471537,4,141
109930734,4,141
111579522,4,141
113126950,4,141
123430908,4,141
123552903,4,141
140900186,4,141
171,5,140
1167,5,140
1258,5,140
1544,5,140
1548,5,140
1571,5,140
1692,5,140
2025,5,140
2037,5,140
2133,5,140
2581,5,140
2616,5,140
2712,5,140
3010,5,140
3202,5,140
3204,5,140
4069,5,140
4968,5,140
5245,5,140
5412,5,140
5643,5,140
5853,5,140
6052,5,140
6782,5,140
6790,5,140
7226,5,140
7669,5,140
8108,5,140
8529,5,140
9980,5,140
10316,5,140
10350,5,140
11134,5,140
12697,5,140
14948,5,140
15350,5,140
15364,5,140
15487,5,140
17348,5,140
19232,5,140
19299,5,140
20165,5,140
21331,5,140
21679,5,140
21728,5,140
21985,5,140
23538,5,140
24746,5,140
25395,5,140
25607,5,140
27624,5,140
27722,5,140
30387,5,140
31150,5,140
32215,5,140
32269,5,140
32542,5,140
33074,5,140
34167,5,140
35227,5,140
36158,5,140
38154,5,140
38758,5,140
38887,5,140
38976,5,140
40906,5,140
41784,5,140
45906,5,140
45985,5,140
46561,5,140
48302,5,140
49582,5,140
49754,5,140
49830,5,140
50891,5,140
52011,5,140
55727,5,140
56606,5,140
56902,5,140
57014,5,140
57552,5,140
58716,5,140
59980,5,140
61812,5,140
64319,5,140
65468,5,140
66500,5,140
66879,5,140
67565,5,140
69118,5,140
69736,5,140
71051,5,140
72023,5,140
75722,5,140
76552,5,140
78057,5,140
81032,5,140
81459,5,140
83857,5,140
87886,5,140
88295,5,140
89339,5,140
89980,5,140
97841,5,140
100403,5,140
102306,5,140
104052,5,140
104207,5,140
104937,5,140
105127,5,140
105340,5,140
106054,5,140
109169,5,140
117249,5,140
119550,5,140
120855,5,140
123563,5,140
125105,5,140
126065,5,140
126356,5,140
131037,5,140
133924,5,140
134478,5,140
140436,5,140
141568,5,140
148919,5,140
158752,5,140
158777,5,140
161680,5,140
163344,5,140
164214,5,140
165136,5,140
165314,5,140
165396,5,140
165799,5,140
166339,5,140
167161,5,140
168240,5,140
170820,5,140
172611,5,140
173559,5,140
174077,5,140
180330,5,140
181959,5,140
182415,5,140
182661,5,140
184567,5,140
188257,5,140
189571,5,140
191378,5,140
195559,5,140
196178,5,140
198682,5,140
202820,5,140
203224,5,140
207072,5,140
209313,5,140
209640,5,140
212369,5,140
217921,5,140
222327,5,140
225268,5,140
225712,5,140
230274,5,140
236861,5,140
236943,5,140
238549,5,140
240617,5,140
245300,5,140
251776,5,140
255797,5,140
261972,5,140
270076,5,140
270109,5,140
272481,5,140
275081,5,140
275917,5,140
285029,5,140
287641,5,140
290220,5,140
293805,5,140
294844,5,140
299324,5,140
302128,5,140
304052,5,140
310382,5,140
317464,5,140
318700,5,140
327887,5,140
328225,5,140
330895,5,140
332898,5,140
337340,5,140
352931,5,140
364697,5,140
367674,5,140
372312,5,140
380000,5,140
387270,5,140
391950,5,140
397865,5,140
400577,5,140
411755,5,140
414757,5,140
416211,5,140
419088,5,140
431488,5,140
433518,5,140
439657,5,140
440196,5,140
440651,5,140
442187,5,140
455261,5,140
476733,5,140
477776,5,140
483128,5,140
501152,5,140
506438,5,140
507452,5,140
517753,5,140
519108,5,140
523886,5,140
524259,5,140
529864,5,140
533360,5,140
541197,5,140
543810,5,140
546692,5,140
549394,5,140
552829,5,140
557108,5,140
559351,5,140
577316,5,140
579795,5,140
588473,5,140
591983,5,140
592534,5,140
602762,5,140
608296,5,140
621656,5,140
623997,5,140
631016,5,140
632771,5,140
634573,5,140
640279,5,140
663161,5,140
663460,5,140
665747,5,140
669965,5,140
677683,5,140
681420,5,140
685203,5,140
686823,5,140
690661,5,140
691952,5,140
692980,5,140
704742,5,140
704873,5,140
708235,5,140
711652,5,140
734427,5,140
745352,5,140
746192,5,140
750555,5,140
767879,5,140
769267,5,140
777188,5,140
784056,5,140
786092,5,140
796949,5,140
798082,5,140
810438,5,140
825729,5,140
831617,5,140
834231,5,140
837910,5,140
838778,5,140
844669,5,140
853220,5,140
864919,5,140
866672,5,140
869065,5,140
872941,5,140
874548,5,140
876666,5,140
879984,5,140
886088,5,140
893057,5,140
893082,5,140
893837,5,140
910254,5,140
917721,5,140
921146,5,140
926035,5,140
929502,5,140
934819,5,140
935729,5,140
948896,5,140
949055,5,140
954705,5,140
996993,5,140
1002551,5,140
1003084,5,140
1028320,5,140
1034209,5,140
1041792,5,140
1043478,5,140
1053320,5,140
1068245,5,140
1070425,5,140
1093738,5,140
1109422,5,140
1110812,5,140
1118200,5,140
1135214,5,140
1166565,5,140
1167179,5,140
1167668,5,140
1168844,5,140
1188269,5,140
1199378,5,140
1218010,5,140
1218282,5,140
1229876,5,140
1234972,5,140
1255062,5,140
1283487,5,140
1311476,5,140
1326741,5,140
1330851,5,140
1363189,5,140
1409808,5,140
1416436,5,140
1425431,5,140
1432989,5,140
1447967,5,140
1448377,5,140
1458008,5,140
1463519,5,140
1464389,5,140
1468284,5,140
1468924,5,140
1475276,5,140
1476070,5,140
1477288,5,140
1484989,5,140
1493603,5,140
1504302,5,140
1513323,5,140
1519705,5,140
1538922,5,140
1554625,5,140
1566869,5,140
1573141,5,140
1577422,5,140
1587053,5,140
1594938,5,140
1596476,5,140
1615045,5,140
1615543,5,140
1640018,5,140
1648326,5,140
1654587,5,140
1659415,5,140
1667873,5,140
1684999,5,140
1694408,5,140
1707267,5,140
1733427,5,140
1736020,5,140
1778376,5,140
1782171,5,140
1784521,5,140
1788245,5,140
1818179,5,140
1837805,5,140
1842402,5,140
1878447,5,140
1896759,5,140
1909128,5,140
1916485,5,140
1974536,5,140
1975118,5,140
2007531,5,140
2054339,5,140
2058967,5,140
2088055,5,140
2119194,5,140
2131591,5,140
2157627,5,140
2163878,5,140
2173213,5,140
2197422,5,140
2234539,5,140
2239155,5,140
2267370,5,140
2286712,5,140
2362138,5,140
2460874,5,140
2467237,5,140
2473335,5,140
2520893,5,140
2561412,5,140
2585816,5,140
2599464,5,140
2607767,5,140
2695655,5,140
2853428,5,140
2898638,5,140
2899598,5,140
2933096,5,140
2944237,5,140
2965690,5,140
2986020,5,140
3046804,5,140
3063777,5,140
3073499,5,140
3134804,5,140
3176481,5,140
3179872,5,140
3307568,5,140
3374461,5,140
3409958,5,140
3451712,5,140
3464670,5,140
3468483,5,140
3579138,5,140
3604812,5,140
3696327,5,140
3762784,5,140
3767659,5,140
3777433,5,140
3784484,5,140
3874095,5,140
3950855,5,140
4209189,5,140
4247754,5,140
4302268,5,140
4384466,5,140
4494509,5,140
4539235,5,140
4590714,5,140
4639385,5,140
4655062,5,140
4670618,5,140
4710575,5,140
4774962,5,140
4779936,5,140
4865237,5,140
4893465,5,140
4921183,5,140
4959023,5,140
5002453,5,140
5039608,5,140
5106887,5,140
5208059,5,140
5233940,5,140
5252956,5,140
5324290,5,140
5345961,5,140
5362640,5,140
5371102,5,140
5410903,5,140
5427971,5,140
5483779,5,140
5568459,5,140
5598054,5,140
5659108,5,140
5669143,5,140
5710046,5,140
5823644,5,140
5977478,5,140
5978902,5,140
6022985,5,140
6081085,5,140
6251471,5,140
6251729,5,140
6262856,5,140
6279478,5,140
6294013,5,140
6379873,5,140
6402895,5,140
6565044,5,140
6601142,5,140
6666467,5,140
6827900,5,140
6930280,5,140
6964781,5,140
6988974,5,140
6994981,5,140
7036121,5,140
7067638,5,140
7144617,5,140
7157711,5,140
7234418,5,140
7493578,5,140
7557357,5,140
7588442,5,140
7599627,5,140
7636998,5,140
7660424,5,140
7665589,5,140
7722194,5,140
7861481,5,140
7895001,5,140
8110961,5,140
8305957,5,140
8485590,5,140
8511760,5,140
8784712,5,140
8836909,5,140
8844136,5,140
9294910,5,140
9343724,5,140
9430399,5,140
9583775,5,140
10064471,5,140
10477455,5,140
10520307,5,140
10525357,5,140
10580847,5,140
10637299,5,140
11510882,5,140
11698668,5,140
12030332,5,140
12249086,5,140
12261635,5,140
12293622,5,140
12620988,5,140
12718000,5,140
12960906,5,140
13282103,5,140
13383393,5,140
13438633,5,140
13460780,5,140
14034137,5,140
14055283,5,140
14539203,5,140
14880945,5,140
15357902,5,140
15852818,5,140
16684058,5,140
16894698,5,140
19164956,5,140
21132214,5,140
21341419,5,140
22381129,5,140
22409868,5,140
24506361,5,140
25447231,5,140
33766249,5,140
37167919,5,140
37360536,5,140
38442110,5,140
47265072,5,140
53011897,5,140
58839477,5,140
59177059,5,140
65074118,5,140
66510321,5,140
80390531,5,140
100744523,5,140
111661671,5,140
120406793,5,140
120994691,5,140
331,6,139
1411,6,139
3971,6,139
4595,6,139
4614,6,139
4624,6,139
4880,6,139
5065,6,139
5132,6,139
8493,6,139
8899,6,139
13905,6,139
15381,6,139
19982,6,139
22245,6,139
22647,6,139
22783,6,139
27375,6,139
29096,6,139
30426,6,139
31996,6,139
32513,6,139
32660,6,139
34128,6,139
35814,6,139
36491,6,139
37928,6,139
40820,6,139
42888,6,139
43903,6,139
46779,6,139
46822,6,139
46891,6,139
48740,6,139
50333,6,139
51538,6,139
51892,6,139
53936,6,139
54058,6,139
54713,6,139
55970,6,139
56221,6,139
57560,6,139
61181,6,139
64883,6,139
64935,6,139
69308,6,139
70439,6,139
72890,6,139
73524,6,139
73718,6,139
79442,6,139
84700,6,139
85355,6,139
86844,6,139
86951,6,139
88188,6,139
89359,6,139
96962,6,139
98921,6,139
99066,6,139
101329,6,139
107672,6,139
111809,6,139
114248,6,139
121781,6,139
126072,6,139
127594,6,139
127849,6,139
130297,6,139
132173,6,139
133862,6,139
134848,6,139
135601,6,139
136622,6,139
138487,6,139
140582,6,139
145453,6,139
147401,6,139
158704,6,139
161718,6,139
163649,6,139
163966,6,139
167209,6,139
170270,6,139
171371,6,139
174307,6,139
174733,6,139
186652,6,139
188478,6,139
198172,6,139
220885,6,139
225856,6,139
226233,6,139
228309,6,139
230995,6,139
246302,6,139
254128,6,139
262782,6,139
264403,6,139
266822,6,139
289632,6,139
304101,6,139
310315,6,139
316435,6,139
326885,6,139
333073,6,139
334432,6,139
353644,6,139
391299,6,139
394378,6,139
398748,6,139
399776,6,139
412969,6,139
418246,6,139
423438,6,139
427329,6,139
431262,6,139
433295,6,139
438742,6,139
449224,6,139
452909,6,139
458349,6,139
480868,6,139
484084,6,139
512821,6,139
514329,6,139
521091,6,139
530140,6,139
533008,6,139
539820,6,139
546929,6,139
555550,6,139
557294,6,139
565790,6,139
569213,6,139
569810,6,139
587438,6,139
618376,6,139
625489,6,139
643280,6,139
644172,6,139
650753,6,139
656913,6,139
657922,6,139
658851,6,139
660139,6,139
664474,6,139
667029,6,139
668124,6,139
681519,6,139
686720,6,139
687236,6,139
699636,6,139
700895,6,139
739932,6,139
751913,6,139
769211,6,139
772757,6,139
778716,6,139
781553,6,139
817212,6,139
846044,6,139
887676,6,139
901547,6,139
907873,6,139
908092,6,139
961094,6,139
963906,6,139
964311,6,139
990349,6,139
991592,6,139
1002461,6,139
1022984,6,139
1059327,6,139
1082476,6,139
1090717,6,139
1100923,6,139
1114844,6,139
1127978,6,139
1132354,6,139
1133291,6,139
1156201,6,139
1156969,6,139
1203738,6,139
1204737,6,139
1206493,6,139
1215401,6,139
1223902,6,139
1226135,6,139
1241875,6,139
1248919,6,139
1249760,6,139
1269537,6,139
1288356,6,139
1305378,6,139
1308419,6,139
1314119,6,139
1320448,6,139
1322678,6,139
1328238,6,139
1328733,6,139
1337046,6,139
1428407,6,139
1441307,6,139
1451599,6,139
1481135,6,139
1485640,6,139
1486634,6,139
1493406,6,139
1498991,6,139
1500684,6,139
1502029,6,139
1506344,6,139
1526638,6,139
1594734,6,139
1621930,6,139
1624861,6,139
1676629,6,139
1720349,6,139
1730702,6,139
1738400,6,139
1797652,6,139
1877073,6,139
1912603,6,139
1935696,6,139
1942359,6,139
1985467,6,139
1989037,6,139
2126947,6,139
2159453,6,139
2189610,6,139
2314863,6,139
2397407,6,139
2525683,6,139
2546209,6,139
2635733,6,139
2740696,6,139
2742842,6,139
2763894,6,139
3136873,6,139
3206415,6,139
3207153,6,139
3256108,6,139
3393723,6,139
3681500,6,139
3735863,6,139
3761899,6,139
3780146,6,139
3819625,6,139
3821390,6,139
3822219,6,139
3929438,6,139
3958832,6,139
4033249,6,139
4074659,6,139
4183342,6,139
4196186,6,139
4219842,6,139
4554498,6,139
4591033,6,139
4630335,6,139
4710590,6,139
4902424,6,139
5013031,6,139
5018476,6,139
5044101,6,139
5151698,6,139
5156236,6,139
5157648,6,139
5226214,6,139
5226504,6,139
5263688,6,139
5363448,6,139
5417511,6,139
5428177,6,139
5577527,6,139
5600987,6,139
5673050,6,139
5971289,6,139
6049925,6,139
6097926,6,139
6207220,6,139
6318361,6,139
6350301,6,139
6635721,6,139
6667096,6,139
6857926,6,139
6886061,6,139
6929275,6,139
6971085,6,139
7190221,6,139
7272343,6,139
7368701,6,139
7413880,6,139
7526000,6,139
7545747,6,139
7761114,6,139
7991350,6,139
8013313,6,139
8181990,6,139
8232674,6,139
8246283,6,139
8324497,6,139
8341808,6,139
8401697,6,139
8600685,6,139
8605335,6,139
8957168,6,139
9136049,6,139
9248979,6,139
9472774,6,139
9547172,6,139
9783904,6,139
9803739,6,139
10547589,6,139
10611037,6,139
10908841,6,139
10962381,6,139
11032092,6,139
11141913,6,139
11547305,6,139
11550281,6,139
11816162,6,139
11851620,6,139
12192373,6,139
12213463,6,139
12286885,6,139
13011170,6,139
13634371,6,139
13833256,6,139
14543143,6,139
15143851,6,139
15943494,6,139
16625731,6,139
18038390,6,139
18305255,6,139
18323160,6,139
18381230,6,139
19426700,6,139
20807594,6,139
21158055,6,139
22832406,6,139
24611167,6,139
28248956,6,139
29070994,6,139
29410295,6,139
30947643,6,139
32040951,6,139
35747570,6,139
44918244,6,139
51141314,6,139
64102335,6,139
76506800,6,139
79226657,6,139
85934045,6,139
88418007,6,139
91018286,6,139
97804910,6,139
103930629,6,139
113445809,6,139
529,7,138
549,7,138
833,7,138
1718,7,138
2079,7,138
2622,7,138
2706,7,138
4756,7,138
5846,7,138
6581,7,138
8074,7,138
8362,7,138
9023,7,138
9906,7,138
10981,7,138
21300,7,138
24260,7,138
27893,7,138
27926,7,138
30935,7,138
32659,7,138
34058,7,138
37205,7,138
40940,7,138
46186,7,138
48793,7,138
52061,7,138
58319,7,138
59800,7,138
59826,7,138
60384,7,138
65940,7,138
73096,7,138
80677,7,138
84460,7,138
87162,7,138
89480,7,138
95910,7,138
97426,7,138
98631,7,138
98803,7,138
101631,7,138
103510,7,138
103989,7,138
104985,7,138
106020,7,138
108762,7,138
108938,7,138
112170,7,138
112606,7,138
118375,7,138
122594,7,138
130494,7,138
131179,7,138
139472,7,138
139603,7,138
161528,7,138
163585,7,138
165477,7,138
178641,7,138
179978,7,138
185875,7,138
192811,7,138
197572,7,138
200790,7,138
202807,7,138
214312,7,138
224910,7,138
240083,7,138
264674,7,138
273288,7,138
277861,7,138
281064,7,138
281661,7,138
289031,7,138
310454,7,138
321947,7,138
330987,7,138
345442,7,138
348472,7,138
410701,7,138
429050,7,138
444990,7,138
445029,7,138
446613,7,138
465519,7,138
468088,7,138
487669,7,138
492553,7,138
499335,7,138
507871,7,138
512355,7,138
518555,7,138
522617,7,138
535988,7,138
537579,7,138
560705,7,138
569269,7,138
576059,7,138
614550,7,138
619186,7,138
624975,7,138
642120,7,138
646436,7,138
646596,7,138
650530,7,138
679275,7,138
686985,7,138
765336,7,138
766868,7,138
791101,7,138
812020,7,138
818568,7,138
829902,7,138
843228,7,138
852289,7,138
859336,7,138
867522,7,138
884093,7,138
891875,7,138
894092,7,138
916274,7,138
951466,7,138
952783,7,138
988849,7,138
1005679,7,138
1071969,7,138
1143417,7,138
1144767,7,138
1157207,7,138
1172424,7,138
1183541,7,138
1209286,7,138
1210282,7,138
1222872,7,138
1225198,7,138
1231135,7,138
1235454,7,138
1246611,7,138
1254721,7,138
1296183,7,138
1318648,7,138
1324823,7,138
1383068,7,138
1383626,7,138
1384394,7,138
1409188,7,138
1411087,7,138
1420610,7,138
1427378,7,138
1491442,7,138
1501246,7,138
1539088,7,138
1540275,7,138
1612169,7,138
1621752,7,138
1627801,7,138
1645161,7,138
1687161,7,138
1689247,7,138
1707033,7,138
1764424,7,138
1776278,7,138
1910024,7,138
1926460,7,138
2100769,7,138
2232375,7,138
2291025,7,138
2309907,7,138
2440702,7,138
2558804,7,138
2630564,7,138
2671025,7,138
2694949,7,138
2871319,7,138
2961337,7,138
2979531,7,138
3282110,7,138
3343594,7,138
3606324,7,138
3616806,7,138
3802023,7,138
3976562,7,138
4133185,7,138
4212985,7,138
4251499,7,138
4750973,7,138
4926721,7,138
4974257,7,138
5076264,7,138
5210254,7,138
5555027,7,138
5732630,7,138
5751944,7,138
6374832,7,138
6399322,7,138
6476362,7,138
6727959,7,138
6831144,7,138
7014683,7,138
7200477,7,138
7364188,7,138
7570744,7,138
8279655,7,138
8574915,7,138
9067177,7,138
9078335,7,138
9475646,7,138
9755333,7,138
10118235,7,138
10386581,7,138
10643404,7,138
11252654,7,138
11827785,7,138
11925924,7,138
13481415,7,138
16919542,7,138
17980809,7,138
18487241,7,138
18673814,7,138
20674182,7,138
21098186,7,138
24782674,7,138
29476350,7,138
30027321,7,138
30615541,7,138
36409701,7,138
51628970,7,138
62323035,7,138
68284461,7,138
130082694,7,138
5411,8,137
8477,8,137
8691,8,137
9873,8,137
17821,8,137
25644,8,137
34726,8,137
44275,8,137
47636,8,137
50527,8,137
57163,8,137
58455,8,137
58733,8,137
66100,8,137
70898,8,137
85007,8,137
86217,8,137
89233,8,137
96731,8,137
103447,8,137
107426,8,137
118497,8,137
125091,8,137
130915,8,137
145605,8,137
145750,8,137
146949,8,137
155487,8,137
158189,8,137
169669,8,137
170361,8,137
182512,8,137
182906,8,137
190110,8,137
190979,8,137
194260,8,137
208280,8,137
208440,8,137
212106,8,137
213453,8,137
213978,8,137
215282,8,137
218825,8,137
236840,8,137
241565,8,137
252323,8,137
271599,8,137
275206,8,137
284820,8,137
292969,8,137
340676,8,137
355982,8,137
385682,8,137
405972,8,137
429706,8,137
453304,8,137
453533,8,137
453776,8,137
456516,8,137
474335,8,137
484290,8,137
489196,8,137
500775,8,137
506536,8,137
507615,8,137
566215,8,137
571052,8,137
580078,8,137
605742,8,137
622527,8,137
632625,8,137
678685,8,137
723360,8,137
765895,8,137
856609,8,137
859824,8,137
879564,8,137
924243,8,137
956091,8,137
1011070,8,137
1026848,8,137
1113987,8,137
1157892,8,137
1173057,8,137
1186409,8,137
1312068,8,137
1316261,8,137
1442356,8,137
1465267,8,137
1520409,8,137
1546819,8,137
1573610,8,137
1716463,8,137
1783033,8,137
1798364,8,137
1831308,8,137
1869117,8,137
1921165,8,137
2032880,8,137
2399123,8,137
2415068,8,137
2448125,8,137
2489624,8,137
2599496,8,137
2608959,8,137
3093244,8,137
3370345,8,137
3504499,8,137
3597209,8,137
3641092,8,137
3676859,8,137
3855201,8,137
4107912,8,137
4219038,8,137
4220799,8,137
4233664,8,137
4246176,8,137
4262050,8,137
4671054,8,137
5171327,8,137
5203740,8,137
5404903,8,137
5563471,8,137
5674973,8,137
5707143,8,137
6007211,8,137
6257454,8,137
7142168,8,137
7177369,8,137
7195362,8,137
7495489,8,137
7588299,8,137
7872696,8,137
7877940,8,137
10168354,8,137
11564819,8,137
11833922,8,137
11861687,8,137
12072382,8,137
13775682,8,137
13808299,8,137
15336794,8,137
16242963,8,137
18968640,8,137
19798308,8,137
21299126,8,137
23465865,8,137
28853935,8,137
33748988,8,137
38861036,8,137
43231640,8,137
54327698,8,137
56768855,8,137
68322456,8,137
111034762,8,137
868,9,136
1056,9,136
1219,9,136
2484,9,136
2486,9,136
4048,9,136
4915,9,136
6775,9,136
7878,9,136
11749,9,136
21432,9,136
22249,9,136
23062,9,136
29119,9,136
33566,9,136
48936,9,136
54462,9,136
62051,9,136
64568,9,136
68859,9,136
72997,9,136
83319,9,136
99231,9,136
102169,9,136
105560,9,136
122023,9,136
142188,9,136
157338,9,136
166921,9,136
167588,9,136
177476,9,136
194275,9,136
200202,9,136
221655,9,136
226692,9,136
228017,9,136
274077,9,136
315106,9,136
328702,9,136
390146,9,136
411832,9,136
433598,9,136
434700,9,136
441646,9,136
483929,9,136
512405,9,136
552617,9,136
595843,9,136
796215,9,136
810665,9,136
848043,9,136
854991,9,136
860741,9,136
870618,9,136
1059583,9,136
1106834,9,136
1126905,9,136
1129027,9,136
1147451,9,136
1171493,9,136
1236841,9,136
1251005,9,136
1308947,9,136
1449512,9,136
1510017,9,136
1571648,9,136
1626411,9,136
1642260,9,136
1693880,9,136
1712926,9,136
1785552,9,136
1842626,9,136
1855019,9,136
1915554,9,136
2234560,9,136
2315749,9,136
3317208,9,136
3703094,9,136
4507101,9,136
4689898,9,136
4735784,9,136
4775436,9,136
5101854,9,136
5453675,9,136
5530205,9,136
5787031,9,136
5788284,9,136
6173835,9,136
6254360,9,136
6661694,9,136
6868966,9,136
7037958,9,136
7310975,9,136
7952922,9,136
8402481,9,136
9006720,9,136
9125255,9,136
10110245,9,136
11637540,9,136
12577046,9,136
14854048,9,136
33483920,9,136
35827596,9,136
36812519,9,136
54494639,9,136
56045049,9,136
76698232,9,136
114366633,9,136
1060,10,135
3456,10,135
7502,10,135
12161,10,135
15233,10,135
21979,10,135
40483,10,135
43741,10,135
56950,10,135
66448,10,135
71697,10,135
96594,10,135
104495,10,135
118147,10,135
124937,10,135
130532,10,135
132667,10,135
137183,10,135
143435,10,135
186450,10,135
192066,10,135
196564,10,135
197800,10,135
216730,10,135
220900,10,135
265507,10,135
285497,10,135
290978,10,135
326268,10,135
373383,10,135
388010,10,135
396013,10,135
452100,10,135
465125,10,135
499550,10,135
505155,10,135
524216,10,135
552081,10,135
833311,10,135
866535,10,135
931887,10,135
950759,10,135
951765,10,135
965219,10,135
992008,10,135
995050,10,135
1016365,10,135
1103963,10,135
1144508,10,135
1334295,10,135
1390196,10,135
1429314,10,135
1468518,10,135
1470755,10,135
1497479,10,135
1499594,10,135
1605754,10,135
1761758,10,135
1836535,10,135
1844497,10,135
1951398,10,135
2056489,10,135
2311485,10,135
2467194,10,135
2566462,10,135
2825910,10,135
3009331,10,135
3087225,10,135
3153878,10,135
3291296,10,135
3781155,10,135
3928300,10,135
4152166,10,135
4584443,10,135
4752318,10,135
5347322,10,135
5647344,10,135
6052592,10,135
6089296,10,135
6091534,10,135
6118824,10,135
6900732,10,135
7801553,10,135
8147202,10,135
8253530,10,135
8996268,10,135
9696352,10,135
13503072,10,135
16452789,10,135
18542095,10,135
19252045,10,135
23127964,10,135
36516241,10,135
47697490,10,135
988,11,134
1365,11,134
3167,11,134
4379,11,134
31973,11,134
34730,11,134
48206,11,134
59835,11,134
76982,11,134
85574,11,134
100904,11,134
128755,11,134
145777,11,134
173408,11,134
193187,11,134
201338,11,134
207171,11,134
328805,11,134
370741,11,134
406631,11,134
531930,11,134
535948,11,134
685012,11,134
702541,11,134
778377,11,134
831962,11,134
1147704,11,134
1174898,11,134
1203801,11,134
1226055,11,134
1237070,11,134
1286818,11,134
1431947,11,134
1456217,11,134
1525500,11,134
1527371,11,134
1581943,11,134
1606004,11,134
1639720,11,134
1885333,11,134
2127199,11,134
2228328,11,134
2643044,11,134
3370806,11,134
3996876,11,134
4230968,11,134
4988376,11,134
4997466,11,134
5939997,11,134
5989260,11,134
7664802,11,134
7867215,11,134
8123116,11,134
14310807,11,134
19303690,11,134
39868202,11,134
5091,12,133
8286,12,133
11238,12,133
15182,12,133
26679,12,133
32009,12,133
35346,12,133
39461,12,133
64258,12,133
65872,12,133
72989,12,133
79350,12,133
136233,12,133
149730,12,133
151600,12,133
152098,12,133
191770,12,133
284633,12,133
302560,12,133
325780,12,133
394623,12,133
432849,12,133
441774,12,133
638765,12,133
666958,12,133
706967,12,133
723999,12,133
1040780,12,133
1254558,12,133
1270855,12,133
1404191,12,133
1488675,12,133
1651509,12,133
1922652,12,133
2345773,12,133
2514366,12,133
2839712,12,133
2867563,12,133
4202848,12,133
4235337,12,133
4325587,12,133
4722119,12,133
7166977,12,133
7697196,12,133
7802075,12,133
10380759,12,133
14037268,12,133
35899878,12,133
59944300,12,133
5225,13,132
30096,13,132
31023,13,132
35128,13,132
43234,13,132
49090,13,132
66972,13,132
68061,13,132
76587,13,132
79476,13,132
103584,13,132
108937,13,132
158675,13,132
170299,13,132
330861,13,132
345274,13,132
670949,13,132
1058471,13,132
1100176,13,132
1209159,13,132
1396696,13,132
1915268,13,132
2313562,13,132
2413746,13,132
4372831,13,132
4560482,13,132
4883009,13,132
5266508,13,132
5598607,13,132
5688224,13,132
5803001,13,132
6154068,13,132
6971336,13,132
7097431,13,132
7110136,13,132
8173025,13,132
11459664,13,132
12729391,13,132
13661520,13,132
35026280,13,132
2419,14,131
10632,14,131
71047,14,131
73091,14,131
76637,14,131
136069,14,131
317299,14,131
554032,14,131
956631,14,131
2245162,14,131
2285928,14,131
3382565,14,131
6782666,14,131
63432932,14,131
3856,15,130
6824,15,130
13155,15,130
14610,15,130
25930,15,130
192915,15,130
235584,15,130
320906,15,130
343107,15,130
371278,15,130
498643,15,130
679178,15,130
790995,15,130
863281,15,130
1083307,15,130
1152279,15,130
1262604,15,130
1285546,15,130
1297226,15,130
1617580,15,130
1651945,15,130
1942620,15,130
3298308,15,130
3486317,15,130
8457470,15,130
13069189,15,130
16436270,15,130
52810,16,129
87983,16,129
359439,16,129
758325,16,129
844804,16,129
948118,16,129
1086412,16,129
1457465,16,129
2368736,16,129
3428118,16,129
4208883,16,129
16433547,16,129
57969364,16,129
12391,17,128
28534,17,128
42081,17,128
58824,17,128
208340,17,128
1071010,17,128
1311967,17,128
1421987,17,128
1898912,17,128
3131232,17,128
4231611,17,128
39187513,17,128
107563246,17,128
13694,18,127
13910,18,127
19714,18,127
188172,18,127
230979,18,127
356649,18,127
451076,18,127
950060,18,127
2807595,18,127
3444336,18,127
7696145,18,127
2296,19,126
11365,19,126
13672,19,126
49122,19,126
64329,19,126
82501,19,126
483157,19,126
1746301,19,126
1909761,19,126
2005841,19,126
15062502,19,126
15750,20,125
58519,20,125
116800,20,125
558808,20,125
588431,20,125
1075965,20,125
2953025,20,125
3769860,20,125
3915058,20,125
5792283,20,125
12473424,20,125
45868,21,124
240770,21,124
948233,21,124
1214061,21,124
3759759,21,124
9222609,21,124
10951885,21,124
84035,22,123
743924,22,123
1041542,22,123
2041398,22,123
3955701,22,123
40102,23,122
59094,23,122
959142,23,122
30214981,23,122
217,24,121
5404707,24,121
34847046,24,121
59518103,24,121
381495,25,120
2844591,25,120
3099626,25,120
54208,26,119
315596,26,119
1459124,26,119
3260445,27,118
346,29,116
3445700,29,116
6055551,32,113
105758,33,112
1875666,34,111
15718639,34,111
1036163,42,103
6391776,45,100
2882,48,97
704872,49,96
285038,52,93
627410,60,85
128885,75,70
