model,mean_fit_time,std_fit_time,mean_score_time,std_score_time,param_model__strategy,params,split0_test_roc_auc,split1_test_roc_auc,split2_test_roc_auc,mean_test_roc_auc,std_test_roc_auc,rank_test_roc_auc,split0_test_pr_auc,split1_test_pr_auc,split2_test_pr_auc,mean_test_pr_auc,std_test_pr_auc,rank_test_pr_auc,split0_test_accuracy,split1_test_accuracy,split2_test_accuracy,mean_test_accuracy,std_test_accuracy,rank_test_accuracy,split0_test_balanced_accuracy,split1_test_balanced_accuracy,split2_test_balanced_accuracy,mean_test_balanced_accuracy,std_test_balanced_accuracy,rank_test_balanced_accuracy,split0_test_precision,split1_test_precision,split2_test_precision,mean_test_precision,std_test_precision,rank_test_precision,split0_test_recall,split1_test_recall,split2_test_recall,mean_test_recall,std_test_recall,rank_test_recall,split0_test_f1,split1_test_f1,split2_test_f1,mean_test_f1,std_test_f1,rank_test_f1,split0_test_mcc,split1_test_mcc,split2_test_mcc,mean_test_mcc,std_test_mcc,rank_test_mcc,split0_test_cohen_kappa,split1_test_cohen_kappa,split2_test_cohen_kappa,mean_test_cohen_kappa,std_test_cohen_kappa,rank_test_cohen_kappa,split0_test_neg_log_loss,split1_test_neg_log_loss,split2_test_neg_log_loss,mean_test_neg_log_loss,std_test_neg_log_loss,rank_test_neg_log_loss,split0_test_neg_brier_score,split1_test_neg_brier_score,split2_test_neg_brier_score,mean_test_neg_brier_score,std_test_neg_brier_score,rank_test_neg_brier_score,params_json,param_model__C,param_model__class_weight,param_model__l1_ratio,param_model__n_neighbors,param_model__p,param_model__weights,param_model__max_depth,param_model__min_samples_leaf,param_model__max_features,param_model__learning_rate,param_model__n_estimators,param_model__subsample,param_model__l2_regularization,param_model__max_iter,param_model__max_leaf_nodes,param_model__colsample_bytree,param_model__scale_pos_weight
dummy,0.007330497105916341,0.00019454822950177935,0.012864112854003906,4.552234262414026e-05,prior,{'model__strategy': 'prior'},0.5,0.5,0.5,0.5,0.0,1,0.2727272727272727,0.3181818181818182,0.2727272727272727,0.28787878787878785,0.021427478217774173,1,0.7272727272727273,0.6818181818181818,0.7272727272727273,0.7121212121212123,0.0214274782177742,1,0.5,0.5,0.5,0.5,0.0,1,0.0,0.0,0.0,0.0,0.0,1,0.0,0.0,0.0,0.0,0.0,1,0.0,0.0,0.0,0.0,0.0,1,0.0,0.0,0.0,0.0,0.0,1,0.0,0.0,0.0,0.0,0.0,1,-0.586641471686562,-0.6359989221069983,-0.5874083622909203,-0.6033495853614935,0.0230886902001938,1,-0.19861335245950637,-0.22112315377540534,-0.19890287534929882,-0.20621312719473683,0.0105436434358372,1,"{""model__strategy"": ""prior""}",,,,,,,,,,,,,,,,,
logistic_regression,0.011207342147827148,0.0048118609908855735,0.022327979405721027,0.005194111296220887,,"{'model__C': 0.01, 'model__class_weight': None, 'model__l1_ratio': 0.0}",0.7395833333333334,0.5523809523809524,0.6041666666666666,0.6320436507936508,0.07892624211491041,21,0.5734427609427609,0.38790516206482595,0.3959986772486772,0.452448866752088,0.08561938281555806,23,0.7727272727272727,0.6818181818181818,0.7272727272727273,0.7272727272727272,0.03711348095126028,1,0.5833333333333334,0.5,0.5,0.5277777777777778,0.039283710065919325,20,1.0,0.0,0.0,0.3333333333333333,0.4714045207910317,20,0.16666666666666666,0.0,0.0,0.05555555555555555,0.07856742013183861,21,0.2857142857142857,0.0,0.0,0.09523809523809523,0.13468700594029476,21,0.3563483225498992,0.0,0.0,0.11878277418329973,0.1679842102263232,16,0.22535211267605637,0.0,0.0,0.0751173708920188,0.10623200468530292,20,-0.5631973065420742,-0.7663264497848362,-0.6590173294522078,-0.6628470285930393,0.08297132900493034,14,-0.18812465281741544,-0.24953085626586083,-0.20630124061003288,-0.21465224989776974,0.0257550638720604,20,"{""model__C"": 0.01, ""model__class_weight"": null, ""model__l1_ratio"": 0.0}",0.01,,0.0,,,,,,,,,,,,,,
logistic_regression,0.014842907587687174,0.007890259436710942,0.017243385314941406,0.004392792208580929,,"{'model__C': 0.01, 'model__class_weight': None, 'model__l1_ratio': 0.5}",0.6875,0.5809523809523809,0.625,0.6311507936507936,0.04371477994210596,22,0.538080383668619,0.44116954474097325,0.4418767507002801,0.47370889303662417,0.04551843318705052,21,0.7272727272727273,0.6818181818181818,0.7272727272727273,0.7121212121212123,0.0214274782177742,5,0.5,0.5,0.5,0.5,0.0,22,0.0,0.0,0.0,0.0,0.0,23,0.0,0.0,0.0,0.0,0.0,23,0.0,0.0,0.0,0.0,0.0,23,0.0,0.0,0.0,0.0,0.0,22,0.0,0.0,0.0,0.0,0.0,22,-0.5630997408966394,-0.6484746086255716,-0.5701321997587633,-0.593902183093658,0.03869518566728985,1,-0.19003654904922004,-0.22459363303311444,-0.19219128327226243,-0.20227382178486564,0.015806985808202608,1,"{""model__C"": 0.01, ""model__class_weight"": null, ""model__l1_ratio"": 0.5}",0.01,,0.5,,,,,,,,,,,,,,
logistic_regression,0.010246038436889648,0.004946266828209948,0.01867961883544922,0.0064007415576892105,,"{'model__C': 0.01, 'model__class_weight': None, 'model__l1_ratio': 1.0}",0.5,0.5,0.5,0.5,0.0,24,0.2727272727272727,0.3181818181818182,0.2727272727272727,0.28787878787878785,0.021427478217774173,24,0.7272727272727273,0.6818181818181818,0.7272727272727273,0.7121212121212123,0.0214274782177742,5,0.5,0.5,0.5,0.5,0.0,22,0.0,0.0,0.0,0.0,0.0,23,0.0,0.0,0.0,0.0,0.0,23,0.0,0.0,0.0,0.0,0.0,23,0.0,0.0,0.0,0.0,0.0,22,0.0,0.0,0.0,0.0,0.0,22,-0.586600162141277,-0.6351845669032027,-0.5859843966664264,-0.602589708570302,0.023049416248376763,3,-0.19859759016020825,-0.22081395554166602,-0.19835964508962184,-0.20592373026383204,0.010529427369128824,3,"{""model__C"": 0.01, ""model__class_weight"": null, ""model__l1_ratio"": 1.0}",0.01,,1.0,,,,,,,,,,,,,,
logistic_regression,0.006351153055826823,0.0008404564870555056,0.04165832201639811,0.01682446997841013,,"{'model__C': 0.01, 'model__class_weight': 'balanced', 'model__l1_ratio': 0.0}",0.7708333333333333,0.5619047619047619,0.6145833333333333,0.6491071428571428,0.08871943439037891,20,0.5944444444444444,0.39742897158863544,0.3994708994708994,0.4637814385013264,0.0923964581173166,22,0.7272727272727273,0.6363636363636364,0.6818181818181818,0.6818181818181818,0.03711348095126028,12,0.65625,0.5809523809523809,0.5729166666666666,0.6033730158730158,0.03753331643393115,1,0.5,0.42857142857142855,0.4,0.4428571428571429,0.042056004125370694,8,0.5,0.42857142857142855,0.3333333333333333,0.42063492063492064,0.06827242275430657,1,0.5,0.42857142857142855,0.36363636363636365,0.4307359307359307,0.055691256840989634,1,0.3125,0.1619047619047619,0.15498260496951669,0.20979578895809284,0.07267780627979213,4,0.3125,0.16190476190476188,0.15384615384615397,0.20941697191697195,0.07296491531339029,1,-0.5301170835777441,-0.6968878375211397,-0.6077103981926048,-0.6115717730971628,0.06813860264112315,5,-0.1824550699587445,-0.24636022515797082,-0.20160734958092796,-0.2101408815658811,0.026777890025951937,11,"{""model__C"": 0.01, ""model__class_weight"": ""balanced"", ""model__l1_ratio"": 0.0}",0.01,balanced,0.0,,,,,,,,,,,,,,
logistic_regression,0.020067691802978516,0.018558372840033567,0.03190040588378906,0.01334431381846692,,"{'model__C': 0.01, 'model__class_weight': 'balanced', 'model__l1_ratio': 0.5}",0.7604166666666666,0.6095238095238096,0.6354166666666666,0.6684523809523809,0.06588212907892993,18,0.574963924963925,0.4285645027241666,0.44494047619047616,0.48282296795952256,0.0654955982999757,19,0.6818181818181818,0.5909090909090909,0.6818181818181818,0.6515151515151515,0.0428549564355483,21,0.5729166666666666,0.5095238095238095,0.5729166666666666,0.5517857142857142,0.0298836794430029,16,0.4,0.3333333333333333,0.4,0.37777777777777777,0.03142696805273547,16,0.3333333333333333,0.2857142857142857,0.3333333333333333,0.31746031746031744,0.022447834323382456,9,0.36363636363636365,0.3076923076923077,0.36363636363636365,0.344988344988345,0.026372280883414357,11,0.15498260496951669,0.019920476822239894,0.15498260496951669,0.10996189558709109,0.06366889779628393,17,0.15384615384615397,0.01980198019801982,0.15384615384615397,0.10916476263010925,0.06318902944342851,16,-0.571241829117123,-0.6384446999328021,-0.5751657654955701,-0.5949507648484983,0.030796548627118843,2,-0.1932749581561734,-0.22402529945722238,-0.19381274987391806,-0.20370433582910463,0.014370768410547448,2,"{""model__C"": 0.01, ""model__class_weight"": ""balanced"", ""model__l1_ratio"": 0.5}",0.01,balanced,0.5,,,,,,,,,,,,,,
logistic_regression,0.00618290901184082,0.0019556491254939996,0.019586642583211262,0.008989999952242412,,"{'model__C': 0.01, 'model__class_weight': 'balanced', 'model__l1_ratio': 1.0}",0.59375,0.5523809523809524,0.6666666666666667,0.6042658730158731,0.04724576743944694,23,0.4928571428571429,0.48673469387755103,0.553968253968254,0.5111866969009826,0.030354212384248236,13,0.5909090909090909,0.5454545454545454,0.7272727272727273,0.6212121212121212,0.07725787141807251,24,0.5104166666666666,0.47619047619047616,0.65625,0.5476190476190476,0.07807419928086648,19,0.2857142857142857,0.2857142857142857,0.5,0.35714285714285715,0.10101525445522108,19,0.3333333333333333,0.2857142857142857,0.5,0.373015873015873,0.09187172145071609,2,0.3076923076923077,0.2857142857142857,0.5,0.3644688644688645,0.09625409042835834,8,0.019920476822239894,-0.047619047619047616,0.3125,0.09493380973439743,0.15629391585610983,20,0.01980198019801982,-0.04761904761904767,0.3125,0.09489431085965738,0.15631288218966477,19,-0.6844196736459449,-0.6815399133783606,-0.6622133608532995,-0.676057649292535,0.009859732808795298,16,-0.24563849178388616,-0.24420898520623038,-0.2345834078667216,-0.24147696161894605,0.004909289477782306,24,"{""model__C"": 0.01, ""model__class_weight"": ""balanced"", ""model__l1_ratio"": 1.0}",0.01,balanced,1.0,,,,,,,,,,,,,,
logistic_regression,0.018375396728515625,0.005048129569304989,0.02847886085510254,0.004206532158324192,,"{'model__C': 0.1, 'model__class_weight': None, 'model__l1_ratio': 0.0}",0.7916666666666666,0.6190476190476191,0.6770833333333333,0.6959325396825395,0.07172077028412795,13,0.6047008547008548,0.4346043680630146,0.45934065934065926,0.4995486273681762,0.07503649872477883,14,0.7727272727272727,0.6818181818181818,0.7272727272727273,0.7272727272727272,0.03711348095126028,1,0.6354166666666666,0.5380952380952381,0.5520833333333334,0.5751984126984127,0.04296196213191661,12,0.6666666666666666,0.5,0.5,0.5555555555555555,0.0785674201318386,1,0.3333333333333333,0.14285714285714285,0.16666666666666666,0.21428571428571427,0.08473871628596279,17,0.4444444444444444,0.2222222222222222,0.25,0.3055555555555555,0.09886183566695658,17,0.35147974578331886,0.12344267996967354,0.1613743060919757,0.21209891061498934,0.09976627678140647,2,0.32098765432098764,0.09411764705882342,0.1315789473684209,0.1822280829160773,0.09930257213042458,3,-0.5901302056935033,-0.8459413974446829,-0.6771045042336515,-0.7043920357906126,0.1062020040305072,18,-0.19143976125774173,-0.25328294110280525,-0.2027211131040449,-0.21581460515486395,0.026891440694030808,21,"{""model__C"": 0.1, ""model__class_weight"": null, ""model__l1_ratio"": 0.0}",0.1,,0.0,,,,,,,,,,,,,,
logistic_regression,0.009351253509521484,0.0030309820858483725,0.017211039861043293,0.0015790548270274121,,"{'model__C': 0.1, 'model__class_weight': None, 'model__l1_ratio': 0.5}",0.78125,0.5619047619047619,0.6458333333333333,0.6629960317460317,0.09036593027377852,19,0.5992063492063492,0.3984900020614307,0.4484126984126984,0.48203634989349275,0.08532164812041668,20,0.7272727272727273,0.6818181818181818,0.6818181818181818,0.6969696969696969,0.0214274782177742,11,0.5520833333333334,0.5380952380952381,0.46875,0.5196428571428572,0.036436967338313205,21,0.5,0.5,0.0,0.3333333333333333,0.23570226039551584,20,0.16666666666666666,0.14285714285714285,0.0,0.10317460317460318,0.07360014678964844,20,0.25,0.2222222222222222,0.0,0.1574074074074074,0.11188005531106085,20,0.1613743060919757,0.12344267996967354,-0.1336306209562122,0.05039545503514568,0.13104426618170747,21,0.1315789473684209,0.09411764705882342,-0.08450704225352101,0.04706318405790777,0.09428283899682523,21,-0.5814106798954183,-0.8466003255755116,-0.6675019625719051,-0.698504322680945,0.11046039046714527,17,-0.19094758403008702,-0.25861115397953677,-0.20425367533144367,-0.21793747111368914,0.02926914615351427,23,"{""model__C"": 0.1, ""model__class_weight"": null, ""model__l1_ratio"": 0.5}",0.1,,0.5,,,,,,,,,,,,,,
logistic_regression,0.14282425244649252,0.18557273612883643,0.030083974202473957,0.012942232657901469,,"{'model__C': 0.1, 'model__class_weight': None, 'model__l1_ratio': 1.0}",0.8020833333333333,0.5809523809523809,0.6875,0.6901785714285714,0.09029619993443883,14,0.613960113960114,0.40695278111244504,0.4619722382880277,0.49429504445352884,0.08754648979060904,16,0.7272727272727273,0.6363636363636364,0.6818181818181818,0.6818181818181818,0.03711348095126028,12,0.5520833333333334,0.4666666666666667,0.46875,0.49583333333333335,0.03978384885389586,24,0.5,0.0,0.0,0.16666666666666666,0.23570226039551584,22,0.16666666666666666,0.0,0.0,0.05555555555555555,0.07856742013183861,21,0.25,0.0,0.0,0.08333333333333333,0.11785113019775792,22,0.1613743060919757,-0.14907119849998599,-0.1336306209562122,-0.040442504454740826,0.14284518804906304,24,0.1315789473684209,-0.08641975308641969,-0.08450704225352101,-0.013115949323839934,0.1023177223562976,24,-0.5664787135517126,-0.8098213394222238,-0.6380457649109327,-0.671448605961623,0.10211340341039843,15,-0.18906135788025358,-0.2555148807451396,-0.20293308401871826,-0.21583644088137047,0.028622719868805838,22,"{""model__C"": 0.1, ""model__class_weight"": null, ""model__l1_ratio"": 1.0}",0.1,,1.0,,,,,,,,,,,,,,
logistic_regression,0.023110310236612957,0.016266130095621927,0.01509873072306315,0.004199727749989093,,"{'model__C': 0.1, 'model__class_weight': 'balanced', 'model__l1_ratio': 0.0}",0.7916666666666666,0.6095238095238095,0.6666666666666667,0.6892857142857144,0.07606015640458708,15,0.6047008547008548,0.43002561348426005,0.4547619047619047,0.49649612431567314,0.07717585453512646,15,0.7272727272727273,0.5909090909090909,0.6818181818181818,0.6666666666666666,0.05669177858748395,20,0.6041666666666666,0.5095238095238095,0.5729166666666666,0.5622023809523808,0.039373548996048315,15,0.5,0.3333333333333333,0.4,0.41111111111111115,0.06849348892187752,15,0.3333333333333333,0.2857142857142857,0.3333333333333333,0.31746031746031744,0.022447834323382456,9,0.4,0.3076923076923077,0.36363636363636365,0.3571095571095571,0.03796601038974794,9,0.24056261216234406,0.019920476822239894,0.15498260496951669,0.13848856465136686,0.09082869589277306,15,0.2325581395348837,0.01980198019801982,0.15384615384615397,0.13540209119301916,0.08783102496387718,15,-0.5277577231510683,-0.7496142867853723,-0.6112708420392268,-0.6295476173252225,0.09148994149831113,8,-0.18285664640600335,-0.25527101577781414,-0.19544787229781013,-0.2111918448272092,0.03158971062581524,12,"{""model__C"": 0.1, ""model__class_weight"": ""balanced"", ""model__l1_ratio"": 0.0}",0.1,balanced,0.0,,,,,,,,,,,,,,
logistic_regression,0.011773506800333658,0.0011646538181259644,0.014951308568318685,0.007711646490964319,,"{'model__C': 0.1, 'model__class_weight': 'balanced', 'model__l1_ratio': 0.5}",0.78125,0.5714285714285714,0.65625,0.6696428571428571,0.08618114425934678,17,0.6037037037037037,0.4036848072562358,0.45079365079365075,0.48606072058453004,0.08538038179325035,18,0.6818181818181818,0.5909090909090909,0.6818181818181818,0.6515151515151515,0.0428549564355483,21,0.5729166666666666,0.5095238095238095,0.5729166666666666,0.5517857142857142,0.0298836794430029,16,0.4,0.3333333333333333,0.4,0.37777777777777777,0.03142696805273547,16,0.3333333333333333,0.2857142857142857,0.3333333333333333,0.31746031746031744,0.022447834323382456,9,0.36363636363636365,0.3076923076923077,0.36363636363636365,0.344988344988345,0.026372280883414357,11,0.15498260496951669,0.019920476822239894,0.15498260496951669,0.10996189558709109,0.06366889779628393,17,0.15384615384615397,0.01980198019801982,0.15384615384615397,0.10916476263010925,0.06318902944342851,16,-0.52580868557653,-0.7567212080720576,-0.6032681658789206,-0.628599353175836,0.09595624019560664,6,-0.18271280758141228,-0.2599154892384364,-0.19775534301287065,-0.2134612132775731,0.033417253870196055,17,"{""model__C"": 0.1, ""model__class_weight"": ""balanced"", ""model__l1_ratio"": 0.5}",0.1,balanced,0.5,,,,,,,,,,,,,,
logistic_regression,0.09843977292378743,0.057954118143872475,0.018326520919799805,0.006448186607854204,,"{'model__C': 0.1, 'model__class_weight': 'balanced', 'model__l1_ratio': 1.0}",0.7916666666666667,0.5809523809523809,0.6875,0.6867063492063492,0.08602557744534324,16,0.6084656084656085,0.40695278111244504,0.46468253968253964,0.4933669764201977,0.08473076017670716,17,0.6818181818181818,0.5909090909090909,0.6818181818181818,0.6515151515151515,0.0428549564355483,21,0.5729166666666666,0.5095238095238095,0.5729166666666666,0.5517857142857142,0.0298836794430029,16,0.4,0.3333333333333333,0.4,0.37777777777777777,0.03142696805273547,16,0.3333333333333333,0.2857142857142857,0.3333333333333333,0.31746031746031744,0.022447834323382456,9,0.36363636363636365,0.3076923076923077,0.36363636363636365,0.344988344988345,0.026372280883414357,11,0.15498260496951669,0.019920476822239894,0.15498260496951669,0.10996189558709109,0.06366889779628393,17,0.15384615384615397,0.01980198019801982,0.15384615384615397,0.10916476263010925,0.06318902944342851,16,-0.5174588217006791,-0.7278312963836332,-0.5843378301453052,-0.6098759827432058,0.08776214998370228,4,-0.1796123147849419,-0.25339625920988285,-0.19560136480185666,-0.20953664626556046,0.03169291893394252,10,"{""model__C"": 0.1, ""model__class_weight"": ""balanced"", ""model__l1_ratio"": 1.0}",0.1,balanced,1.0,,,,,,,,,,,,,,
logistic_regression,0.025627533594767254,0.008457180451092672,0.020854711532592773,0.009011224770551156,,"{'model__C': 1.0, 'model__class_weight': None, 'model__l1_ratio': 0.0}",0.8125,0.657142857142857,0.7083333333333334,0.7259920634920635,0.06464174875057045,11,0.623015873015873,0.46450541939263734,0.4736272499430394,0.5203828474505167,0.07266799112251048,11,0.7727272727272727,0.6818181818181818,0.7272727272727273,0.7272727272727272,0.03711348095126028,1,0.6354166666666666,0.5761904761904761,0.5520833333333334,0.5878968253968254,0.0350132362582767,2,0.6666666666666666,0.5,0.5,0.5555555555555555,0.0785674201318386,1,0.3333333333333333,0.2857142857142857,0.16666666666666666,0.2619047619047619,0.07009334020895115,13,0.4444444444444444,0.36363636363636365,0.25,0.35269360269360267,0.07975783558838162,10,0.35147974578331886,0.18401748249129446,0.1613743060919757,0.23229051145552967,0.08478495756558135,1,0.32098765432098764,0.17204301075268824,0.1315789473684209,0.2082032041473656,0.08144357661234422,2,-0.6121503901612361,-0.8905509458193888,-0.6782769637484974,-0.726992766576374,0.11876205744138281,21,-0.193976887212027,-0.25027913312195227,-0.19567712937799212,-0.21331104990399044,0.026149596408145497,16,"{""model__C"": 1.0, ""model__class_weight"": null, ""model__l1_ratio"": 0.0}",1.0,,0.0,,,,,,,,,,,,,,
logistic_regression,0.04431939125061035,0.0167867927071156,0.012086629867553711,0.00220930641183192,,"{'model__C': 1.0, 'model__class_weight': None, 'model__l1_ratio': 0.5}",0.8229166666666667,0.657142857142857,0.7083333333333334,0.7294642857142857,0.06930669444531143,7,0.6322751322751323,0.46450541939263734,0.4736272499430394,0.523469267203603,0.07702743733510566,7,0.7727272727272727,0.6363636363636364,0.7272727272727273,0.7121212121212123,0.05669177858748396,5,0.6354166666666666,0.5047619047619047,0.5520833333333334,0.5640873015873016,0.054010728208873544,14,0.6666666666666666,0.3333333333333333,0.5,0.5,0.13608276348795434,4,0.3333333333333333,0.14285714285714285,0.16666666666666666,0.21428571428571427,0.08473871628596279,17,0.4444444444444444,0.2,0.25,0.2981481481481481,0.10544178404064264,19,0.35147974578331886,0.012926112238824687,0.1613743060919757,0.1752600547047064,0.13856226327887614,14,0.32098765432098764,0.011235955056179914,0.1315789473684209,0.15460085224852949,0.12749911078798562,14,-0.6087381044860417,-0.8819752787300654,-0.6755792004947279,-0.7220975279036117,0.11629733283242806,20,-0.19422449677950257,-0.2502743915691139,-0.19705867520130085,-0.21385252118330578,0.02578012960443375,18,"{""model__C"": 1.0, ""model__class_weight"": null, ""model__l1_ratio"": 0.5}",1.0,,0.5,,,,,,,,,,,,,,
logistic_regression,0.052353858947753906,0.0100295225595459,0.019427140553792317,0.0029686853278713533,,"{'model__C': 1.0, 'model__class_weight': None, 'model__l1_ratio': 1.0}",0.8229166666666667,0.657142857142857,0.7083333333333334,0.7294642857142857,0.06930669444531143,7,0.6322751322751323,0.46450541939263734,0.4736272499430394,0.523469267203603,0.07702743733510566,7,0.7727272727272727,0.6818181818181818,0.7272727272727273,0.7272727272727272,0.03711348095126028,1,0.6354166666666666,0.5380952380952381,0.5520833333333334,0.5751984126984127,0.04296196213191661,12,0.6666666666666666,0.5,0.5,0.5555555555555555,0.0785674201318386,1,0.3333333333333333,0.14285714285714285,0.16666666666666666,0.21428571428571427,0.08473871628596279,17,0.4444444444444444,0.2222222222222222,0.25,0.3055555555555555,0.09886183566695658,17,0.35147974578331886,0.12344267996967354,0.1613743060919757,0.21209891061498934,0.09976627678140647,2,0.32098765432098764,0.09411764705882342,0.1315789473684209,0.1822280829160773,0.09930257213042458,3,-0.6048545939699795,-0.8696740780707589,-0.6711895482553581,-0.7152394067653655,0.11250965089245896,19,-0.19456095918908814,-0.2497834170125031,-0.1984637896554947,-0.21426938861902864,0.025162706279489095,19,"{""model__C"": 1.0, ""model__class_weight"": null, ""model__l1_ratio"": 1.0}",1.0,,1.0,,,,,,,,,,,,,,
logistic_regression,0.028392712275187176,0.005925014992013287,0.020325978597005207,0.001848627005934442,,"{'model__C': 1.0, 'model__class_weight': 'balanced', 'model__l1_ratio': 0.0}",0.8125,0.6476190476190475,0.7083333333333334,0.7228174603174603,0.06808707447272555,12,0.623015873015873,0.45909416398138203,0.4736272499430394,0.5185790956467649,0.07408590957946833,12,0.6818181818181818,0.6818181818181818,0.6818181818181818,0.6818181818181818,0.0,12,0.5729166666666666,0.6142857142857143,0.5729166666666666,0.5867063492063491,0.01950155606843855,3,0.4,0.5,0.4,0.43333333333333335,0.04714045207910316,9,0.3333333333333333,0.42857142857142855,0.3333333333333333,0.36507936507936506,0.04489566864676491,3,0.36363636363636365,0.46153846153846156,0.36363636363636365,0.39627039627039623,0.046151491545975136,2,0.15498260496951669,0.23904572186687875,0.15498260496951669,0.18300364393530402,0.039627733337201446,8,0.15384615384615397,0.2376237623762376,0.15384615384615397,0.18177202335618184,0.03949314340214273,5,-0.5329767321389253,-0.7679372228859161,-0.6050438424291049,-0.6353192658179821,0.09828210755794949,13,-0.18524166239842338,-0.25169718204665553,-0.18859714256857896,-0.20851199567121928,0.030567248851278168,7,"{""model__C"": 1.0, ""model__class_weight"": ""balanced"", ""model__l1_ratio"": 0.0}",1.0,balanced,0.0,,,,,,,,,,,,,,
logistic_regression,0.04989171028137207,0.013920654677680909,0.03873419761657715,0.024257889859283982,,"{'model__C': 1.0, 'model__class_weight': 'balanced', 'model__l1_ratio': 0.5}",0.8229166666666667,0.6476190476190475,0.7083333333333334,0.7262896825396825,0.07268258236357283,9,0.6322751322751323,0.45909416398138203,0.4736272499430394,0.5216655153998512,0.07843752569556903,9,0.6818181818181818,0.6818181818181818,0.6818181818181818,0.6818181818181818,0.0,12,0.5729166666666666,0.6142857142857143,0.5729166666666666,0.5867063492063491,0.01950155606843855,3,0.4,0.5,0.4,0.43333333333333335,0.04714045207910316,9,0.3333333333333333,0.42857142857142855,0.3333333333333333,0.36507936507936506,0.04489566864676491,3,0.36363636363636365,0.46153846153846156,0.36363636363636365,0.39627039627039623,0.046151491545975136,2,0.15498260496951669,0.23904572186687875,0.15498260496951669,0.18300364393530402,0.039627733337201446,8,0.15384615384615397,0.2376237623762376,0.15384615384615397,0.18177202335618184,0.03949314340214273,5,-0.5317093790724944,-0.7628468706716075,-0.6031637055239927,-0.6325733184226981,0.09662583851752181,9,-0.18536013503853635,-0.25117814799798066,-0.18940610353948076,-0.2086481288586659,0.030118591835946524,9,"{""model__C"": 1.0, ""model__class_weight"": ""balanced"", ""model__l1_ratio"": 0.5}",1.0,balanced,0.5,,,,,,,,,,,,,,
logistic_regression,0.0437923272450765,0.008920377896234542,0.030848979949951172,0.01764370267672735,,"{'model__C': 1.0, 'model__class_weight': 'balanced', 'model__l1_ratio': 1.0}",0.8229166666666667,0.6476190476190475,0.7083333333333334,0.7262896825396825,0.07268258236357283,9,0.6322751322751323,0.45909416398138203,0.4736272499430394,0.5216655153998512,0.07843752569556903,9,0.6818181818181818,0.6818181818181818,0.6818181818181818,0.6818181818181818,0.0,12,0.5729166666666666,0.6142857142857143,0.5729166666666666,0.5867063492063491,0.01950155606843855,3,0.4,0.5,0.4,0.43333333333333335,0.04714045207910316,9,0.3333333333333333,0.42857142857142855,0.3333333333333333,0.36507936507936506,0.04489566864676491,3,0.36363636363636365,0.46153846153846156,0.36363636363636365,0.39627039627039623,0.046151491545975136,2,0.15498260496951669,0.23904572186687875,0.15498260496951669,0.18300364393530402,0.039627733337201446,8,0.15384615384615397,0.2376237623762376,0.15384615384615397,0.18177202335618184,0.03949314340214273,5,-0.530408107586272,-0.7554421308673888,-0.6004746226528667,-0.6287749537021758,0.0940239666668271,7,-0.18557406319428382,-0.25004143236793785,-0.19007873600241787,-0.20856474385487986,0.02938604869416794,8,"{""model__C"": 1.0, ""model__class_weight"": ""balanced"", ""model__l1_ratio"": 1.0}",1.0,balanced,1.0,,,,,,,,,,,,,,
logistic_regression,0.04175575574239095,0.011642095905714531,0.018589576085408527,0.004448294392355064,,"{'model__C': 10.0, 'model__class_weight': None, 'model__l1_ratio': 0.0}",0.8229166666666667,0.6666666666666666,0.7083333333333334,0.732638888888889,0.06606353330014049,3,0.6305916305916306,0.4883149432021612,0.4736272499430394,0.5308446079122771,0.07078622033213862,3,0.7272727272727273,0.6818181818181818,0.7272727272727273,0.7121212121212123,0.0214274782177742,5,0.6041666666666666,0.5761904761904761,0.5520833333333334,0.5774801587301588,0.021282478921523646,9,0.5,0.5,0.5,0.5,0.0,4,0.3333333333333333,0.2857142857142857,0.16666666666666666,0.2619047619047619,0.07009334020895115,13,0.4,0.36363636363636365,0.25,0.3378787878787879,0.0638883898251758,14,0.24056261216234406,0.18401748249129446,0.1613743060919757,0.19531813358187142,0.03330140628538884,5,0.2325581395348837,0.17204301075268824,0.1315789473684209,0.17872669921866427,0.041494602711521576,11,-0.6212377947426967,-0.899280547155102,-0.6760423705289518,-0.7321869041422501,0.12025278800165819,24,-0.195699109617317,-0.24843077372194317,-0.19370709294864807,-0.21261232542930275,0.025340520399437738,13,"{""model__C"": 10.0, ""model__class_weight"": null, ""model__l1_ratio"": 0.0}",10.0,,0.0,,,,,,,,,,,,,,
logistic_regression,0.06478794415791829,0.003786875978967784,0.012991984685262045,0.002965634582606234,,"{'model__C': 10.0, 'model__class_weight': None, 'model__l1_ratio': 0.5}",0.8229166666666667,0.6761904761904762,0.7083333333333334,0.7358134920634921,0.06297360868273776,1,0.6305916305916306,0.49480844969566773,0.4736272499430394,0.5330091100767792,0.06954098090701015,1,0.7272727272727273,0.6818181818181818,0.7272727272727273,0.7121212121212123,0.0214274782177742,5,0.6041666666666666,0.5761904761904761,0.5520833333333334,0.5774801587301588,0.021282478921523646,9,0.5,0.5,0.5,0.5,0.0,4,0.3333333333333333,0.2857142857142857,0.16666666666666666,0.2619047619047619,0.07009334020895115,13,0.4,0.36363636363636365,0.25,0.3378787878787879,0.0638883898251758,14,0.24056261216234406,0.18401748249129446,0.1613743060919757,0.19531813358187142,0.03330140628538884,5,0.2325581395348837,0.17204301075268824,0.1315789473684209,0.17872669921866427,0.041494602711521576,11,-0.6209042377789147,-0.8983612614285238,-0.6754756673571068,-0.7315803888548484,0.12001778985877967,23,-0.19576518419979844,-0.2484046493249132,-0.19381778309385372,-0.21266253887285513,0.025285990026655717,15,"{""model__C"": 10.0, ""model__class_weight"": null, ""model__l1_ratio"": 0.5}",10.0,,0.5,,,,,,,,,,,,,,
logistic_regression,0.0786725680033366,0.019726940761041416,0.019771416982014973,0.0027149686921146025,,"{'model__C': 10.0, 'model__class_weight': None, 'model__l1_ratio': 1.0}",0.8229166666666667,0.6761904761904762,0.7083333333333334,0.7358134920634921,0.06297360868273776,1,0.6305916305916306,0.49480844969566773,0.4736272499430394,0.5330091100767792,0.06954098090701015,1,0.7272727272727273,0.6818181818181818,0.7272727272727273,0.7121212121212123,0.0214274782177742,5,0.6041666666666666,0.5761904761904761,0.5520833333333334,0.5774801587301588,0.021282478921523646,9,0.5,0.5,0.5,0.5,0.0,4,0.3333333333333333,0.2857142857142857,0.16666666666666666,0.2619047619047619,0.07009334020895115,13,0.4,0.36363636363636365,0.25,0.3378787878787879,0.0638883898251758,14,0.24056261216234406,0.18401748249129446,0.1613743060919757,0.19531813358187142,0.03330140628538884,5,0.2325581395348837,0.17204301075268824,0.1315789473684209,0.17872669921866427,0.041494602711521576,11,-0.6204989070355992,-0.8961720186304469,-0.6745084642738269,-0.7303931299799576,0.11927905099642276,22,-0.19583691395957434,-0.2481812525404228,-0.19390085382156072,-0.2126396734405193,0.025144117481703022,14,"{""model__C"": 10.0, ""model__class_weight"": null, ""model__l1_ratio"": 1.0}",10.0,,1.0,,,,,,,,,,,,,,
logistic_regression,0.030911604563395183,0.005400071414338027,0.016344706217447918,0.005115197467337756,,"{'model__C': 10.0, 'model__class_weight': 'balanced', 'model__l1_ratio': 0.0}",0.8229166666666667,0.6666666666666666,0.7083333333333334,0.732638888888889,0.06606353330014049,3,0.6305916305916306,0.4709989258861439,0.4736272499430394,0.5250726021402713,0.07462093560490064,4,0.6818181818181818,0.6818181818181818,0.6818181818181818,0.6818181818181818,0.0,12,0.5729166666666666,0.6142857142857143,0.5729166666666666,0.5867063492063491,0.01950155606843855,3,0.4,0.5,0.4,0.43333333333333335,0.04714045207910316,9,0.3333333333333333,0.42857142857142855,0.3333333333333333,0.36507936507936506,0.04489566864676491,3,0.36363636363636365,0.46153846153846156,0.36363636363636365,0.39627039627039623,0.046151491545975136,2,0.15498260496951669,0.23904572186687875,0.15498260496951669,0.18300364393530402,0.039627733337201446,8,0.15384615384615397,0.2376237623762376,0.15384615384615397,0.18177202335618184,0.03949314340214273,5,-0.5360835080182642,-0.7682134794425749,-0.6002430351572607,-0.6348466742060334,0.09787454481776191,12,-0.18720552938542295,-0.2489590215815616,-0.18665031420193448,-0.20760495505630636,0.029242619349235482,6,"{""model__C"": 10.0, ""model__class_weight"": ""balanced"", ""model__l1_ratio"": 0.0}",10.0,balanced,0.0,,,,,,,,,,,,,,
logistic_regression,0.03782510757446289,0.011000087262808522,0.012060960133870443,0.003505930899103346,,"{'model__C': 10.0, 'model__class_weight': 'balanced', 'model__l1_ratio': 0.5}",0.8229166666666667,0.6666666666666666,0.7083333333333334,0.732638888888889,0.06606353330014049,3,0.6305916305916306,0.4709989258861439,0.4736272499430394,0.5250726021402713,0.07462093560490064,4,0.6818181818181818,0.6818181818181818,0.6818181818181818,0.6818181818181818,0.0,12,0.5729166666666666,0.6142857142857143,0.5729166666666666,0.5867063492063491,0.01950155606843855,3,0.4,0.5,0.4,0.43333333333333335,0.04714045207910316,9,0.3333333333333333,0.42857142857142855,0.3333333333333333,0.36507936507936506,0.04489566864676491,3,0.36363636363636365,0.46153846153846156,0.36363636363636365,0.39627039627039623,0.046151491545975136,2,0.15498260496951669,0.23904572186687875,0.15498260496951669,0.18300364393530402,0.039627733337201446,8,0.15384615384615397,0.2376237623762376,0.15384615384615397,0.18177202335618184,0.03949314340214273,5,-0.535939157050689,-0.7676475236870103,-0.5998891592262564,-0.6344919466546518,0.09770774949026652,11,-0.1872427482532469,-0.2488655271423927,-0.18669903380121752,-0.20760243639895237,0.029178255598160535,5,"{""model__C"": 10.0, ""model__class_weight"": ""balanced"", ""model__l1_ratio"": 0.5}",10.0,balanced,0.5,,,,,,,,,,,,,,
logistic_regression,0.05873330434163412,0.019026477088235908,0.00946187973022461,0.0003002797213658779,,"{'model__C': 10.0, 'model__class_weight': 'balanced', 'model__l1_ratio': 1.0}",0.8229166666666667,0.6666666666666666,0.7083333333333334,0.732638888888889,0.06606353330014049,3,0.6305916305916306,0.4709989258861439,0.4736272499430394,0.5250726021402713,0.07462093560490064,4,0.6818181818181818,0.6818181818181818,0.6818181818181818,0.6818181818181818,0.0,12,0.5729166666666666,0.6142857142857143,0.5729166666666666,0.5867063492063491,0.01950155606843855,3,0.4,0.5,0.4,0.43333333333333335,0.04714045207910316,9,0.3333333333333333,0.42857142857142855,0.3333333333333333,0.36507936507936506,0.04489566864676491,3,0.36363636363636365,0.46153846153846156,0.36363636363636365,0.39627039627039623,0.046151491545975136,2,0.15498260496951669,0.23904572186687875,0.15498260496951669,0.18300364393530402,0.039627733337201446,8,0.15384615384615397,0.2376237623762376,0.15384615384615397,0.18177202335618184,0.03949314340214273,5,-0.5357069605099039,-0.7662962134201924,-0.5993137309062653,-0.6337723016121205,0.09723989479889095,10,-0.18730667339949683,-0.24855878131626927,-0.18671150476533932,-0.2075256531603685,0.02901582052512853,4,"{""model__C"": 10.0, ""model__class_weight"": ""balanced"", ""model__l1_ratio"": 1.0}",10.0,balanced,1.0,,,,,,,,,,,,,,
knn,0.006366729736328125,0.003323716277619893,0.01526490847269694,0.0018438736191962765,,"{'model__n_neighbors': 3, 'model__p': 1, 'model__weights': 'uniform'}",0.53125,0.561904761904762,0.6822916666666666,0.5918154761904763,0.0651888762963556,15,0.39610389610389607,0.43181818181818177,0.39646464646464646,0.4081289081289081,0.016751493488635187,16,0.7272727272727273,0.6818181818181818,0.7272727272727273,0.7121212121212123,0.0214274782177742,1,0.5520833333333334,0.5380952380952381,0.5520833333333334,0.547420634920635,0.0065940513324936265,4,0.5,0.5,0.5,0.5,0.0,6,0.16666666666666666,0.14285714285714285,0.16666666666666666,0.15873015873015872,0.011223917161691228,5,0.25,0.2222222222222222,0.25,0.24074074074074073,0.013094570021973107,5,0.1613743060919757,0.12344267996967354,0.1613743060919757,0.14873043071787498,0.01788114003500843,5,0.1315789473684209,0.09411764705882342,0.1315789473684209,0.11909184726522175,0.01765942632065473,5,-6.72698629846534,-6.776923220677526,-3.5685946124294334,-5.6908347105241,1.5007888369166953,13,-0.24242424242424238,-0.26262626262626265,-0.1969696969696969,-0.23400673400673397,0.027457081532491767,10,"{""model__n_neighbors"": 3, ""model__p"": 1, ""model__weights"": ""uniform""}",,,,3.0,1.0,uniform,,,,,,,,,,,
knn,0.005064090092976888,0.0019371122682408897,0.028780301411946613,0.004216673633692474,,"{'model__n_neighbors': 3, 'model__p': 1, 'model__weights': 'distance'}",0.5104166666666666,0.580952380952381,0.6875,0.5929563492063492,0.07279055880397688,13,0.39610389610389607,0.4913419913419913,0.45942760942760935,0.4489578322911656,0.03957933695848736,5,0.6818181818181818,0.6818181818181818,0.7272727272727273,0.6969696969696969,0.0214274782177742,5,0.5208333333333334,0.5380952380952381,0.5520833333333334,0.5370039682539683,0.012781073961130934,6,0.3333333333333333,0.5,0.5,0.4444444444444444,0.07856742013183862,9,0.16666666666666666,0.14285714285714285,0.16666666666666666,0.15873015873015872,0.011223917161691228,5,0.2222222222222222,0.2222222222222222,0.25,0.23148148148148148,0.013094570021973107,8,0.05407380704358752,0.12344267996967354,0.1613743060919757,0.11296359770174558,0.0444275263614184,8,0.04938271604938271,0.09411764705882342,0.1315789473684209,0.09169310349220901,0.03360023729472772,8,-6.755712615643631,-6.774688013741791,-3.5690332992816582,-5.699811309555694,1.5067074950000034,14,-0.25619930517968714,-0.26128953080486905,-0.19689168605987212,-0.23812684068147613,0.029231616236870494,12,"{""model__n_neighbors"": 3, ""model__p"": 1, ""model__weights"": ""distance""}",,,,3.0,1.0,distance,,,,,,,,,,,
knn,0.00403904914855957,0.0013633734164586152,0.024808645248413086,0.0008801037049397568,,"{'model__n_neighbors': 3, 'model__p': 2, 'model__weights': 'uniform'}",0.5833333333333333,0.519047619047619,0.671875,0.5914186507936507,0.0626529135317033,16,0.41515151515151516,0.34632034632034625,0.4797979797979798,0.41375661375661377,0.054500941717389874,15,0.7272727272727273,0.6818181818181818,0.6818181818181818,0.6969696969696969,0.0214274782177742,5,0.5520833333333334,0.5380952380952381,0.5208333333333334,0.5370039682539683,0.012781073961130934,6,0.5,0.5,0.3333333333333333,0.4444444444444444,0.07856742013183862,9,0.16666666666666666,0.14285714285714285,0.16666666666666666,0.15873015873015872,0.011223917161691228,5,0.25,0.2222222222222222,0.2222222222222222,0.23148148148148148,0.013094570021973107,8,0.1613743060919757,0.12344267996967354,0.05407380704358752,0.11296359770174558,0.0444275263614184,8,0.1315789473684209,0.09411764705882342,0.04938271604938271,0.09169310349220901,0.03360023729472772,8,-6.69012583409187,-9.935314906713431,-3.581671070268151,-6.735703937024485,2.594064445704203,15,-0.2323232323232323,-0.30808080808080807,-0.20707070707070707,-0.24915824915824913,0.04292103967670694,15,"{""model__n_neighbors"": 3, ""model__p"": 2, ""model__weights"": ""uniform""}",,,,3.0,2.0,uniform,,,,,,,,,,,
knn,0.002973635991414388,0.000773771213365742,0.02328038215637207,0.004073630573165247,,"{'model__n_neighbors': 3, 'model__p': 2, 'model__weights': 'distance'}",0.5729166666666666,0.5333333333333333,0.6770833333333333,0.5944444444444444,0.06062782384921427,11,0.41515151515151516,0.3939393939393939,0.49831649831649827,0.43580246913580245,0.04504435891343182,8,0.6818181818181818,0.6818181818181818,0.6818181818181818,0.6818181818181818,0.0,10,0.5208333333333334,0.5380952380952381,0.5208333333333334,0.5265873015873016,0.008137339942226113,11,0.3333333333333333,0.5,0.3333333333333333,0.38888888888888884,0.07856742013183862,12,0.16666666666666666,0.14285714285714285,0.16666666666666666,0.15873015873015872,0.011223917161691228,5,0.2222222222222222,0.2222222222222222,0.2222222222222222,0.2222222222222222,0.0,11,0.05407380704358752,0.12344267996967354,0.05407380704358752,0.07719676468561619,0.03270080029953555,11,0.04938271604938271,0.09411764705882342,0.04938271604938271,0.06429435971919628,0.021088248715125258,11,-6.719177987609971,-9.920368078648766,-3.582842946568304,-6.740796337609015,2.5873289592074653,16,-0.24603783465097778,-0.30128014584154983,-0.20727095950056948,-0.2515296466643657,0.03857505047321032,16,"{""model__n_neighbors"": 3, ""model__p"": 2, ""model__weights"": ""distance""}",,,,3.0,2.0,distance,,,,,,,,,,,
knn,0.003567218780517578,0.00030097951101358544,0.014834721883138021,0.0004525462791764729,,"{'model__n_neighbors': 5, 'model__p': 1, 'model__weights': 'uniform'}",0.5364583333333333,0.5761904761904761,0.671875,0.5948412698412698,0.0568348923381353,9,0.41515151515151516,0.36969696969696975,0.4797979797979798,0.4215488215488216,0.04517560000096986,12,0.6818181818181818,0.6818181818181818,0.7727272727272727,0.712121212121212,0.04285495643554835,2,0.5208333333333334,0.5380952380952381,0.5833333333333334,0.547420634920635,0.026353807687737034,4,0.3333333333333333,0.5,1.0,0.611111111111111,0.28327886186626583,3,0.16666666666666666,0.14285714285714285,0.16666666666666666,0.15873015873015872,0.011223917161691228,5,0.2222222222222222,0.2222222222222222,0.2857142857142857,0.24338624338624337,0.02993044576450995,4,0.05407380704358752,0.12344267996967354,0.3563483225498992,0.1779549365210534,0.1292830493320411,3,0.04938271604938271,0.09411764705882342,0.22535211267605637,0.12295082526142083,0.0746762847729494,4,-6.721845385385703,-5.257818502439107,-3.583174816742065,-5.187612901522292,1.2823181753936923,11,-0.24181818181818182,-0.26,-0.20000000000000007,-0.23393939393939397,0.02512046275886386,9,"{""model__n_neighbors"": 5, ""model__p"": 1, ""model__weights"": ""uniform""}",,,,5.0,1.0,uniform,,,,,,,,,,,
knn,0.003688971201578776,0.0008636076334919972,0.018805265426635742,0.004614829356047721,,"{'model__n_neighbors': 5, 'model__p': 1, 'model__weights': 'distance'}",0.53125,0.5761904761904761,0.6770833333333333,0.5948412698412698,0.060979391904867536,9,0.41515151515151516,0.41374458874458875,0.49831649831649827,0.4424042007375341,0.03954013678864901,7,0.6363636363636364,0.6818181818181818,0.7727272727272727,0.6969696969696969,0.05669177858748396,5,0.4895833333333333,0.5380952380952381,0.5833333333333334,0.5370039682539683,0.038281055170060745,6,0.25,0.5,1.0,0.5833333333333334,0.31180478223116176,4,0.16666666666666666,0.14285714285714285,0.16666666666666666,0.15873015873015872,0.011223917161691228,5,0.2,0.2222222222222222,0.2857142857142857,0.23597883597883595,0.03631958159096404,6,-0.024056261216234408,0.12344267996967354,0.3563483225498992,0.1519115804344461,0.15659878790043083,4,-0.023255813953488413,0.09411764705882342,0.22535211267605637,0.09873798192713046,0.10154633069517825,6,-6.741193209892028,-5.263419556219718,-3.5708676340441103,-5.1918268000519525,1.2952696517895752,12,-0.2510693306906818,-0.26129763632015474,-0.19575310055211925,-0.2360400225209853,0.0287915684452538,11,"{""model__n_neighbors"": 5, ""model__p"": 1, ""model__weights"": ""distance""}",,,,5.0,1.0,distance,,,,,,,,,,,
knn,0.0027736028035481772,0.0009943990940685364,0.03360478083292643,0.0012066481719992552,,"{'model__n_neighbors': 5, 'model__p': 2, 'model__weights': 'uniform'}",0.5885416666666666,0.5904761904761905,0.65625,0.6117559523809524,0.03147195365969477,8,0.41515151515151516,0.37922077922077924,0.4797979797979798,0.4247234247234248,0.041614576041143866,11,0.6818181818181818,0.6818181818181818,0.7727272727272727,0.712121212121212,0.04285495643554835,2,0.5729166666666666,0.5380952380952381,0.5833333333333334,0.564781746031746,0.019343457386501308,1,0.4,0.5,1.0,0.6333333333333333,0.26246692913372704,1,0.3333333333333333,0.14285714285714285,0.16666666666666666,0.21428571428571427,0.08473871628596279,1,0.36363636363636365,0.2222222222222222,0.2857142857142857,0.2905242905242905,0.05783218226143007,1,0.15498260496951669,0.12344267996967354,0.3563483225498992,0.21159120249636312,0.10316543210428035,1,0.15384615384615397,0.09411764705882342,0.22535211267605637,0.15777197119367792,0.053648114430019905,1,-6.701559607993501,-5.24474204460039,-3.5962512745807826,-5.1808509757248915,1.2685415544112484,10,-0.2381818181818182,-0.2545454545454546,-0.20545454545454553,-0.23272727272727278,0.020409040291494204,8,"{""model__n_neighbors"": 5, ""model__p"": 2, ""model__weights"": ""uniform""}",,,,5.0,2.0,uniform,,,,,,,,,,,
knn,0.003697633743286133,0.0006856770219825769,0.03632990519205729,0.0022556650293655165,,"{'model__n_neighbors': 5, 'model__p': 2, 'model__weights': 'distance'}",0.5833333333333333,0.6238095238095238,0.65625,0.6211309523809524,0.02982829895829257,6,0.43181818181818177,0.45609152752009896,0.4697450697450697,0.45255159302778347,0.01568461154788546,4,0.6818181818181818,0.6818181818181818,0.7727272727272727,0.712121212121212,0.04285495643554835,2,0.5729166666666666,0.5380952380952381,0.5833333333333334,0.564781746031746,0.019343457386501308,1,0.4,0.5,1.0,0.6333333333333333,0.26246692913372704,1,0.3333333333333333,0.14285714285714285,0.16666666666666666,0.21428571428571427,0.08473871628596279,1,0.36363636363636365,0.2222222222222222,0.2857142857142857,0.2905242905242905,0.05783218226143007,1,0.15498260496951669,0.12344267996967354,0.3563483225498992,0.21159120249636312,0.10316543210428035,1,0.15384615384615397,0.09411764705882342,0.22535211267605637,0.15777197119367792,0.053648114430019905,1,-6.710141691351123,-5.2405380113578905,-3.5849051206697693,-5.178528274459595,1.2766257116016646,9,-0.24216216438688687,-0.25283509848603736,-0.20181630053996855,-0.2322711878042976,0.021971238764703974,6,"{""model__n_neighbors"": 5, ""model__p"": 2, ""model__weights"": ""distance""}",,,,5.0,2.0,distance,,,,,,,,,,,
knn,0.0028062661488850913,0.0010894596271444179,0.033055384953816734,0.003199321612561725,,"{'model__n_neighbors': 9, 'model__p': 1, 'model__weights': 'uniform'}",0.53125,0.5,0.7447916666666667,0.592013888888889,0.10878090415153158,14,0.41515151515151516,0.30531849103277675,0.5216450216450217,0.4140383426097712,0.08831844400242193,14,0.6363636363636364,0.5454545454545454,0.7727272727272727,0.6515151515151515,0.09340021216619662,16,0.4895833333333333,0.4380952380952381,0.5833333333333334,0.5036706349206349,0.060124122317121054,14,0.25,0.2,1.0,0.48333333333333334,0.3659083066683358,8,0.16666666666666666,0.14285714285714285,0.16666666666666666,0.15873015873015872,0.011223917161691228,5,0.2,0.16666666666666666,0.2857142857142857,0.21746031746031746,0.05014466348867083,13,-0.024056261216234408,-0.13760659224649044,0.3563483225498992,0.06489515636239145,0.2112378288088451,12,-0.023255813953488413,-0.134020618556701,0.22535211267605637,0.02269189338862232,0.1502677251794723,14,-6.7360407724263345,-5.3639521891450315,-2.0437616933689537,-4.714584884980106,1.969878026804149,8,-0.24747474747474757,-0.30303030303030304,-0.18742985409652074,-0.2459783015338571,0.047205546716909644,14,"{""model__n_neighbors"": 9, ""model__p"": 1, ""model__weights"": ""uniform""}",,,,9.0,1.0,uniform,,,,,,,,,,,
knn,0.005366404851277669,0.0008971264682580193,0.029277642567952473,0.004450915643126601,,"{'model__n_neighbors': 9, 'model__p': 1, 'model__weights': 'distance'}",0.53125,0.5142857142857142,0.734375,0.5933035714285714,0.09999269212243042,12,0.41515151515151516,0.35337043908472476,0.5335497835497836,0.4340239125953412,0.07475860967996874,9,0.6363636363636364,0.5909090909090909,0.7727272727272727,0.6666666666666666,0.07725787141807249,13,0.4895833333333333,0.4714285714285714,0.5833333333333334,0.514781746031746,0.04903664572630018,12,0.25,0.25,1.0,0.5,0.3535533905932738,6,0.16666666666666666,0.14285714285714285,0.16666666666666666,0.15873015873015872,0.011223917161691228,5,0.2,0.18181818181818182,0.2857142857142857,0.22251082251082252,0.04530381108900823,10,-0.024056261216234408,-0.06900655593423542,0.3563483225498992,0.08776183513314312,0.1908038402233425,10,-0.023255813953488413,-0.06451612903225801,0.22535211267605637,0.04586005656343665,0.12803294382241812,12,-6.74453451650721,-5.348736085451318,-2.0405806776064455,-4.711283759854991,1.972571000865526,7,-0.2518418012900471,-0.2956970771002282,-0.1861815356370016,-0.2445734713424256,0.045003962200874006,13,"{""model__n_neighbors"": 9, ""model__p"": 1, ""model__weights"": ""distance""}",,,,9.0,1.0,distance,,,,,,,,,,,
knn,0.007588863372802734,0.006024670592289439,0.03194888432820638,0.00939505810884315,,"{'model__n_neighbors': 9, 'model__p': 2, 'model__weights': 'uniform'}",0.5833333333333334,0.5476190476190477,0.7760416666666667,0.6356646825396826,0.10032663589649254,1,0.4252525252525252,0.3305611055611056,0.5787878787878787,0.44486716986716984,0.10228288696604489,6,0.6818181818181818,0.5909090909090909,0.7272727272727273,0.6666666666666666,0.05669177858748395,13,0.5208333333333334,0.43333333333333335,0.5520833333333334,0.5020833333333333,0.05025974200756175,15,0.3333333333333333,0.0,0.5,0.27777777777777773,0.20786985482077452,14,0.16666666666666666,0.0,0.16666666666666666,0.1111111111111111,0.07856742013183861,14,0.2222222222222222,0.0,0.25,0.1574074074074074,0.11188005531106085,14,0.05407380704358752,-0.2160246899469287,0.1613743060919757,-0.00019219227045515672,0.1587788809717401,15,0.04938271604938271,-0.16470588235294126,0.1315789473684209,0.005418593688287454,0.12488877217212165,15,-5.181354238075442,-3.7993252365684635,-1.9975254707697443,-3.6594016484712166,1.3035529302027684,5,-0.2312008978675645,-0.2805836139169473,-0.17283950617283952,-0.22820800598578375,0.044037228491020326,2,"{""model__n_neighbors"": 9, ""model__p"": 2, ""model__weights"": ""uniform""}",,,,9.0,2.0,uniform,,,,,,,,,,,
knn,0.005535284678141276,0.0010499099067575886,0.027859608332316082,0.008238385490066459,,"{'model__n_neighbors': 9, 'model__p': 2, 'model__weights': 'distance'}",0.5729166666666666,0.5714285714285714,0.7552083333333334,0.6331845238095238,0.08628600185772363,2,0.43219696969696964,0.3896183181897468,0.5621212121212121,0.4613121666693096,0.07337157998724124,3,0.6818181818181818,0.6363636363636364,0.7272727272727273,0.6818181818181818,0.03711348095126028,10,0.5208333333333334,0.4666666666666667,0.5520833333333334,0.5131944444444444,0.03528707226642362,13,0.3333333333333333,0.0,0.5,0.27777777777777773,0.20786985482077452,14,0.16666666666666666,0.0,0.16666666666666666,0.1111111111111111,0.07856742013183861,14,0.2222222222222222,0.0,0.25,0.1574074074074074,0.11188005531106085,14,0.05407380704358752,-0.14907119849998599,0.1613743060919757,0.02212563821185908,0.1287364671182047,14,0.04938271604938271,-0.08641975308641969,0.1315789473684209,0.03151397011046131,0.0898900343422344,13,-5.188778717086946,-3.793604974320537,-2.0012334276434385,-3.661205706350307,1.3046732458570265,6,-0.2338147313771236,-0.2744541737890829,-0.1739246480264943,-0.2273978510642336,0.0412910696739235,1,"{""model__n_neighbors"": 9, ""model__p"": 2, ""model__weights"": ""distance""}",,,,9.0,2.0,distance,,,,,,,,,,,
knn,0.002987941106160482,0.0007386792530325362,0.02504428227742513,0.008305433200037939,,"{'model__n_neighbors': 15, 'model__p': 1, 'model__weights': 'uniform'}",0.5833333333333333,0.5428571428571429,0.7552083333333335,0.6271329365079366,0.09205817346603316,4,0.452020202020202,0.342687074829932,0.4965127465127465,0.43040667445429354,0.06463199799660112,10,0.7272727272727273,0.6363636363636364,0.7272727272727273,0.6969696969696969,0.04285495643554835,5,0.6041666666666666,0.5047619047619047,0.5520833333333334,0.553670634920635,0.040597342417801906,3,0.5,0.3333333333333333,0.5,0.4444444444444444,0.07856742013183862,9,0.3333333333333333,0.14285714285714285,0.16666666666666666,0.21428571428571427,0.08473871628596279,1,0.4,0.2,0.25,0.2833333333333334,0.08498365855987976,3,0.24056261216234406,0.012926112238824687,0.1613743060919757,0.13828767683104815,0.09435513892498999,7,0.2325581395348837,0.011235955056179914,0.1315789473684209,0.12512434731982816,0.09046960348443675,3,-3.6958877189131,-3.79621839678536,-2.035668275697372,-3.175924797131944,0.8073228442352456,1,-0.22666666666666674,-0.27171717171717175,-0.18747474747474752,-0.22861952861952864,0.03441953672858239,3,"{""model__n_neighbors"": 15, ""model__p"": 1, ""model__weights"": ""uniform""}",,,,15.0,1.0,uniform,,,,,,,,,,,
knn,0.002521991729736328,0.0004990552502682808,0.018405675888061523,0.00809392624317669,,"{'model__n_neighbors': 15, 'model__p': 1, 'model__weights': 'distance'}",0.5833333333333333,0.5428571428571429,0.7500000000000001,0.6253968253968254,0.08964390233867234,5,0.45151515151515154,0.3812152133580705,0.5705868205868206,0.4677723951533476,0.0781606247165999,1,0.6818181818181818,0.6363636363636364,0.7727272727272727,0.6969696969696969,0.05669177858748396,5,0.5208333333333334,0.5047619047619047,0.5833333333333334,0.5363095238095239,0.03389200201306373,9,0.3333333333333333,0.3333333333333333,1.0,0.5555555555555555,0.31426968052735443,5,0.16666666666666666,0.14285714285714285,0.16666666666666666,0.15873015873015872,0.011223917161691228,5,0.2222222222222222,0.2,0.2857142857142857,0.23597883597883595,0.03631958159096404,6,0.05407380704358752,0.012926112238824687,0.3563483225498992,0.14111608061077047,0.15311645170597923,6,0.04938271604938271,0.011235955056179914,0.22535211267605637,0.095323594593873,0.0932536164787713,7,-3.707174080288503,-3.802270825146874,-2.0302217138067054,-3.179888873080694,0.813863944631004,2,-0.23152087612046823,-0.27019823095861245,-0.1846315483057668,-0.22878355179494916,0.03498603534174274,4,"{""model__n_neighbors"": 15, ""model__p"": 1, ""model__weights"": ""distance""}",,,,15.0,1.0,distance,,,,,,,,,,,
knn,0.004344781239827474,0.0034116680520456942,0.02628493309020996,0.0134832813444955,,"{'model__n_neighbors': 15, 'model__p': 2, 'model__weights': 'uniform'}",0.5989583333333333,0.4952380952380952,0.7604166666666667,0.618204365079365,0.10911072660284582,7,0.4353535353535354,0.31861471861471863,0.4898989898989899,0.4146224146224146,0.07144652976141055,13,0.6818181818181818,0.5909090909090909,0.7727272727272727,0.6818181818181818,0.07422696190252052,10,0.5208333333333334,0.43333333333333335,0.6354166666666666,0.5298611111111111,0.0827467783118331,10,0.3333333333333333,0.0,0.6666666666666666,0.3333333333333333,0.2721655269759087,13,0.16666666666666666,0.0,0.3333333333333333,0.16666666666666666,0.13608276348795434,4,0.2222222222222222,0.0,0.4444444444444444,0.2222222222222222,0.18144368465060579,11,0.05407380704358752,-0.2160246899469287,0.35147974578331886,0.06317628762665924,0.2317721043150657,13,0.04938271604938271,-0.16470588235294126,0.32098765432098764,0.06855482933914303,0.1987464554613974,10,-3.6879436295026453,-3.847435813405124,-2.022694637480671,-3.1860246934628136,0.8251715189563346,4,-0.22464646464646468,-0.29111111111111115,-0.18161616161616162,-0.23245791245791247,0.04504109256304083,7,"{""model__n_neighbors"": 15, ""model__p"": 2, ""model__weights"": ""uniform""}",,,,15.0,2.0,uniform,,,,,,,,,,,
knn,0.00446772575378418,0.0021621378790396494,0.015538295110066732,0.004535113847045212,,"{'model__n_neighbors': 15, 'model__p': 2, 'model__weights': 'distance'}",0.6145833333333333,0.5238095238095238,0.7604166666666667,0.632936507936508,0.0974623492304116,3,0.4608164983164983,0.34625097125097126,0.5824915824915825,0.46318635068635067,0.09645938264376902,2,0.6818181818181818,0.5909090909090909,0.7272727272727273,0.6666666666666666,0.05669177858748395,13,0.5208333333333334,0.43333333333333335,0.5520833333333334,0.5020833333333333,0.05025974200756175,15,0.3333333333333333,0.0,0.5,0.27777777777777773,0.20786985482077452,14,0.16666666666666666,0.0,0.16666666666666666,0.1111111111111111,0.07856742013183861,14,0.2222222222222222,0.0,0.25,0.1574074074074074,0.11188005531106085,14,0.05407380704358752,-0.2160246899469287,0.1613743060919757,-0.00019219227045515672,0.1587788809717401,15,0.04938271604938271,-0.16470588235294126,0.1315789473684209,0.005418593688287454,0.12488877217212165,15,-3.6945458832887854,-3.8346949027019246,-2.018486840408583,-3.1825758754664313,0.8251213640295791,3,-0.22680231576777254,-0.2839860246536428,-0.18018107586461116,-0.23032313876200883,0.0424512582788852,5,"{""model__n_neighbors"": 15, ""model__p"": 2, ""model__weights"": ""distance""}",,,,15.0,2.0,distance,,,,,,,,,,,
decision_tree,0.0025842984517415366,0.00045805011227003305,0.022292057673136394,0.007045655837881322,,"{'model__class_weight': None, 'model__max_depth': 2, 'model__min_samples_leaf': 1}",0.7291666666666666,0.6047619047619047,0.6302083333333334,0.6547123015873016,0.0536623365206842,11,0.4797979797979798,0.3939393939393939,0.37626262626262624,0.4166666666666667,0.04522012127462389,13,0.7727272727272727,0.6818181818181818,0.7272727272727273,0.7272727272727272,0.03711348095126028,4,0.6354166666666666,0.5380952380952381,0.5520833333333334,0.5751984126984127,0.04296196213191661,6,0.6666666666666666,0.5,0.5,0.5555555555555555,0.0785674201318386,4,0.3333333333333333,0.14285714285714285,0.16666666666666666,0.21428571428571427,0.08473871628596279,13,0.4444444444444444,0.2222222222222222,0.25,0.3055555555555555,0.09886183566695658,9,0.35147974578331886,0.12344267996967354,0.1613743060919757,0.21209891061498934,0.09976627678140647,4,0.32098765432098764,0.09411764705882342,0.1315789473684209,0.1822280829160773,0.09930257213042458,4,-0.6508365118223565,-0.6911698030274661,-0.6034077176717546,-0.6484713441738591,0.03586773313160379,4,-0.18407853318329517,-0.23450548707592536,-0.20056328243368193,-0.20638243423096747,0.020993908885710184,4,"{""model__class_weight"": null, ""model__max_depth"": 2, ""model__min_samples_leaf"": 1}",,,,,,,2,1.0,,,,,,,,,
decision_tree,0.002692619959513346,0.00047119620035466976,0.03229657808939616,0.0029757964777513677,,"{'model__class_weight': None, 'model__max_depth': 2, 'model__min_samples_leaf': 5}",0.7291666666666666,0.6428571428571429,0.8020833333333334,0.7247023809523809,0.06508042367509144,4,0.4797979797979798,0.43001443001442996,0.5176767676767676,0.47582972582972577,0.0358978331822767,7,0.7727272727272727,0.6818181818181818,0.7272727272727273,0.7272727272727272,0.03711348095126028,4,0.6354166666666666,0.5380952380952381,0.5520833333333334,0.5751984126984127,0.04296196213191661,6,0.6666666666666666,0.5,0.5,0.5555555555555555,0.0785674201318386,4,0.3333333333333333,0.14285714285714285,0.16666666666666666,0.21428571428571427,0.08473871628596279,13,0.4444444444444444,0.2222222222222222,0.25,0.3055555555555555,0.09886183566695658,9,0.35147974578331886,0.12344267996967354,0.1613743060919757,0.21209891061498934,0.09976627678140647,4,0.32098765432098764,0.09411764705882342,0.1315789473684209,0.1822280829160773,0.09930257213042458,4,-0.6508365118223565,-0.8465378685512334,-0.5688075565322323,-0.6887273123019407,0.11650555387128024,5,-0.18407853318329517,-0.24680114899746516,-0.18913081362391282,-0.20667016526822438,0.028451751858425203,5,"{""model__class_weight"": null, ""model__max_depth"": 2, ""model__min_samples_leaf"": 5}",,,,,,,2,5.0,,,,,,,,,
decision_tree,0.003407080968221029,0.0019039735072053315,0.024936993916829426,0.010383927420672906,,"{'model__class_weight': None, 'model__max_depth': 2, 'model__min_samples_leaf': 10}",0.7291666666666666,0.6428571428571429,0.8020833333333334,0.7247023809523809,0.06508042367509144,4,0.4797979797979798,0.43001443001442996,0.5176767676767676,0.47582972582972577,0.0358978331822767,7,0.7727272727272727,0.6818181818181818,0.7272727272727273,0.7272727272727272,0.03711348095126028,4,0.6354166666666666,0.5380952380952381,0.5520833333333334,0.5751984126984127,0.04296196213191661,6,0.6666666666666666,0.5,0.5,0.5555555555555555,0.0785674201318386,4,0.3333333333333333,0.14285714285714285,0.16666666666666666,0.21428571428571427,0.08473871628596279,13,0.4444444444444444,0.2222222222222222,0.25,0.3055555555555555,0.09886183566695658,9,0.35147974578331886,0.12344267996967354,0.1613743060919757,0.21209891061498934,0.09976627678140647,4,0.32098765432098764,0.09411764705882342,0.1315789473684209,0.1822280829160773,0.09930257213042458,4,-0.6508365118223565,-0.8465378685512334,-0.5688075565322323,-0.6887273123019407,0.11650555387128024,5,-0.18407853318329517,-0.24680114899746516,-0.18913081362391282,-0.20667016526822438,0.028451751858425203,5,"{""model__class_weight"": null, ""model__max_depth"": 2, ""model__min_samples_leaf"": 10}",,,,,,,2,10.0,,,,,,,,,
decision_tree,0.0034776528676350913,0.0011045685211244702,0.01677529017130534,0.004286719846058007,,"{'model__class_weight': None, 'model__max_depth': 4, 'model__min_samples_leaf': 1}",0.7135416666666667,0.6333333333333333,0.8020833333333334,0.7163194444444444,0.06891989389640238,6,0.4502978502978503,0.4758297258297258,0.5324915824915826,0.4862063862063863,0.034348301398207555,6,0.7272727272727273,0.6363636363636364,0.6818181818181818,0.6818181818181818,0.03711348095126028,8,0.5520833333333334,0.4666666666666667,0.46875,0.49583333333333335,0.03978384885389586,20,0.5,0.0,0.0,0.16666666666666666,0.23570226039551584,22,0.16666666666666666,0.0,0.0,0.05555555555555555,0.07856742013183861,22,0.25,0.0,0.0,0.08333333333333333,0.11785113019775792,22,0.1613743060919757,-0.14907119849998599,-0.1336306209562122,-0.040442504454740826,0.14284518804906304,20,0.1315789473684209,-0.08641975308641969,-0.08450704225352101,-0.013115949323839934,0.1023177223562976,20,-2.172668357491115,-3.8193866346014405,-0.6668319915763251,-2.2196289945562935,1.2874533442394402,7,-0.21784654648455185,-0.27607119210687686,-0.2154847061281867,-0.23646748157320516,0.02802064701243691,9,"{""model__class_weight"": null, ""model__max_depth"": 4, ""model__min_samples_leaf"": 1}",,,,,,,4,1.0,,,,,,,,,
decision_tree,0.0032412211100260415,0.0007121472717670965,0.010252714157104492,0.0012243251287457834,,"{'model__class_weight': None, 'model__max_depth': 4, 'model__min_samples_leaf': 5}",0.7083333333333334,0.6,0.8177083333333334,0.7086805555555555,0.08887939402414245,7,0.4910894660894661,0.42207792207792205,0.5662878787878788,0.4931517556517557,0.058891525605704056,2,0.7272727272727273,0.6363636363636364,0.6818181818181818,0.6818181818181818,0.03711348095126028,8,0.5520833333333334,0.4666666666666667,0.46875,0.49583333333333335,0.03978384885389586,20,0.5,0.0,0.0,0.16666666666666666,0.23570226039551584,22,0.16666666666666666,0.0,0.0,0.05555555555555555,0.07856742013183861,22,0.25,0.0,0.0,0.08333333333333333,0.11785113019775792,22,0.1613743060919757,-0.14907119849998599,-0.1336306209562122,-0.040442504454740826,0.14284518804906304,20,0.1315789473684209,-0.08641975308641969,-0.08450704225352101,-0.013115949323839934,0.1023177223562976,20,-2.1551753656317776,-5.339600483336722,-0.6436623100553727,-2.712812719674624,1.9572392794934694,9,-0.20833819769048875,-0.28614039046533785,-0.20329213498423754,-0.23259024104668802,0.037921669832068704,8,"{""model__class_weight"": null, ""model__max_depth"": 4, ""model__min_samples_leaf"": 5}",,,,,,,4,5.0,,,,,,,,,
decision_tree,0.0037093162536621094,0.0011393160037930128,0.015819311141967773,0.0016232746539965837,,"{'model__class_weight': None, 'model__max_depth': 4, 'model__min_samples_leaf': 10}",0.7291666666666667,0.5714285714285714,0.7916666666666667,0.697420634920635,0.09267168768378374,8,0.5818302068302068,0.3899350649350649,0.5281926406926407,0.4999859708193042,0.08083995934250464,1,0.7272727272727273,0.6363636363636364,0.6818181818181818,0.6818181818181818,0.03711348095126028,8,0.5520833333333334,0.4666666666666667,0.46875,0.49583333333333335,0.03978384885389586,20,0.5,0.0,0.0,0.16666666666666666,0.23570226039551584,22,0.16666666666666666,0.0,0.0,0.05555555555555555,0.07856742013183861,22,0.25,0.0,0.0,0.08333333333333333,0.11785113019775792,22,0.1613743060919757,-0.14907119849998599,-0.1336306209562122,-0.040442504454740826,0.14284518804906304,20,0.1315789473684209,-0.08641975308641969,-0.08450704225352101,-0.013115949323839934,0.1023177223562976,20,-2.0967444661747705,-5.37138333009032,-0.6198498495192554,-2.695992548594782,1.9855463232168604,8,-0.19209934534270606,-0.29370180606739915,-0.19585794399824277,-0.22721969846944934,0.04703498512782717,7,"{""model__class_weight"": null, ""model__max_depth"": 4, ""model__min_samples_leaf"": 10}",,,,,,,4,10.0,,,,,,,,,
decision_tree,0.004256010055541992,0.001283900156926573,0.013306379318237305,0.0021652328542837015,,"{'model__class_weight': None, 'model__max_depth': 6, 'model__min_samples_leaf': 1}",0.6145833333333334,0.5666666666666668,0.6875,0.6229166666666667,0.04968069339588863,12,0.3577922077922078,0.402056277056277,0.49831649831649827,0.419388327721661,0.05866327097392018,12,0.7272727272727273,0.6363636363636364,0.6818181818181818,0.6818181818181818,0.03711348095126028,8,0.5520833333333334,0.4666666666666667,0.5208333333333334,0.5131944444444444,0.03528707226642363,17,0.5,0.0,0.3333333333333333,0.27777777777777773,0.20786985482077452,17,0.16666666666666666,0.0,0.16666666666666666,0.1111111111111111,0.07856742013183861,19,0.25,0.0,0.2222222222222222,0.1574074074074074,0.11188005531106085,19,0.1613743060919757,-0.14907119849998599,0.05407380704358752,0.02212563821185908,0.1287364671182047,17,0.1315789473684209,-0.08641975308641969,0.04938271604938271,0.03151397011046131,0.0898900343422344,15,-5.325269080758253,-6.9509156877198714,-3.7765757013010526,-5.350920156593059,1.2960457992455279,14,-0.25866750714960873,-0.3089762977015485,-0.25213461930875586,-0.27325947471997103,0.025396039570614103,16,"{""model__class_weight"": null, ""model__max_depth"": 6, ""model__min_samples_leaf"": 1}",,,,,,,6,1.0,,,,,,,,,
decision_tree,0.0027659734090169272,0.00014246773076345045,0.012575387954711914,0.0028211454078594473,,"{'model__class_weight': None, 'model__max_depth': 6, 'model__min_samples_leaf': 5}",0.578125,0.49047619047619045,0.703125,0.5905753968253968,0.08725876587791719,16,0.44191919191919193,0.3201298701298701,0.4361471861471861,0.3993987493987494,0.05610107205194411,15,0.6818181818181818,0.6363636363636364,0.7272727272727273,0.6818181818181818,0.03711348095126028,8,0.5208333333333334,0.4666666666666667,0.65625,0.5479166666666667,0.07973117448768195,11,0.3333333333333333,0.0,0.5,0.27777777777777773,0.20786985482077452,17,0.16666666666666666,0.0,0.5,0.2222222222222222,0.20786985482077452,11,0.2222222222222222,0.0,0.5,0.24074074074074073,0.20454372254050485,16,0.05407380704358752,-0.14907119849998599,0.3125,0.07250086951453384,0.18888560964184908,14,0.04938271604938271,-0.08641975308641969,0.3125,0.091820987654321,0.16559991449926012,11,-5.271033189882943,-8.40970451398165,-5.122982969354101,-6.267906891072898,1.5156852157957785,17,-0.2640059526689563,-0.3101466569224029,-0.2145622702729229,-0.26290495995476065,0.03902992767528405,14,"{""model__class_weight"": null, ""model__max_depth"": 6, ""model__min_samples_leaf"": 5}",,,,,,,6,5.0,,,,,,,,,
decision_tree,0.0033190250396728516,0.0009238150076569897,0.01568158467610677,0.004514981888116189,,"{'model__class_weight': None, 'model__max_depth': 6, 'model__min_samples_leaf': 10}",0.625,0.5523809523809524,0.6822916666666666,0.6198908730158731,0.05315872964033326,13,0.4696969696969697,0.346103896103896,0.41948051948051945,0.4117604617604617,0.05075110132431611,14,0.6818181818181818,0.6363636363636364,0.6818181818181818,0.6666666666666666,0.02142747821777415,14,0.5208333333333334,0.4666666666666667,0.5208333333333334,0.5027777777777778,0.025534411542847562,18,0.3333333333333333,0.0,0.3333333333333333,0.2222222222222222,0.15713484026367722,20,0.16666666666666666,0.0,0.16666666666666666,0.1111111111111111,0.07856742013183861,19,0.2222222222222222,0.0,0.2222222222222222,0.14814814814814814,0.10475656017578482,20,0.05407380704358752,-0.14907119849998599,0.05407380704358752,-0.013641194804270314,0.09576347398935975,19,0.04938271604938271,-0.08641975308641969,0.04938271604938271,0.004115226337448578,0.0640178978852018,19,-5.217613775166511,-6.882798133227288,-3.6299875940535573,-5.243466500815785,1.3280801616136346,13,-0.24719686534769184,-0.30817182505511587,-0.2241338319090783,-0.259834174103962,0.03545299472498143,13,"{""model__class_weight"": null, ""model__max_depth"": 6, ""model__min_samples_leaf"": 10}",,,,,,,6,10.0,,,,,,,,,
decision_tree,0.003765662511189779,0.001323500399896054,0.013509353001912435,0.004509656869022518,,"{'model__class_weight': None, 'model__max_depth': None, 'model__min_samples_leaf': 1}",0.48958333333333337,0.5380952380952381,0.5729166666666666,0.533531746031746,0.03417338346307229,23,0.2689393939393939,0.3441558441558442,0.3151515151515152,0.3094155844155844,0.030973690683616016,23,0.6363636363636364,0.6818181818181818,0.6818181818181818,0.6666666666666666,0.02142747821777415,14,0.4895833333333333,0.5380952380952381,0.5729166666666666,0.533531746031746,0.03417338346307232,13,0.25,0.5,0.4,0.3833333333333333,0.10274023338281628,12,0.16666666666666666,0.14285714285714285,0.3333333333333333,0.21428571428571427,0.08473871628596279,13,0.2,0.2222222222222222,0.36363636363636365,0.26195286195286194,0.07247117898901823,14,-0.024056261216234408,0.12344267996967354,0.15498260496951669,0.08478967457431859,0.07803533396626523,12,-0.023255813953488413,0.09411764705882342,0.15384615384615397,0.07490266231716299,0.07356715063393024,13,-13.106783050588053,-11.468435169264547,-11.468435169264547,-12.014551129705715,0.7723245978843095,23,-0.36363636363636365,-0.3181818181818182,-0.3181818181818182,-0.3333333333333333,0.021427478217774173,22,"{""model__class_weight"": null, ""model__max_depth"": null, ""model__min_samples_leaf"": 1}",,,,,,,,1.0,,,,,,,,,
decision_tree,0.0035866896311442056,0.001581224914252524,0.010664939880371094,0.0012634409023977377,,"{'model__class_weight': None, 'model__max_depth': None, 'model__min_samples_leaf': 5}",0.4479166666666667,0.5476190476190476,0.71875,0.5714285714285714,0.11184168477253408,19,0.3106060606060606,0.42727272727272725,0.4575757575757576,0.39848484848484844,0.06335918470998154,16,0.6818181818181818,0.6818181818181818,0.7727272727272727,0.712121212121212,0.04285495643554835,7,0.5208333333333334,0.5380952380952381,0.6875,0.5821428571428572,0.07483131698367813,4,0.3333333333333333,0.5,0.6,0.4777777777777777,0.10999438818457406,7,0.16666666666666666,0.14285714285714285,0.5,0.2698412698412698,0.1630368141601122,8,0.2222222222222222,0.2222222222222222,0.5454545454545454,0.32996632996632996,0.15237317843750517,8,0.05407380704358752,0.12344267996967354,0.3985266984930429,0.19201439516876798,0.1487470082634311,7,0.04938271604938271,0.09411764705882342,0.39560439560439564,0.17970158623753393,0.15375482828729298,7,-9.935687487040894,-8.351490591479772,-5.117160241961951,-7.80144610682754,2.005236960929102,19,-0.3079663986806844,-0.285205012139536,-0.20917613636363636,-0.26744918239461896,0.042240037086597126,15,"{""model__class_weight"": null, ""model__max_depth"": null, ""model__min_samples_leaf"": 5}",,,,,,,,5.0,,,,,,,,,
decision_tree,0.002513408660888672,0.00026688209829025134,0.017165263493855793,0.007463086799803748,,"{'model__class_weight': None, 'model__max_depth': None, 'model__min_samples_leaf': 10}",0.5104166666666666,0.6000000000000001,0.6927083333333333,0.6010416666666666,0.07442390626723427,14,0.39610389610389607,0.39610389610389607,0.5028138528138528,0.43167388167388165,0.0503035560064889,11,0.6818181818181818,0.6818181818181818,0.6818181818181818,0.6818181818181818,0.0,8,0.5208333333333334,0.5380952380952381,0.5208333333333334,0.5265873015873016,0.008137339942226113,14,0.3333333333333333,0.5,0.3333333333333333,0.38888888888888884,0.07856742013183862,11,0.16666666666666666,0.14285714285714285,0.16666666666666666,0.15873015873015872,0.011223917161691228,18,0.2222222222222222,0.2222222222222222,0.2222222222222222,0.2222222222222222,0.0,18,0.05407380704358752,0.12344267996967354,0.05407380704358752,0.07719676468561619,0.03270080029953555,13,0.04938271604938271,0.09411764705882342,0.04938271604938271,0.06429435971919628,0.021088248715125258,14,-6.819713638675865,-6.819871554840187,-3.6115254751272095,-5.750370222881087,1.5123916264160637,15,-0.2683840488167312,-0.282954475502952,-0.21732405586992076,-0.25622086006320133,0.028140070667909845,12,"{""model__class_weight"": null, ""model__max_depth"": null, ""model__min_samples_leaf"": 10}",,,,,,,,10.0,,,,,,,,,
decision_tree,0.002892653147379557,0.0009343646996278037,0.010220607121785482,0.001393198449605017,,"{'model__class_weight': 'balanced', 'model__max_depth': 2, 'model__min_samples_leaf': 1}",0.7291666666666666,0.6476190476190476,0.8072916666666666,0.7280257936507937,0.06519106539912901,1,0.4797979797979798,0.4538239538239538,0.5454545454545454,0.493025493025493,0.03855962188854285,3,0.7727272727272727,0.7272727272727273,0.7727272727272727,0.7575757575757575,0.021427478217774146,1,0.6354166666666666,0.6095238095238096,0.6354166666666666,0.6267857142857142,0.01220600991333917,1,0.6666666666666666,0.6666666666666666,0.6666666666666666,0.6666666666666666,0.0,1,0.3333333333333333,0.2857142857142857,0.3333333333333333,0.31746031746031744,0.022447834323382456,3,0.4444444444444444,0.4,0.4444444444444444,0.4296296296296296,0.020951312035156943,1,0.35147974578331886,0.29730058149296784,0.35147974578331886,0.3334200243532018,0.025540302979151497,1,0.32098765432098764,0.2584269662921349,0.32098765432098764,0.3001340916447034,0.02949139116059855,1,-0.5484499923410328,-0.673017410036429,-0.44797799545748906,-0.556481799278317,0.09204733192047215,1,-0.1702683914928436,-0.21537408881861425,-0.1455333349215886,-0.17705860507768215,0.028913814191167293,1,"{""model__class_weight"": ""balanced"", ""model__max_depth"": 2, ""model__min_samples_leaf"": 1}",,balanced,,,,,2,1.0,,,,,,,,,
decision_tree,0.002980391184488932,0.001689646933996463,0.01533182462056478,0.0007783560113117033,,"{'model__class_weight': 'balanced', 'model__max_depth': 2, 'model__min_samples_leaf': 5}",0.7291666666666666,0.6476190476190476,0.8072916666666666,0.7280257936507937,0.06519106539912901,1,0.4797979797979798,0.4538239538239538,0.5454545454545454,0.493025493025493,0.03855962188854285,3,0.7727272727272727,0.7272727272727273,0.7727272727272727,0.7575757575757575,0.021427478217774146,1,0.6354166666666666,0.6095238095238096,0.6354166666666666,0.6267857142857142,0.01220600991333917,1,0.6666666666666666,0.6666666666666666,0.6666666666666666,0.6666666666666666,0.0,1,0.3333333333333333,0.2857142857142857,0.3333333333333333,0.31746031746031744,0.022447834323382456,3,0.4444444444444444,0.4,0.4444444444444444,0.4296296296296296,0.020951312035156943,1,0.35147974578331886,0.29730058149296784,0.35147974578331886,0.3334200243532018,0.025540302979151497,1,0.32098765432098764,0.2584269662921349,0.32098765432098764,0.3001340916447034,0.02949139116059855,1,-0.5484499923410328,-0.673017410036429,-0.44797799545748906,-0.556481799278317,0.09204733192047215,1,-0.1702683914928436,-0.21537408881861425,-0.1455333349215886,-0.17705860507768215,0.028913814191167293,1,"{""model__class_weight"": ""balanced"", ""model__max_depth"": 2, ""model__min_samples_leaf"": 5}",,balanced,,,,,2,5.0,,,,,,,,,
decision_tree,0.0038063526153564453,0.0014068324727544348,0.014120260874430338,0.006102396825026632,,"{'model__class_weight': 'balanced', 'model__max_depth': 2, 'model__min_samples_leaf': 10}",0.7291666666666666,0.6476190476190476,0.8072916666666666,0.7280257936507937,0.06519106539912901,1,0.4797979797979798,0.4538239538239538,0.5454545454545454,0.493025493025493,0.03855962188854285,3,0.7727272727272727,0.7272727272727273,0.7727272727272727,0.7575757575757575,0.021427478217774146,1,0.6354166666666666,0.6095238095238096,0.6354166666666666,0.6267857142857142,0.01220600991333917,1,0.6666666666666666,0.6666666666666666,0.6666666666666666,0.6666666666666666,0.0,1,0.3333333333333333,0.2857142857142857,0.3333333333333333,0.31746031746031744,0.022447834323382456,3,0.4444444444444444,0.4,0.4444444444444444,0.4296296296296296,0.020951312035156943,1,0.35147974578331886,0.29730058149296784,0.35147974578331886,0.3334200243532018,0.025540302979151497,1,0.32098765432098764,0.2584269662921349,0.32098765432098764,0.3001340916447034,0.02949139116059855,1,-0.5493730826207208,-0.673017410036429,-0.44797799545748906,-0.5567894960382129,0.09202150806375782,3,-0.1705839463579743,-0.21537408881861425,-0.1455333349215886,-0.17716379003272573,0.028889484630390466,3,"{""model__class_weight"": ""balanced"", ""model__max_depth"": 2, ""model__min_samples_leaf"": 10}",,balanced,,,,,2,10.0,,,,,,,,,
decision_tree,0.003587643305460612,0.0010964154298212679,0.01858043670654297,0.004533828044168002,,"{'model__class_weight': 'balanced', 'model__max_depth': 4, 'model__min_samples_leaf': 1}",0.671875,0.4619047619047619,0.6614583333333333,0.5984126984126984,0.09661931926673958,15,0.393948643948644,0.29882498453927026,0.4637085137085137,0.3854940473988093,0.06757837277286052,17,0.6363636363636364,0.5,0.7272727272727273,0.6212121212121212,0.09340021216619662,20,0.5416666666666666,0.40476190476190477,0.5520833333333334,0.4995039682539682,0.06712759334363058,19,0.3333333333333333,0.16666666666666666,0.5,0.3333333333333333,0.13608276348795434,14,0.3333333333333333,0.14285714285714285,0.16666666666666666,0.21428571428571427,0.08473871628596279,13,0.3333333333333333,0.15384615384615385,0.25,0.24572649572649574,0.07333761667406202,15,0.08333333333333333,-0.19920476822239894,0.1613743060919757,0.015167623734303365,0.15489618067640723,18,0.08333333333333326,-0.19801980198019797,0.1315789473684209,0.005630826240518731,0.1453434864941783,18,-2.2483604084518523,-7.129095798166716,-2.125721257033146,-3.8343924878839046,2.3302449824652287,12,-0.2617607914881092,-0.3906447225602477,-0.19256878452856138,-0.2816580995256394,0.08207901257178306,17,"{""model__class_weight"": ""balanced"", ""model__max_depth"": 4, ""model__min_samples_leaf"": 1}",,balanced,,,,,4,1.0,,,,,,,,,
decision_tree,0.0036548773447672525,0.0011013506603171621,0.013544082641601562,0.004894930256780262,,"{'model__class_weight': 'balanced', 'model__max_depth': 4, 'model__min_samples_leaf': 5}",0.6666666666666667,0.5571428571428572,0.8229166666666667,0.6822420634920636,0.10905923221473424,9,0.404978354978355,0.3661255411255411,0.5662878787878788,0.4457972582972583,0.08666363137914852,9,0.6818181818181818,0.5454545454545454,0.7727272727272727,0.6666666666666666,0.09340021216619662,14,0.5729166666666666,0.47619047619047616,0.6354166666666666,0.5615079365079364,0.06550248990822696,9,0.4,0.2857142857142857,0.6666666666666666,0.4507936507936508,0.15961657257113057,8,0.3333333333333333,0.2857142857142857,0.3333333333333333,0.31746031746031744,0.022447834323382456,3,0.36363636363636365,0.2857142857142857,0.4444444444444444,0.3645983645983646,0.06480488616873224,5,0.15498260496951669,-0.047619047619047616,0.35147974578331886,0.15294776771126264,0.1629377532388916,9,0.15384615384615397,-0.04761904761904767,0.32098765432098764,0.14240492018269799,0.15070036839057796,9,-2.2223425476284193,-5.505111095278502,-0.5016852023241847,-2.743046281743702,2.075558872627262,10,-0.24627993781180624,-0.34696240812865786,-0.14881785211847146,-0.2473533993529785,0.08089573746034154,10,"{""model__class_weight"": ""balanced"", ""model__max_depth"": 4, ""model__min_samples_leaf"": 5}",,balanced,,,,,4,5.0,,,,,,,,,
decision_tree,0.0034119288126627603,0.0008736356941883987,0.013488292694091797,0.0020271617980760228,,"{'model__class_weight': 'balanced', 'model__max_depth': 4, 'model__min_samples_leaf': 10}",0.6822916666666667,0.5238095238095238,0.8177083333333334,0.6746031746031748,0.12010679204368059,10,0.4123857623857624,0.32326839826839826,0.5662878787878788,0.4339806798140131,0.10038051710712018,10,0.6818181818181818,0.5454545454545454,0.7727272727272727,0.6666666666666666,0.09340021216619662,14,0.5729166666666666,0.47619047619047616,0.6354166666666666,0.5615079365079364,0.06550248990822696,9,0.4,0.2857142857142857,0.6666666666666666,0.4507936507936508,0.15961657257113057,8,0.3333333333333333,0.2857142857142857,0.3333333333333333,0.31746031746031744,0.022447834323382456,3,0.36363636363636365,0.2857142857142857,0.4444444444444444,0.3645983645983646,0.06480488616873224,5,0.15498260496951669,-0.047619047619047616,0.35147974578331886,0.15294776771126264,0.1629377532388916,9,0.15384615384615397,-0.04761904761904767,0.32098765432098764,0.14240492018269799,0.15070036839057796,9,-2.229084311125861,-5.517321183033916,-0.522274325218065,-2.756226606459281,2.073006275531752,11,-0.24462944302694484,-0.3476580654267067,-0.15372360644524866,-0.2486703716329667,0.07922495576145575,11,"{""model__class_weight"": ""balanced"", ""model__max_depth"": 4, ""model__min_samples_leaf"": 10}",,balanced,,,,,4,10.0,,,,,,,,,
decision_tree,0.0033966700236002603,0.0008563736569124811,0.01163339614868164,0.002523464958262342,,"{'model__class_weight': 'balanced', 'model__max_depth': 6, 'model__min_samples_leaf': 1}",0.5,0.5000000000000001,0.625,0.5416666666666666,0.05892556509887893,21,0.2673160173160173,0.31158008658008657,0.38636363636363635,0.32175324675324674,0.04913046435195674,22,0.5909090909090909,0.5,0.6818181818181818,0.5909090909090908,0.07422696190252052,24,0.5104166666666666,0.36666666666666664,0.5729166666666666,0.4833333333333332,0.08635159073359461,23,0.2857142857142857,0.0,0.4,0.22857142857142856,0.1682240165014828,19,0.3333333333333333,0.0,0.3333333333333333,0.2222222222222222,0.15713484026367722,11,0.3076923076923077,0.0,0.36363636363636365,0.22377622377622378,0.15987345640542888,17,0.019920476822239894,-0.32203059435976533,0.15498260496951669,-0.04904250418933625,0.20075244730113354,23,0.01980198019801982,-0.30107526881720426,0.15384615384615397,-0.04247571159101016,0.19087038948012253,23,-11.748440701019963,-11.832615476415581,-5.279166492990866,-9.62007422347547,3.0696776477494585,22,-0.4026225053683214,-0.43603265860305124,-0.2593908568868565,-0.36601534028607635,0.07661873108626863,23,"{""model__class_weight"": ""balanced"", ""model__max_depth"": 6, ""model__min_samples_leaf"": 1}",,balanced,,,,,6,1.0,,,,,,,,,
decision_tree,0.003965298334757487,0.0011797982136749275,0.026249408721923828,0.009811878055650309,,"{'model__class_weight': 'balanced', 'model__max_depth': 6, 'model__min_samples_leaf': 5}",0.5364583333333333,0.49047619047619045,0.703125,0.5766865079365079,0.09135501654498232,17,0.32525252525252524,0.3119202226345083,0.43614718614718606,0.35777331134473983,0.055685340751624075,20,0.6818181818181818,0.5,0.7272727272727273,0.6363636363636364,0.09819304088496758,19,0.5729166666666666,0.40476190476190477,0.65625,0.5446428571428571,0.10459802974678127,12,0.4,0.16666666666666666,0.5,0.35555555555555557,0.1396645009997393,13,0.3333333333333333,0.14285714285714285,0.5,0.3253968253968254,0.145910923101986,2,0.36363636363636365,0.15384615384615385,0.5,0.33916083916083917,0.14237253896155477,7,0.15498260496951669,-0.19920476822239894,0.3125,0.08942594558237259,0.21398395445747215,11,0.15384615384615397,-0.19801980198019797,0.3125,0.08944211728865199,0.21333624007991106,12,-6.885638111315303,-11.705611768852874,-5.161084817404871,-7.917444899191016,2.7696181674480114,20,-0.2855898293043076,-0.4086934768435336,-0.2258572713306651,-0.3067135258261688,0.07612239016937017,20,"{""model__class_weight"": ""balanced"", ""model__max_depth"": 6, ""model__min_samples_leaf"": 5}",,balanced,,,,,6,5.0,,,,,,,,,
decision_tree,0.008315324783325195,0.004341837058616407,0.023769934972127277,0.007861956821108467,,"{'model__class_weight': 'balanced', 'model__max_depth': 6, 'model__min_samples_leaf': 10}",0.5572916666666666,0.45714285714285713,0.6927083333333334,0.5690476190476191,0.09652780326758666,20,0.41414141414141414,0.29882498453927026,0.41948051948051945,0.3774823060537346,0.05566181924400171,18,0.6363636363636364,0.5,0.7272727272727273,0.6212121212121212,0.09340021216619662,20,0.4895833333333333,0.40476190476190477,0.65625,0.5168650793650794,0.10446621706410429,15,0.25,0.16666666666666666,0.5,0.3055555555555555,0.14163943093313291,15,0.16666666666666666,0.14285714285714285,0.5,0.2698412698412698,0.1630368141601122,8,0.2,0.15384615384615385,0.5,0.28461538461538466,0.1534610564866154,12,-0.024056261216234408,-0.19920476822239894,0.3125,0.02974632352045555,0.2123385363810132,15,-0.023255813953488413,-0.19801980198019797,0.3125,0.030408128022104536,0.21184503936406757,16,-5.361632719443217,-7.129343231376558,-5.137615768326811,-5.8761972397155295,0.8908150035815334,16,-0.3005027242499895,-0.3936121506807654,-0.21719790645461493,-0.3037709271284566,0.07205788068866158,18,"{""model__class_weight"": ""balanced"", ""model__max_depth"": 6, ""model__min_samples_leaf"": 10}",,balanced,,,,,6,10.0,,,,,,,,,
decision_tree,0.005502065022786458,0.0012874096155971893,0.018382151921590168,0.004998050817985385,,"{'model__class_weight': 'balanced', 'model__max_depth': None, 'model__min_samples_leaf': 1}",0.5208333333333334,0.3666666666666667,0.48958333333333337,0.4590277777777778,0.06654357849940273,24,0.2828282828282828,0.3181818181818182,0.2689393939393939,0.28998316498316495,0.02072998376435144,24,0.6818181818181818,0.5,0.6363636363636364,0.606060606060606,0.07725787141807249,23,0.5208333333333334,0.36666666666666664,0.4895833333333333,0.45902777777777776,0.06654357849940275,24,0.3333333333333333,0.0,0.25,0.19444444444444442,0.1416394309331329,21,0.16666666666666666,0.0,0.16666666666666666,0.1111111111111111,0.07856742013183861,19,0.2222222222222222,0.0,0.2,0.14074074074074075,0.09993138935727437,21,0.05407380704358752,-0.32203059435976533,-0.024056261216234408,-0.09733768284413741,0.16205195721454782,24,0.04938271604938271,-0.30107526881720426,-0.023255813953488413,-0.09164945557376998,0.15102641590077293,24,-11.468435169264547,-18.021826694558573,-13.106783050588053,-14.19901497147039,2.7846559389739856,24,-0.3181818181818182,-0.5,-0.36363636363636365,-0.39393939393939387,0.0772578714180725,24,"{""model__class_weight"": ""balanced"", ""model__max_depth"": null, ""model__min_samples_leaf"": 1}",,balanced,,,,,,1.0,,,,,,,,,
decision_tree,0.005677858988444011,0.002039168943127509,0.014534870783487955,0.0030637676776127222,,"{'model__class_weight': 'balanced', 'model__max_depth': None, 'model__min_samples_leaf': 5}",0.49999999999999994,0.4761904761904762,0.7395833333333333,0.5719246031746031,0.11895043983339582,18,0.3207070707070707,0.31060606060606055,0.4686868686868686,0.36666666666666664,0.07225694345619339,19,0.6363636363636364,0.5454545454545454,0.8181818181818182,0.6666666666666666,0.11338355717496797,14,0.4895833333333333,0.47619047619047616,0.7708333333333333,0.5788690476190476,0.1358493219169905,5,0.25,0.2857142857142857,0.6666666666666666,0.40079365079365076,0.18856514873836067,10,0.16666666666666666,0.2857142857142857,0.6666666666666666,0.373015873015873,0.21325442607213335,1,0.2,0.2857142857142857,0.6666666666666666,0.3841269841269841,0.20282708374556555,4,-0.024056261216234408,-0.047619047619047616,0.5416666666666666,0.15666378594379485,0.27240804546298863,8,-0.023255813953488413,-0.04761904761904767,0.5416666666666666,0.15693060169804351,0.2722312393956237,8,-8.459152144182317,-13.22300615631268,-5.07358433439858,-8.91858087829786,3.3428107015076085,21,-0.31398732515808714,-0.40812154871767387,-0.19061944731982122,-0.30424277373186076,0.08906180715283898,19,"{""model__class_weight"": ""balanced"", ""model__max_depth"": null, ""model__min_samples_leaf"": 5}",,balanced,,,,,,5.0,,,,,,,,,
decision_tree,0.005761384963989258,0.0002541086497223377,0.017455259958902996,0.002306232050395565,,"{'model__class_weight': 'balanced', 'model__max_depth': None, 'model__min_samples_leaf': 10}",0.5104166666666666,0.4857142857142858,0.625,0.5403769841269842,0.060681370110672664,22,0.39610389610389607,0.3047773654916512,0.3696969696969697,0.35685941043083896,0.0383730460466796,21,0.6363636363636364,0.5,0.7272727272727273,0.6212121212121212,0.09340021216619662,20,0.4895833333333333,0.40476190476190477,0.65625,0.5168650793650794,0.10446621706410429,15,0.25,0.16666666666666666,0.5,0.3055555555555555,0.14163943093313291,15,0.16666666666666666,0.14285714285714285,0.5,0.2698412698412698,0.1630368141601122,8,0.2,0.15384615384615385,0.5,0.28461538461538466,0.1534610564866154,12,-0.024056261216234408,-0.19920476822239894,0.3125,0.02974632352045555,0.2123385363810132,15,-0.023255813953488413,-0.19801980198019797,0.3125,0.030408128022104536,0.21184503936406757,16,-6.925736359866818,-7.116048765707683,-6.757080021846423,-6.932955049140308,0.14663724373080947,18,-0.31825452047161146,-0.39068909905232696,-0.2550888078517341,-0.3213441424585575,0.0554016790746638,21,"{""model__class_weight"": ""balanced"", ""model__max_depth"": null, ""model__min_samples_leaf"": 10}",,balanced,,,,,,10.0,,,,,,,,,
random_forest,0.37579838434855145,0.017128259251570972,0.04645458857218424,0.008857399622052217,,"{'model__class_weight': None, 'model__max_depth': 4, 'model__max_features': 'sqrt', 'model__min_samples_leaf': 1}",0.7395833333333333,0.638095238095238,0.71875,0.6988095238095239,0.0437658566448884,16,0.5707163207163207,0.4681208515794981,0.4722222222222222,0.5036864648393471,0.04742683132611152,12,0.7272727272727273,0.6818181818181818,0.7272727272727273,0.7121212121212123,0.0214274782177742,2,0.5520833333333334,0.5380952380952381,0.5520833333333334,0.547420634920635,0.0065940513324936265,16,0.5,0.5,0.5,0.5,0.0,2,0.16666666666666666,0.14285714285714285,0.16666666666666666,0.15873015873015872,0.011223917161691228,18,0.25,0.2222222222222222,0.25,0.24074074074074073,0.013094570021973107,16,0.1613743060919757,0.12344267996967354,0.1613743060919757,0.14873043071787498,0.01788114003500843,9,0.1315789473684209,0.09411764705882342,0.1315789473684209,0.11909184726522175,0.01765942632065473,14,-0.5882277380383317,-0.7767110019371333,-0.6018436660252093,-0.655594135333558,0.0858227627366894,5,-0.18883096986434147,-0.243403726731887,-0.19775116159769004,-0.2099952860646395,0.02390237625568739,2,"{""model__class_weight"": null, ""model__max_depth"": 4, ""model__max_features"": ""sqrt"", ""model__min_samples_leaf"": 1}",,,,,,,4,1.0,sqrt,,,,,,,,
random_forest,0.3811122576395671,0.012475188902374465,0.05712993939717611,0.01055942749124402,,"{'model__class_weight': None, 'model__max_depth': 4, 'model__max_features': 'sqrt', 'model__min_samples_leaf': 5}",0.75,0.6476190476190475,0.7604166666666667,0.719345238095238,0.05089604789032372,5,0.576058201058201,0.4726996061582528,0.5003306878306878,0.5163628316823806,0.04369227248445602,4,0.7272727272727273,0.7272727272727273,0.7272727272727273,0.7272727272727272,1.1102230246251565e-16,1,0.5520833333333334,0.6095238095238096,0.5520833333333334,0.5712301587301588,0.0270777001525801,6,0.5,0.6666666666666666,0.5,0.5555555555555555,0.0785674201318386,1,0.16666666666666666,0.2857142857142857,0.16666666666666666,0.2063492063492063,0.05611958580845615,12,0.25,0.4,0.25,0.3,0.07071067811865477,11,0.1613743060919757,0.29730058149296784,0.1613743060919757,0.2066830645589731,0.0640762607183145,1,0.1315789473684209,0.2584269662921349,0.1315789473684209,0.17386162034299224,0.05979672957402512,4,-0.5934291959597199,-0.7848554994778566,-0.587613339839717,-0.6552993450924312,0.09164079841045067,4,-0.19095069719817753,-0.24466296124255174,-0.19493806178396175,-0.2101839067415637,0.024434656651930137,3,"{""model__class_weight"": null, ""model__max_depth"": 4, ""model__max_features"": ""sqrt"", ""model__min_samples_leaf"": 5}",,,,,,,4,5.0,sqrt,,,,,,,,
random_forest,0.47497304280598956,0.03959975283141933,0.03546269734700521,0.007332007311635513,,"{'model__class_weight': None, 'model__max_depth': 4, 'model__max_features': 0.75, 'model__min_samples_leaf': 1}",0.7604166666666667,0.638095238095238,0.78125,0.7265873015873016,0.0631487182253501,3,0.5972222222222222,0.47006802721088436,0.5396825396825397,0.535657596371882,0.051988443932190924,1,0.7272727272727273,0.6818181818181818,0.7272727272727273,0.7121212121212123,0.0214274782177742,2,0.5520833333333334,0.5380952380952381,0.5520833333333334,0.547420634920635,0.0065940513324936265,16,0.5,0.5,0.5,0.5,0.0,2,0.16666666666666666,0.14285714285714285,0.16666666666666666,0.15873015873015872,0.011223917161691228,18,0.25,0.2222222222222222,0.25,0.24074074074074073,0.013094570021973107,16,0.1613743060919757,0.12344267996967354,0.1613743060919757,0.14873043071787498,0.01788114003500843,9,0.1315789473684209,0.09411764705882342,0.1315789473684209,0.11909184726522175,0.01765942632065473,14,-0.6276123009716839,-0.8445883837082007,-0.609676794651111,-0.6939591597769986,0.10676233082047559,11,-0.19212022728840242,-0.25224551841116255,-0.2008440676376516,-0.2150699377790722,0.026527271427841774,7,"{""model__class_weight"": null, ""model__max_depth"": 4, ""model__max_features"": 0.75, ""model__min_samples_leaf"": 1}",,,,,,,4,1.0,0.75,,,,,,,,
random_forest,0.4146119753519694,0.005567348533802933,0.03433871269226074,0.00656581011418382,,"{'model__class_weight': None, 'model__max_depth': 4, 'model__max_features': 0.75, 'model__min_samples_leaf': 5}",0.7291666666666666,0.6857142857142857,0.7708333333333334,0.7285714285714286,0.03475225458571901,1,0.5429385429385429,0.4938052143934496,0.5119047619047619,0.5162161730789182,0.020288949261679384,5,0.7272727272727273,0.6818181818181818,0.7272727272727273,0.7121212121212123,0.0214274782177742,2,0.5520833333333334,0.5761904761904761,0.5520833333333334,0.5601190476190476,0.01136421612621233,10,0.5,0.5,0.5,0.5,0.0,2,0.16666666666666666,0.2857142857142857,0.16666666666666666,0.2063492063492063,0.05611958580845615,12,0.25,0.36363636363636365,0.25,0.2878787878787879,0.05356869554443542,12,0.1613743060919757,0.18401748249129446,0.1613743060919757,0.16892203155841526,0.01067409571970766,5,0.1315789473684209,0.17204301075268824,0.1315789473684209,0.14506696849651002,0.019074942408918473,8,-0.6276601658982698,-0.8190130077875589,-0.5974174808314117,-0.6813635515057467,0.09811280789996167,9,-0.19350608544766398,-0.24995241171322694,-0.1988487775239606,-0.2141024248949505,0.025443430793408814,6,"{""model__class_weight"": null, ""model__max_depth"": 4, ""model__max_features"": 0.75, ""model__min_samples_leaf"": 5}",,,,,,,4,5.0,0.75,,,,,,,,
random_forest,0.33713269233703613,0.005852911170121776,0.03838698069254557,0.0064849047367533125,,"{'model__class_weight': None, 'model__max_depth': 8, 'model__max_features': 'sqrt', 'model__min_samples_leaf': 1}",0.7604166666666667,0.6285714285714286,0.7083333333333334,0.6991071428571428,0.05421951459960225,15,0.5742063492063492,0.46403921892643696,0.5433723196881092,0.5272059626069651,0.046405549053851164,2,0.6818181818181818,0.6818181818181818,0.6818181818181818,0.6818181818181818,0.0,16,0.5208333333333334,0.5380952380952381,0.5208333333333334,0.5265873015873016,0.008137339942226113,21,0.3333333333333333,0.5,0.3333333333333333,0.38888888888888884,0.07856742013183862,20,0.16666666666666666,0.14285714285714285,0.16666666666666666,0.15873015873015872,0.011223917161691228,18,0.2222222222222222,0.2222222222222222,0.2222222222222222,0.2222222222222222,0.0,21,0.05407380704358752,0.12344267996967354,0.05407380704358752,0.07719676468561619,0.03270080029953555,20,0.04938271604938271,0.09411764705882342,0.04938271604938271,0.06429435971919628,0.021088248715125258,21,-0.612674499972924,-0.875186132284313,-0.7121482642611795,-0.7333362988394722,0.10821210308668701,17,-0.19553331879498323,-0.2554651707346399,-0.2038145426022968,-0.21827101071064,0.026516646618742354,12,"{""model__class_weight"": null, ""model__max_depth"": 8, ""model__max_features"": ""sqrt"", ""model__min_samples_leaf"": 1}",,,,,,,8,1.0,sqrt,,,,,,,,
random_forest,0.31827441851298016,0.006665827324650276,0.04133137067159017,0.0032880316837586828,,"{'model__class_weight': None, 'model__max_depth': 8, 'model__max_features': 'sqrt', 'model__min_samples_leaf': 5}",0.71875,0.638095238095238,0.7291666666666666,0.6953373015873016,0.04069903447448668,17,0.5355311355311355,0.44617346938775504,0.47549019607843135,0.4857316003324406,0.0371919605602115,20,0.7272727272727273,0.6818181818181818,0.6818181818181818,0.6969696969696969,0.0214274782177742,5,0.5520833333333334,0.5380952380952381,0.5208333333333334,0.5370039682539683,0.012781073961130934,18,0.5,0.5,0.3333333333333333,0.4444444444444444,0.07856742013183862,8,0.16666666666666666,0.14285714285714285,0.16666666666666666,0.15873015873015872,0.011223917161691228,18,0.25,0.2222222222222222,0.2222222222222222,0.23148148148148148,0.013094570021973107,18,0.1613743060919757,0.12344267996967354,0.05407380704358752,0.11296359770174558,0.0444275263614184,18,0.1315789473684209,0.09411764705882342,0.04938271604938271,0.09169310349220901,0.03360023729472772,18,-0.6336078830030111,-0.8262768460596255,-0.6324158314072582,-0.6974335201566316,0.09110728920366565,12,-0.19871958720670968,-0.25032345013622126,-0.19920694093639496,-0.21608332609310862,0.024212241384339233,9,"{""model__class_weight"": null, ""model__max_depth"": 8, ""model__max_features"": ""sqrt"", ""model__min_samples_leaf"": 5}",,,,,,,8,5.0,sqrt,,,,,,,,
random_forest,0.522418737411499,0.010026860776188218,0.0374302864074707,0.002787790537037351,,"{'model__class_weight': None, 'model__max_depth': 8, 'model__max_features': 0.75, 'model__min_samples_leaf': 1}",0.6770833333333333,0.6571428571428571,0.6875000000000001,0.6739087301587302,0.012594909278471643,24,0.515079365079365,0.44692351299494154,0.4595238095238095,0.473842229199372,0.029609321728611134,23,0.7272727272727273,0.5909090909090909,0.6818181818181818,0.6666666666666666,0.05669177858748395,22,0.5520833333333334,0.43333333333333335,0.5208333333333334,0.5020833333333333,0.05025974200756176,24,0.5,0.0,0.3333333333333333,0.27777777777777773,0.20786985482077452,22,0.16666666666666666,0.0,0.16666666666666666,0.1111111111111111,0.07856742013183861,24,0.25,0.0,0.2222222222222222,0.1574074074074074,0.11188005531106085,24,0.1613743060919757,-0.2160246899469287,0.05407380704358752,-0.00019219227045515902,0.15877888097174006,23,0.1315789473684209,-0.16470588235294126,0.04938271604938271,0.005418593688287454,0.12488877217212165,24,-0.702874866186177,-0.9541391601834874,-0.7475719700582805,-0.8015286654759817,0.10944383672243538,21,-0.2069338536428366,-0.26512187010986726,-0.21634954749643828,-0.22946842374971407,0.0255021567807304,22,"{""model__class_weight"": null, ""model__max_depth"": 8, ""model__max_features"": 0.75, ""model__min_samples_leaf"": 1}",,,,,,,8,1.0,0.75,,,,,,,,
random_forest,0.47751569747924805,0.013940234528059283,0.0397944450378418,0.003341570750095963,,"{'model__class_weight': None, 'model__max_depth': 8, 'model__max_features': 0.75, 'model__min_samples_leaf': 5}",0.7291666666666667,0.6761904761904762,0.75,0.718452380952381,0.031070440293229137,7,0.5521978021978022,0.4590266875981161,0.4910714285714285,0.500765306122449,0.03864964506449872,13,0.6818181818181818,0.6363636363636364,0.7272727272727273,0.6818181818181818,0.03711348095126028,16,0.5208333333333334,0.5047619047619047,0.5520833333333334,0.5258928571428573,0.019647366004879787,22,0.3333333333333333,0.3333333333333333,0.5,0.38888888888888884,0.07856742013183862,20,0.16666666666666666,0.14285714285714285,0.16666666666666666,0.15873015873015872,0.011223917161691228,18,0.2222222222222222,0.2,0.25,0.2240740740740741,0.020454372254050477,20,0.05407380704358752,0.012926112238824687,0.1613743060919757,0.07612474179146263,0.06257741529235054,21,0.04938271604938271,0.011235955056179914,0.1315789473684209,0.06406587282466118,0.05021490661368447,22,-0.6843509589238655,-0.8392655813527896,-0.6238362698025526,-0.7158176033597359,0.09071956552215327,15,-0.20480441073109767,-0.24967625200307905,-0.2003181059879988,-0.21826625624072518,0.02228560982495662,11,"{""model__class_weight"": null, ""model__max_depth"": 8, ""model__max_features"": 0.75, ""model__min_samples_leaf"": 5}",,,,,,,8,5.0,0.75,,,,,,,,
random_forest,0.3428970177968343,0.012933112442827828,0.04337954521179199,0.006547417753580206,,"{'model__class_weight': None, 'model__max_depth': None, 'model__max_features': 'sqrt', 'model__min_samples_leaf': 1}",0.7239583333333334,0.6476190476190475,0.703125,0.6915674603174603,0.032219085218515554,19,0.5226851851851851,0.47324263038548753,0.5288359788359788,0.5082545981355505,0.02488421829101391,8,0.7272727272727273,0.6818181818181818,0.6818181818181818,0.6969696969696969,0.0214274782177742,5,0.5520833333333334,0.5380952380952381,0.5208333333333334,0.5370039682539683,0.012781073961130934,18,0.5,0.5,0.3333333333333333,0.4444444444444444,0.07856742013183862,8,0.16666666666666666,0.14285714285714285,0.16666666666666666,0.15873015873015872,0.011223917161691228,18,0.25,0.2222222222222222,0.2222222222222222,0.23148148148148148,0.013094570021973107,18,0.1613743060919757,0.12344267996967354,0.05407380704358752,0.11296359770174558,0.0444275263614184,18,0.1315789473684209,0.09411764705882342,0.04938271604938271,0.09169310349220901,0.03360023729472772,18,-0.6746466894415872,-0.9711044464216015,-0.6762404429134038,-0.7739971929255308,0.13937739426488893,19,-0.20734494949494947,-0.2597843434343435,-0.2025308080808081,-0.2232200336700337,0.025929462660509547,16,"{""model__class_weight"": null, ""model__max_depth"": null, ""model__max_features"": ""sqrt"", ""model__min_samples_leaf"": 1}",,,,,,,,1.0,sqrt,,,,,,,,
random_forest,0.33066368103027344,0.00848270235780813,0.04358426729838053,0.0092290836785074,,"{'model__class_weight': None, 'model__max_depth': None, 'model__max_features': 'sqrt', 'model__min_samples_leaf': 5}",0.7395833333333333,0.6857142857142857,0.7604166666666666,0.7285714285714285,0.031475471559640485,2,0.5482804232804233,0.4872776033490319,0.488095238095238,0.5078844215748978,0.028566237028925908,9,0.7272727272727273,0.6818181818181818,0.6818181818181818,0.6969696969696969,0.0214274782177742,5,0.5520833333333334,0.5761904761904761,0.5208333333333334,0.549702380952381,0.022662083120001723,14,0.5,0.5,0.3333333333333333,0.4444444444444444,0.07856742013183862,8,0.16666666666666666,0.2857142857142857,0.16666666666666666,0.2063492063492063,0.05611958580845615,12,0.25,0.36363636363636365,0.2222222222222222,0.2786195286195286,0.061176236736049244,14,0.1613743060919757,0.18401748249129446,0.05407380704358752,0.13315519854228589,0.05667790998493427,14,0.1315789473684209,0.17204301075268824,0.04938271604938271,0.11766822472349729,0.051032787679774615,16,-0.6181470920997458,-0.8308175992153896,-0.6149337937355281,-0.6879661616835545,0.1010197380887458,10,-0.19772544125342864,-0.2504461530972895,-0.2003815532680244,-0.21618438253958086,0.02425098519057627,10,"{""model__class_weight"": null, ""model__max_depth"": null, ""model__max_features"": ""sqrt"", ""model__min_samples_leaf"": 5}",,,,,,,,5.0,sqrt,,,,,,,,
random_forest,0.5851451555887858,0.027177710760415513,0.044074058532714844,0.006915367907860285,,"{'model__class_weight': None, 'model__max_depth': None, 'model__max_features': 0.75, 'model__min_samples_leaf': 1}",0.6614583333333333,0.6619047619047619,0.75,0.6911210317460318,0.041634116632125955,20,0.5083184789067142,0.4463434226592121,0.49107142857142855,0.48191111004578496,0.026117177946563562,22,0.6818181818181818,0.5909090909090909,0.6818181818181818,0.6515151515151515,0.0428549564355483,24,0.5208333333333334,0.43333333333333335,0.5729166666666666,0.5090277777777777,0.05759285310170924,23,0.3333333333333333,0.0,0.4,0.24444444444444446,0.17497795275581804,24,0.16666666666666666,0.0,0.3333333333333333,0.16666666666666666,0.13608276348795434,16,0.2222222222222222,0.0,0.36363636363636365,0.19528619528619529,0.14967077960197217,23,0.05407380704358752,-0.2160246899469287,0.15498260496951669,-0.002322759311274828,0.15662488678956987,24,0.04938271604938271,-0.16470588235294126,0.15384615384615397,0.012840995847531808,0.13259040419811732,23,-0.7594768638693925,-0.9304033940860638,-0.7356631565671932,-0.8085144715075497,0.0867350573081878,22,-0.21325858585858584,-0.256060101010101,-0.21551616161616158,-0.2282782828282828,0.019666320248773905,19,"{""model__class_weight"": null, ""model__max_depth"": null, ""model__max_features"": 0.75, ""model__min_samples_leaf"": 1}",,,,,,,,1.0,0.75,,,,,,,,
random_forest,0.5574091275533041,0.0372059638236686,0.047516187032063804,0.009921075839343848,,"{'model__class_weight': None, 'model__max_depth': None, 'model__max_features': 0.75, 'model__min_samples_leaf': 5}",0.7291666666666667,0.6666666666666667,0.75,0.7152777777777778,0.03540985773328321,8,0.5521978021978022,0.45486002093144945,0.4910714285714285,0.49937641723356013,0.04016956180138294,15,0.6818181818181818,0.6818181818181818,0.7272727272727273,0.6969696969696969,0.0214274782177742,5,0.5208333333333334,0.5761904761904761,0.5520833333333334,0.549702380952381,0.022662083120001723,14,0.3333333333333333,0.5,0.5,0.4444444444444444,0.07856742013183862,8,0.16666666666666666,0.2857142857142857,0.16666666666666666,0.2063492063492063,0.05611958580845615,12,0.2222222222222222,0.36363636363636365,0.25,0.2786195286195286,0.06117623673604924,14,0.05407380704358752,0.18401748249129446,0.1613743060919757,0.13315519854228589,0.05667790998493428,14,0.04938271604938271,0.17204301075268824,0.1315789473684209,0.11766822472349729,0.051032787679774615,16,-0.6891709081542601,-0.8560763475703734,-0.6268639687788361,-0.7240370748344899,0.09676885115934421,16,-0.20733169001172644,-0.25043393553412174,-0.19765574678603395,-0.21847379077729404,0.02294187015022594,13,"{""model__class_weight"": null, ""model__max_depth"": null, ""model__max_features"": 0.75, ""model__min_samples_leaf"": 5}",,,,,,,,5.0,0.75,,,,,,,,
random_forest,0.43224072456359863,0.023605813543605723,0.04222710927327474,0.010114598804000677,,"{'model__class_weight': 'balanced_subsample', 'model__max_depth': 4, 'model__max_features': 'sqrt', 'model__min_samples_leaf': 1}",0.75,0.6285714285714286,0.7604166666666667,0.7129960317460317,0.05984848620755042,9,0.57997557997558,0.44315367172510023,0.4952380952380952,0.5061224489795918,0.056385048323133805,10,0.7272727272727273,0.5909090909090909,0.7272727272727273,0.681818181818182,0.06428243465332249,14,0.6041666666666666,0.5095238095238095,0.6041666666666666,0.5726190476190475,0.04461507071772264,4,0.5,0.3333333333333333,0.5,0.4444444444444444,0.07856742013183862,8,0.3333333333333333,0.2857142857142857,0.3333333333333333,0.31746031746031744,0.022447834323382456,1,0.4,0.3076923076923077,0.4,0.36923076923076925,0.0435142634576337,4,0.24056261216234406,0.019920476822239894,0.24056261216234406,0.16701523371564267,0.10401170007631176,6,0.2325581395348837,0.01980198019801982,0.2325581395348837,0.16163941975592908,0.10029421533753469,5,-0.5640640561738014,-0.7545956310085266,-0.5619387573905095,-0.6268661481909458,0.090322550928564,2,-0.19183705107696902,-0.25210172338822645,-0.1904413526354342,-0.21146004236687657,0.02874365635191864,4,"{""model__class_weight"": ""balanced_subsample"", ""model__max_depth"": 4, ""model__max_features"": ""sqrt"", ""model__min_samples_leaf"": 1}",,balanced_subsample,,,,,4,1.0,sqrt,,,,,,,,
random_forest,0.4354572296142578,0.01850253041447602,0.037489096323649086,0.004599373119711007,,"{'model__class_weight': 'balanced_subsample', 'model__max_depth': 4, 'model__max_features': 'sqrt', 'model__min_samples_leaf': 5}",0.7604166666666666,0.638095238095238,0.71875,0.7057539682539682,0.05077601535368627,11,0.5918803418803419,0.4472353043781615,0.4722222222222222,0.5037792894935752,0.06312650309538942,11,0.7272727272727273,0.5909090909090909,0.7272727272727273,0.681818181818182,0.06428243465332249,14,0.6041666666666666,0.5095238095238095,0.6041666666666666,0.5726190476190475,0.04461507071772264,4,0.5,0.3333333333333333,0.5,0.4444444444444444,0.07856742013183862,8,0.3333333333333333,0.2857142857142857,0.3333333333333333,0.31746031746031744,0.022447834323382456,1,0.4,0.3076923076923077,0.4,0.36923076923076925,0.0435142634576337,4,0.24056261216234406,0.019920476822239894,0.24056261216234406,0.16701523371564267,0.10401170007631176,6,0.2325581395348837,0.01980198019801982,0.2325581395348837,0.16163941975592908,0.10029421533753469,5,-0.559934444021287,-0.7377870551801062,-0.558903458761064,-0.6188749859874857,0.08408458393151753,1,-0.19070371049586352,-0.24862372574116803,-0.1879020249229227,-0.20907648705331808,0.027987502286886765,1,"{""model__class_weight"": ""balanced_subsample"", ""model__max_depth"": 4, ""model__max_features"": ""sqrt"", ""model__min_samples_leaf"": 5}",,balanced_subsample,,,,,4,5.0,sqrt,,,,,,,,
random_forest,0.5107070604960123,0.018576921991843055,0.034264326095581055,0.002949234823175547,,"{'model__class_weight': 'balanced_subsample', 'model__max_depth': 4, 'model__max_features': 0.75, 'model__min_samples_leaf': 1}",0.7291666666666666,0.6,0.7708333333333334,0.7000000000000001,0.07272793034214471,13,0.5671296296296297,0.4335070060412829,0.5281084656084656,0.5095817004264593,0.05610218150684308,7,0.7272727272727273,0.5909090909090909,0.6818181818181818,0.6666666666666666,0.05669177858748395,22,0.6041666666666666,0.5095238095238095,0.5729166666666666,0.5622023809523808,0.039373548996048315,8,0.5,0.3333333333333333,0.4,0.41111111111111115,0.06849348892187752,16,0.3333333333333333,0.2857142857142857,0.3333333333333333,0.31746031746031744,0.022447834323382456,1,0.4,0.3076923076923077,0.36363636363636365,0.3571095571095571,0.03796601038974794,6,0.24056261216234406,0.019920476822239894,0.15498260496951669,0.13848856465136686,0.09082869589277306,12,0.2325581395348837,0.01980198019801982,0.15384615384615397,0.13540209119301916,0.08783102496387718,9,-0.6101059421027138,-0.8266118428322599,-0.5623396898220697,-0.6663524915856812,0.11498608165256423,6,-0.20086866729706782,-0.25682836914140633,-0.18862853206615968,-0.2154418561682113,0.029688244808094913,8,"{""model__class_weight"": ""balanced_subsample"", ""model__max_depth"": 4, ""model__max_features"": 0.75, ""model__min_samples_leaf"": 1}",,balanced_subsample,,,,,4,1.0,0.75,,,,,,,,
random_forest,0.5077505111694336,0.01532154237544789,0.03671757380167643,0.0019479567756261866,,"{'model__class_weight': 'balanced_subsample', 'model__max_depth': 4, 'model__max_features': 0.75, 'model__min_samples_leaf': 5}",0.7395833333333333,0.6571428571428571,0.7708333333333334,0.7225198412698414,0.047956599581670034,4,0.5707163207163207,0.4739076399790686,0.5119047619047619,0.5188429075333837,0.03982531493991208,3,0.7272727272727273,0.6818181818181818,0.6818181818181818,0.6969696969696969,0.0214274782177742,5,0.6041666666666666,0.5761904761904761,0.5729166666666666,0.5844246031746031,0.014023581577543976,1,0.5,0.5,0.4,0.4666666666666666,0.04714045207910316,5,0.3333333333333333,0.2857142857142857,0.3333333333333333,0.31746031746031744,0.022447834323382456,1,0.4,0.36363636363636365,0.36363636363636365,0.3757575757575758,0.01714198257421934,3,0.24056261216234406,0.18401748249129446,0.15498260496951669,0.19318756654105174,0.03553451128964447,2,0.2325581395348837,0.17204301075268824,0.15384615384615397,0.18614910137790863,0.033646500732477325,1,-0.5909698814985298,-0.7662417372126623,-0.5628597550634157,-0.6400237912582026,0.08998434016639306,3,-0.1981895521158105,-0.24885799169427986,-0.18797283617040705,-0.21167345999349915,0.026622200879867667,5,"{""model__class_weight"": ""balanced_subsample"", ""model__max_depth"": 4, ""model__max_features"": 0.75, ""model__min_samples_leaf"": 5}",,balanced_subsample,,,,,4,5.0,0.75,,,,,,,,
random_forest,0.4165622393290202,0.010515408118581787,0.03861872355143229,0.0005254444867385584,,"{'model__class_weight': 'balanced_subsample', 'model__max_depth': 8, 'model__max_features': 'sqrt', 'model__min_samples_leaf': 1}",0.7291666666666666,0.6095238095238096,0.71875,0.6858134920634921,0.05411231210864592,22,0.5547619047619048,0.4363050483351235,0.4623316498316498,0.484466200976226,0.05082952209367875,21,0.7272727272727273,0.6363636363636364,0.7272727272727273,0.6969696969696969,0.04285495643554835,5,0.6041666666666666,0.5047619047619047,0.6041666666666666,0.5710317460317459,0.04685985415006087,7,0.5,0.3333333333333333,0.5,0.4444444444444444,0.07856742013183862,8,0.3333333333333333,0.14285714285714285,0.3333333333333333,0.2698412698412698,0.08979133729352982,7,0.4,0.2,0.4,0.3333333333333333,0.09428090415820634,7,0.24056261216234406,0.012926112238824687,0.24056261216234406,0.16468377885450428,0.10730887516099437,8,0.2325581395348837,0.011235955056179914,0.2325581395348837,0.15878407804198244,0.10433227831460766,7,-0.7010668644834889,-0.9198282834446843,-0.7123689961558436,-0.7777547146946723,0.10056708788368789,20,-0.21217314267205312,-0.2650298054823506,-0.21025674600921954,-0.22915323138787444,0.025380630023828014,21,"{""model__class_weight"": ""balanced_subsample"", ""model__max_depth"": 8, ""model__max_features"": ""sqrt"", ""model__min_samples_leaf"": 1}",,balanced_subsample,,,,,8,1.0,sqrt,,,,,,,,
random_forest,0.4151933193206787,0.009401368634806449,0.03245766957600912,0.0016255145633722642,,"{'model__class_weight': 'balanced_subsample', 'model__max_depth': 8, 'model__max_features': 'sqrt', 'model__min_samples_leaf': 5}",0.75,0.6476190476190476,0.71875,0.7054563492063491,0.04284083500723235,12,0.5575396825396826,0.45009811616954476,0.4662309368191721,0.4912895785094665,0.047306618201819646,17,0.7272727272727273,0.6363636363636364,0.7272727272727273,0.6969696969696969,0.04285495643554835,5,0.6041666666666666,0.5428571428571429,0.6041666666666666,0.5837301587301588,0.02890158669135487,2,0.5,0.4,0.5,0.4666666666666666,0.04714045207910316,5,0.3333333333333333,0.2857142857142857,0.3333333333333333,0.31746031746031744,0.022447834323382456,1,0.4,0.3333333333333333,0.4,0.37777777777777777,0.03142696805273547,1,0.24056261216234406,0.09526610232449337,0.24056261216234406,0.19213044221639383,0.06849343159272142,3,0.2325581395348837,0.09278350515463918,0.2325581395348837,0.18596659474146884,0.06589039453876083,2,-0.6193894321362206,-0.8001250415961849,-0.6003367018285647,-0.6732837251869901,0.09002700074369237,7,-0.20467676125498116,-0.2580497357374657,-0.1971443532466237,-0.21995695007969018,0.02711063176416235,14,"{""model__class_weight"": ""balanced_subsample"", ""model__max_depth"": 8, ""model__max_features"": ""sqrt"", ""model__min_samples_leaf"": 5}",,balanced_subsample,,,,,8,5.0,sqrt,,,,,,,,
random_forest,0.6112910111745199,0.01934705879443885,0.0421761671702067,0.007929051642758457,,"{'model__class_weight': 'balanced_subsample', 'model__max_depth': 8, 'model__max_features': 0.75, 'model__min_samples_leaf': 1}",0.65625,0.6428571428571428,0.7604166666666666,0.6865079365079364,0.05254659805587949,21,0.5072362278244631,0.4641414141414141,0.488095238095238,0.48649096002037173,0.017629918182837184,19,0.7272727272727273,0.6363636363636364,0.6818181818181818,0.6818181818181818,0.03711348095126028,16,0.6041666666666666,0.5047619047619047,0.5729166666666666,0.5606150793650793,0.041503601931555535,9,0.5,0.3333333333333333,0.4,0.41111111111111115,0.06849348892187752,16,0.3333333333333333,0.14285714285714285,0.3333333333333333,0.2698412698412698,0.08979133729352982,7,0.4,0.2,0.36363636363636365,0.3212121212121212,0.08698606117822621,8,0.24056261216234406,0.012926112238824687,0.15498260496951669,0.13615710979022846,0.09388075229039822,13,0.2325581395348837,0.011235955056179914,0.15384615384615397,0.13254674947907252,0.0916010400428608,10,-0.8150653461741684,-1.0832887649100107,-0.7187324427869831,-0.8723621846237207,0.1542455267254186,24,-0.22344605155193029,-0.27204043820498053,-0.2232571957431764,-0.23958122850002905,0.022952256790007036,24,"{""model__class_weight"": ""balanced_subsample"", ""model__max_depth"": 8, ""model__max_features"": 0.75, ""model__min_samples_leaf"": 1}",,balanced_subsample,,,,,8,1.0,0.75,,,,,,,,
random_forest,0.5860063234965006,0.020491064182677807,0.04266071319580078,0.00784885941903015,,"{'model__class_weight': 'balanced_subsample', 'model__max_depth': 8, 'model__max_features': 0.75, 'model__min_samples_leaf': 5}",0.7083333333333333,0.6666666666666666,0.78125,0.71875,0.04735479755897869,6,0.5307692307692308,0.44474097331240187,0.5251322751322751,0.5002141597379692,0.03929291391898855,14,0.6818181818181818,0.6818181818181818,0.6818181818181818,0.6818181818181818,0.0,16,0.5208333333333334,0.5761904761904761,0.5729166666666666,0.5566468253968253,0.02535920763136341,11,0.3333333333333333,0.5,0.4,0.41111111111111115,0.06849348892187752,16,0.16666666666666666,0.2857142857142857,0.3333333333333333,0.26190476190476186,0.07009334020895115,9,0.2222222222222222,0.36363636363636365,0.36363636363636365,0.3164983164983165,0.06666326556640853,9,0.05407380704358752,0.18401748249129446,0.15498260496951669,0.13102463150146623,0.055688586902144836,16,0.04938271604938271,0.17204301075268824,0.15384615384615397,0.12509062688274164,0.054046567713303746,12,-0.6829934933331818,-0.8579421841827289,-0.6001612806498805,-0.7136989860552637,0.10745501079996936,13,-0.2183466622822113,-0.26168842658649977,-0.20226989120184316,-0.22743499335685138,0.025094340771126388,18,"{""model__class_weight"": ""balanced_subsample"", ""model__max_depth"": 8, ""model__max_features"": 0.75, ""model__min_samples_leaf"": 5}",,balanced_subsample,,,,,8,5.0,0.75,,,,,,,,
random_forest,0.4521787166595459,0.010700500668417486,0.0365291436513265,0.0040801052689323275,,"{'model__class_weight': 'balanced_subsample', 'model__max_depth': None, 'model__max_features': 'sqrt', 'model__min_samples_leaf': 1}",0.7395833333333333,0.6714285714285715,0.6875000000000001,0.6995039682539682,0.029089967720337295,14,0.5521978021978022,0.4583464154892727,0.5307840307840308,0.5137760828237019,0.04015780054687948,6,0.6818181818181818,0.6818181818181818,0.7272727272727273,0.6969696969696969,0.0214274782177742,5,0.5208333333333334,0.5380952380952381,0.6041666666666666,0.5543650793650793,0.03591324650989271,13,0.3333333333333333,0.5,0.5,0.4444444444444444,0.07856742013183862,8,0.16666666666666666,0.14285714285714285,0.3333333333333333,0.21428571428571427,0.08473871628596279,11,0.2222222222222222,0.2222222222222222,0.4,0.2814814814814815,0.08380524814062787,13,0.05407380704358752,0.12344267996967354,0.24056261216234406,0.1393596997252017,0.07696116876745396,11,0.04938271604938271,0.09411764705882342,0.2325581395348837,0.12535283421436327,0.07797451134721037,11,-0.6611841371948111,-0.8890326039916985,-0.7521275169527453,-0.7674480860464182,0.0936474624444912,18,-0.20662777777777774,-0.26518484848484847,-0.2073969696969697,-0.2264031986531986,0.027424565469674162,17,"{""model__class_weight"": ""balanced_subsample"", ""model__max_depth"": null, ""model__max_features"": ""sqrt"", ""model__min_samples_leaf"": 1}",,balanced_subsample,,,,,,1.0,sqrt,,,,,,,,
random_forest,0.4230746428171794,0.015209138429829275,0.03781207402547201,0.005005282713756378,,"{'model__class_weight': 'balanced_subsample', 'model__max_depth': None, 'model__max_features': 'sqrt', 'model__min_samples_leaf': 5}",0.75,0.638095238095238,0.75,0.7126984126984127,0.052752410659948804,10,0.5575396825396826,0.44617346938775504,0.47883597883597884,0.49418304358780546,0.04674225536794096,16,0.7272727272727273,0.6363636363636364,0.7272727272727273,0.6969696969696969,0.04285495643554835,5,0.6041666666666666,0.5428571428571429,0.6041666666666666,0.5837301587301588,0.02890158669135487,2,0.5,0.4,0.5,0.4666666666666666,0.04714045207910316,5,0.3333333333333333,0.2857142857142857,0.3333333333333333,0.31746031746031744,0.022447834323382456,1,0.4,0.3333333333333333,0.4,0.37777777777777777,0.03142696805273547,1,0.24056261216234406,0.09526610232449337,0.24056261216234406,0.19213044221639383,0.06849343159272142,3,0.2325581395348837,0.09278350515463918,0.2325581395348837,0.18596659474146884,0.06589039453876083,2,-0.6174896929659363,-0.8291846380538078,-0.5863912917831189,-0.6776885409342878,0.10787362427355192,8,-0.20581391412541467,-0.2585292556277716,-0.19645784654051798,-0.22026700543123476,0.027323785032337396,15,"{""model__class_weight"": ""balanced_subsample"", ""model__max_depth"": null, ""model__max_features"": ""sqrt"", ""model__min_samples_leaf"": 5}",,balanced_subsample,,,,,,5.0,sqrt,,,,,,,,
random_forest,0.6513545513153076,0.018890520510102118,0.0395204226175944,0.011532664354803709,,"{'model__class_weight': 'balanced_subsample', 'model__max_depth': None, 'model__max_features': 0.75, 'model__min_samples_leaf': 1}",0.6770833333333333,0.6523809523809524,0.703125,0.6775297619047619,0.0207185756595876,23,0.5180555555555556,0.4191711183307822,0.45940767322346265,0.46554478236993346,0.04060197912107086,24,0.6818181818181818,0.6363636363636364,0.7272727272727273,0.6818181818181818,0.03711348095126028,16,0.5208333333333334,0.4666666666666667,0.6041666666666666,0.5305555555555556,0.056553536309728675,20,0.3333333333333333,0.0,0.5,0.27777777777777773,0.20786985482077452,22,0.16666666666666666,0.0,0.3333333333333333,0.16666666666666666,0.13608276348795434,16,0.2222222222222222,0.0,0.4,0.2074074074074074,0.16363497803240387,22,0.05407380704358752,-0.14907119849998599,0.24056261216234406,0.0485217402353152,0.15911577689886644,22,0.04938271604938271,-0.08641975308641969,0.2325581395348837,0.06517370083261557,0.130700013760775,20,-0.7830415072131324,-0.9760836183320268,-0.7786454216918266,-0.8459235157456618,0.09205458750454332,23,-0.21997121212121212,-0.27683585858585863,-0.22169040404040408,-0.23949915824915827,0.02641036159336172,23,"{""model__class_weight"": ""balanced_subsample"", ""model__max_depth"": null, ""model__max_features"": 0.75, ""model__min_samples_leaf"": 1}",,balanced_subsample,,,,,,1.0,0.75,,,,,,,,
random_forest,0.5586116313934326,0.0062531985806456355,0.023160298665364582,0.0005007371540728206,,"{'model__class_weight': 'balanced_subsample', 'model__max_depth': None, 'model__max_features': 0.75, 'model__min_samples_leaf': 5}",0.6875,0.6476190476190476,0.75,0.6950396825396825,0.042135495426121855,18,0.520541958041958,0.4331349206349206,0.515172735760971,0.48961653814594985,0.03999864143086461,18,0.6818181818181818,0.6818181818181818,0.6818181818181818,0.6818181818181818,0.0,16,0.5208333333333334,0.5761904761904761,0.5729166666666666,0.5566468253968253,0.02535920763136341,11,0.3333333333333333,0.5,0.4,0.41111111111111115,0.06849348892187752,16,0.16666666666666666,0.2857142857142857,0.3333333333333333,0.26190476190476186,0.07009334020895115,9,0.2222222222222222,0.36363636363636365,0.36363636363636365,0.3164983164983165,0.06666326556640853,9,0.05407380704358752,0.18401748249129446,0.15498260496951669,0.13102463150146623,0.055688586902144836,16,0.04938271604938271,0.17204301075268824,0.15384615384615397,0.12509062688274164,0.054046567713303746,12,-0.6842879029549338,-0.8336419764542711,-0.6264237660479264,-0.7147845484857104,0.08730170186380261,14,-0.21767510353175956,-0.26188922367591677,-0.2072064549551838,-0.22892359405428672,0.023698772162538018,20,"{""model__class_weight"": ""balanced_subsample"", ""model__max_depth"": null, ""model__max_features"": 0.75, ""model__min_samples_leaf"": 5}",,balanced_subsample,,,,,,5.0,0.75,,,,,,,,
gradient_boosting,0.04025117556254069,0.01647677971415919,0.04012505213419596,0.006967324050160567,,"{'model__learning_rate': 0.03, 'model__max_depth': 1, 'model__n_estimators': 50, 'model__subsample': 0.8}",0.6979166666666666,0.6190476190476191,0.7708333333333334,0.6959325396825397,0.0619821390145203,15,0.452020202020202,0.4277468563182849,0.49730639730639725,0.4590244852149614,0.028826231374953288,23,0.7272727272727273,0.6818181818181818,0.7272727272727273,0.7121212121212123,0.0214274782177742,2,0.5,0.5,0.5,0.5,0.0,21,0.0,0.0,0.0,0.0,0.0,23,0.0,0.0,0.0,0.0,0.0,23,0.0,0.0,0.0,0.0,0.0,23,0.0,0.0,0.0,0.0,0.0,21,0.0,0.0,0.0,0.0,0.0,21,-0.5558477713721576,-0.660452209102017,-0.5557053828452553,-0.5906684544398099,0.049344600377950666,2,-0.18451666572438882,-0.22626102726391784,-0.18875298582568287,-0.19984355960466318,0.018759860520909732,2,"{""model__learning_rate"": 0.03, ""model__max_depth"": 1, ""model__n_estimators"": 50, ""model__subsample"": 0.8}",,,,,,,1,,,0.03,50.0,0.8,,,,,
gradient_boosting,0.06274294853210449,0.006862362416252661,0.012344598770141602,0.002310564264610668,,"{'model__learning_rate': 0.03, 'model__max_depth': 1, 'model__n_estimators': 50, 'model__subsample': 1.0}",0.6979166666666666,0.6190476190476191,0.78125,0.6994047619047619,0.06622720446681288,12,0.452020202020202,0.4277468563182849,0.49730639730639725,0.4590244852149614,0.028826231374953288,23,0.7272727272727273,0.6818181818181818,0.7272727272727273,0.7121212121212123,0.0214274782177742,2,0.5,0.5,0.5,0.5,0.0,21,0.0,0.0,0.0,0.0,0.0,23,0.0,0.0,0.0,0.0,0.0,23,0.0,0.0,0.0,0.0,0.0,23,0.0,0.0,0.0,0.0,0.0,21,0.0,0.0,0.0,0.0,0.0,21,-0.5579661108715315,-0.6602358410187207,-0.5435086860919564,-0.5872368793274028,0.05195440686359619,1,-0.1854725504873823,-0.22601009383990325,-0.18395538182820956,-0.1984793420518317,0.019477032126710987,1,"{""model__learning_rate"": 0.03, ""model__max_depth"": 1, ""model__n_estimators"": 50, ""model__subsample"": 1.0}",,,,,,,1,,,0.03,50.0,1.0,,,,,
gradient_boosting,0.07892076174418132,0.005174537921112668,0.012806574503580729,0.002471922358960008,,"{'model__learning_rate': 0.03, 'model__max_depth': 1, 'model__n_estimators': 100, 'model__subsample': 0.8}",0.71875,0.519047619047619,0.78125,0.673015873015873,0.11182197137272733,22,0.4950396825396825,0.40379788278947937,0.5248949579831932,0.474577507770785,0.05151149290739348,21,0.7727272727272727,0.6818181818181818,0.6818181818181818,0.712121212121212,0.04285495643554835,8,0.6354166666666666,0.5380952380952381,0.46875,0.5474206349206349,0.06836015756714717,9,0.6666666666666666,0.5,0.0,0.38888888888888884,0.2832788618662658,12,0.3333333333333333,0.14285714285714285,0.0,0.15873015873015872,0.13654484550861312,8,0.4444444444444444,0.2222222222222222,0.0,0.2222222222222222,0.18144368465060579,17,0.35147974578331886,0.12344267996967354,-0.1336306209562122,0.11376393493226006,0.19816369589923213,9,0.32098765432098764,0.09411764705882342,-0.08450704225352101,0.11019941970876335,0.16593262648072254,9,-0.5627795228563496,-0.7134006952261136,-0.5546925236970557,-0.6102909139265064,0.07298433685200427,6,-0.1849335801818839,-0.23940297461223564,-0.1905060232478849,-0.20494752601400149,0.024469661270099655,7,"{""model__learning_rate"": 0.03, ""model__max_depth"": 1, ""model__n_estimators"": 100, ""model__subsample"": 0.8}",,,,,,,1,,,0.03,100.0,0.8,,,,,
gradient_boosting,0.06570927302042644,0.0061426672681826255,0.017067750295003254,0.007424645448645576,,"{'model__learning_rate': 0.03, 'model__max_depth': 1, 'model__n_estimators': 100, 'model__subsample': 1.0}",0.6979166666666666,0.6142857142857142,0.7916666666666666,0.7012896825396825,0.0724547375674549,9,0.452020202020202,0.42810760667903525,0.5100529100529101,0.4633935729173824,0.03440710547191011,22,0.7272727272727273,0.6818181818181818,0.6818181818181818,0.6969696969696969,0.0214274782177742,10,0.5520833333333334,0.5380952380952381,0.46875,0.5196428571428572,0.036436967338313205,19,0.5,0.5,0.0,0.3333333333333333,0.23570226039551584,19,0.16666666666666666,0.14285714285714285,0.0,0.10317460317460318,0.07360014678964844,19,0.25,0.2222222222222222,0.0,0.1574074074074074,0.11188005531106085,19,0.1613743060919757,0.12344267996967354,-0.1336306209562122,0.05039545503514568,0.13104426618170747,19,0.1315789473684209,0.09411764705882342,-0.08450704225352101,0.04706318405790777,0.09428283899682523,19,-0.573670577741655,-0.7145726076497184,-0.5469856091753923,-0.6117429315222552,0.07352314196317074,8,-0.18839306002583917,-0.2405015801943337,-0.1870490512472089,-0.20531456382246058,0.024887027152917896,8,"{""model__learning_rate"": 0.03, ""model__max_depth"": 1, ""model__n_estimators"": 100, ""model__subsample"": 1.0}",,,,,,,1,,,0.03,100.0,1.0,,,,,
gradient_boosting,0.12245043118794759,0.006728110329839506,0.011960268020629883,0.0030855033979048166,,"{'model__learning_rate': 0.03, 'model__max_depth': 1, 'model__n_estimators': 200, 'model__subsample': 0.8}",0.7083333333333333,0.5333333333333333,0.7916666666666667,0.6777777777777777,0.10765456875042281,21,0.5627917833800187,0.4136965791101129,0.5327380952380952,0.503075485909409,0.06438036853063689,15,0.7272727272727273,0.6818181818181818,0.7272727272727273,0.7121212121212123,0.0214274782177742,2,0.5520833333333334,0.5380952380952381,0.5520833333333334,0.547420634920635,0.0065940513324936265,6,0.5,0.5,0.5,0.5,0.0,2,0.16666666666666666,0.14285714285714285,0.16666666666666666,0.15873015873015872,0.011223917161691228,8,0.25,0.2222222222222222,0.25,0.24074074074074073,0.013094570021973107,8,0.1613743060919757,0.12344267996967354,0.1613743060919757,0.14873043071787498,0.01788114003500843,3,0.1315789473684209,0.09411764705882342,0.1315789473684209,0.11909184726522175,0.01765942632065473,4,-0.5828968042578034,-0.7594070722780043,-0.5524288389219897,-0.6315775718192658,0.091240926922714,13,-0.18894740556755724,-0.24743817712087376,-0.1895196760956508,-0.2086350862613606,0.027438923309513644,15,"{""model__learning_rate"": 0.03, ""model__max_depth"": 1, ""model__n_estimators"": 200, ""model__subsample"": 0.8}",,,,,,,1,,,0.03,200.0,0.8,,,,,
gradient_boosting,0.14072712262471518,0.04159756306938202,0.012349287668863932,0.0024167714249097383,,"{'model__learning_rate': 0.03, 'model__max_depth': 1, 'model__n_estimators': 200, 'model__subsample': 1.0}",0.7291666666666666,0.5809523809523809,0.78125,0.6971230158730158,0.08485234514997357,14,0.4918803418803419,0.42215522572665426,0.5285714285714286,0.4808689987261416,0.04413644990647152,19,0.7727272727272727,0.6818181818181818,0.7272727272727273,0.7272727272727272,0.03711348095126028,1,0.6354166666666666,0.5380952380952381,0.5520833333333334,0.5751984126984127,0.04296196213191661,2,0.6666666666666666,0.5,0.5,0.5555555555555555,0.0785674201318386,1,0.3333333333333333,0.14285714285714285,0.16666666666666666,0.21428571428571427,0.08473871628596279,2,0.4444444444444444,0.2222222222222222,0.25,0.3055555555555555,0.09886183566695658,2,0.35147974578331886,0.12344267996967354,0.1613743060919757,0.21209891061498934,0.09976627678140647,1,0.32098765432098764,0.09411764705882342,0.1315789473684209,0.1822280829160773,0.09930257213042458,2,-0.5870011812019287,-0.7552198945222525,-0.5449039154166228,-0.6290416637136013,0.0908616325121174,11,-0.19083369925253663,-0.24679676031990727,-0.18692961722803172,-0.2081866922668252,0.027347924728227998,12,"{""model__learning_rate"": 0.03, ""model__max_depth"": 1, ""model__n_estimators"": 200, ""model__subsample"": 1.0}",,,,,,,1,,,0.03,200.0,1.0,,,,,
gradient_boosting,0.0415496826171875,0.0031938946599442135,0.011917352676391602,0.0011581677160236164,,"{'model__learning_rate': 0.03, 'model__max_depth': 2, 'model__n_estimators': 50, 'model__subsample': 0.8}",0.65625,0.4809523809523809,0.71875,0.6186507936507937,0.10065519408603742,24,0.5337586390217969,0.4259431045145331,0.511525974025974,0.4904092391874347,0.04647927665782987,17,0.7272727272727273,0.6363636363636364,0.6818181818181818,0.6818181818181818,0.03711348095126028,17,0.5520833333333334,0.4666666666666667,0.46875,0.49583333333333335,0.03978384885389586,23,0.5,0.0,0.0,0.16666666666666666,0.23570226039551584,21,0.16666666666666666,0.0,0.0,0.05555555555555555,0.07856742013183861,21,0.25,0.0,0.0,0.08333333333333333,0.11785113019775792,21,0.1613743060919757,-0.14907119849998599,-0.1336306209562122,-0.040442504454740826,0.14284518804906304,23,0.1315789473684209,-0.08641975308641969,-0.08450704225352101,-0.013115949323839934,0.1023177223562976,23,-0.5621324458137021,-0.6827261168137764,-0.5561851501204227,-0.6003479042493004,0.058300771924588414,4,-0.18583925304364748,-0.2324579739292637,-0.18993787330727158,-0.20274503342672756,0.02107674543182266,4,"{""model__learning_rate"": 0.03, ""model__max_depth"": 2, ""model__n_estimators"": 50, ""model__subsample"": 0.8}",,,,,,,2,,,0.03,50.0,0.8,,,,,
gradient_boosting,0.042775630950927734,0.0017803034541777998,0.017182668050130207,0.005692689581347286,,"{'model__learning_rate': 0.03, 'model__max_depth': 2, 'model__n_estimators': 50, 'model__subsample': 1.0}",0.7239583333333334,0.5666666666666667,0.796875,0.6958333333333333,0.09606328088913675,16,0.5444444444444444,0.3998015873015873,0.5226190476190476,0.4889550264550264,0.06366756773172659,18,0.7272727272727273,0.6363636363636364,0.6818181818181818,0.6818181818181818,0.03711348095126028,17,0.5520833333333334,0.4666666666666667,0.46875,0.49583333333333335,0.03978384885389586,23,0.5,0.0,0.0,0.16666666666666666,0.23570226039551584,21,0.16666666666666666,0.0,0.0,0.05555555555555555,0.07856742013183861,21,0.25,0.0,0.0,0.08333333333333333,0.11785113019775792,21,0.1613743060919757,-0.14907119849998599,-0.1336306209562122,-0.040442504454740826,0.14284518804906304,23,0.1315789473684209,-0.08641975308641969,-0.08450704225352101,-0.013115949323839934,0.1023177223562976,23,-0.55154529786575,-0.6867135998126047,-0.5512207800583943,-0.5964932259122496,0.06379557575042187,3,-0.18270998107202557,-0.23515045771480836,-0.1878706826317707,-0.20191037380620155,0.0235985252905855,3,"{""model__learning_rate"": 0.03, ""model__max_depth"": 2, ""model__n_estimators"": 50, ""model__subsample"": 1.0}",,,,,,,2,,,0.03,50.0,1.0,,,,,
gradient_boosting,0.09396449724833171,0.005686463888072903,0.012191692988077799,0.0003663339204163161,,"{'model__learning_rate': 0.03, 'model__max_depth': 2, 'model__n_estimators': 100, 'model__subsample': 0.8}",0.6770833333333333,0.6761904761904762,0.7291666666666667,0.6941468253968255,0.024765449863240918,17,0.553968253968254,0.46742939600082456,0.4994047619047619,0.5069341372912801,0.035728253104604875,13,0.7272727272727273,0.6818181818181818,0.7272727272727273,0.7121212121212123,0.0214274782177742,2,0.5520833333333334,0.5380952380952381,0.5520833333333334,0.547420634920635,0.0065940513324936265,6,0.5,0.5,0.5,0.5,0.0,2,0.16666666666666666,0.14285714285714285,0.16666666666666666,0.15873015873015872,0.011223917161691228,8,0.25,0.2222222222222222,0.25,0.24074074074074073,0.013094570021973107,8,0.1613743060919757,0.12344267996967354,0.1613743060919757,0.14873043071787498,0.01788114003500843,3,0.1315789473684209,0.09411764705882342,0.1315789473684209,0.11909184726522175,0.01765942632065473,4,-0.5724325256707513,-0.7094447142068655,-0.5511469793299704,-0.6110080730691957,0.07014555276759019,7,-0.18717413347998188,-0.23656306133545044,-0.1878541258023481,-0.20386377353926013,0.02312355457353936,5,"{""model__learning_rate"": 0.03, ""model__max_depth"": 2, ""model__n_estimators"": 100, ""model__subsample"": 0.8}",,,,,,,2,,,0.03,100.0,0.8,,,,,
gradient_boosting,0.09282946586608887,0.007444238476047564,0.013337214787801107,0.0030220042257582133,,"{'model__learning_rate': 0.03, 'model__max_depth': 2, 'model__n_estimators': 100, 'model__subsample': 1.0}",0.6979166666666667,0.7428571428571429,0.765625,0.73546626984127,0.028131516769713545,5,0.5553513071895425,0.5017839303553588,0.5319444444444444,0.529693227329782,0.021926649677152705,10,0.7272727272727273,0.6363636363636364,0.7272727272727273,0.6969696969696969,0.04285495643554835,10,0.5520833333333334,0.5047619047619047,0.5520833333333334,0.5363095238095239,0.022307535358861347,13,0.5,0.3333333333333333,0.5,0.4444444444444444,0.07856742013183862,6,0.16666666666666666,0.14285714285714285,0.16666666666666666,0.15873015873015872,0.011223917161691228,8,0.25,0.2,0.25,0.2333333333333333,0.02357022603955158,11,0.1613743060919757,0.012926112238824687,0.1613743060919757,0.11189157480759204,0.06997914968563883,11,0.1315789473684209,0.011235955056179914,0.1315789473684209,0.09146461659767391,0.05673023062151077,11,-0.5671883828456685,-0.6964639471520196,-0.5524747647189447,-0.6053756982388777,0.06468861031712693,5,-0.1857733154133111,-0.2364108356267712,-0.19041834297825036,-0.20420083133944422,0.02285472018952144,6,"{""model__learning_rate"": 0.03, ""model__max_depth"": 2, ""model__n_estimators"": 100, ""model__subsample"": 1.0}",,,,,,,2,,,0.03,100.0,1.0,,,,,
gradient_boosting,0.16893267631530762,0.006004988944159612,0.012156327565511068,0.0023828135541542894,,"{'model__learning_rate': 0.03, 'model__max_depth': 2, 'model__n_estimators': 200, 'model__subsample': 0.8}",0.7708333333333333,0.6761904761904761,0.71875,0.7219246031746032,0.03870293857084555,8,0.5714285714285714,0.4709989258861439,0.5781926406926406,0.5402067126691187,0.04901514372654335,7,0.7272727272727273,0.6363636363636364,0.6818181818181818,0.6818181818181818,0.03711348095126028,17,0.5520833333333334,0.5047619047619047,0.5208333333333334,0.5258928571428573,0.019647366004879787,16,0.5,0.3333333333333333,0.3333333333333333,0.38888888888888884,0.07856742013183862,12,0.16666666666666666,0.14285714285714285,0.16666666666666666,0.15873015873015872,0.011223917161691228,8,0.25,0.2,0.2222222222222222,0.2240740740740741,0.02045437225405048,14,0.1613743060919757,0.012926112238824687,0.05407380704358752,0.07612474179146264,0.06257741529235054,16,0.1315789473684209,0.011235955056179914,0.04938271604938271,0.06406587282466118,0.05021490661368447,16,-0.6068958842336714,-0.7566944484952682,-0.5815070772848295,-0.648365803337923,0.07729799221536912,18,-0.19490936896147348,-0.24918608095249836,-0.1951309497242808,-0.21307546654608422,0.025534220556149814,18,"{""model__learning_rate"": 0.03, ""model__max_depth"": 2, ""model__n_estimators"": 200, ""model__subsample"": 0.8}",,,,,,,2,,,0.03,200.0,0.8,,,,,
gradient_boosting,0.19155160586039224,0.011549644110664198,0.013146162033081055,0.002672002368392452,,"{'model__learning_rate': 0.03, 'model__max_depth': 2, 'model__n_estimators': 200, 'model__subsample': 1.0}",0.78125,0.7333333333333333,0.71875,0.7444444444444445,0.02669775387047374,2,0.6037037037037037,0.5602254887969174,0.5544973544973545,0.5728088489993253,0.021970767184935423,1,0.7272727272727273,0.6363636363636364,0.6818181818181818,0.6818181818181818,0.03711348095126028,17,0.5520833333333334,0.5047619047619047,0.5208333333333334,0.5258928571428573,0.019647366004879787,16,0.5,0.3333333333333333,0.3333333333333333,0.38888888888888884,0.07856742013183862,12,0.16666666666666666,0.14285714285714285,0.16666666666666666,0.15873015873015872,0.011223917161691228,8,0.25,0.2,0.2222222222222222,0.2240740740740741,0.02045437225405048,14,0.1613743060919757,0.012926112238824687,0.05407380704358752,0.07612474179146264,0.06257741529235054,16,0.1315789473684209,0.011235955056179914,0.04938271604938271,0.06406587282466118,0.05021490661368447,16,-0.5747966334304123,-0.7167902673759866,-0.6018585326165092,-0.631148477807636,0.06155741865522436,12,-0.1880644907530734,-0.2402655362192232,-0.20191678125033832,-0.21008226940754496,0.022079306821454196,16,"{""model__learning_rate"": 0.03, ""model__max_depth"": 2, ""model__n_estimators"": 200, ""model__subsample"": 1.0}",,,,,,,2,,,0.03,200.0,1.0,,,,,
gradient_boosting,0.03492275873819987,0.0019405540879316094,0.014920632044474283,0.004946912629032765,,"{'model__learning_rate': 0.1, 'model__max_depth': 1, 'model__n_estimators': 50, 'model__subsample': 0.8}",0.6354166666666666,0.5476190476190476,0.7395833333333334,0.6408730158730158,0.07846400685429045,23,0.5502645502645502,0.48286951144094,0.507128933444723,0.5134209983834044,0.027871315904867994,12,0.7272727272727273,0.6363636363636364,0.6818181818181818,0.6818181818181818,0.03711348095126028,17,0.5520833333333334,0.5047619047619047,0.46875,0.5085317460317461,0.034124965333422796,20,0.5,0.3333333333333333,0.0,0.27777777777777773,0.20786985482077452,20,0.16666666666666666,0.14285714285714285,0.0,0.10317460317460318,0.07360014678964844,19,0.25,0.2,0.0,0.15,0.10801234497346433,20,0.1613743060919757,0.012926112238824687,-0.1336306209562122,0.013556599124862734,0.12043608230360692,20,0.1315789473684209,0.011235955056179914,-0.08450704225352101,0.019435953390359934,0.08840708383093109,20,-0.589836205285173,-0.7453954858508015,-0.5601570081660466,-0.6317962331006738,0.08123548631170803,14,-0.18892966602985461,-0.24393711796149,-0.191097583228287,-0.20798812240654385,0.02543518137412519,10,"{""model__learning_rate"": 0.1, ""model__max_depth"": 1, ""model__n_estimators"": 50, ""model__subsample"": 0.8}",,,,,,,1,,,0.1,50.0,0.8,,,,,
gradient_boosting,0.03317586580912272,0.001664316309243032,0.013586600621541342,0.0010211751977057945,,"{'model__learning_rate': 0.1, 'model__max_depth': 1, 'model__n_estimators': 50, 'model__subsample': 1.0}",0.7291666666666666,0.5809523809523809,0.7708333333333334,0.6936507936507937,0.08148507816909015,18,0.4918803418803419,0.4221552257266543,0.5133208839091192,0.47578548383870517,0.03891938376949492,20,0.7727272727272727,0.6818181818181818,0.6818181818181818,0.712121212121212,0.04285495643554835,8,0.6354166666666666,0.5380952380952381,0.46875,0.5474206349206349,0.06836015756714717,9,0.6666666666666666,0.5,0.0,0.38888888888888884,0.2832788618662658,12,0.3333333333333333,0.14285714285714285,0.0,0.15873015873015872,0.13654484550861312,8,0.4444444444444444,0.2222222222222222,0.0,0.2222222222222222,0.18144368465060579,17,0.35147974578331886,0.12344267996967354,-0.1336306209562122,0.11376393493226006,0.19816369589923213,9,0.32098765432098764,0.09411764705882342,-0.08450704225352101,0.11019941970876335,0.16593262648072254,9,-0.5837755441286844,-0.7465408034312254,-0.5504865534009851,-0.6269343003202983,0.08565950391223529,10,-0.19034728001506157,-0.24555552805847364,-0.18837292461239274,-0.20809191089530932,0.0265030372853769,11,"{""model__learning_rate"": 0.1, ""model__max_depth"": 1, ""model__n_estimators"": 50, ""model__subsample"": 1.0}",,,,,,,1,,,0.1,50.0,1.0,,,,,
gradient_boosting,0.05940143267313639,0.002437010177472209,0.015903552373250324,0.003142254571193297,,"{'model__learning_rate': 0.1, 'model__max_depth': 1, 'model__n_estimators': 100, 'model__subsample': 0.8}",0.6979166666666666,0.5380952380952381,0.8020833333333334,0.6793650793650793,0.10856810351239056,20,0.5595238095238095,0.4808286951144094,0.6041666666666666,0.5481730571016286,0.0509881913915277,4,0.7272727272727273,0.6363636363636364,0.7272727272727273,0.6969696969696969,0.04285495643554835,10,0.5520833333333334,0.5047619047619047,0.5520833333333334,0.5363095238095239,0.022307535358861347,13,0.5,0.3333333333333333,0.5,0.4444444444444444,0.07856742013183862,6,0.16666666666666666,0.14285714285714285,0.16666666666666666,0.15873015873015872,0.011223917161691228,8,0.25,0.2,0.25,0.2333333333333333,0.02357022603955158,11,0.1613743060919757,0.012926112238824687,0.1613743060919757,0.11189157480759204,0.06997914968563883,11,0.1315789473684209,0.011235955056179914,0.1315789473684209,0.09146461659767391,0.05673023062151077,11,-0.6026577400444745,-0.7852237371481064,-0.5469036399315749,-0.6449283723747187,0.10178153713558359,17,-0.19043716170009076,-0.24529795457707115,-0.18764471125923532,-0.20779327584546572,0.026544304347472358,9,"{""model__learning_rate"": 0.1, ""model__max_depth"": 1, ""model__n_estimators"": 100, ""model__subsample"": 0.8}",,,,,,,1,,,0.1,100.0,0.8,,,,,
gradient_boosting,0.062027374903361,0.0036739058442199998,0.009998718897501627,0.0007738936417211101,,"{'model__learning_rate': 0.1, 'model__max_depth': 1, 'model__n_estimators': 100, 'model__subsample': 1.0}",0.7395833333333333,0.5809523809523809,0.78125,0.700595238095238,0.08629344404127649,10,0.5752136752136752,0.4221552257266543,0.6003306878306879,0.5325665295903391,0.07874307629398282,9,0.7272727272727273,0.6818181818181818,0.7272727272727273,0.7121212121212123,0.0214274782177742,2,0.5520833333333334,0.5380952380952381,0.5520833333333334,0.547420634920635,0.0065940513324936265,6,0.5,0.5,0.5,0.5,0.0,2,0.16666666666666666,0.14285714285714285,0.16666666666666666,0.15873015873015872,0.011223917161691228,8,0.25,0.2222222222222222,0.25,0.24074074074074073,0.013094570021973107,8,0.1613743060919757,0.12344267996967354,0.1613743060919757,0.14873043071787498,0.01788114003500843,3,0.1315789473684209,0.09411764705882342,0.1315789473684209,0.11909184726522175,0.01765942632065473,4,-0.5989187026191993,-0.7701419865065645,-0.5467017190627523,-0.6385874693961721,0.09543443324099526,15,-0.19354590259255097,-0.24563711717169412,-0.18653195306575698,-0.2085716576100007,0.026365192854478314,14,"{""model__learning_rate"": 0.1, ""model__max_depth"": 1, ""model__n_estimators"": 100, ""model__subsample"": 1.0}",,,,,,,1,,,0.1,100.0,1.0,,,,,
gradient_boosting,0.11788233121236165,0.005867371313117917,0.01165302594502767,0.0033745279622017796,,"{'model__learning_rate': 0.1, 'model__max_depth': 1, 'model__n_estimators': 200, 'model__subsample': 0.8}",0.7291666666666666,0.5238095238095237,0.7916666666666667,0.681547619047619,0.11441894515917318,19,0.5486111111111112,0.48805658627087195,0.5874999999999999,0.541389232460661,0.04091751688423105,6,0.7272727272727273,0.6818181818181818,0.6818181818181818,0.6969696969696969,0.0214274782177742,10,0.5520833333333334,0.5761904761904761,0.5208333333333334,0.549702380952381,0.022662083120001723,4,0.5,0.5,0.3333333333333333,0.4444444444444444,0.07856742013183862,6,0.16666666666666666,0.2857142857142857,0.16666666666666666,0.2063492063492063,0.05611958580845615,4,0.25,0.36363636363636365,0.2222222222222222,0.2786195286195286,0.061176236736049244,4,0.1613743060919757,0.18401748249129446,0.05407380704358752,0.13315519854228589,0.05667790998493427,7,0.1315789473684209,0.17204301075268824,0.04938271604938271,0.11766822472349729,0.051032787679774615,7,-0.6193210543501956,-0.8518773657222938,-0.5833481006842162,-0.6848488402522351,0.1190165523205076,22,-0.19577705097426953,-0.25209798995623467,-0.19835785554797972,-0.21541096549282798,0.025963030909941568,19,"{""model__learning_rate"": 0.1, ""model__max_depth"": 1, ""model__n_estimators"": 200, ""model__subsample"": 0.8}",,,,,,,1,,,0.1,200.0,0.8,,,,,
gradient_boosting,0.12104511260986328,0.004220524103602343,0.01411135991414388,0.0015488511400626374,,"{'model__learning_rate': 0.1, 'model__max_depth': 1, 'model__n_estimators': 200, 'model__subsample': 1.0}",0.7291666666666667,0.5904761904761904,0.78125,0.700297619047619,0.0805138829969914,11,0.5408730158730158,0.43435374149659856,0.5878306878306878,0.5210191484001007,0.06421020326102535,11,0.7272727272727273,0.6363636363636364,0.7272727272727273,0.6969696969696969,0.04285495643554835,10,0.5520833333333334,0.5047619047619047,0.5520833333333334,0.5363095238095239,0.022307535358861347,13,0.5,0.3333333333333333,0.5,0.4444444444444444,0.07856742013183862,6,0.16666666666666666,0.14285714285714285,0.16666666666666666,0.15873015873015872,0.011223917161691228,8,0.25,0.2,0.25,0.2333333333333333,0.02357022603955158,11,0.1613743060919757,0.012926112238824687,0.1613743060919757,0.11189157480759204,0.06997914968563883,11,0.1315789473684209,0.011235955056179914,0.1315789473684209,0.09146461659767391,0.05673023062151077,11,-0.632674839084054,-0.8170694921900128,-0.5848136483319814,-0.6781859932020161,0.10013039203429777,20,-0.2040581377067901,-0.24944097521346478,-0.19758141328887133,-0.21702684206970876,0.023072263440363113,20,"{""model__learning_rate"": 0.1, ""model__max_depth"": 1, ""model__n_estimators"": 200, ""model__subsample"": 1.0}",,,,,,,1,,,0.1,200.0,1.0,,,,,
gradient_boosting,0.0457452138264974,0.0017142611552128219,0.017418464024861652,0.0005950554662982855,,"{'model__learning_rate': 0.1, 'model__max_depth': 2, 'model__n_estimators': 50, 'model__subsample': 0.8}",0.71875,0.638095238095238,0.7395833333333334,0.6988095238095239,0.04376585664488843,13,0.5687830687830687,0.5139255702280912,0.5827380952380952,0.5551489114164183,0.02970082585705934,3,0.7272727272727273,0.6363636363636364,0.7272727272727273,0.6969696969696969,0.04285495643554835,10,0.5520833333333334,0.5047619047619047,0.6041666666666666,0.553670634920635,0.04059734241780191,3,0.5,0.3333333333333333,0.5,0.4444444444444444,0.07856742013183862,6,0.16666666666666666,0.14285714285714285,0.3333333333333333,0.21428571428571427,0.08473871628596279,2,0.25,0.2,0.4,0.2833333333333334,0.08498365855987976,3,0.1613743060919757,0.012926112238824687,0.24056261216234406,0.13828767683104815,0.09435513892498999,6,0.1315789473684209,0.011235955056179914,0.2325581395348837,0.12512434731982816,0.09046960348443675,3,-0.5991283732259766,-0.7380118536384934,-0.5877636955427143,-0.6416346408023949,0.06830673144111105,16,-0.19814476388638813,-0.2415644452044754,-0.1959797612663883,-0.21189632345241727,0.020997141000738802,17,"{""model__learning_rate"": 0.1, ""model__max_depth"": 2, ""model__n_estimators"": 50, ""model__subsample"": 0.8}",,,,,,,2,,,0.1,50.0,0.8,,,,,
gradient_boosting,0.04856355985005697,0.0020705859201908144,0.012986342112223307,0.0016316183817260328,,"{'model__learning_rate': 0.1, 'model__max_depth': 2, 'model__n_estimators': 50, 'model__subsample': 1.0}",0.7708333333333333,0.7142857142857142,0.7395833333333334,0.7415674603174603,0.023128061958084856,3,0.5944444444444444,0.46498739355882207,0.568703007518797,0.5427116151740212,0.05595501981065213,5,0.7272727272727273,0.6363636363636364,0.6818181818181818,0.6818181818181818,0.03711348095126028,17,0.5520833333333334,0.5047619047619047,0.5208333333333334,0.5258928571428573,0.019647366004879787,16,0.5,0.3333333333333333,0.3333333333333333,0.38888888888888884,0.07856742013183862,12,0.16666666666666666,0.14285714285714285,0.16666666666666666,0.15873015873015872,0.011223917161691228,8,0.25,0.2,0.2222222222222222,0.2240740740740741,0.02045437225405048,14,0.1613743060919757,0.012926112238824687,0.05407380704358752,0.07612474179146264,0.06257741529235054,16,0.1315789473684209,0.011235955056179914,0.04938271604938271,0.06406587282466118,0.05021490661368447,16,-0.5789254361441859,-0.7135766018020382,-0.5739328406937673,-0.6221449595466638,0.06468405474029881,9,-0.19010783771563558,-0.23868108534958468,-0.19623658253374685,-0.20834183519965568,0.021598502309286102,13,"{""model__learning_rate"": 0.1, ""model__max_depth"": 2, ""model__n_estimators"": 50, ""model__subsample"": 1.0}",,,,,,,2,,,0.1,50.0,1.0,,,,,
gradient_boosting,0.08777912457784016,0.000651233597539913,0.012024879455566406,0.003560576559653101,,"{'model__learning_rate': 0.1, 'model__max_depth': 2, 'model__n_estimators': 100, 'model__subsample': 0.8}",0.8020833333333334,0.6571428571428571,0.75,0.7364087301587302,0.059947073164607234,4,0.5861471861471861,0.4457282913165265,0.5853696741854637,0.5390817172163921,0.06601160365998252,8,0.6818181818181818,0.6818181818181818,0.6818181818181818,0.6818181818181818,0.0,17,0.5208333333333334,0.5761904761904761,0.5208333333333334,0.5392857142857143,0.02609560740093207,11,0.3333333333333333,0.5,0.3333333333333333,0.38888888888888884,0.07856742013183862,12,0.16666666666666666,0.2857142857142857,0.16666666666666666,0.2063492063492063,0.05611958580845615,4,0.2222222222222222,0.36363636363636365,0.2222222222222222,0.26936026936026936,0.06666326556640853,6,0.05407380704358752,0.18401748249129446,0.05407380704358752,0.0973883655261565,0.061256036054251645,14,0.04938271604938271,0.17204301075268824,0.04938271604938271,0.09026948095048455,0.057822617444698465,14,-0.6373829360532306,-0.7769610345089262,-0.6233466262884951,-0.6792301989502173,0.06934330855583903,21,-0.21040229048939854,-0.24180679173724007,-0.20951783387282602,-0.22057563869982152,0.01501703389155937,22,"{""model__learning_rate"": 0.1, ""model__max_depth"": 2, ""model__n_estimators"": 100, ""model__subsample"": 0.8}",,,,,,,2,,,0.1,100.0,0.8,,,,,
gradient_boosting,0.09523471196492513,0.0008851192552680068,0.010978937149047852,0.0014978042002218713,,"{'model__learning_rate': 0.1, 'model__max_depth': 2, 'model__n_estimators': 100, 'model__subsample': 1.0}",0.8020833333333333,0.7142857142857143,0.6770833333333335,0.7311507936507936,0.05240593590102051,6,0.5909090909090909,0.46598639455782315,0.4388407888407888,0.49857875810256763,0.06622128934896333,16,0.7272727272727273,0.6818181818181818,0.6818181818181818,0.6969696969696969,0.0214274782177742,10,0.5520833333333334,0.5761904761904761,0.5208333333333334,0.549702380952381,0.022662083120001723,4,0.5,0.5,0.3333333333333333,0.4444444444444444,0.07856742013183862,6,0.16666666666666666,0.2857142857142857,0.16666666666666666,0.2063492063492063,0.05611958580845615,4,0.25,0.36363636363636365,0.2222222222222222,0.2786195286195286,0.061176236736049244,4,0.1613743060919757,0.18401748249129446,0.05407380704358752,0.13315519854228589,0.05667790998493427,7,0.1315789473684209,0.17204301075268824,0.04938271604938271,0.11766822472349729,0.051032787679774615,7,-0.6006674422232235,-0.7613593948588295,-0.6683358110610546,-0.6767875493810359,0.06587386847065149,19,-0.19384540856383267,-0.25102031445221046,-0.2165389738905435,-0.2204682323021955,0.023506336303010838,21,"{""model__learning_rate"": 0.1, ""model__max_depth"": 2, ""model__n_estimators"": 100, ""model__subsample"": 1.0}",,,,,,,2,,,0.1,100.0,1.0,,,,,
gradient_boosting,0.16527915000915527,0.004734694660216412,0.009144862492879232,7.65323226284234e-05,,"{'model__learning_rate': 0.1, 'model__max_depth': 2, 'model__n_estimators': 200, 'model__subsample': 0.8}",0.84375,0.6857142857142857,0.71875,0.749404761904762,0.06806177374526376,1,0.6327380952380952,0.4681096681096681,0.5781926406926406,0.5596801346801347,0.06847220562068604,2,0.6818181818181818,0.7272727272727273,0.7272727272727273,0.7121212121212123,0.0214274782177742,2,0.5208333333333334,0.6476190476190476,0.6041666666666666,0.5908730158730159,0.052606686522420586,1,0.3333333333333333,0.6,0.5,0.4777777777777778,0.10999438818457406,5,0.16666666666666666,0.42857142857142855,0.3333333333333333,0.30952380952380953,0.10823953727766551,1,0.2222222222222222,0.5,0.4,0.37407407407407406,0.11487453643904313,1,0.05407380704358752,0.32813879689547715,0.24056261216234406,0.20759173870046957,0.11428972989222987,2,0.04938271604938271,0.31958762886597936,0.2325581395348837,0.2005094948167486,0.1126144172201709,1,-0.6673622227107474,-0.8892652226031944,-0.7020665769272033,-0.752898007413715,0.09746148327859452,23,-0.21933990309932908,-0.24984530029521868,-0.2175468813419323,-0.22891069491216,0.014821088773859042,23,"{""model__learning_rate"": 0.1, ""model__max_depth"": 2, ""model__n_estimators"": 200, ""model__subsample"": 0.8}",,,,,,,2,,,0.1,200.0,0.8,,,,,
gradient_boosting,0.1547102928161621,0.004141932129770676,0.009070952733357748,0.00020448498071278093,,"{'model__learning_rate': 0.1, 'model__max_depth': 2, 'model__n_estimators': 200, 'model__subsample': 1.0}",0.8020833333333334,0.6761904761904762,0.6979166666666667,0.7253968253968255,0.05494616888539787,7,0.6041666666666666,0.44685374149659857,0.4687830687830688,0.5066011589821113,0.0695676891768875,14,0.6818181818181818,0.6818181818181818,0.6818181818181818,0.6818181818181818,0.0,17,0.5208333333333334,0.5761904761904761,0.5208333333333334,0.5392857142857143,0.02609560740093207,11,0.3333333333333333,0.5,0.3333333333333333,0.38888888888888884,0.07856742013183862,12,0.16666666666666666,0.2857142857142857,0.16666666666666666,0.2063492063492063,0.05611958580845615,4,0.2222222222222222,0.36363636363636365,0.2222222222222222,0.26936026936026936,0.06666326556640853,6,0.05407380704358752,0.18401748249129446,0.05407380704358752,0.0973883655261565,0.061256036054251645,14,0.04938271604938271,0.17204301075268824,0.04938271604938271,0.09026948095048455,0.057822617444698465,14,-0.6438868439723076,-0.8819938992996715,-0.7466402626537326,-0.7575070019752372,0.09751002330283196,24,-0.20291942531682397,-0.26227664675846346,-0.22891344883830197,-0.2313698403045298,0.024294654125197643,24,"{""model__learning_rate"": 0.1, ""model__max_depth"": 2, ""model__n_estimators"": 200, ""model__subsample"": 1.0}",,,,,,,2,,,0.1,200.0,1.0,,,,,
hist_gradient_boosting,0.0344076951344808,0.005751845545375555,0.016365687052408855,0.005288069970033957,,"{'model__l2_regularization': 0.0, 'model__learning_rate': 0.03, 'model__max_iter': 100, 'model__max_leaf_nodes': 7}",0.75,0.6285714285714286,0.71875,0.6991071428571428,0.05148207369137947,2,0.5694444444444444,0.44249699879951976,0.5432178932178932,0.5183864454872857,0.05471967401365613,2,0.7272727272727273,0.6363636363636364,0.6818181818181818,0.6818181818181818,0.03711348095126028,1,0.5520833333333334,0.5047619047619047,0.5208333333333334,0.5258928571428573,0.019647366004879787,7,0.5,0.3333333333333333,0.3333333333333333,0.38888888888888884,0.07856742013183862,2,0.16666666666666666,0.14285714285714285,0.16666666666666666,0.15873015873015872,0.011223917161691228,14,0.25,0.2,0.2222222222222222,0.2240740740740741,0.02045437225405048,11,0.1613743060919757,0.012926112238824687,0.05407380704358752,0.07612474179146264,0.06257741529235054,6,0.1315789473684209,0.011235955056179914,0.04938271604938271,0.06406587282466118,0.05021490661368447,7,-0.6217095444311996,-0.8078159811738392,-0.6683235615904318,-0.6992830290651569,0.07906861121414088,2,-0.1918851296354214,-0.25342460919795834,-0.21716626541074657,-0.2208253347480421,0.025256266252401967,1,"{""model__l2_regularization"": 0.0, ""model__learning_rate"": 0.03, ""model__max_iter"": 100, ""model__max_leaf_nodes"": 7}",,,,,,,,,,0.03,,,0.0,100.0,7.0,,
hist_gradient_boosting,0.0568538506825765,0.0038120111919547977,0.0154420534769694,0.004483718841997588,,"{'model__l2_regularization': 0.0, 'model__learning_rate': 0.03, 'model__max_iter': 100, 'model__max_leaf_nodes': 15}",0.6979166666666666,0.6095238095238095,0.71875,0.6753968253968253,0.047349393587101676,11,0.5169312169312169,0.4157727193441479,0.4471861471861472,0.45996336115383735,0.042274525868426276,13,0.6818181818181818,0.5909090909090909,0.6818181818181818,0.6515151515151515,0.0428549564355483,8,0.5208333333333334,0.43333333333333335,0.5729166666666666,0.5090277777777777,0.05759285310170924,13,0.3333333333333333,0.0,0.4,0.24444444444444446,0.17497795275581804,15,0.16666666666666666,0.0,0.3333333333333333,0.16666666666666666,0.13608276348795434,11,0.2222222222222222,0.0,0.36363636363636365,0.19528619528619529,0.14967077960197217,15,0.05407380704358752,-0.2160246899469287,0.15498260496951669,-0.002322759311274828,0.15662488678956987,15,0.04938271604938271,-0.16470588235294126,0.15384615384615397,0.012840995847531808,0.13259040419811732,14,-0.7444730429736833,-0.9235832016343681,-0.7896309256056875,-0.819229056737913,0.07605765032199471,5,-0.21830400818248297,-0.28268983585398,-0.2441368017575461,-0.24837688193133634,0.026455842595364515,6,"{""model__l2_regularization"": 0.0, ""model__learning_rate"": 0.03, ""model__max_iter"": 100, ""model__max_leaf_nodes"": 15}",,,,,,,,,,0.03,,,0.0,100.0,15.0,,
hist_gradient_boosting,0.06462637583414714,0.005375623000987336,0.022440036137898762,0.008911453490718986,,"{'model__l2_regularization': 0.0, 'model__learning_rate': 0.03, 'model__max_iter': 200, 'model__max_leaf_nodes': 7}",0.7499999999999999,0.6285714285714286,0.6875,0.6886904761904762,0.0495801533879971,4,0.5641025641025641,0.43344671201814067,0.5157407407407407,0.5044300056204819,0.053936304827683405,3,0.6818181818181818,0.6363636363636364,0.6818181818181818,0.6666666666666666,0.02142747821777415,3,0.5208333333333334,0.5047619047619047,0.5208333333333334,0.5154761904761905,0.007576144084141606,12,0.3333333333333333,0.3333333333333333,0.3333333333333333,0.3333333333333333,0.0,8,0.16666666666666666,0.14285714285714285,0.16666666666666666,0.15873015873015872,0.011223917161691228,14,0.2222222222222222,0.2,0.2222222222222222,0.2148148148148148,0.010475656017578472,12,0.05407380704358752,0.012926112238824687,0.05407380704358752,0.04035790877533324,0.019397209351094846,12,0.04938271604938271,0.011235955056179914,0.04938271604938271,0.03666712905164845,0.017982555585730788,12,-0.7543368715017738,-0.9765553977087567,-0.8806461066638392,-0.8705127919581233,0.09100286221723906,6,-0.21741224030671324,-0.2701282617203142,-0.2394974019253432,-0.24234596798412356,0.02161527970153266,5,"{""model__l2_regularization"": 0.0, ""model__learning_rate"": 0.03, ""model__max_iter"": 200, ""model__max_leaf_nodes"": 7}",,,,,,,,,,0.03,,,0.0,200.0,7.0,,
hist_gradient_boosting,0.12632060050964355,0.003901805737369621,0.02087092399597168,0.0005973855552769212,,"{'model__l2_regularization': 0.0, 'model__learning_rate': 0.03, 'model__max_iter': 200, 'model__max_leaf_nodes': 15}",0.6875,0.6095238095238096,0.6770833333333333,0.6580357142857143,0.03456569025138652,15,0.5127645502645503,0.4172002134187008,0.4147727272727273,0.44824583031865944,0.04563238681637886,16,0.6363636363636364,0.6818181818181818,0.6818181818181818,0.6666666666666666,0.02142747821777415,3,0.4895833333333333,0.5761904761904761,0.5729166666666666,0.5462301587301587,0.04007764612061078,2,0.25,0.5,0.4,0.3833333333333333,0.10274023338281628,3,0.16666666666666666,0.2857142857142857,0.3333333333333333,0.26190476190476186,0.07009334020895115,1,0.2,0.36363636363636365,0.36363636363636365,0.30909090909090914,0.07713892158398701,3,-0.024056261216234408,0.18401748249129446,0.15498260496951669,0.10498127541485891,0.09201003721711279,2,-0.023255813953488413,0.17204301075268824,0.15384615384615397,0.10087778354845127,0.08808951478240527,2,-0.9570030822652664,-1.1993217329490014,-1.026126486957658,-1.0608171007239753,0.10192206542226054,10,-0.24901517600468875,-0.3018880810501311,-0.2539493794441741,-0.2682842121663313,0.023846755109312213,10,"{""model__l2_regularization"": 0.0, ""model__learning_rate"": 0.03, ""model__max_iter"": 200, ""model__max_leaf_nodes"": 15}",,,,,,,,,,0.03,,,0.0,200.0,15.0,,
hist_gradient_boosting,0.032867113749186196,0.004939232033674261,0.017066081364949543,0.004877825706524809,,"{'model__l2_regularization': 0.0, 'model__learning_rate': 0.1, 'model__max_iter': 100, 'model__max_leaf_nodes': 7}",0.7395833333333334,0.5809523809523809,0.6458333333333334,0.6554563492063492,0.06511731254278051,16,0.5408730158730158,0.3944110977724423,0.5117216117216117,0.48233524178902326,0.06330056564668796,7,0.6818181818181818,0.6363636363636364,0.6818181818181818,0.6666666666666666,0.02142747821777415,3,0.5208333333333334,0.5047619047619047,0.5729166666666666,0.5328373015873016,0.02908996772033734,6,0.3333333333333333,0.3333333333333333,0.4,0.35555555555555557,0.03142696805273547,6,0.16666666666666666,0.14285714285714285,0.3333333333333333,0.21428571428571427,0.08473871628596279,6,0.2222222222222222,0.2,0.36363636363636365,0.26195286195286194,0.07247117898901823,6,0.05407380704358752,0.012926112238824687,0.15498260496951669,0.07399417475064296,0.059680413140462935,7,0.04938271604938271,0.011235955056179914,0.15384615384615397,0.07148827498390553,0.060282164314080636,6,-0.8740189205091992,-1.1950995277438905,-1.0330666747198711,-1.0340617076576537,0.13108249731488433,9,-0.23665298490248007,-0.2965379093657344,-0.24724944090893983,-0.26014677839238476,0.026093511710944848,8,"{""model__l2_regularization"": 0.0, ""model__learning_rate"": 0.1, ""model__max_iter"": 100, ""model__max_leaf_nodes"": 7}",,,,,,,,,,0.1,,,0.0,100.0,7.0,,
hist_gradient_boosting,0.06187971433003744,0.007569291442153338,0.015791972478230793,0.007906031182457314,,"{'model__l2_regularization': 0.0, 'model__learning_rate': 0.1, 'model__max_iter': 100, 'model__max_leaf_nodes': 15}",0.7291666666666667,0.5904761904761905,0.7083333333333333,0.6759920634920634,0.061064066616926385,9,0.5361111111111111,0.398335744554232,0.47845441595441596,0.4709670905399197,0.05649517937468956,11,0.6363636363636364,0.6363636363636364,0.6818181818181818,0.6515151515151515,0.021427478217774146,8,0.4895833333333333,0.5047619047619047,0.5729166666666666,0.522420634920635,0.03623979556808826,8,0.25,0.3333333333333333,0.4,0.3277777777777778,0.06136311676215146,9,0.16666666666666666,0.14285714285714285,0.3333333333333333,0.21428571428571427,0.08473871628596279,6,0.2,0.2,0.36363636363636365,0.2545454545454546,0.07713892158398701,8,-0.024056261216234408,0.012926112238824687,0.15498260496951669,0.04795081866403566,0.07717415995179985,8,-0.023255813953488413,0.011235955056179914,0.15384615384615397,0.04727543164961515,0.07666120120144639,8,-1.1911029863953446,-1.6092617506165174,-1.2316062822541587,-1.3439903397553403,0.18830262931261524,15,-0.27686125893971575,-0.335546221582213,-0.26388962373183045,-0.29209903475125304,0.031174876237496815,15,"{""model__l2_regularization"": 0.0, ""model__learning_rate"": 0.1, ""model__max_iter"": 100, ""model__max_leaf_nodes"": 15}",,,,,,,,,,0.1,,,0.0,100.0,15.0,,
hist_gradient_boosting,0.06395792961120605,0.002923373358932963,0.01773802439371745,0.0013409213871207592,,"{'model__l2_regularization': 0.0, 'model__learning_rate': 0.1, 'model__max_iter': 200, 'model__max_leaf_nodes': 7}",0.7916666666666666,0.5809523809523809,0.6666666666666667,0.6797619047619049,0.08652067766955536,7,0.5876623376623377,0.3944110977724423,0.4730639730639731,0.4850458028329177,0.07934810904364996,6,0.6818181818181818,0.6363636363636364,0.6818181818181818,0.6666666666666666,0.02142747821777415,3,0.5208333333333334,0.5428571428571429,0.5729166666666666,0.5455357142857142,0.021347122545380598,3,0.3333333333333333,0.4,0.4,0.37777777777777777,0.03142696805273547,5,0.16666666666666666,0.2857142857142857,0.3333333333333333,0.26190476190476186,0.07009334020895115,1,0.2222222222222222,0.3333333333333333,0.36363636363636365,0.3063973063973064,0.06079282856992522,4,0.05407380704358752,0.09526610232449337,0.15498260496951669,0.10144083811253253,0.0414265767855457,4,0.04938271604938271,0.09278350515463918,0.15384615384615397,0.09867079168339195,0.04284971852170249,4,-1.03974357343086,-1.5700522131965806,-1.2631605873345,-1.2909854579873137,0.21738978958340638,13,-0.25929780903313426,-0.3123129131335196,-0.24866650711012242,-0.27342574309225876,0.027837805714627368,11,"{""model__l2_regularization"": 0.0, ""model__learning_rate"": 0.1, ""model__max_iter"": 200, ""model__max_leaf_nodes"": 7}",,,,,,,,,,0.1,,,0.0,200.0,7.0,,
hist_gradient_boosting,0.10856223106384277,0.010789597572206221,0.018803993860880535,0.003180976776831374,,"{'model__l2_regularization': 0.0, 'model__learning_rate': 0.1, 'model__max_iter': 200, 'model__max_leaf_nodes': 15}",0.7395833333333334,0.5904761904761904,0.7291666666666666,0.68640873015873,0.06796771715830813,6,0.5514161220043573,0.3919631955346241,0.49010942760942755,0.47782958171613626,0.06567295182093752,8,0.6363636363636364,0.5909090909090909,0.7272727272727273,0.6515151515151515,0.05669177858748396,8,0.4895833333333333,0.43333333333333335,0.6041666666666666,0.5090277777777777,0.07108479330705106,13,0.25,0.0,0.5,0.25,0.2041241452319315,14,0.16666666666666666,0.0,0.3333333333333333,0.16666666666666666,0.13608276348795434,11,0.2,0.0,0.4,0.20000000000000004,0.16329931618554522,14,-0.024056261216234408,-0.2160246899469287,0.24056261216234406,0.00016055366639365168,0.18718588213172965,14,-0.023255813953488413,-0.16470588235294126,0.2325581395348837,0.01486548107615134,0.16440721927108348,13,-1.677436681081884,-2.192192024272021,-1.633689348307302,-1.8344393512204025,0.25359901233759613,16,-0.3048104809103119,-0.3556123243561759,-0.26018167598747033,-0.30686816041798604,0.03898655918591354,16,"{""model__l2_regularization"": 0.0, ""model__learning_rate"": 0.1, ""model__max_iter"": 200, ""model__max_leaf_nodes"": 15}",,,,,,,,,,0.1,,,0.0,200.0,15.0,,
hist_gradient_boosting,0.03385790189107259,0.0013658951127813214,0.014506975809733072,0.0032548002410058004,,"{'model__l2_regularization': 1.0, 'model__learning_rate': 0.03, 'model__max_iter': 100, 'model__max_leaf_nodes': 7}",0.75,0.6095238095238095,0.7708333333333334,0.7101190476190476,0.07163825044403158,1,0.5590909090909091,0.4055227354099534,0.59156162464986,0.5187250897169075,0.08113637329708316,1,0.6818181818181818,0.5909090909090909,0.6818181818181818,0.6515151515151515,0.0428549564355483,8,0.5208333333333334,0.4714285714285714,0.5208333333333334,0.5043650793650793,0.023289628110509324,15,0.3333333333333333,0.25,0.3333333333333333,0.3055555555555555,0.0392837100659193,13,0.16666666666666666,0.14285714285714285,0.16666666666666666,0.15873015873015872,0.011223917161691228,14,0.2222222222222222,0.18181818181818182,0.2222222222222222,0.20875420875420878,0.019046647304688143,13,0.05407380704358752,-0.06900655593423542,0.05407380704358752,0.013047019384313205,0.05802063952834686,13,0.04938271604938271,-0.06451612903225801,0.04938271604938271,0.011416434355502473,0.053692430484362806,15,-0.6180316023464343,-0.8100425788199797,-0.6173717643455189,-0.6818153151706442,0.09067076781335129,1,-0.19811383404523475,-0.26816716621022374,-0.20639823733552742,-0.22422641253032863,0.031254335271947625,2,"{""model__l2_regularization"": 1.0, ""model__learning_rate"": 0.03, ""model__max_iter"": 100, ""model__max_leaf_nodes"": 7}",,,,,,,,,,0.03,,,1.0,100.0,7.0,,
hist_gradient_boosting,0.0633852481842041,0.009808200005567464,0.019115606943766277,0.009492428575926717,,"{'model__l2_regularization': 1.0, 'model__learning_rate': 0.03, 'model__max_iter': 100, 'model__max_leaf_nodes': 15}",0.6770833333333334,0.638095238095238,0.7604166666666666,0.6918650793650793,0.05101965623658562,3,0.5055407011289365,0.40875850340136055,0.48333333333333334,0.4658775126212101,0.04139426455275531,12,0.6818181818181818,0.5454545454545454,0.6818181818181818,0.6363636363636362,0.06428243465332249,16,0.5208333333333334,0.4,0.5729166666666666,0.4979166666666666,0.07242892429184676,16,0.3333333333333333,0.0,0.4,0.24444444444444446,0.17497795275581804,15,0.16666666666666666,0.0,0.3333333333333333,0.16666666666666666,0.13608276348795434,11,0.2222222222222222,0.0,0.36363636363636365,0.19528619528619529,0.14967077960197217,15,0.05407380704358752,-0.27144835701531844,0.15498260496951669,-0.020797315000738077,0.18196172678516803,16,0.04938271604938271,-0.2359550561797752,0.15384615384615397,-0.010908728761412837,0.16474736127871575,16,-0.7111478076744788,-0.8602368999560213,-0.6929787526274908,-0.7547878200859969,0.0749317910920823,3,-0.21913781195932727,-0.27826671029664146,-0.228726257760293,-0.24204359333875392,0.025911004416761033,4,"{""model__l2_regularization"": 1.0, ""model__learning_rate"": 0.03, ""model__max_iter"": 100, ""model__max_leaf_nodes"": 15}",,,,,,,,,,0.03,,,1.0,100.0,15.0,,
hist_gradient_boosting,0.06965700785319011,0.006754994784979107,0.01308425267537435,0.0012829766721708608,,"{'model__l2_regularization': 1.0, 'model__learning_rate': 0.03, 'model__max_iter': 200, 'model__max_leaf_nodes': 7}",0.75,0.6095238095238095,0.6770833333333334,0.6788690476190476,0.05736306363452818,8,0.5499999999999999,0.40855303844025653,0.5117224880382775,0.49009184215951135,0.05973678020823419,4,0.6818181818181818,0.5909090909090909,0.6818181818181818,0.6515151515151515,0.0428549564355483,8,0.5208333333333334,0.4714285714285714,0.5729166666666666,0.5217261904761905,0.0414371513191752,11,0.3333333333333333,0.25,0.4,0.3277777777777778,0.06136311676215146,9,0.16666666666666666,0.14285714285714285,0.3333333333333333,0.21428571428571427,0.08473871628596279,6,0.2222222222222222,0.18181818181818182,0.36363636363636365,0.2558922558922559,0.07795176365515305,7,0.05407380704358752,-0.06900655593423542,0.15498260496951669,0.04668328535962293,0.09159239745984234,11,0.04938271604938271,-0.06451612903225801,0.15384615384615397,0.04623758028775956,0.08917376503279867,11,-0.6912441744266453,-0.9496010820969705,-0.779161891552345,-0.8066690493586536,0.10725221282310558,4,-0.2119204969887603,-0.27992960652902,-0.23278137931568957,-0.24154382761115664,0.028447555492084147,3,"{""model__l2_regularization"": 1.0, ""model__learning_rate"": 0.03, ""model__max_iter"": 200, ""model__max_leaf_nodes"": 7}",,,,,,,,,,0.03,,,1.0,200.0,7.0,,
hist_gradient_boosting,0.11927731831868489,0.020136680761973263,0.013388633728027344,0.0027919760380479565,,"{'model__l2_regularization': 1.0, 'model__learning_rate': 0.03, 'model__max_iter': 200, 'model__max_leaf_nodes': 15}",0.6875,0.6,0.7083333333333333,0.6652777777777777,0.04693540346865499,13,0.5080419580419581,0.40083033213285313,0.4456649831649831,0.45151242444659806,0.04396383066169217,15,0.6363636363636364,0.6363636363636364,0.6818181818181818,0.6515151515151515,0.021427478217774146,8,0.4895833333333333,0.5047619047619047,0.5729166666666666,0.522420634920635,0.03623979556808826,8,0.25,0.3333333333333333,0.4,0.3277777777777778,0.06136311676215146,9,0.16666666666666666,0.14285714285714285,0.3333333333333333,0.21428571428571427,0.08473871628596279,6,0.2,0.2,0.36363636363636365,0.2545454545454546,0.07713892158398701,8,-0.024056261216234408,0.012926112238824687,0.15498260496951669,0.04795081866403566,0.07717415995179985,8,-0.023255813953488413,0.011235955056179914,0.15384615384615397,0.04727543164961515,0.07666120120144639,8,-0.8868980604362678,-1.0776828597542703,-0.8583745208293547,-0.9409851470066309,0.09735877491955161,8,-0.2477995323707833,-0.3009393459386247,-0.24707047696950027,-0.26526978509296945,0.025223944426357572,9,"{""model__l2_regularization"": 1.0, ""model__learning_rate"": 0.03, ""model__max_iter"": 200, ""model__max_leaf_nodes"": 15}",,,,,,,,,,0.03,,,1.0,200.0,15.0,,
hist_gradient_boosting,0.03228433926900228,0.0024938783448297873,0.011695464452107748,0.002409905406028187,,"{'model__l2_regularization': 1.0, 'model__learning_rate': 0.1, 'model__max_iter': 100, 'model__max_leaf_nodes': 7}",0.7291666666666667,0.5809523809523809,0.6666666666666667,0.6589285714285714,0.060755121654525915,14,0.5361111111111111,0.38565759637188207,0.43835978835978834,0.45337616528092717,0.06233342445390025,14,0.6818181818181818,0.5909090909090909,0.6818181818181818,0.6515151515151515,0.0428549564355483,8,0.5208333333333334,0.5095238095238095,0.5729166666666666,0.5344246031746032,0.027606829422050998,5,0.3333333333333333,0.3333333333333333,0.4,0.35555555555555557,0.03142696805273547,6,0.16666666666666666,0.2857142857142857,0.3333333333333333,0.26190476190476186,0.07009334020895115,1,0.2222222222222222,0.3076923076923077,0.36363636363636365,0.2978502978502979,0.05815002846816364,5,0.05407380704358752,0.019920476822239894,0.15498260496951669,0.07632562961178137,0.05733993559246842,5,0.04938271604938271,0.01980198019801982,0.15384615384615397,0.07434361669785217,0.057499246621962256,5,-0.8049387535394481,-1.074294824010182,-0.8406974218391567,-0.9066436664629288,0.11944274377246623,7,-0.23880930814506673,-0.2903714471762893,-0.2342458795532922,-0.2544755449582161,0.02545051495438632,7,"{""model__l2_regularization"": 1.0, ""model__learning_rate"": 0.1, ""model__max_iter"": 100, ""model__max_leaf_nodes"": 7}",,,,,,,,,,0.1,,,1.0,100.0,7.0,,
hist_gradient_boosting,0.058208306630452476,0.011602118855845365,0.012033780415852865,0.0026295528936025408,,"{'model__l2_regularization': 1.0, 'model__learning_rate': 0.1, 'model__max_iter': 100, 'model__max_leaf_nodes': 15}",0.6979166666666666,0.6095238095238096,0.6979166666666666,0.6684523809523809,0.04166879246277865,12,0.5133838383838384,0.41541950113378684,0.5268157768157768,0.485206372111134,0.04965051032377226,5,0.6363636363636364,0.6363636363636364,0.6818181818181818,0.6515151515151515,0.021427478217774146,8,0.4895833333333333,0.5047619047619047,0.5729166666666666,0.522420634920635,0.03623979556808826,8,0.25,0.3333333333333333,0.4,0.3277777777777778,0.06136311676215146,9,0.16666666666666666,0.14285714285714285,0.3333333333333333,0.21428571428571427,0.08473871628596279,6,0.2,0.2,0.36363636363636365,0.2545454545454546,0.07713892158398701,8,-0.024056261216234408,0.012926112238824687,0.15498260496951669,0.04795081866403566,0.07717415995179985,8,-0.023255813953488413,0.011235955056179914,0.15384615384615397,0.04727543164961515,0.07666120120144639,8,-0.9879082455159742,-1.2751138576921273,-0.9545262301649523,-1.0725161111243513,0.14390500320924576,11,-0.26499479740050763,-0.31954974456323515,-0.24814168115559443,-0.27756207437311237,0.030476550743011487,13,"{""model__l2_regularization"": 1.0, ""model__learning_rate"": 0.1, ""model__max_iter"": 100, ""model__max_leaf_nodes"": 15}",,,,,,,,,,0.1,,,1.0,100.0,15.0,,
hist_gradient_boosting,0.061708927154541016,0.015907087614716205,0.014218012491861979,0.004255441299022462,,"{'model__l2_regularization': 1.0, 'model__learning_rate': 0.1, 'model__max_iter': 200, 'model__max_leaf_nodes': 7}",0.7708333333333334,0.5904761904761904,0.6666666666666666,0.6759920634920634,0.07392517394573747,9,0.5666666666666667,0.397562358276644,0.4678210678210678,0.4773500309214595,0.06936458093457323,9,0.6363636363636364,0.6363636363636364,0.7272727272727273,0.6666666666666666,0.04285495643554835,3,0.4895833333333333,0.5428571428571429,0.6041666666666666,0.5455357142857142,0.04681677853161843,3,0.25,0.4,0.5,0.3833333333333333,0.10274023338281628,3,0.16666666666666666,0.2857142857142857,0.3333333333333333,0.26190476190476186,0.07009334020895115,1,0.2,0.3333333333333333,0.4,0.3111111111111111,0.08314794192830981,2,-0.024056261216234408,0.09526610232449337,0.24056261216234406,0.10392415109020099,0.10820353781449435,3,-0.023255813953488413,0.09278350515463918,0.2325581395348837,0.10069527691201148,0.10458534568824104,3,-0.9580400402205644,-1.3658404391661063,-1.0260968511806192,-1.1166591101890966,0.17837494856355193,12,-0.26798430311823507,-0.3116676664216372,-0.2407575698450902,-0.2734698464616542,0.02920763414421193,12,"{""model__l2_regularization"": 1.0, ""model__learning_rate"": 0.1, ""model__max_iter"": 200, ""model__max_leaf_nodes"": 7}",,,,,,,,,,0.1,,,1.0,200.0,7.0,,
hist_gradient_boosting,0.09121926625569661,0.0088192978073165,0.0121614138285319,0.0007138526276027911,,"{'model__l2_regularization': 1.0, 'model__learning_rate': 0.1, 'model__max_iter': 200, 'model__max_leaf_nodes': 15}",0.6979166666666667,0.638095238095238,0.7291666666666667,0.6883928571428571,0.03778472783541487,5,0.5179144385026737,0.42669375442484686,0.48578042328042326,0.47679620540264794,0.03777865737038288,10,0.6363636363636364,0.6818181818181818,0.7272727272727273,0.6818181818181818,0.03711348095126028,1,0.4895833333333333,0.5761904761904761,0.6041666666666666,0.5566468253968253,0.04877704913995631,1,0.25,0.5,0.5,0.4166666666666667,0.11785113019775792,1,0.16666666666666666,0.2857142857142857,0.3333333333333333,0.26190476190476186,0.07009334020895115,1,0.2,0.36363636363636365,0.4,0.3212121212121212,0.08698606117822621,1,-0.024056261216234408,0.18401748249129446,0.24056261216234406,0.1335079444791347,0.11378106787360949,1,-0.023255813953488413,0.17204301075268824,0.2325581395348837,0.12711511211136117,0.10916068204587759,1,-1.2515739590121242,-1.5521210225906221,-1.1374517305437448,-1.313715570715497,0.1748977613168794,14,-0.29246254985673936,-0.3230675707573329,-0.2499110025739548,-0.288480374396009,0.02999849060805498,14,"{""model__l2_regularization"": 1.0, ""model__learning_rate"": 0.1, ""model__max_iter"": 200, ""model__max_leaf_nodes"": 15}",,,,,,,,,,0.1,,,1.0,200.0,15.0,,
xgboost,0.03415489196777344,0.00209078457485719,0.018325964609781902,0.005927373267568603,,"{'model__colsample_bytree': 0.8, 'model__learning_rate': 0.03, 'model__max_depth': 2, 'model__n_estimators': 100, 'model__scale_pos_weight': 1.0, 'model__subsample': 0.8}",0.7708333333333333,0.619047619047619,0.78125,0.7237103174603173,0.07412978288282299,7,0.5972222222222222,0.4412370211242391,0.5160714285714285,0.5181768906392966,0.0636980924271362,13,0.7272727272727273,0.6363636363636364,0.6818181818181818,0.6818181818181818,0.03711348095126028,4,0.5520833333333334,0.5047619047619047,0.5208333333333334,0.5258928571428573,0.019647366004879787,42,0.5,0.3333333333333333,0.3333333333333333,0.38888888888888884,0.07856742013183862,26,0.16666666666666666,0.14285714285714285,0.16666666666666666,0.15873015873015872,0.011223917161691228,56,0.25,0.2,0.2222222222222222,0.2240740740740741,0.02045437225405048,55,0.1613743060919757,0.012926112238824687,0.05407380704358752,0.07612474179146264,0.06257741529235054,36,0.1315789473684209,0.011235955056179914,0.04938271604938271,0.06406587282466118,0.05021490661368447,38,-0.5950644612312317,-0.7328704595565796,-0.5608882308006287,-0.6296077171961466,0.07433885996551774,6,-0.19290250539779663,-0.24101553857326508,-0.19190794229507446,-0.20860866208871207,0.022918719009507354,4,"{""model__colsample_bytree"": 0.8, ""model__learning_rate"": 0.03, ""model__max_depth"": 2, ""model__n_estimators"": 100, ""model__scale_pos_weight"": 1.0, ""model__subsample"": 0.8}",,,,,,,2,,,0.03,100.0,0.8,,,,0.8,1.0
xgboost,0.030104796091715496,0.0013783667167429593,0.017461379369099934,0.004130677895598087,,"{'model__colsample_bytree': 0.8, 'model__learning_rate': 0.03, 'model__max_depth': 2, 'model__n_estimators': 100, 'model__scale_pos_weight': 1.0, 'model__subsample': 1.0}",0.75,0.6761904761904762,0.7604166666666667,0.7288690476190477,0.03749133812787018,5,0.5866013071895425,0.4450698111412397,0.5082282913165266,0.5132998032157696,0.05789116955187443,20,0.7272727272727273,0.6363636363636364,0.6818181818181818,0.6818181818181818,0.03711348095126028,4,0.5520833333333334,0.5047619047619047,0.5208333333333334,0.5258928571428573,0.019647366004879787,42,0.5,0.3333333333333333,0.3333333333333333,0.38888888888888884,0.07856742013183862,26,0.16666666666666666,0.14285714285714285,0.16666666666666666,0.15873015873015872,0.011223917161691228,56,0.25,0.2,0.2222222222222222,0.2240740740740741,0.02045437225405048,55,0.1613743060919757,0.012926112238824687,0.05407380704358752,0.07612474179146264,0.06257741529235054,36,0.1315789473684209,0.011235955056179914,0.04938271604938271,0.06406587282466118,0.05021490661368447,38,-0.582147479057312,-0.7409995794296265,-0.56715989112854,-0.6301023165384928,0.07865455755195021,7,-0.1899348795413971,-0.24846535921096802,-0.1946467012166977,-0.21101564665635428,0.02655071930842746,7,"{""model__colsample_bytree"": 0.8, ""model__learning_rate"": 0.03, ""model__max_depth"": 2, ""model__n_estimators"": 100, ""model__scale_pos_weight"": 1.0, ""model__subsample"": 1.0}",,,,,,,2,,,0.03,100.0,1.0,,,,0.8,1.0
xgboost,0.016991853713989258,0.0011579099330531967,0.01835807164510091,0.006446573333626148,,"{'model__colsample_bytree': 0.8, 'model__learning_rate': 0.03, 'model__max_depth': 2, 'model__n_estimators': 100, 'model__scale_pos_weight': 2.977272727272727, 'model__subsample': 0.8}",0.7395833333333333,0.5714285714285714,0.6979166666666667,0.6696428571428571,0.07150087279911711,60,0.576388888888889,0.4181922769107643,0.4735449735449735,0.4893753797815423,0.06554638729709124,42,0.6818181818181818,0.5909090909090909,0.7272727272727273,0.6666666666666666,0.05669177858748395,18,0.5729166666666666,0.5095238095238095,0.6041666666666666,0.5622023809523808,0.039373548996048315,9,0.4,0.3333333333333333,0.5,0.41111111111111115,0.06849348892187752,8,0.3333333333333333,0.2857142857142857,0.3333333333333333,0.31746031746031744,0.022447834323382456,6,0.36363636363636365,0.3076923076923077,0.4,0.3571095571095571,0.03796601038974794,8,0.15498260496951669,0.019920476822239894,0.24056261216234406,0.13848856465136686,0.09082869589277306,8,0.15384615384615397,0.01980198019801982,0.2325581395348837,0.13540209119301916,0.08783102496387718,8,-0.5665623545646667,-0.7256854772567749,-0.545325756072998,-0.6125245292981466,0.0804851886417438,4,-0.19319035112857819,-0.2528875172138214,-0.18364247679710388,-0.20990678171316782,0.030640911585604672,6,"{""model__colsample_bytree"": 0.8, ""model__learning_rate"": 0.03, ""model__max_depth"": 2, ""model__n_estimators"": 100, ""model__scale_pos_weight"": 2.977272727272727, ""model__subsample"": 0.8}",,,,,,,2,,,0.03,100.0,0.8,,,,0.8,2.977272727272727
xgboost,0.017250219980875652,0.002487150912657292,0.015750010808308918,0.0023859706979045096,,"{'model__colsample_bytree': 0.8, 'model__learning_rate': 0.03, 'model__max_depth': 2, 'model__n_estimators': 100, 'model__scale_pos_weight': 2.977272727272727, 'model__subsample': 1.0}",0.7552083333333333,0.6333333333333333,0.6979166666666667,0.6954861111111111,0.04978493484634001,35,0.5805555555555556,0.4397959183673469,0.47619047619047616,0.4988473167044596,0.05965633904230741,28,0.6818181818181818,0.5909090909090909,0.7272727272727273,0.6666666666666666,0.05669177858748395,18,0.5729166666666666,0.5095238095238095,0.6041666666666666,0.5622023809523808,0.039373548996048315,9,0.4,0.3333333333333333,0.5,0.41111111111111115,0.06849348892187752,8,0.3333333333333333,0.2857142857142857,0.3333333333333333,0.31746031746031744,0.022447834323382456,6,0.36363636363636365,0.3076923076923077,0.4,0.3571095571095571,0.03796601038974794,8,0.15498260496951669,0.019920476822239894,0.24056261216234406,0.13848856465136686,0.09082869589277306,8,0.15384615384615397,0.01980198019801982,0.2325581395348837,0.13540209119301916,0.08783102496387718,8,-0.5582424402236938,-0.7066864967346191,-0.5625540018081665,-0.6091609795888265,0.06898341473011174,3,-0.18904609978199005,-0.24881833791732788,-0.18877142667770386,-0.20887862145900726,0.028241866963863414,5,"{""model__colsample_bytree"": 0.8, ""model__learning_rate"": 0.03, ""model__max_depth"": 2, ""model__n_estimators"": 100, ""model__scale_pos_weight"": 2.977272727272727, ""model__subsample"": 1.0}",,,,,,,2,,,0.03,100.0,1.0,,,,0.8,2.977272727272727
xgboost,0.03341325124104818,0.004806582327029434,0.016631046930948894,0.002627643558074523,,"{'model__colsample_bytree': 0.8, 'model__learning_rate': 0.03, 'model__max_depth': 2, 'model__n_estimators': 250, 'model__scale_pos_weight': 1.0, 'model__subsample': 0.8}",0.7604166666666666,0.6190476190476191,0.8020833333333334,0.7271825396825397,0.07833219250226654,6,0.563034188034188,0.4304112554112554,0.6041666666666666,0.53253737003737,0.07414075652020533,3,0.6818181818181818,0.6818181818181818,0.6818181818181818,0.6818181818181818,0.0,4,0.5208333333333334,0.5761904761904761,0.5208333333333334,0.5392857142857143,0.02609560740093207,30,0.3333333333333333,0.5,0.3333333333333333,0.38888888888888884,0.07856742013183862,26,0.16666666666666666,0.2857142857142857,0.16666666666666666,0.2063492063492063,0.05611958580845615,39,0.2222222222222222,0.36363636363636365,0.2222222222222222,0.26936026936026936,0.06666326556640853,38,0.05407380704358752,0.18401748249129446,0.05407380704358752,0.0973883655261565,0.061256036054251645,31,0.04938271604938271,0.17204301075268824,0.04938271604938271,0.09026948095048455,0.057822617444698465,31,-0.6387157440185547,-0.8344705700874329,-0.6279770135879517,-0.7003877758979797,0.09491215888407457,17,-0.20345735549926758,-0.2549784779548645,-0.20761613547801971,-0.22201732297738394,0.023368813488850712,11,"{""model__colsample_bytree"": 0.8, ""model__learning_rate"": 0.03, ""model__max_depth"": 2, ""model__n_estimators"": 250, ""model__scale_pos_weight"": 1.0, ""model__subsample"": 0.8}",,,,,,,2,,,0.03,250.0,0.8,,,,0.8,1.0
xgboost,0.03183444341023763,0.003553590460986506,0.013587315877278646,0.0029606619371374417,,"{'model__colsample_bytree': 0.8, 'model__learning_rate': 0.03, 'model__max_depth': 2, 'model__n_estimators': 250, 'model__scale_pos_weight': 1.0, 'model__subsample': 1.0}",0.7708333333333334,0.6190476190476191,0.75,0.7132936507936508,0.067182551402131,14,0.5693473193473193,0.4154892726321297,0.5625,0.5157788639931496,0.07097052461917469,15,0.7272727272727273,0.6363636363636364,0.6818181818181818,0.6818181818181818,0.03711348095126028,4,0.5520833333333334,0.5047619047619047,0.5208333333333334,0.5258928571428573,0.019647366004879787,42,0.5,0.3333333333333333,0.3333333333333333,0.38888888888888884,0.07856742013183862,26,0.16666666666666666,0.14285714285714285,0.16666666666666666,0.15873015873015872,0.011223917161691228,56,0.25,0.2,0.2222222222222222,0.2240740740740741,0.02045437225405048,55,0.1613743060919757,0.012926112238824687,0.05407380704358752,0.07612474179146264,0.06257741529235054,36,0.1315789473684209,0.011235955056179914,0.04938271604938271,0.06406587282466118,0.05021490661368447,38,-0.632857084274292,-0.8492492437362671,-0.662581205368042,-0.7148958444595337,0.09577406665901783,24,-0.20065422356128693,-0.26038166880607605,-0.21437588334083557,-0.2251372585693995,0.02554339218499614,15,"{""model__colsample_bytree"": 0.8, ""model__learning_rate"": 0.03, ""model__max_depth"": 2, ""model__n_estimators"": 250, ""model__scale_pos_weight"": 1.0, ""model__subsample"": 1.0}",,,,,,,2,,,0.03,250.0,1.0,,,,0.8,1.0
xgboost,0.030778805414835613,0.001200957563411297,0.013856331507364908,0.003175938375522124,,"{'model__colsample_bytree': 0.8, 'model__learning_rate': 0.03, 'model__max_depth': 2, 'model__n_estimators': 250, 'model__scale_pos_weight': 2.977272727272727, 'model__subsample': 0.8}",0.7708333333333334,0.6,0.71875,0.6965277777777779,0.07149068617572885,33,0.5757575757575757,0.4352846401718582,0.5526315789473685,0.5212245982922674,0.061497751901565215,9,0.7272727272727273,0.5909090909090909,0.6818181818181818,0.6666666666666666,0.05669177858748395,18,0.6041666666666666,0.5095238095238095,0.5729166666666666,0.5622023809523808,0.039373548996048315,9,0.5,0.3333333333333333,0.4,0.41111111111111115,0.06849348892187752,8,0.3333333333333333,0.2857142857142857,0.3333333333333333,0.31746031746031744,0.022447834323382456,6,0.4,0.3076923076923077,0.36363636363636365,0.3571095571095571,0.03796601038974794,8,0.24056261216234406,0.019920476822239894,0.15498260496951669,0.13848856465136686,0.09082869589277306,8,0.2325581395348837,0.01980198019801982,0.15384615384615397,0.13540209119301916,0.08783102496387718,8,-0.6090859174728394,-0.8325110077857971,-0.6336252689361572,-0.6917407313982645,0.10004248423620433,12,-0.2044646292924881,-0.2698468863964081,-0.2081172913312912,-0.22747626900672913,0.029997637667871467,20,"{""model__colsample_bytree"": 0.8, ""model__learning_rate"": 0.03, ""model__max_depth"": 2, ""model__n_estimators"": 250, ""model__scale_pos_weight"": 2.977272727272727, ""model__subsample"": 0.8}",,,,,,,2,,,0.03,250.0,0.8,,,,0.8,2.977272727272727
xgboost,0.03340379397074381,0.004060022156322218,0.013401349385579428,0.0028944298719074547,,"{'model__colsample_bytree': 0.8, 'model__learning_rate': 0.03, 'model__max_depth': 2, 'model__n_estimators': 250, 'model__scale_pos_weight': 2.977272727272727, 'model__subsample': 1.0}",0.7395833333333333,0.6,0.7083333333333333,0.6826388888888889,0.05981098055592907,48,0.560515873015873,0.4934479054779806,0.5356753812636166,0.5298797199191567,0.027685379236830607,4,0.7272727272727273,0.5909090909090909,0.6818181818181818,0.6666666666666666,0.05669177858748395,18,0.6041666666666666,0.5095238095238095,0.5729166666666666,0.5622023809523808,0.039373548996048315,9,0.5,0.3333333333333333,0.4,0.41111111111111115,0.06849348892187752,8,0.3333333333333333,0.2857142857142857,0.3333333333333333,0.31746031746031744,0.022447834323382456,6,0.4,0.3076923076923077,0.36363636363636365,0.3571095571095571,0.03796601038974794,8,0.24056261216234406,0.019920476822239894,0.15498260496951669,0.13848856465136686,0.09082869589277306,8,0.2325581395348837,0.01980198019801982,0.15384615384615397,0.13540209119301916,0.08783102496387718,8,-0.5908311605453491,-0.841712236404419,-0.6621413230895996,-0.6982282400131226,0.1055526021654133,15,-0.1957470029592514,-0.27488163113594055,-0.21618323028087616,-0.22893728812535605,0.03354173358460536,22,"{""model__colsample_bytree"": 0.8, ""model__learning_rate"": 0.03, ""model__max_depth"": 2, ""model__n_estimators"": 250, ""model__scale_pos_weight"": 2.977272727272727, ""model__subsample"": 1.0}",,,,,,,2,,,0.03,250.0,1.0,,,,0.8,2.977272727272727
xgboost,0.030335505803426106,0.005554530504985895,0.013482014338175455,0.003193003824971806,,"{'model__colsample_bytree': 0.8, 'model__learning_rate': 0.03, 'model__max_depth': 4, 'model__n_estimators': 100, 'model__scale_pos_weight': 1.0, 'model__subsample': 0.8}",0.75,0.6,0.71875,0.6895833333333333,0.06461692674696178,41,0.5575396825396826,0.4128487427359608,0.4429505135387488,0.4711129796047974,0.062336240858279025,57,0.6818181818181818,0.5909090909090909,0.6818181818181818,0.6515151515151515,0.0428549564355483,41,0.5208333333333334,0.43333333333333335,0.5208333333333334,0.4916666666666667,0.04124789556921528,64,0.3333333333333333,0.0,0.3333333333333333,0.2222222222222222,0.15713484026367722,64,0.16666666666666666,0.0,0.16666666666666666,0.1111111111111111,0.07856742013183861,63,0.2222222222222222,0.0,0.2222222222222222,0.14814814814814814,0.10475656017578482,64,0.05407380704358752,-0.2160246899469287,0.05407380704358752,-0.035959025286584546,0.1273256525401922,64,0.04938271604938271,-0.16470588235294126,0.04938271604938271,-0.021980150084725276,0.10092233313667115,64,-0.644723653793335,-0.8275517821311951,-0.6414000988006592,-0.7045585115750631,0.08697995920907202,20,-0.20687752962112427,-0.2617124319076538,-0.2138996124267578,-0.2274965246518453,0.02436354713823996,21,"{""model__colsample_bytree"": 0.8, ""model__learning_rate"": 0.03, ""model__max_depth"": 4, ""model__n_estimators"": 100, ""model__scale_pos_weight"": 1.0, ""model__subsample"": 0.8}",,,,,,,4,,,0.03,100.0,0.8,,,,0.8,1.0
xgboost,0.029077688852945965,0.0037754581475191516,0.012154976526896158,0.0018926935682538587,,"{'model__colsample_bytree': 0.8, 'model__learning_rate': 0.03, 'model__max_depth': 4, 'model__n_estimators': 100, 'model__scale_pos_weight': 1.0, 'model__subsample': 1.0}",0.6875,0.5999999999999999,0.7500000000000001,0.6791666666666667,0.061520096084305934,50,0.5363247863247863,0.39431132776997435,0.4804505135387488,0.47036220921116983,0.058413959609150565,58,0.6818181818181818,0.5454545454545454,0.7272727272727273,0.6515151515151515,0.07725787141807251,41,0.5208333333333334,0.4,0.6041666666666666,0.5083333333333333,0.08381803483119227,59,0.3333333333333333,0.0,0.5,0.27777777777777773,0.20786985482077452,61,0.16666666666666666,0.0,0.3333333333333333,0.16666666666666666,0.13608276348795434,54,0.2222222222222222,0.0,0.4,0.2074074074074074,0.16363497803240387,60,0.05407380704358752,-0.27144835701531844,0.24056261216234406,0.007729354063537715,0.21158081888658584,62,0.04938271604938271,-0.2359550561797752,0.2325581395348837,0.01532859980149707,0.19277952132727336,61,-0.6520695686340332,-0.8585103750228882,-0.6095402240753174,-0.706706722577413,0.10873652547630434,21,-0.20118588209152222,-0.27519935369491577,-0.20518846809864044,-0.22719123462835947,0.03398617165767649,18,"{""model__colsample_bytree"": 0.8, ""model__learning_rate"": 0.03, ""model__max_depth"": 4, ""model__n_estimators"": 100, ""model__scale_pos_weight"": 1.0, ""model__subsample"": 1.0}",,,,,,,4,,,0.03,100.0,1.0,,,,0.8,1.0
xgboost,0.030176321665445965,0.004286283483088948,0.01226027806599935,0.003008569983244913,,"{'model__colsample_bytree': 0.8, 'model__learning_rate': 0.03, 'model__max_depth': 4, 'model__n_estimators': 100, 'model__scale_pos_weight': 2.977272727272727, 'model__subsample': 0.8}",0.7395833333333333,0.6190476190476191,0.75,0.7028769841269842,0.059428660724817575,24,0.5521978021978022,0.41934414791557645,0.5633208839091192,0.5116209446741659,0.06540737038850532,21,0.6818181818181818,0.5909090909090909,0.6818181818181818,0.6515151515151515,0.0428549564355483,41,0.5729166666666666,0.5095238095238095,0.5729166666666666,0.5517857142857142,0.0298836794430029,24,0.4,0.3333333333333333,0.4,0.37777777777777777,0.03142696805273547,33,0.3333333333333333,0.2857142857142857,0.3333333333333333,0.31746031746031744,0.022447834323382456,6,0.36363636363636365,0.3076923076923077,0.36363636363636365,0.344988344988345,0.026372280883414357,20,0.15498260496951669,0.019920476822239894,0.15498260496951669,0.10996189558709109,0.06366889779628393,26,0.15384615384615397,0.01980198019801982,0.15384615384615397,0.10916476263010925,0.06318902944342851,25,-0.630473792552948,-0.8024453520774841,-0.6043899655342102,-0.6791030367215475,0.08786385899412173,10,-0.21131712198257446,-0.2674240171909332,-0.2087106704711914,-0.2291506032148997,0.02708430123898254,24,"{""model__colsample_bytree"": 0.8, ""model__learning_rate"": 0.03, ""model__max_depth"": 4, ""model__n_estimators"": 100, ""model__scale_pos_weight"": 2.977272727272727, ""model__subsample"": 0.8}",,,,,,,4,,,0.03,100.0,0.8,,,,0.8,2.977272727272727
xgboost,0.03405332565307617,0.011430854328749941,0.016162951787312824,0.0017599765637390126,,"{'model__colsample_bytree': 0.8, 'model__learning_rate': 0.03, 'model__max_depth': 4, 'model__n_estimators': 100, 'model__scale_pos_weight': 2.977272727272727, 'model__subsample': 1.0}",0.6770833333333333,0.5714285714285714,0.7187500000000001,0.6557539682539683,0.0620059523492074,64,0.5217864923747276,0.3864076399790686,0.4716269841269841,0.4599403721602601,0.05588256193982158,64,0.7272727272727273,0.5909090909090909,0.6818181818181818,0.6666666666666666,0.05669177858748395,18,0.6041666666666666,0.5095238095238095,0.5729166666666666,0.5622023809523808,0.039373548996048315,9,0.5,0.3333333333333333,0.4,0.41111111111111115,0.06849348892187752,8,0.3333333333333333,0.2857142857142857,0.3333333333333333,0.31746031746031744,0.022447834323382456,6,0.4,0.3076923076923077,0.36363636363636365,0.3571095571095571,0.03796601038974794,8,0.24056261216234406,0.019920476822239894,0.15498260496951669,0.13848856465136686,0.09082869589277306,8,0.2325581395348837,0.01980198019801982,0.15384615384615397,0.13540209119301916,0.08783102496387718,8,-0.6412968039512634,-0.8635385632514954,-0.5757860541343689,-0.6935404737790426,0.12314605800594672,13,-0.20894883573055267,-0.28584250807762146,-0.19740699231624603,-0.23073277870814005,0.0392523055860689,25,"{""model__colsample_bytree"": 0.8, ""model__learning_rate"": 0.03, ""model__max_depth"": 4, ""model__n_estimators"": 100, ""model__scale_pos_weight"": 2.977272727272727, ""model__subsample"": 1.0}",,,,,,,4,,,0.03,100.0,1.0,,,,0.8,2.977272727272727
xgboost,0.055988311767578125,0.005324079079723763,0.011283556620279947,0.0023507604111811784,,"{'model__colsample_bytree': 0.8, 'model__learning_rate': 0.03, 'model__max_depth': 4, 'model__n_estimators': 250, 'model__scale_pos_weight': 1.0, 'model__subsample': 0.8}",0.7604166666666667,0.6095238095238096,0.7291666666666666,0.699702380952381,0.06502959164192595,28,0.570995670995671,0.4196874922217691,0.47072829131652655,0.48713715151132214,0.06285156726042729,43,0.6818181818181818,0.6818181818181818,0.6818181818181818,0.6818181818181818,0.0,4,0.5208333333333334,0.5761904761904761,0.5729166666666666,0.5566468253968253,0.02535920763136341,20,0.3333333333333333,0.5,0.4,0.41111111111111115,0.06849348892187752,8,0.16666666666666666,0.2857142857142857,0.3333333333333333,0.26190476190476186,0.07009334020895115,25,0.2222222222222222,0.36363636363636365,0.36363636363636365,0.3164983164983165,0.06666326556640853,24,0.05407380704358752,0.18401748249129446,0.15498260496951669,0.13102463150146623,0.055688586902144836,21,0.04938271604938271,0.17204301075268824,0.15384615384615397,0.12509062688274164,0.054046567713303746,20,-0.7795736789703369,-1.0113173723220825,-0.7914164066314697,-0.8607691526412964,0.10656340017849975,38,-0.2345230132341385,-0.2834239602088928,-0.24029798805713654,-0.25274832050005597,0.02181870355469274,37,"{""model__colsample_bytree"": 0.8, ""model__learning_rate"": 0.03, ""model__max_depth"": 4, ""model__n_estimators"": 250, ""model__scale_pos_weight"": 1.0, ""model__subsample"": 0.8}",,,,,,,4,,,0.03,250.0,0.8,,,,0.8,1.0
xgboost,0.06253782908121745,0.002310351159053394,0.018379370371500652,0.005592275277737737,,"{'model__colsample_bytree': 0.8, 'model__learning_rate': 0.03, 'model__max_depth': 4, 'model__n_estimators': 250, 'model__scale_pos_weight': 1.0, 'model__subsample': 1.0}",0.7083333333333333,0.6285714285714286,0.6979166666666667,0.6782738095238096,0.035401240471324466,54,0.5266025641025641,0.4234257805686377,0.45925925925925926,0.46976253464348705,0.04277149565188924,59,0.6818181818181818,0.6363636363636364,0.6363636363636364,0.6515151515151515,0.02142747821777415,41,0.5208333333333334,0.5428571428571429,0.4895833333333333,0.5177579365079364,0.021857389971053003,55,0.3333333333333333,0.4,0.25,0.3277777777777778,0.06136311676215146,47,0.16666666666666666,0.2857142857142857,0.16666666666666666,0.2063492063492063,0.05611958580845615,39,0.2222222222222222,0.3333333333333333,0.2,0.2518518518518518,0.058325984251939335,47,0.05407380704358752,0.09526610232449337,-0.024056261216234408,0.041761216050615495,0.049485058572977775,52,0.04938271604938271,0.09278350515463918,-0.023255813953488413,0.039636802416844495,0.047871480857041515,52,-0.7577767968177795,-1.0091071128845215,-0.7822790741920471,-0.8497209946314493,0.11314604549863302,35,-0.2211674153804779,-0.2923891842365265,-0.23855267465114594,-0.2507030914227168,0.03031896612725282,36,"{""model__colsample_bytree"": 0.8, ""model__learning_rate"": 0.03, ""model__max_depth"": 4, ""model__n_estimators"": 250, ""model__scale_pos_weight"": 1.0, ""model__subsample"": 1.0}",,,,,,,4,,,0.03,250.0,1.0,,,,0.8,1.0
xgboost,0.07293955485026042,0.010248707624335957,0.009731531143188477,0.00012902579699633596,,"{'model__colsample_bytree': 0.8, 'model__learning_rate': 0.03, 'model__max_depth': 4, 'model__n_estimators': 250, 'model__scale_pos_weight': 2.977272727272727, 'model__subsample': 0.8}",0.7395833333333333,0.6,0.6979166666666667,0.6791666666666666,0.05850668686062652,51,0.5593406593406594,0.4118480725623583,0.45925925925925926,0.47681599705409233,0.061480051345326955,54,0.6818181818181818,0.5909090909090909,0.6818181818181818,0.6515151515151515,0.0428549564355483,41,0.5729166666666666,0.5095238095238095,0.5729166666666666,0.5517857142857142,0.0298836794430029,24,0.4,0.3333333333333333,0.4,0.37777777777777777,0.03142696805273547,33,0.3333333333333333,0.2857142857142857,0.3333333333333333,0.31746031746031744,0.022447834323382456,6,0.36363636363636365,0.3076923076923077,0.36363636363636365,0.344988344988345,0.026372280883414357,20,0.15498260496951669,0.019920476822239894,0.15498260496951669,0.10996189558709109,0.06366889779628393,26,0.15384615384615397,0.01980198019801982,0.15384615384615397,0.10916476263010925,0.06318902944342851,25,-0.771787703037262,-1.0475022792816162,-0.800397515296936,-0.8732291658719381,0.1237819827560009,40,-0.23761743307113647,-0.29427024722099304,-0.24648207426071167,-0.2594565848509471,0.024881569907150753,46,"{""model__colsample_bytree"": 0.8, ""model__learning_rate"": 0.03, ""model__max_depth"": 4, ""model__n_estimators"": 250, ""model__scale_pos_weight"": 2.977272727272727, ""model__subsample"": 0.8}",,,,,,,4,,,0.03,250.0,0.8,,,,0.8,2.977272727272727
xgboost,0.06759285926818848,0.002439858887171577,0.010552644729614258,0.0009648456921650711,,"{'model__colsample_bytree': 0.8, 'model__learning_rate': 0.03, 'model__max_depth': 4, 'model__n_estimators': 250, 'model__scale_pos_weight': 2.977272727272727, 'model__subsample': 1.0}",0.7083333333333333,0.6095238095238096,0.6875,0.668452380952381,0.04252794643841954,63,0.5266025641025641,0.41541950113378684,0.530952380952381,0.49099148206291066,0.053466958350122655,39,0.6363636363636364,0.5909090909090909,0.6818181818181818,0.6363636363636364,0.03711348095126024,59,0.4895833333333333,0.5095238095238095,0.5729166666666666,0.5240079365079365,0.03552889492587075,46,0.25,0.3333333333333333,0.4,0.3277777777777778,0.06136311676215146,47,0.16666666666666666,0.2857142857142857,0.3333333333333333,0.26190476190476186,0.07009334020895115,25,0.2,0.3076923076923077,0.36363636363636365,0.29044289044289046,0.06790862327479198,33,-0.024056261216234408,0.019920476822239894,0.15498260496951669,0.05028227352517406,0.07618008456082884,46,-0.023255813953488413,0.01980198019801982,0.15384615384615397,0.05013077336356179,0.0754150892098085,46,-0.7673806548118591,-1.0510358810424805,-0.7625712752342224,-0.860329270362854,0.1348642306189535,37,-0.2385348379611969,-0.29891130328178406,-0.23446139693260193,-0.2573025127251943,0.029468817634238118,45,"{""model__colsample_bytree"": 0.8, ""model__learning_rate"": 0.03, ""model__max_depth"": 4, ""model__n_estimators"": 250, ""model__scale_pos_weight"": 2.977272727272727, ""model__subsample"": 1.0}",,,,,,,4,,,0.03,250.0,1.0,,,,0.8,2.977272727272727
xgboost,0.021077712376912434,0.008012101290606,0.02869129180908203,0.007864205749607965,,"{'model__colsample_bytree': 0.8, 'model__learning_rate': 0.1, 'model__max_depth': 2, 'model__n_estimators': 100, 'model__scale_pos_weight': 1.0, 'model__subsample': 0.8}",0.7708333333333334,0.5809523809523809,0.75,0.700595238095238,0.08502672871289375,26,0.5602564102564103,0.43351886209029056,0.5716269841269841,0.521800752157895,0.06259707966014595,8,0.6818181818181818,0.6363636363636364,0.6363636363636364,0.6515151515151515,0.02142747821777415,41,0.5208333333333334,0.5428571428571429,0.4895833333333333,0.5177579365079364,0.021857389971053003,55,0.3333333333333333,0.4,0.25,0.3277777777777778,0.06136311676215146,47,0.16666666666666666,0.2857142857142857,0.16666666666666666,0.2063492063492063,0.05611958580845615,39,0.2222222222222222,0.3333333333333333,0.2,0.2518518518518518,0.058325984251939335,47,0.05407380704358752,0.09526610232449337,-0.024056261216234408,0.041761216050615495,0.049485058572977775,52,0.04938271604938271,0.09278350515463918,-0.023255813953488413,0.039636802416844495,0.047871480857041515,52,-0.6908650994300842,-0.9086984992027283,-0.6513622403144836,-0.750308612982432,0.11315368903173399,31,-0.2199438065290451,-0.2593875825405121,-0.21417158842086792,-0.23116765916347504,0.020093161059200778,26,"{""model__colsample_bytree"": 0.8, ""model__learning_rate"": 0.1, ""model__max_depth"": 2, ""model__n_estimators"": 100, ""model__scale_pos_weight"": 1.0, ""model__subsample"": 0.8}",,,,,,,2,,,0.1,100.0,0.8,,,,0.8,1.0
xgboost,0.017740567525227863,0.006461017803120726,0.015537500381469727,0.0025687033671660483,,"{'model__colsample_bytree': 0.8, 'model__learning_rate': 0.1, 'model__max_depth': 2, 'model__n_estimators': 100, 'model__scale_pos_weight': 1.0, 'model__subsample': 1.0}",0.75,0.6285714285714286,0.7708333333333334,0.716468253968254,0.06273168195085295,10,0.5471861471861471,0.4239229024943311,0.575925925925926,0.5156783252021347,0.06593323349024452,16,0.6818181818181818,0.6363636363636364,0.6818181818181818,0.6666666666666666,0.02142747821777415,18,0.5208333333333334,0.5428571428571429,0.5208333333333334,0.5281746031746032,0.010382123374564404,38,0.3333333333333333,0.4,0.3333333333333333,0.35555555555555557,0.03142696805273547,39,0.16666666666666666,0.2857142857142857,0.16666666666666666,0.2063492063492063,0.05611958580845615,39,0.2222222222222222,0.3333333333333333,0.2222222222222222,0.25925925925925924,0.05237828008789241,41,0.05407380704358752,0.09526610232449337,0.05407380704358752,0.06780457213722281,0.019418234217178098,42,0.04938271604938271,0.09278350515463918,0.04938271604938271,0.06384964575113487,0.02045932819011605,42,-0.6535167098045349,-0.8996405005455017,-0.6752176284790039,-0.7427916129430135,0.1112621907161412,28,-0.2060588002204895,-0.2723100781440735,-0.21889542043209076,-0.23242143293221793,0.028688240532108722,28,"{""model__colsample_bytree"": 0.8, ""model__learning_rate"": 0.1, ""model__max_depth"": 2, ""model__n_estimators"": 100, ""model__scale_pos_weight"": 1.0, ""model__subsample"": 1.0}",,,,,,,2,,,0.1,100.0,1.0,,,,0.8,1.0
xgboost,0.01607990264892578,0.0010972992978359366,0.012756745020548502,0.003738268296796851,,"{'model__colsample_bytree': 0.8, 'model__learning_rate': 0.1, 'model__max_depth': 2, 'model__n_estimators': 100, 'model__scale_pos_weight': 2.977272727272727, 'model__subsample': 0.8}",0.7604166666666667,0.5333333333333333,0.7604166666666667,0.6847222222222223,0.10704810992963014,44,0.5694444444444444,0.3886209029066172,0.5748949579831932,0.5109867684447517,0.08655434058490505,22,0.6818181818181818,0.5909090909090909,0.6818181818181818,0.6515151515151515,0.0428549564355483,41,0.5729166666666666,0.5095238095238095,0.5729166666666666,0.5517857142857142,0.0298836794430029,24,0.4,0.3333333333333333,0.4,0.37777777777777777,0.03142696805273547,33,0.3333333333333333,0.2857142857142857,0.3333333333333333,0.31746031746031744,0.022447834323382456,6,0.36363636363636365,0.3076923076923077,0.36363636363636365,0.344988344988345,0.026372280883414357,20,0.15498260496951669,0.019920476822239894,0.15498260496951669,0.10996189558709109,0.06366889779628393,26,0.15384615384615397,0.01980198019801982,0.15384615384615397,0.10916476263010925,0.06318902944342851,25,-0.664109468460083,-0.9630405902862549,-0.6414228677749634,-0.7561909755071005,0.14655770834583662,32,-0.21807752549648285,-0.2858238220214844,-0.21522857248783112,-0.2397099733352661,0.03262815158522828,31,"{""model__colsample_bytree"": 0.8, ""model__learning_rate"": 0.1, ""model__max_depth"": 2, ""model__n_estimators"": 100, ""model__scale_pos_weight"": 2.977272727272727, ""model__subsample"": 0.8}",,,,,,,2,,,0.1,100.0,0.8,,,,0.8,2.977272727272727
xgboost,0.014145374298095703,0.0047575591563565915,0.011751651763916016,0.002911476558290407,,"{'model__colsample_bytree': 0.8, 'model__learning_rate': 0.1, 'model__max_depth': 2, 'model__n_estimators': 100, 'model__scale_pos_weight': 2.977272727272727, 'model__subsample': 1.0}",0.7708333333333334,0.5714285714285714,0.6666666666666667,0.6696428571428571,0.08143385065964738,60,0.5757575757575757,0.3926106474978655,0.5054093567251462,0.4912591933268624,0.07543593165015575,38,0.6818181818181818,0.5909090909090909,0.6818181818181818,0.6515151515151515,0.0428549564355483,41,0.5729166666666666,0.5095238095238095,0.5729166666666666,0.5517857142857142,0.0298836794430029,24,0.4,0.3333333333333333,0.4,0.37777777777777777,0.03142696805273547,33,0.3333333333333333,0.2857142857142857,0.3333333333333333,0.31746031746031744,0.022447834323382456,6,0.36363636363636365,0.3076923076923077,0.36363636363636365,0.344988344988345,0.026372280883414357,20,0.15498260496951669,0.019920476822239894,0.15498260496951669,0.10996189558709109,0.06366889779628393,26,0.15384615384615397,0.01980198019801982,0.15384615384615397,0.10916476263010925,0.06318902944342851,25,-0.6239425539970398,-0.8884989023208618,-0.7290729880332947,-0.7471714814503988,0.10876023157259146,29,-0.21072836220264435,-0.28108981251716614,-0.2299821376800537,-0.24060010413328806,0.0296899458997176,32,"{""model__colsample_bytree"": 0.8, ""model__learning_rate"": 0.1, ""model__max_depth"": 2, ""model__n_estimators"": 100, ""model__scale_pos_weight"": 2.977272727272727, ""model__subsample"": 1.0}",,,,,,,2,,,0.1,100.0,1.0,,,,0.8,2.977272727272727
xgboost,0.028528690338134766,0.004806063531317114,0.011431296666463217,0.0027710115589495614,,"{'model__colsample_bytree': 0.8, 'model__learning_rate': 0.1, 'model__max_depth': 2, 'model__n_estimators': 250, 'model__scale_pos_weight': 1.0, 'model__subsample': 0.8}",0.8125,0.5809523809523809,0.7291666666666667,0.7075396825396826,0.09575792327000746,21,0.5994047619047619,0.4166666666666667,0.4853696741854637,0.5004803675856307,0.07536379614504203,27,0.6818181818181818,0.6363636363636364,0.6363636363636364,0.6515151515151515,0.02142747821777415,41,0.5208333333333334,0.5428571428571429,0.4895833333333333,0.5177579365079364,0.021857389971053003,55,0.3333333333333333,0.4,0.25,0.3277777777777778,0.06136311676215146,47,0.16666666666666666,0.2857142857142857,0.16666666666666666,0.2063492063492063,0.05611958580845615,39,0.2222222222222222,0.3333333333333333,0.2,0.2518518518518518,0.058325984251939335,47,0.05407380704358752,0.09526610232449337,-0.024056261216234408,0.041761216050615495,0.049485058572977775,52,0.04938271604938271,0.09278350515463918,-0.023255813953488413,0.039636802416844495,0.047871480857041515,52,-0.7781744599342346,-1.1774917840957642,-0.8019024133682251,-0.9191895524660746,0.18290395674998347,46,-0.24385474622249603,-0.2868940830230713,-0.2309597134590149,-0.2539028475681941,0.023914942053343605,39,"{""model__colsample_bytree"": 0.8, ""model__learning_rate"": 0.1, ""model__max_depth"": 2, ""model__n_estimators"": 250, ""model__scale_pos_weight"": 1.0, ""model__subsample"": 0.8}",,,,,,,2,,,0.1,250.0,0.8,,,,0.8,1.0
xgboost,0.03637345631917318,0.004808265387899367,0.020105600357055664,0.012953743957676045,,"{'model__colsample_bytree': 0.8, 'model__learning_rate': 0.1, 'model__max_depth': 2, 'model__n_estimators': 250, 'model__scale_pos_weight': 1.0, 'model__subsample': 1.0}",0.78125,0.6476190476190475,0.7083333333333333,0.7124007936507937,0.05463037026926617,16,0.570995670995671,0.4543013377599844,0.45988455988455984,0.49506052288007174,0.05374261581418469,33,0.6363636363636364,0.6363636363636364,0.6818181818181818,0.6515151515151515,0.021427478217774146,41,0.4895833333333333,0.5428571428571429,0.5208333333333334,0.5177579365079366,0.021857389971053003,53,0.25,0.4,0.3333333333333333,0.3277777777777778,0.061363116762151455,47,0.16666666666666666,0.2857142857142857,0.16666666666666666,0.2063492063492063,0.05611958580845615,39,0.2,0.3333333333333333,0.2222222222222222,0.2518518518518518,0.05832598425193933,47,-0.024056261216234408,0.09526610232449337,0.05407380704358752,0.041761216050615495,0.049485058572977775,52,-0.023255813953488413,0.09278350515463918,0.04938271604938271,0.039636802416844495,0.047871480857041515,52,-0.7737396359443665,-1.0871669054031372,-0.825632631778717,-0.8955130577087402,0.13716563893389705,41,-0.23700696229934692,-0.2846511900424957,-0.2381967157125473,-0.25328495601813,0.022184594593989693,38,"{""model__colsample_bytree"": 0.8, ""model__learning_rate"": 0.1, ""model__max_depth"": 2, ""model__n_estimators"": 250, ""model__scale_pos_weight"": 1.0, ""model__subsample"": 1.0}",,,,,,,2,,,0.1,250.0,1.0,,,,0.8,1.0
xgboost,0.04732433954874674,0.017795615166266862,0.023905277252197266,0.008099409703888212,,"{'model__colsample_bytree': 0.8, 'model__learning_rate': 0.1, 'model__max_depth': 2, 'model__n_estimators': 250, 'model__scale_pos_weight': 2.977272727272727, 'model__subsample': 0.8}",0.8020833333333333,0.5428571428571429,0.7395833333333333,0.6948412698412699,0.11045645791093552,37,0.5952380952380952,0.3874149659863946,0.4882936507936508,0.49031557067271353,0.08485548256885657,41,0.7272727272727273,0.6363636363636364,0.6818181818181818,0.6818181818181818,0.03711348095126028,4,0.6041666666666666,0.5809523809523809,0.5729166666666666,0.5860119047619047,0.013249898386638138,2,0.5,0.42857142857142855,0.4,0.4428571428571429,0.042056004125370694,4,0.3333333333333333,0.42857142857142855,0.3333333333333333,0.36507936507936506,0.04489566864676491,1,0.4,0.42857142857142855,0.36363636363636365,0.39740259740259737,0.026573176196056796,2,0.24056261216234406,0.1619047619047619,0.15498260496951669,0.1858166596788742,0.03881424608869613,2,0.2325581395348837,0.16190476190476188,0.15384615384615397,0.1827696850952665,0.03535913778714013,2,-0.7835860848426819,-1.3002674579620361,-0.8029727935791016,-0.9622754454612732,0.23912745765197355,54,-0.2467709481716156,-0.30411994457244873,-0.2335086464881897,-0.26146651307741803,0.030642656273148702,49,"{""model__colsample_bytree"": 0.8, ""model__learning_rate"": 0.1, ""model__max_depth"": 2, ""model__n_estimators"": 250, ""model__scale_pos_weight"": 2.977272727272727, ""model__subsample"": 0.8}",,,,,,,2,,,0.1,250.0,0.8,,,,0.8,2.977272727272727
xgboost,0.03126970926920573,0.004405147139270499,0.017564058303833008,0.0067363151986876875,,"{'model__colsample_bytree': 0.8, 'model__learning_rate': 0.1, 'model__max_depth': 2, 'model__n_estimators': 250, 'model__scale_pos_weight': 2.977272727272727, 'model__subsample': 1.0}",0.7395833333333334,0.5714285714285714,0.6979166666666667,0.6696428571428571,0.07150087279911715,60,0.5532407407407408,0.3930150050450802,0.43611111111111106,0.4607889522989774,0.06769942628547693,63,0.7272727272727273,0.5909090909090909,0.6818181818181818,0.6666666666666666,0.05669177858748395,18,0.6041666666666666,0.5095238095238095,0.5729166666666666,0.5622023809523808,0.039373548996048315,9,0.5,0.3333333333333333,0.4,0.41111111111111115,0.06849348892187752,8,0.3333333333333333,0.2857142857142857,0.3333333333333333,0.31746031746031744,0.022447834323382456,6,0.4,0.3076923076923077,0.36363636363636365,0.3571095571095571,0.03796601038974794,8,0.24056261216234406,0.019920476822239894,0.15498260496951669,0.13848856465136686,0.09082869589277306,8,0.2325581395348837,0.01980198019801982,0.15384615384615397,0.13540209119301916,0.08783102496387718,8,-0.77103191614151,-1.162442684173584,-0.8286057114601135,-0.9206934372584025,0.17255087996470325,47,-0.23635806143283844,-0.30789658427238464,-0.24377107620239258,-0.2626752406358719,0.032119211667495685,52,"{""model__colsample_bytree"": 0.8, ""model__learning_rate"": 0.1, ""model__max_depth"": 2, ""model__n_estimators"": 250, ""model__scale_pos_weight"": 2.977272727272727, ""model__subsample"": 1.0}",,,,,,,2,,,0.1,250.0,1.0,,,,0.8,2.977272727272727
xgboost,0.025721947352091473,0.003731157650732004,0.012936989466349283,0.002172337886916192,,"{'model__colsample_bytree': 0.8, 'model__learning_rate': 0.1, 'model__max_depth': 4, 'model__n_estimators': 100, 'model__scale_pos_weight': 1.0, 'model__subsample': 0.8}",0.78125,0.5523809523809524,0.71875,0.684126984126984,0.09658959626729924,45,0.5878306878306878,0.3843537414965986,0.4662309368191721,0.4794717887154862,0.08359508375323892,50,0.6818181818181818,0.5909090909090909,0.6818181818181818,0.6515151515151515,0.0428549564355483,41,0.5208333333333334,0.4714285714285714,0.5729166666666666,0.5217261904761905,0.0414371513191752,50,0.3333333333333333,0.25,0.4,0.3277777777777778,0.06136311676215146,47,0.16666666666666666,0.14285714285714285,0.3333333333333333,0.21428571428571427,0.08473871628596279,37,0.2222222222222222,0.18181818181818182,0.36363636363636365,0.2558922558922559,0.07795176365515305,45,0.05407380704358752,-0.06900655593423542,0.15498260496951669,0.04668328535962293,0.09159239745984234,50,0.04938271604938271,-0.06451612903225801,0.15384615384615397,0.04623758028775956,0.08917376503279867,50,-0.8404770493507385,-1.1761502027511597,-0.8269916772842407,-0.9478729764620463,0.16151023258941682,53,-0.24432168900966644,-0.2996026277542114,-0.24236422777175903,-0.26209618151187897,0.02653309940333907,50,"{""model__colsample_bytree"": 0.8, ""model__learning_rate"": 0.1, ""model__max_depth"": 4, ""model__n_estimators"": 100, ""model__scale_pos_weight"": 1.0, ""model__subsample"": 0.8}",,,,,,,4,,,0.1,100.0,0.8,,,,0.8,1.0
xgboost,0.02512661616007487,0.003274671412178183,0.015955766042073567,0.0058489595918658965,,"{'model__colsample_bytree': 0.8, 'model__learning_rate': 0.1, 'model__max_depth': 4, 'model__n_estimators': 100, 'model__scale_pos_weight': 1.0, 'model__subsample': 1.0}",0.7395833333333334,0.5904761904761904,0.6979166666666666,0.6759920634920634,0.06281587475061791,57,0.5408730158730158,0.4098639455782313,0.4341130604288499,0.4616166739600323,0.05691034289611705,61,0.6363636363636364,0.6363636363636364,0.6363636363636364,0.6363636363636364,0.0,59,0.4895833333333333,0.5428571428571429,0.4895833333333333,0.5073412698412698,0.02511351464928417,60,0.25,0.4,0.25,0.3,0.07071067811865477,59,0.16666666666666666,0.2857142857142857,0.16666666666666666,0.2063492063492063,0.05611958580845615,39,0.2,0.3333333333333333,0.2,0.24444444444444446,0.06285393610547088,52,-0.024056261216234408,0.09526610232449337,-0.024056261216234408,0.015717859964008183,0.056249101604570056,59,-0.023255813953488413,0.09278350515463918,-0.023255813953488413,0.015423959082554117,0.054701459617084496,59,-0.7869893908500671,-1.168974757194519,-0.8590850830078125,-0.9383497436841329,0.1657113350567294,51,-0.2316484898328781,-0.2997536361217499,-0.25571000576019287,-0.26237071057160694,0.0281998992810938,51,"{""model__colsample_bytree"": 0.8, ""model__learning_rate"": 0.1, ""model__max_depth"": 4, ""model__n_estimators"": 100, ""model__scale_pos_weight"": 1.0, ""model__subsample"": 1.0}",,,,,,,4,,,0.1,100.0,1.0,,,,0.8,1.0
xgboost,0.031707763671875,0.005197322506852573,0.016926924387613933,0.010530096217663185,,"{'model__colsample_bytree': 0.8, 'model__learning_rate': 0.1, 'model__max_depth': 4, 'model__n_estimators': 100, 'model__scale_pos_weight': 2.977272727272727, 'model__subsample': 0.8}",0.7708333333333334,0.6,0.7083333333333334,0.6930555555555555,0.07057414453284726,39,0.5693473193473193,0.41705591327440067,0.45555555555555555,0.48065292939242515,0.06465589285361566,48,0.7272727272727273,0.5909090909090909,0.6818181818181818,0.6666666666666666,0.05669177858748395,18,0.6041666666666666,0.5095238095238095,0.5729166666666666,0.5622023809523808,0.039373548996048315,9,0.5,0.3333333333333333,0.4,0.41111111111111115,0.06849348892187752,8,0.3333333333333333,0.2857142857142857,0.3333333333333333,0.31746031746031744,0.022447834323382456,6,0.4,0.3076923076923077,0.36363636363636365,0.3571095571095571,0.03796601038974794,8,0.24056261216234406,0.019920476822239894,0.15498260496951669,0.13848856465136686,0.09082869589277306,8,0.2325581395348837,0.01980198019801982,0.15384615384615397,0.13540209119301916,0.08783102496387718,8,-0.8714492917060852,-1.2057106494903564,-0.8585109710693359,-0.9785569707552592,0.160708733132108,56,-0.25459232926368713,-0.3212343156337738,-0.25286898016929626,-0.2762318750222524,0.031829307551064924,59,"{""model__colsample_bytree"": 0.8, ""model__learning_rate"": 0.1, ""model__max_depth"": 4, ""model__n_estimators"": 100, ""model__scale_pos_weight"": 2.977272727272727, ""model__subsample"": 0.8}",,,,,,,4,,,0.1,100.0,0.8,,,,0.8,2.977272727272727
xgboost,0.037774085998535156,0.009155201243158976,0.031929334004720054,0.00357512715308774,,"{'model__colsample_bytree': 0.8, 'model__learning_rate': 0.1, 'model__max_depth': 4, 'model__n_estimators': 100, 'model__scale_pos_weight': 2.977272727272727, 'model__subsample': 1.0}",0.71875,0.5809523809523809,0.75,0.6832341269841269,0.07344071215829792,47,0.538507326007326,0.40629251700680274,0.4759259259259259,0.4735752563133515,0.054002056537887644,56,0.6363636363636364,0.5909090909090909,0.6818181818181818,0.6363636363636364,0.03711348095126024,59,0.4895833333333333,0.5095238095238095,0.5729166666666666,0.5240079365079365,0.03552889492587075,46,0.25,0.3333333333333333,0.4,0.3277777777777778,0.06136311676215146,47,0.16666666666666666,0.2857142857142857,0.3333333333333333,0.26190476190476186,0.07009334020895115,25,0.2,0.3076923076923077,0.36363636363636365,0.29044289044289046,0.06790862327479198,33,-0.024056261216234408,0.019920476822239894,0.15498260496951669,0.05028227352517406,0.07618008456082884,46,-0.023255813953488413,0.01980198019801982,0.15384615384615397,0.05013077336356179,0.0754150892098085,46,-0.8265798091888428,-1.1163325309753418,-0.8524122834205627,-0.9317748745282491,0.13092739870163525,49,-0.24836735427379608,-0.2942695915699005,-0.2588454484939575,-0.2671607981125514,0.019640309343398114,53,"{""model__colsample_bytree"": 0.8, ""model__learning_rate"": 0.1, ""model__max_depth"": 4, ""model__n_estimators"": 100, ""model__scale_pos_weight"": 2.977272727272727, ""model__subsample"": 1.0}",,,,,,,4,,,0.1,100.0,1.0,,,,0.8,2.977272727272727
xgboost,0.09433674812316895,0.010463059413301841,0.06999595959981282,0.0580755452408391,,"{'model__colsample_bytree': 0.8, 'model__learning_rate': 0.1, 'model__max_depth': 4, 'model__n_estimators': 250, 'model__scale_pos_weight': 1.0, 'model__subsample': 0.8}",0.78125,0.5714285714285714,0.7291666666666667,0.6939484126984127,0.08920576226293944,38,0.5806878306878307,0.4001831501831502,0.46990740740740744,0.4835927960927961,0.07432340285817031,46,0.6818181818181818,0.5909090909090909,0.6818181818181818,0.6515151515151515,0.0428549564355483,41,0.5208333333333334,0.4714285714285714,0.5729166666666666,0.5217261904761905,0.0414371513191752,50,0.3333333333333333,0.25,0.4,0.3277777777777778,0.06136311676215146,47,0.16666666666666666,0.14285714285714285,0.3333333333333333,0.21428571428571427,0.08473871628596279,37,0.2222222222222222,0.18181818181818182,0.36363636363636365,0.2558922558922559,0.07795176365515305,45,0.05407380704358752,-0.06900655593423542,0.15498260496951669,0.04668328535962293,0.09159239745984234,50,0.04938271604938271,-0.06451612903225801,0.15384615384615397,0.04623758028775956,0.08917376503279867,50,-1.061715841293335,-1.447904109954834,-1.0204834938049316,-1.1767011483510335,0.19250681616825147,59,-0.26619184017181396,-0.30721452832221985,-0.2509760856628418,-0.2747941513856252,0.023751356829347457,57,"{""model__colsample_bytree"": 0.8, ""model__learning_rate"": 0.1, ""model__max_depth"": 4, ""model__n_estimators"": 250, ""model__scale_pos_weight"": 1.0, ""model__subsample"": 0.8}",,,,,,,4,,,0.1,250.0,0.8,,,,0.8,1.0
xgboost,0.11777234077453613,0.006708693754755909,0.04092272122701009,0.028584835574245047,,"{'model__colsample_bytree': 0.8, 'model__learning_rate': 0.1, 'model__max_depth': 4, 'model__n_estimators': 250, 'model__scale_pos_weight': 1.0, 'model__subsample': 1.0}",0.7708333333333334,0.5809523809523809,0.7083333333333333,0.6867063492063492,0.07901261017962471,42,0.5711640211640211,0.40689636178357985,0.45291005291005293,0.4769901452858846,0.06918985530747317,53,0.6363636363636364,0.6363636363636364,0.6818181818181818,0.6515151515151515,0.021427478217774146,41,0.4895833333333333,0.5428571428571429,0.5208333333333334,0.5177579365079366,0.021857389971053003,53,0.25,0.4,0.3333333333333333,0.3277777777777778,0.061363116762151455,47,0.16666666666666666,0.2857142857142857,0.16666666666666666,0.2063492063492063,0.05611958580845615,39,0.2,0.3333333333333333,0.2222222222222222,0.2518518518518518,0.05832598425193933,47,-0.024056261216234408,0.09526610232449337,0.05407380704358752,0.041761216050615495,0.049485058572977775,52,-0.023255813953488413,0.09278350515463918,0.04938271604938271,0.039636802416844495,0.047871480857041515,52,-0.992710530757904,-1.5475387573242188,-1.0855799913406372,-1.2086097598075867,0.2426394213580498,62,-0.2734333276748657,-0.3234424293041229,-0.2666432559490204,-0.287839670976003,0.025327107598229148,63,"{""model__colsample_bytree"": 0.8, ""model__learning_rate"": 0.1, ""model__max_depth"": 4, ""model__n_estimators"": 250, ""model__scale_pos_weight"": 1.0, ""model__subsample"": 1.0}",,,,,,,4,,,0.1,250.0,1.0,,,,0.8,1.0
xgboost,0.1564966837565104,0.09233735115286566,0.02233298619588216,0.00766890490648423,,"{'model__colsample_bytree': 0.8, 'model__learning_rate': 0.1, 'model__max_depth': 4, 'model__n_estimators': 250, 'model__scale_pos_weight': 2.977272727272727, 'model__subsample': 0.8}",0.7708333333333334,0.6190476190476191,0.7395833333333333,0.7098214285714285,0.06544236139076196,18,0.575925925925926,0.4267006802721088,0.47175925925925927,0.4914619551524313,0.062493683169872645,37,0.7272727272727273,0.6363636363636364,0.6818181818181818,0.6818181818181818,0.03711348095126028,4,0.6041666666666666,0.5428571428571429,0.5729166666666666,0.573313492063492,0.025031081082450442,6,0.5,0.4,0.4,0.43333333333333335,0.04714045207910316,6,0.3333333333333333,0.2857142857142857,0.3333333333333333,0.31746031746031744,0.022447834323382456,6,0.4,0.3333333333333333,0.36363636363636365,0.36565656565656574,0.027254015279256666,6,0.24056261216234406,0.09526610232449337,0.15498260496951669,0.16360377315211805,0.059629480116184616,4,0.2325581395348837,0.09278350515463918,0.15384615384615397,0.15972926617855895,0.05721419032646551,4,-1.132201075553894,-1.5165523290634155,-1.012728214263916,-1.2204938729604085,0.2149517747756082,64,-0.2641451358795166,-0.3094193637371063,-0.26046913862228394,-0.2780112127463023,0.02225956274585006,60,"{""model__colsample_bytree"": 0.8, ""model__learning_rate"": 0.1, ""model__max_depth"": 4, ""model__n_estimators"": 250, ""model__scale_pos_weight"": 2.977272727272727, ""model__subsample"": 0.8}",,,,,,,4,,,0.1,250.0,0.8,,,,0.8,2.977272727272727
xgboost,0.1580213705698649,0.10762606586087328,0.028573354085286457,0.015818302160847165,,"{'model__colsample_bytree': 0.8, 'model__learning_rate': 0.1, 'model__max_depth': 4, 'model__n_estimators': 250, 'model__scale_pos_weight': 2.977272727272727, 'model__subsample': 1.0}",0.7395833333333334,0.6095238095238096,0.7708333333333333,0.7066468253968253,0.06985127431050708,22,0.5514161220043573,0.4219187675070028,0.49940476190476185,0.49091321713870734,0.05320696041458489,40,0.6363636363636364,0.6363636363636364,0.6363636363636364,0.6363636363636364,0.0,59,0.4895833333333333,0.5428571428571429,0.4895833333333333,0.5073412698412698,0.02511351464928417,60,0.25,0.4,0.25,0.3,0.07071067811865477,59,0.16666666666666666,0.2857142857142857,0.16666666666666666,0.2063492063492063,0.05611958580845615,39,0.2,0.3333333333333333,0.2,0.24444444444444446,0.06285393610547088,52,-0.024056261216234408,0.09526610232449337,-0.024056261216234408,0.015717859964008183,0.056249101604570056,59,-0.023255813953488413,0.09278350515463918,-0.023255813953488413,0.015423959082554117,0.054701459617084496,59,-1.0887619256973267,-1.4188684225082397,-1.0385733842849731,-1.18206791083018,0.1686921933987425,60,-0.2913244366645813,-0.29648616909980774,-0.2633066773414612,-0.2837057610352834,0.014577444496982088,62,"{""model__colsample_bytree"": 0.8, ""model__learning_rate"": 0.1, ""model__max_depth"": 4, ""model__n_estimators"": 250, ""model__scale_pos_weight"": 2.977272727272727, ""model__subsample"": 1.0}",,,,,,,4,,,0.1,250.0,1.0,,,,0.8,2.977272727272727
xgboost,0.029850880304972332,0.01242588234681757,0.017097075780232746,0.002736488266036541,,"{'model__colsample_bytree': 1.0, 'model__learning_rate': 0.03, 'model__max_depth': 2, 'model__n_estimators': 100, 'model__scale_pos_weight': 1.0, 'model__subsample': 0.8}",0.7604166666666666,0.6285714285714286,0.8020833333333334,0.7303571428571428,0.07395618749082719,4,0.5868686868686869,0.44642099263948,0.5263278388278388,0.519872506112002,0.05751893713627025,10,0.7272727272727273,0.6363636363636364,0.7272727272727273,0.6969696969696969,0.04285495643554835,1,0.5520833333333334,0.5047619047619047,0.5520833333333334,0.5363095238095239,0.022307535358861347,32,0.5,0.3333333333333333,0.5,0.4444444444444444,0.07856742013183862,2,0.16666666666666666,0.14285714285714285,0.16666666666666666,0.15873015873015872,0.011223917161691228,56,0.25,0.2,0.25,0.2333333333333333,0.02357022603955158,54,0.1613743060919757,0.012926112238824687,0.1613743060919757,0.11189157480759204,0.06997914968563883,25,0.1315789473684209,0.011235955056179914,0.1315789473684209,0.09146461659767391,0.05673023062151077,30,-0.5803791284561157,-0.7358209490776062,-0.5446107387542725,-0.6202702720959982,0.08300125958340102,5,-0.18821071088314056,-0.24110104143619537,-0.18789228796958923,-0.20573468009630838,0.025008131798884378,2,"{""model__colsample_bytree"": 1.0, ""model__learning_rate"": 0.03, ""model__max_depth"": 2, ""model__n_estimators"": 100, ""model__scale_pos_weight"": 1.0, ""model__subsample"": 0.8}",,,,,,,2,,,0.03,100.0,0.8,,,,1.0,1.0
xgboost,0.04191295305887858,0.014747155880895934,0.02739095687866211,0.01429615558107901,,"{'model__colsample_bytree': 1.0, 'model__learning_rate': 0.03, 'model__max_depth': 2, 'model__n_estimators': 100, 'model__scale_pos_weight': 1.0, 'model__subsample': 1.0}",0.7447916666666666,0.6952380952380952,0.7604166666666666,0.7334821428571429,0.027784774487309725,2,0.5923141186299081,0.4566068851783137,0.5259259259259259,0.5249489765780492,0.055406552712909465,5,0.7272727272727273,0.5909090909090909,0.6818181818181818,0.6666666666666666,0.05669177858748395,18,0.5520833333333334,0.43333333333333335,0.5208333333333334,0.5020833333333333,0.05025974200756176,63,0.5,0.0,0.3333333333333333,0.27777777777777773,0.20786985482077452,61,0.16666666666666666,0.0,0.16666666666666666,0.1111111111111111,0.07856742013183861,63,0.25,0.0,0.2222222222222222,0.1574074074074074,0.11188005531106085,63,0.1613743060919757,-0.2160246899469287,0.05407380704358752,-0.00019219227045515902,0.15877888097174006,63,0.1315789473684209,-0.16470588235294126,0.04938271604938271,0.005418593688287454,0.12488877217212165,63,-0.5768817663192749,-0.7403711676597595,-0.5744088888168335,-0.6305539409319559,0.07765906792051558,8,-0.18784986436367035,-0.24911652505397797,-0.19711042940616608,-0.21135893960793814,0.02696498915585199,8,"{""model__colsample_bytree"": 1.0, ""model__learning_rate"": 0.03, ""model__max_depth"": 2, ""model__n_estimators"": 100, ""model__scale_pos_weight"": 1.0, ""model__subsample"": 1.0}",,,,,,,2,,,0.03,100.0,1.0,,,,1.0,1.0
xgboost,0.03643194834391276,0.018126078434280164,0.055261691411336265,0.05576935078913271,,"{'model__colsample_bytree': 1.0, 'model__learning_rate': 0.03, 'model__max_depth': 2, 'model__n_estimators': 100, 'model__scale_pos_weight': 2.977272727272727, 'model__subsample': 0.8}",0.78125,0.5904761904761904,0.78125,0.71765873015873,0.08993163625805103,9,0.6063492063492063,0.41922129175556866,0.5211640211640212,0.5155781730895986,0.07649669003328982,18,0.6818181818181818,0.5909090909090909,0.7272727272727273,0.6666666666666666,0.05669177858748395,18,0.5729166666666666,0.5095238095238095,0.6041666666666666,0.5622023809523808,0.039373548996048315,9,0.4,0.3333333333333333,0.5,0.41111111111111115,0.06849348892187752,8,0.3333333333333333,0.2857142857142857,0.3333333333333333,0.31746031746031744,0.022447834323382456,6,0.36363636363636365,0.3076923076923077,0.4,0.3571095571095571,0.03796601038974794,8,0.15498260496951669,0.019920476822239894,0.24056261216234406,0.13848856465136686,0.09082869589277306,8,0.15384615384615397,0.01980198019801982,0.2325581395348837,0.13540209119301916,0.08783102496387718,8,-0.5505232214927673,-0.7235221266746521,-0.5163617730140686,-0.5968023737271627,0.09068323248482511,1,-0.18775983154773712,-0.25152215361595154,-0.17461393773555756,-0.20463197429974875,0.03358789780322187,1,"{""model__colsample_bytree"": 1.0, ""model__learning_rate"": 0.03, ""model__max_depth"": 2, ""model__n_estimators"": 100, ""model__scale_pos_weight"": 2.977272727272727, ""model__subsample"": 0.8}",,,,,,,2,,,0.03,100.0,0.8,,,,1.0,2.977272727272727
xgboost,0.031174262364705402,0.00882665494901546,0.11251012484232585,0.11791119553687564,,"{'model__colsample_bytree': 1.0, 'model__learning_rate': 0.03, 'model__max_depth': 2, 'model__n_estimators': 100, 'model__scale_pos_weight': 2.977272727272727, 'model__subsample': 1.0}",0.7395833333333334,0.6238095238095238,0.7291666666666666,0.6975198412698412,0.05229426298162286,31,0.5686507936507936,0.4362244897959183,0.5111111111111111,0.505328798185941,0.054217204189810346,24,0.6818181818181818,0.5909090909090909,0.7272727272727273,0.6666666666666666,0.05669177858748395,18,0.5729166666666666,0.5095238095238095,0.6041666666666666,0.5622023809523808,0.039373548996048315,9,0.4,0.3333333333333333,0.5,0.41111111111111115,0.06849348892187752,8,0.3333333333333333,0.2857142857142857,0.3333333333333333,0.31746031746031744,0.022447834323382456,6,0.36363636363636365,0.3076923076923077,0.4,0.3571095571095571,0.03796601038974794,8,0.15498260496951669,0.019920476822239894,0.24056261216234406,0.13848856465136686,0.09082869589277306,8,0.15384615384615397,0.01980198019801982,0.2325581395348837,0.13540209119301916,0.08783102496387718,8,-0.5527954697608948,-0.7127866744995117,-0.5503688454627991,-0.6053169965744019,0.07599899508706749,2,-0.18771357834339142,-0.2511405348777771,-0.18382562696933746,-0.20755991339683533,0.03085700318102407,3,"{""model__colsample_bytree"": 1.0, ""model__learning_rate"": 0.03, ""model__max_depth"": 2, ""model__n_estimators"": 100, ""model__scale_pos_weight"": 2.977272727272727, ""model__subsample"": 1.0}",,,,,,,2,,,0.03,100.0,1.0,,,,1.0,2.977272727272727
xgboost,0.11689496040344238,0.09356305492722507,0.04463028907775879,0.022236304414019057,,"{'model__colsample_bytree': 1.0, 'model__learning_rate': 0.03, 'model__max_depth': 2, 'model__n_estimators': 250, 'model__scale_pos_weight': 1.0, 'model__subsample': 0.8}",0.75,0.5904761904761905,0.8020833333333334,0.7141865079365081,0.0900235168807839,13,0.5575396825396826,0.44338118022328543,0.6041666666666666,0.5350291764765448,0.06754275349792702,2,0.6818181818181818,0.6818181818181818,0.6818181818181818,0.6818181818181818,0.0,4,0.5208333333333334,0.5761904761904761,0.5208333333333334,0.5392857142857143,0.02609560740093207,30,0.3333333333333333,0.5,0.3333333333333333,0.38888888888888884,0.07856742013183862,26,0.16666666666666666,0.2857142857142857,0.16666666666666666,0.2063492063492063,0.05611958580845615,39,0.2222222222222222,0.36363636363636365,0.2222222222222222,0.26936026936026936,0.06666326556640853,38,0.05407380704358752,0.18401748249129446,0.05407380704358752,0.0973883655261565,0.061256036054251645,31,0.04938271604938271,0.17204301075268824,0.04938271604938271,0.09026948095048455,0.057822617444698465,31,-0.6504392623901367,-0.8693150877952576,-0.623995840549469,-0.7145833969116211,0.10994312397005644,23,-0.20496827363967896,-0.25983572006225586,-0.20613102614879608,-0.2236450066169103,0.025595101134288718,13,"{""model__colsample_bytree"": 1.0, ""model__learning_rate"": 0.03, ""model__max_depth"": 2, ""model__n_estimators"": 250, ""model__scale_pos_weight"": 1.0, ""model__subsample"": 0.8}",,,,,,,2,,,0.03,250.0,0.8,,,,1.0,1.0
xgboost,0.10214042663574219,0.06546782572257202,0.07410176595052083,0.045659483393189974,,"{'model__colsample_bytree': 1.0, 'model__learning_rate': 0.03, 'model__max_depth': 2, 'model__n_estimators': 250, 'model__scale_pos_weight': 1.0, 'model__subsample': 1.0}",0.75,0.6285714285714286,0.75,0.7095238095238096,0.05724197752462528,20,0.5590909090909091,0.4392987964416536,0.5707282913165266,0.5230393322830298,0.059403788731678744,6,0.7272727272727273,0.6363636363636364,0.6818181818181818,0.6818181818181818,0.03711348095126028,4,0.5520833333333334,0.5047619047619047,0.5208333333333334,0.5258928571428573,0.019647366004879787,42,0.5,0.3333333333333333,0.3333333333333333,0.38888888888888884,0.07856742013183862,26,0.16666666666666666,0.14285714285714285,0.16666666666666666,0.15873015873015872,0.011223917161691228,56,0.25,0.2,0.2222222222222222,0.2240740740740741,0.02045437225405048,55,0.1613743060919757,0.012926112238824687,0.05407380704358752,0.07612474179146264,0.06257741529235054,36,0.1315789473684209,0.011235955056179914,0.04938271604938271,0.06406587282466118,0.05021490661368447,38,-0.6276950240135193,-0.8362962603569031,-0.6667140126228333,-0.7102350989977518,0.09055084269969334,22,-0.19755007326602936,-0.2588036358356476,-0.21538156270980835,-0.2239117572704951,0.025723826779854134,14,"{""model__colsample_bytree"": 1.0, ""model__learning_rate"": 0.03, ""model__max_depth"": 2, ""model__n_estimators"": 250, ""model__scale_pos_weight"": 1.0, ""model__subsample"": 1.0}",,,,,,,2,,,0.03,250.0,1.0,,,,1.0,1.0
xgboost,0.10690069198608398,0.0695228653004245,0.0184481938680013,0.003414245791226852,,"{'model__colsample_bytree': 1.0, 'model__learning_rate': 0.03, 'model__max_depth': 2, 'model__n_estimators': 250, 'model__scale_pos_weight': 2.977272727272727, 'model__subsample': 0.8}",0.78125,0.5809523809523809,0.7083333333333334,0.6901785714285714,0.08277270316515478,40,0.5812520812520813,0.4301467955603293,0.5450558213716108,0.5188182327280071,0.06441795885398065,12,0.6818181818181818,0.6363636363636364,0.6818181818181818,0.6666666666666666,0.02142747821777415,18,0.5729166666666666,0.5809523809523809,0.5729166666666666,0.575595238095238,0.003788072042070777,4,0.4,0.42857142857142855,0.4,0.40952380952380957,0.013468700594029454,23,0.3333333333333333,0.42857142857142855,0.3333333333333333,0.36507936507936506,0.04489566864676491,1,0.36363636363636365,0.42857142857142855,0.36363636363636365,0.3852813852813853,0.030610683168248796,4,0.15498260496951669,0.1619047619047619,0.15498260496951669,0.15728999061459845,0.003263136072899593,6,0.15384615384615397,0.16190476190476188,0.15384615384615397,0.15653235653235661,0.003798864270110812,6,-0.5898983478546143,-0.8654918670654297,-0.6292116045951843,-0.6948672731717428,0.1217126316915564,14,-0.1991673856973648,-0.273468941450119,-0.20608936250209808,-0.22624189654986063,0.03351391520179424,16,"{""model__colsample_bytree"": 1.0, ""model__learning_rate"": 0.03, ""model__max_depth"": 2, ""model__n_estimators"": 250, ""model__scale_pos_weight"": 2.977272727272727, ""model__subsample"": 0.8}",,,,,,,2,,,0.03,250.0,0.8,,,,1.0,2.977272727272727
xgboost,0.037023305892944336,0.00041219108745653194,0.016373078028361004,0.004802608166053509,,"{'model__colsample_bytree': 1.0, 'model__learning_rate': 0.03, 'model__max_depth': 2, 'model__n_estimators': 250, 'model__scale_pos_weight': 2.977272727272727, 'model__subsample': 1.0}",0.7395833333333333,0.6,0.6979166666666667,0.6791666666666666,0.05850668686062652,51,0.560515873015873,0.4934479054779806,0.4338235294117647,0.4959291026352061,0.05175168104500007,31,0.6818181818181818,0.5909090909090909,0.7272727272727273,0.6666666666666666,0.05669177858748395,18,0.5729166666666666,0.5095238095238095,0.6041666666666666,0.5622023809523808,0.039373548996048315,9,0.4,0.3333333333333333,0.5,0.41111111111111115,0.06849348892187752,8,0.3333333333333333,0.2857142857142857,0.3333333333333333,0.31746031746031744,0.022447834323382456,6,0.36363636363636365,0.3076923076923077,0.4,0.3571095571095571,0.03796601038974794,8,0.15498260496951669,0.019920476822239894,0.24056261216234406,0.13848856465136686,0.09082869589277306,8,0.15384615384615397,0.01980198019801982,0.2325581395348837,0.13540209119301916,0.08783102496387718,8,-0.5976110100746155,-0.8403816819190979,-0.6655508279800415,-0.701181173324585,0.10226286686438342,18,-0.19797109067440033,-0.2739080786705017,-0.2149636149406433,-0.22894759476184845,0.03253992732229044,23,"{""model__colsample_bytree"": 1.0, ""model__learning_rate"": 0.03, ""model__max_depth"": 2, ""model__n_estimators"": 250, ""model__scale_pos_weight"": 2.977272727272727, ""model__subsample"": 1.0}",,,,,,,2,,,0.03,250.0,1.0,,,,1.0,2.977272727272727
xgboost,0.06867893536885579,0.046139823897055926,0.017309904098510742,0.0011815757462364394,,"{'model__colsample_bytree': 1.0, 'model__learning_rate': 0.03, 'model__max_depth': 4, 'model__n_estimators': 100, 'model__scale_pos_weight': 1.0, 'model__subsample': 0.8}",0.7395833333333333,0.6285714285714286,0.78125,0.716468253968254,0.064438170437031,10,0.5527777777777778,0.4307058855931036,0.5827380952380952,0.5220739195363255,0.06575456068120834,7,0.6818181818181818,0.6363636363636364,0.6363636363636364,0.6515151515151515,0.02142747821777415,41,0.5208333333333334,0.5047619047619047,0.4895833333333333,0.5050595238095238,0.012759494708467892,62,0.3333333333333333,0.3333333333333333,0.25,0.3055555555555555,0.0392837100659193,58,0.16666666666666666,0.14285714285714285,0.16666666666666666,0.15873015873015872,0.011223917161691228,56,0.2222222222222222,0.2,0.2,0.2074074074074074,0.010475656017578472,60,0.05407380704358752,0.012926112238824687,-0.024056261216234408,0.014314552688725933,0.03191157278828795,61,0.04938271604938271,0.011235955056179914,-0.023255813953488413,0.012454285717358071,0.029667066560351365,62,-0.6124322414398193,-0.8236658573150635,-0.6136137843132019,-0.6832372943560282,0.09929916072805853,11,-0.19454596936702728,-0.2621149718761444,-0.20748275518417358,-0.22138123214244843,0.029283308912974544,9,"{""model__colsample_bytree"": 1.0, ""model__learning_rate"": 0.03, ""model__max_depth"": 4, ""model__n_estimators"": 100, ""model__scale_pos_weight"": 1.0, ""model__subsample"": 0.8}",,,,,,,4,,,0.03,100.0,0.8,,,,1.0,1.0
xgboost,0.03669603665669759,0.0024037963240427953,0.019037803014119465,0.0021648684814722353,,"{'model__colsample_bytree': 1.0, 'model__learning_rate': 0.03, 'model__max_depth': 4, 'model__n_estimators': 100, 'model__scale_pos_weight': 1.0, 'model__subsample': 1.0}",0.6979166666666666,0.5714285714285714,0.7708333333333334,0.6800595238095238,0.08238010654212989,49,0.5363247863247863,0.3935504971219257,0.5119047619047619,0.48059334845049123,0.062350770504320835,49,0.6818181818181818,0.5909090909090909,0.7272727272727273,0.6666666666666666,0.05669177858748395,18,0.5208333333333334,0.43333333333333335,0.6041666666666666,0.5194444444444445,0.06974933071938731,52,0.3333333333333333,0.0,0.5,0.27777777777777773,0.20786985482077452,61,0.16666666666666666,0.0,0.3333333333333333,0.16666666666666666,0.13608276348795434,54,0.2222222222222222,0.0,0.4,0.2074074074074074,0.16363497803240387,60,0.05407380704358752,-0.2160246899469287,0.24056261216234406,0.026203909753000965,0.18743983833592573,58,0.04938271604938271,-0.16470588235294126,0.2325581395348837,0.03907832441044171,0.16234594982507586,57,-0.6310625672340393,-0.8940988779067993,-0.5823931097984314,-0.7025181849797567,0.1369173727680883,19,-0.19306664168834686,-0.2769618630409241,-0.19597116112709045,-0.22199988861878714,0.03888206984011385,10,"{""model__colsample_bytree"": 1.0, ""model__learning_rate"": 0.03, ""model__max_depth"": 4, ""model__n_estimators"": 100, ""model__scale_pos_weight"": 1.0, ""model__subsample"": 1.0}",,,,,,,4,,,0.03,100.0,1.0,,,,1.0,1.0
xgboost,0.0365914503733317,0.001350958779725049,0.01685325304667155,0.0027937361061024114,,"{'model__colsample_bytree': 1.0, 'model__learning_rate': 0.03, 'model__max_depth': 4, 'model__n_estimators': 100, 'model__scale_pos_weight': 2.977272727272727, 'model__subsample': 0.8}",0.7395833333333333,0.6095238095238095,0.7604166666666666,0.703174603174603,0.06676506226069687,23,0.5521978021978022,0.4178702250130821,0.5882936507936508,0.5194538926681784,0.07332647871976125,11,0.7272727272727273,0.6363636363636364,0.6818181818181818,0.6818181818181818,0.03711348095126028,4,0.6041666666666666,0.5428571428571429,0.5729166666666666,0.573313492063492,0.025031081082450442,6,0.5,0.4,0.4,0.43333333333333335,0.04714045207910316,6,0.3333333333333333,0.2857142857142857,0.3333333333333333,0.31746031746031744,0.022447834323382456,6,0.4,0.3333333333333333,0.36363636363636365,0.36565656565656574,0.027254015279256666,6,0.24056261216234406,0.09526610232449337,0.15498260496951669,0.16360377315211805,0.059629480116184616,4,0.2325581395348837,0.09278350515463918,0.15384615384615397,0.15972926617855895,0.05721419032646551,4,-0.5949684381484985,-0.811789333820343,-0.5773343443870544,-0.6613640387852987,0.10661009131560344,9,-0.199529230594635,-0.2673986256122589,-0.19991274178028107,-0.22228019932905832,0.03190392936000029,12,"{""model__colsample_bytree"": 1.0, ""model__learning_rate"": 0.03, ""model__max_depth"": 4, ""model__n_estimators"": 100, ""model__scale_pos_weight"": 2.977272727272727, ""model__subsample"": 0.8}",,,,,,,4,,,0.03,100.0,0.8,,,,1.0,2.977272727272727
xgboost,0.0337533156077067,0.004841071181154127,0.023821433385213215,0.004757663992451977,,"{'model__colsample_bytree': 1.0, 'model__learning_rate': 0.03, 'model__max_depth': 4, 'model__n_estimators': 100, 'model__scale_pos_weight': 2.977272727272727, 'model__subsample': 1.0}",0.7395833333333333,0.5523809523809524,0.7604166666666666,0.684126984126984,0.09354595877629432,45,0.5521978021978022,0.37751767373616113,0.5882936507936508,0.5060030422425381,0.0920401905388011,23,0.6818181818181818,0.5909090909090909,0.7272727272727273,0.6666666666666666,0.05669177858748395,18,0.5729166666666666,0.5095238095238095,0.6041666666666666,0.5622023809523808,0.039373548996048315,9,0.4,0.3333333333333333,0.5,0.41111111111111115,0.06849348892187752,8,0.3333333333333333,0.2857142857142857,0.3333333333333333,0.31746031746031744,0.022447834323382456,6,0.36363636363636365,0.3076923076923077,0.4,0.3571095571095571,0.03796601038974794,8,0.15498260496951669,0.019920476822239894,0.24056261216234406,0.13848856465136686,0.09082869589277306,8,0.15384615384615397,0.01980198019801982,0.2325581395348837,0.13540209119301916,0.08783102496387718,8,-0.6381569504737854,-0.9034027457237244,-0.5554644465446472,-0.699008047580719,0.14841924184158276,16,-0.21173213422298431,-0.2974418103694916,-0.18882785737514496,-0.23266726732254028,0.04674724622682158,29,"{""model__colsample_bytree"": 1.0, ""model__learning_rate"": 0.03, ""model__max_depth"": 4, ""model__n_estimators"": 100, ""model__scale_pos_weight"": 2.977272727272727, ""model__subsample"": 1.0}",,,,,,,4,,,0.03,100.0,1.0,,,,1.0,2.977272727272727
xgboost,0.08577561378479004,0.010660441875185939,0.018621126810709637,0.007201360222738187,,"{'model__colsample_bytree': 1.0, 'model__learning_rate': 0.03, 'model__max_depth': 4, 'model__n_estimators': 250, 'model__scale_pos_weight': 1.0, 'model__subsample': 0.8}",0.7395833333333334,0.6190476190476191,0.7708333333333333,0.7098214285714285,0.06544236139076194,18,0.5408730158730158,0.41904069320035703,0.4925925925925925,0.4841687672219885,0.050093241975071104,45,0.6818181818181818,0.6818181818181818,0.6818181818181818,0.6818181818181818,0.0,4,0.5208333333333334,0.5761904761904761,0.5729166666666666,0.5566468253968253,0.02535920763136341,20,0.3333333333333333,0.5,0.4,0.41111111111111115,0.06849348892187752,8,0.16666666666666666,0.2857142857142857,0.3333333333333333,0.26190476190476186,0.07009334020895115,25,0.2222222222222222,0.36363636363636365,0.36363636363636365,0.3164983164983165,0.06666326556640853,24,0.05407380704358752,0.18401748249129446,0.15498260496951669,0.13102463150146623,0.055688586902144836,21,0.04938271604938271,0.17204301075268824,0.15384615384615397,0.12509062688274164,0.054046567713303746,20,-0.7365598082542419,-1.0022106170654297,-0.7694581747055054,-0.8360762000083923,0.11824003559694891,33,-0.2244947999715805,-0.28470930457115173,-0.24247318506240845,-0.2505590965350469,0.02523863591533763,35,"{""model__colsample_bytree"": 1.0, ""model__learning_rate"": 0.03, ""model__max_depth"": 4, ""model__n_estimators"": 250, ""model__scale_pos_weight"": 1.0, ""model__subsample"": 0.8}",,,,,,,4,,,0.03,250.0,0.8,,,,1.0,1.0
xgboost,0.07312504450480144,0.009004194142701575,0.018419981002807617,0.001598884918972261,,"{'model__colsample_bytree': 1.0, 'model__learning_rate': 0.03, 'model__max_depth': 4, 'model__n_estimators': 250, 'model__scale_pos_weight': 1.0, 'model__subsample': 1.0}",0.7083333333333334,0.6095238095238096,0.7187500000000001,0.6788690476190476,0.04921854847497407,53,0.5282679738562092,0.41541950113378684,0.48273809523809524,0.4754751900760304,0.046355559123587936,55,0.6818181818181818,0.6363636363636364,0.6818181818181818,0.6666666666666666,0.02142747821777415,18,0.5208333333333334,0.5047619047619047,0.5208333333333334,0.5154761904761905,0.007576144084141606,58,0.3333333333333333,0.3333333333333333,0.3333333333333333,0.3333333333333333,0.0,46,0.16666666666666666,0.14285714285714285,0.16666666666666666,0.15873015873015872,0.011223917161691228,56,0.2222222222222222,0.2,0.2222222222222222,0.2148148148148148,0.010475656017578472,59,0.05407380704358752,0.012926112238824687,0.05407380704358752,0.04035790877533324,0.019397209351094846,57,0.04938271604938271,0.011235955056179914,0.04938271604938271,0.03666712905164845,0.017982555585730788,58,-0.7296777367591858,-1.0469259023666382,-0.7666038870811462,-0.8477358420689901,0.14165308617754743,34,-0.2179558426141739,-0.2938218116760254,-0.23559288680553436,-0.24912351369857788,0.032416248122533825,34,"{""model__colsample_bytree"": 1.0, ""model__learning_rate"": 0.03, ""model__max_depth"": 4, ""model__n_estimators"": 250, ""model__scale_pos_weight"": 1.0, ""model__subsample"": 1.0}",,,,,,,4,,,0.03,250.0,1.0,,,,1.0,1.0
xgboost,0.08440566062927246,0.006049536210279134,0.014513333638509115,0.004042277417756204,,"{'model__colsample_bytree': 1.0, 'model__learning_rate': 0.03, 'model__max_depth': 4, 'model__n_estimators': 250, 'model__scale_pos_weight': 2.977272727272727, 'model__subsample': 0.8}",0.75,0.638095238095238,0.7604166666666667,0.7161706349206348,0.05537118641913263,12,0.5527777777777777,0.42669375442484686,0.5082282913165266,0.4958999411730504,0.05220655386162874,32,0.6818181818181818,0.6363636363636364,0.6818181818181818,0.6666666666666666,0.02142747821777415,18,0.5729166666666666,0.5428571428571429,0.5729166666666666,0.5628968253968254,0.014170195416635127,8,0.4,0.4,0.4,0.4000000000000001,5.551115123125783e-17,25,0.3333333333333333,0.2857142857142857,0.3333333333333333,0.31746031746031744,0.022447834323382456,6,0.36363636363636365,0.3333333333333333,0.36363636363636365,0.35353535353535354,0.014284985478516126,19,0.15498260496951669,0.09526610232449337,0.15498260496951669,0.13507710408784224,0.028150629312693593,19,0.15384615384615397,0.09278350515463918,0.15384615384615397,0.13349193761564904,0.02878520864465465,19,-0.7685990929603577,-1.0372483730316162,-0.7510278224945068,-0.8522917628288269,0.13098065539034362,36,-0.2396201640367508,-0.2944171726703644,-0.236894428730011,-0.25697725514570874,0.02649739580198232,43,"{""model__colsample_bytree"": 1.0, ""model__learning_rate"": 0.03, ""model__max_depth"": 4, ""model__n_estimators"": 250, ""model__scale_pos_weight"": 2.977272727272727, ""model__subsample"": 0.8}",,,,,,,4,,,0.03,250.0,0.8,,,,1.0,2.977272727272727
xgboost,0.09127616882324219,0.014771410757297838,0.018777132034301758,0.003240823339388681,,"{'model__colsample_bytree': 1.0, 'model__learning_rate': 0.03, 'model__max_depth': 4, 'model__n_estimators': 250, 'model__scale_pos_weight': 2.977272727272727, 'model__subsample': 1.0}",0.71875,0.5714285714285714,0.7395833333333334,0.6765873015873015,0.0748432844499844,55,0.5236263736263737,0.4046849509034383,0.5827380952380953,0.5036831399226358,0.07404516630537507,25,0.6363636363636364,0.5909090909090909,0.6818181818181818,0.6363636363636364,0.03711348095126024,59,0.4895833333333333,0.5095238095238095,0.5729166666666666,0.5240079365079365,0.03552889492587075,46,0.25,0.3333333333333333,0.4,0.3277777777777778,0.06136311676215146,47,0.16666666666666666,0.2857142857142857,0.3333333333333333,0.26190476190476186,0.07009334020895115,25,0.2,0.3076923076923077,0.36363636363636365,0.29044289044289046,0.06790862327479198,33,-0.024056261216234408,0.019920476822239894,0.15498260496951669,0.05028227352517406,0.07618008456082884,46,-0.023255813953488413,0.01980198019801982,0.15384615384615397,0.05013077336356179,0.0754150892098085,46,-0.794040858745575,-1.0736368894577026,-0.7486779689788818,-0.8721185723940531,0.1436933587565792,39,-0.2509181797504425,-0.30034327507019043,-0.23081235587596893,-0.2606912702322006,0.029214975088948398,47,"{""model__colsample_bytree"": 1.0, ""model__learning_rate"": 0.03, ""model__max_depth"": 4, ""model__n_estimators"": 250, ""model__scale_pos_weight"": 2.977272727272727, ""model__subsample"": 1.0}",,,,,,,4,,,0.03,250.0,1.0,,,,1.0,2.977272727272727
xgboost,0.01276246706644694,0.0010607427078507595,0.0252682367960612,0.0012627211019482286,,"{'model__colsample_bytree': 1.0, 'model__learning_rate': 0.1, 'model__max_depth': 2, 'model__n_estimators': 100, 'model__scale_pos_weight': 1.0, 'model__subsample': 0.8}",0.7708333333333334,0.638095238095238,0.8020833333333334,0.7370039682539683,0.07109309999903592,1,0.5693473193473193,0.44889008234872896,0.6041666666666666,0.540801356120905,0.06652748014544692,1,0.6818181818181818,0.6363636363636364,0.6818181818181818,0.6666666666666666,0.02142747821777415,18,0.5208333333333334,0.5428571428571429,0.5208333333333334,0.5281746031746032,0.010382123374564404,38,0.3333333333333333,0.4,0.3333333333333333,0.35555555555555557,0.03142696805273547,39,0.16666666666666666,0.2857142857142857,0.16666666666666666,0.2063492063492063,0.05611958580845615,39,0.2222222222222222,0.3333333333333333,0.2222222222222222,0.25925925925925924,0.05237828008789241,41,0.05407380704358752,0.09526610232449337,0.05407380704358752,0.06780457213722281,0.019418234217178098,42,0.04938271604938271,0.09278350515463918,0.04938271604938271,0.06384964575113487,0.02045932819011605,42,-0.6631251573562622,-0.9187377691268921,-0.62982577085495,-0.737229565779368,0.12906363597640647,27,-0.20753894746303558,-0.27025336027145386,-0.2042030394077301,-0.22733178238073984,0.030380678696718143,19,"{""model__colsample_bytree"": 1.0, ""model__learning_rate"": 0.1, ""model__max_depth"": 2, ""model__n_estimators"": 100, ""model__scale_pos_weight"": 1.0, ""model__subsample"": 0.8}",,,,,,,2,,,0.1,100.0,0.8,,,,1.0,1.0
xgboost,0.023621638615926106,0.006357133490572358,0.018213987350463867,0.0015903061228889864,,"{'model__colsample_bytree': 1.0, 'model__learning_rate': 0.1, 'model__max_depth': 2, 'model__n_estimators': 100, 'model__scale_pos_weight': 1.0, 'model__subsample': 1.0}",0.7291666666666667,0.6190476190476191,0.7604166666666666,0.7028769841269842,0.0606336675574833,24,0.5382575757575757,0.4363748198334664,0.5666666666666667,0.5137663540859029,0.055939588200306416,19,0.7272727272727273,0.6818181818181818,0.6818181818181818,0.6969696969696969,0.0214274782177742,1,0.5520833333333334,0.5761904761904761,0.5208333333333334,0.549702380952381,0.022662083120001723,28,0.5,0.5,0.3333333333333333,0.4444444444444444,0.07856742013183862,2,0.16666666666666666,0.2857142857142857,0.16666666666666666,0.2063492063492063,0.05611958580845615,39,0.25,0.36363636363636365,0.2222222222222222,0.2786195286195286,0.061176236736049244,37,0.1613743060919757,0.18401748249129446,0.05407380704358752,0.13315519854228589,0.05667790998493427,20,0.1315789473684209,0.17204301075268824,0.04938271604938271,0.11766822472349729,0.051032787679774615,24,-0.6727792620658875,-0.8882893919944763,-0.6832072138786316,-0.7480919559796652,0.09922592518623863,30,-0.20905011892318726,-0.2660755217075348,-0.21845267713069916,-0.2311927725871404,0.024962727747032426,27,"{""model__colsample_bytree"": 1.0, ""model__learning_rate"": 0.1, ""model__max_depth"": 2, ""model__n_estimators"": 100, ""model__scale_pos_weight"": 1.0, ""model__subsample"": 1.0}",,,,,,,2,,,0.1,100.0,1.0,,,,1.0,1.0
xgboost,0.018935600916544598,0.0027902765716363797,0.016622066497802734,0.00045727568849166335,,"{'model__colsample_bytree': 1.0, 'model__learning_rate': 0.1, 'model__max_depth': 2, 'model__n_estimators': 100, 'model__scale_pos_weight': 2.977272727272727, 'model__subsample': 0.8}",0.7395833333333334,0.5714285714285714,0.78125,0.6974206349206349,0.09069923860400338,32,0.5549242424242424,0.4042647828362114,0.5878306878306878,0.5156732376970472,0.07991491891664539,17,0.7272727272727273,0.6363636363636364,0.6818181818181818,0.6818181818181818,0.03711348095126028,4,0.6041666666666666,0.5809523809523809,0.5729166666666666,0.5860119047619047,0.013249898386638138,2,0.5,0.42857142857142855,0.4,0.4428571428571429,0.042056004125370694,4,0.3333333333333333,0.42857142857142855,0.3333333333333333,0.36507936507936506,0.04489566864676491,1,0.4,0.42857142857142855,0.36363636363636365,0.39740259740259737,0.026573176196056796,2,0.24056261216234406,0.1619047619047619,0.15498260496951669,0.1858166596788742,0.03881424608869613,2,0.2325581395348837,0.16190476190476188,0.15384615384615397,0.1827696850952665,0.03535913778714013,2,-0.6381561756134033,-0.9293069839477539,-0.6135642528533936,-0.727009137471517,0.14339805829217941,25,-0.20531810820102692,-0.2710825204849243,-0.20515893399715424,-0.2271865208943685,0.031039227000118765,17,"{""model__colsample_bytree"": 1.0, ""model__learning_rate"": 0.1, ""model__max_depth"": 2, ""model__n_estimators"": 100, ""model__scale_pos_weight"": 2.977272727272727, ""model__subsample"": 0.8}",,,,,,,2,,,0.1,100.0,0.8,,,,1.0,2.977272727272727
xgboost,0.026113589604695637,0.005959429143420205,0.014459768931070963,0.004484281064489284,,"{'model__colsample_bytree': 1.0, 'model__learning_rate': 0.1, 'model__max_depth': 2, 'model__n_estimators': 100, 'model__scale_pos_weight': 2.977272727272727, 'model__subsample': 1.0}",0.75,0.5904761904761905,0.6770833333333333,0.6725198412698413,0.06520521730714156,58,0.5590909090909091,0.4021344570216751,0.4461500974658869,0.46912515452615705,0.06610457319899754,60,0.7272727272727273,0.6363636363636364,0.7272727272727273,0.6969696969696969,0.04285495643554835,1,0.6041666666666666,0.5809523809523809,0.6041666666666666,0.5964285714285714,0.010943319232648964,1,0.5,0.42857142857142855,0.5,0.4761904761904762,0.0336717514850737,1,0.3333333333333333,0.42857142857142855,0.3333333333333333,0.36507936507936506,0.04489566864676491,1,0.4,0.42857142857142855,0.4,0.40952380952380957,0.013468700594029454,1,0.24056261216234406,0.1619047619047619,0.24056261216234406,0.21434332874315,0.03707966620712824,1,0.2325581395348837,0.16190476190476188,0.2325581395348837,0.20900701365817642,0.03330632162399536,1,-0.6129645109176636,-0.8690912127494812,-0.7037816047668457,-0.7286124428113302,0.10602719693960529,26,-0.205352321267128,-0.27713125944137573,-0.22147917747497559,-0.23465425272782645,0.030748885587332887,30,"{""model__colsample_bytree"": 1.0, ""model__learning_rate"": 0.1, ""model__max_depth"": 2, ""model__n_estimators"": 100, ""model__scale_pos_weight"": 2.977272727272727, ""model__subsample"": 1.0}",,,,,,,2,,,0.1,100.0,1.0,,,,1.0,2.977272727272727
xgboost,0.04807432492574056,0.004591080880706857,0.0163877010345459,0.001708942409533027,,"{'model__colsample_bytree': 1.0, 'model__learning_rate': 0.1, 'model__max_depth': 2, 'model__n_estimators': 250, 'model__scale_pos_weight': 1.0, 'model__subsample': 0.8}",0.7916666666666666,0.5904761904761905,0.7187500000000001,0.700297619047619,0.08316557661094516,27,0.5876623376623377,0.4260651629072682,0.48273809523809524,0.4988218652692337,0.06694489010131655,29,0.6818181818181818,0.6363636363636364,0.6818181818181818,0.6666666666666666,0.02142747821777415,18,0.5208333333333334,0.5428571428571429,0.5208333333333334,0.5281746031746032,0.010382123374564404,38,0.3333333333333333,0.4,0.3333333333333333,0.35555555555555557,0.03142696805273547,39,0.16666666666666666,0.2857142857142857,0.16666666666666666,0.2063492063492063,0.05611958580845615,39,0.2222222222222222,0.3333333333333333,0.2222222222222222,0.25925925925925924,0.05237828008789241,41,0.05407380704358752,0.09526610232449337,0.05407380704358752,0.06780457213722281,0.019418234217178098,42,0.04938271604938271,0.09278350515463918,0.04938271604938271,0.06384964575113487,0.02045932819011605,42,-0.8171572089195251,-1.150219440460205,-0.8114777207374573,-0.9262847900390625,0.1583626847691338,48,-0.23877190053462982,-0.28064781427383423,-0.22451834380626678,-0.24797935287157694,0.023821730242858042,33,"{""model__colsample_bytree"": 1.0, ""model__learning_rate"": 0.1, ""model__max_depth"": 2, ""model__n_estimators"": 250, ""model__scale_pos_weight"": 1.0, ""model__subsample"": 0.8}",,,,,,,2,,,0.1,250.0,0.8,,,,1.0,1.0
xgboost,0.04963191350301107,0.0030305556578831497,0.022082090377807617,0.0019718261527305334,,"{'model__colsample_bytree': 1.0, 'model__learning_rate': 0.1, 'model__max_depth': 2, 'model__n_estimators': 250, 'model__scale_pos_weight': 1.0, 'model__subsample': 1.0}",0.75,0.6476190476190475,0.6979166666666666,0.6985119047619047,0.041798967960945566,30,0.5428571428571428,0.45181405895691606,0.447979797979798,0.4808836665979523,0.04384981344731508,47,0.6818181818181818,0.6363636363636364,0.6818181818181818,0.6666666666666666,0.02142747821777415,18,0.5208333333333334,0.5428571428571429,0.5208333333333334,0.5281746031746032,0.010382123374564404,38,0.3333333333333333,0.4,0.3333333333333333,0.35555555555555557,0.03142696805273547,39,0.16666666666666666,0.2857142857142857,0.16666666666666666,0.2063492063492063,0.05611958580845615,39,0.2222222222222222,0.3333333333333333,0.2222222222222222,0.25925925925925924,0.05237828008789241,41,0.05407380704358752,0.09526610232449337,0.05407380704358752,0.06780457213722281,0.019418234217178098,42,0.04938271604938271,0.09278350515463918,0.04938271604938271,0.06384964575113487,0.02045932819011605,42,-0.7976953983306885,-1.0470467805862427,-0.8629189133644104,-0.9025536974271139,0.10558476859522788,42,-0.23550504446029663,-0.27956196665763855,-0.24996599555015564,-0.25501100222269696,0.018336523982117395,42,"{""model__colsample_bytree"": 1.0, ""model__learning_rate"": 0.1, ""model__max_depth"": 2, ""model__n_estimators"": 250, ""model__scale_pos_weight"": 1.0, ""model__subsample"": 1.0}",,,,,,,2,,,0.1,250.0,1.0,,,,1.0,1.0
xgboost,0.04709768295288086,0.007295170450875331,0.015693505605061848,0.004542404247027153,,"{'model__colsample_bytree': 1.0, 'model__learning_rate': 0.1, 'model__max_depth': 2, 'model__n_estimators': 250, 'model__scale_pos_weight': 2.977272727272727, 'model__subsample': 0.8}",0.7916666666666666,0.5333333333333333,0.7604166666666667,0.6951388888888889,0.11512288791108247,36,0.5888278388278388,0.39495742352885205,0.4952380952380952,0.4930077858649287,0.07916297616089409,36,0.6818181818181818,0.6363636363636364,0.6818181818181818,0.6666666666666666,0.02142747821777415,18,0.5729166666666666,0.5809523809523809,0.5729166666666666,0.575595238095238,0.003788072042070777,4,0.4,0.42857142857142855,0.4,0.40952380952380957,0.013468700594029454,23,0.3333333333333333,0.42857142857142855,0.3333333333333333,0.36507936507936506,0.04489566864676491,1,0.36363636363636365,0.42857142857142855,0.36363636363636365,0.3852813852813853,0.030610683168248796,4,0.15498260496951669,0.1619047619047619,0.15498260496951669,0.15728999061459845,0.003263136072899593,6,0.15384615384615397,0.16190476190476188,0.15384615384615397,0.15653235653235661,0.003798864270110812,6,-0.827139675617218,-1.2876280546188354,-0.7954763770103455,-0.9700813690821329,0.2249111887555857,55,-0.24779349565505981,-0.28975731134414673,-0.22648081183433533,-0.2546772062778473,0.026287106491047384,41,"{""model__colsample_bytree"": 1.0, ""model__learning_rate"": 0.1, ""model__max_depth"": 2, ""model__n_estimators"": 250, ""model__scale_pos_weight"": 2.977272727272727, ""model__subsample"": 0.8}",,,,,,,2,,,0.1,250.0,0.8,,,,1.0,2.977272727272727
xgboost,0.04928302764892578,0.013720577775424172,0.013646284739176432,0.002516937127680578,,"{'model__colsample_bytree': 1.0, 'model__learning_rate': 0.1, 'model__max_depth': 2, 'model__n_estimators': 250, 'model__scale_pos_weight': 2.977272727272727, 'model__subsample': 1.0}",0.7395833333333333,0.6095238095238096,0.6666666666666667,0.6719246031746032,0.05322658706342869,59,0.5498316498316499,0.41140763997906854,0.4222073677956031,0.46114888586877384,0.06286298857196869,62,0.7272727272727273,0.5909090909090909,0.6363636363636364,0.6515151515151515,0.056691778587483956,41,0.6041666666666666,0.5095238095238095,0.4895833333333333,0.534424603174603,0.04998247834841057,36,0.5,0.3333333333333333,0.25,0.3611111111111111,0.10393492741038726,37,0.3333333333333333,0.2857142857142857,0.16666666666666666,0.2619047619047619,0.07009334020895115,24,0.4,0.3076923076923077,0.2,0.3025641025641026,0.08173014077184221,29,0.24056261216234406,0.019920476822239894,-0.024056261216234408,0.07880894258944984,0.11577759019588356,33,0.2325581395348837,0.01980198019801982,-0.023255813953488413,0.0763681019264717,0.11183317723402801,33,-0.7726430296897888,-1.0973149538040161,-0.8521478176116943,-0.9073686003684998,0.13817854564105184,43,-0.23821544647216797,-0.30051812529563904,-0.24375835061073303,-0.2608306407928467,0.02815437522176459,48,"{""model__colsample_bytree"": 1.0, ""model__learning_rate"": 0.1, ""model__max_depth"": 2, ""model__n_estimators"": 250, ""model__scale_pos_weight"": 2.977272727272727, ""model__subsample"": 1.0}",,,,,,,2,,,0.1,250.0,1.0,,,,1.0,2.977272727272727
xgboost,0.03240013122558594,0.005393184602822673,0.025971492131551106,0.00518435214752636,,"{'model__colsample_bytree': 1.0, 'model__learning_rate': 0.1, 'model__max_depth': 4, 'model__n_estimators': 100, 'model__scale_pos_weight': 1.0, 'model__subsample': 0.8}",0.7916666666666666,0.6,0.7708333333333334,0.7208333333333333,0.08586434175596519,8,0.5888278388278388,0.41171468587434973,0.5044973544973544,0.501679959733181,0.07233358151520128,26,0.6818181818181818,0.6818181818181818,0.6818181818181818,0.6818181818181818,0.0,4,0.5208333333333334,0.5761904761904761,0.5729166666666666,0.5566468253968253,0.02535920763136341,20,0.3333333333333333,0.5,0.4,0.41111111111111115,0.06849348892187752,8,0.16666666666666666,0.2857142857142857,0.3333333333333333,0.26190476190476186,0.07009334020895115,25,0.2222222222222222,0.36363636363636365,0.36363636363636365,0.3164983164983165,0.06666326556640853,24,0.05407380704358752,0.18401748249129446,0.15498260496951669,0.13102463150146623,0.055688586902144836,21,0.04938271604938271,0.17204301075268824,0.15384615384615397,0.12509062688274164,0.054046567713303746,20,-0.7850614190101624,-1.1428605318069458,-0.7959060072898865,-0.9079426527023315,0.1661710137498852,44,-0.2311038076877594,-0.29723140597343445,-0.23467181622982025,-0.254335676630338,0.030366817066728082,40,"{""model__colsample_bytree"": 1.0, ""model__learning_rate"": 0.1, ""model__max_depth"": 4, ""model__n_estimators"": 100, ""model__scale_pos_weight"": 1.0, ""model__subsample"": 0.8}",,,,,,,4,,,0.1,100.0,0.8,,,,1.0,1.0
xgboost,0.033820549647013344,0.006797924202583029,0.018971045811971027,0.0014207213602248137,,"{'model__colsample_bytree': 1.0, 'model__learning_rate': 0.1, 'model__max_depth': 4, 'model__n_estimators': 100, 'model__scale_pos_weight': 1.0, 'model__subsample': 1.0}",0.7291666666666667,0.5809523809523809,0.7187500000000001,0.6762896825396826,0.0675476500532387,56,0.542156862745098,0.4070659032843907,0.48273809523809524,0.47732028708919466,0.055283549788686916,52,0.6818181818181818,0.6818181818181818,0.6363636363636364,0.6666666666666666,0.021427478217774146,18,0.5208333333333334,0.5761904761904761,0.4895833333333333,0.5288690476190475,0.035810881274929186,37,0.3333333333333333,0.5,0.25,0.3611111111111111,0.10393492741038726,37,0.16666666666666666,0.2857142857142857,0.16666666666666666,0.2063492063492063,0.05611958580845615,39,0.2222222222222222,0.36363636363636365,0.2,0.26195286195286194,0.07247117898901823,40,0.05407380704358752,0.18401748249129446,-0.024056261216234408,0.07134500943954919,0.08581915687175487,41,0.04938271604938271,0.17204301075268824,-0.023255813953488413,0.06605663761619418,0.08059744610600518,37,-0.7819299101829529,-1.1421465873718262,-0.8167625665664673,-0.9136130213737488,0.1622221143546325,45,-0.23195166885852814,-0.295758455991745,-0.2439030259847641,-0.2572043836116791,0.027695018891553153,44,"{""model__colsample_bytree"": 1.0, ""model__learning_rate"": 0.1, ""model__max_depth"": 4, ""model__n_estimators"": 100, ""model__scale_pos_weight"": 1.0, ""model__subsample"": 1.0}",,,,,,,4,,,0.1,100.0,1.0,,,,1.0,1.0
xgboost,0.03641661008199056,0.006374792847004149,0.01519163449605306,0.001372933787409248,,"{'model__colsample_bytree': 1.0, 'model__learning_rate': 0.1, 'model__max_depth': 4, 'model__n_estimators': 100, 'model__scale_pos_weight': 2.977272727272727, 'model__subsample': 0.8}",0.7395833333333333,0.6190476190476191,0.7395833333333333,0.6994047619047619,0.05682108063106181,29,0.548015873015873,0.40963718820861683,0.47440476190476183,0.4773526077097505,0.05653130370814608,51,0.6818181818181818,0.5909090909090909,0.6818181818181818,0.6515151515151515,0.0428549564355483,41,0.5208333333333334,0.5095238095238095,0.5729166666666666,0.5344246031746032,0.027606829422050998,34,0.3333333333333333,0.3333333333333333,0.4,0.35555555555555557,0.03142696805273547,39,0.16666666666666666,0.2857142857142857,0.3333333333333333,0.26190476190476186,0.07009334020895115,25,0.2222222222222222,0.3076923076923077,0.36363636363636365,0.2978502978502979,0.05815002846816364,31,0.05407380704358752,0.019920476822239894,0.15498260496951669,0.07632562961178137,0.05733993559246842,34,0.04938271604938271,0.01980198019801982,0.15384615384615397,0.07434361669785217,0.057499246621962256,35,-0.8508138656616211,-1.1277365684509277,-0.8354963064193726,-0.9380155801773071,0.13429866454765269,50,-0.2533916234970093,-0.30511072278022766,-0.248297780752182,-0.26893337567647296,0.025665633846013076,55,"{""model__colsample_bytree"": 1.0, ""model__learning_rate"": 0.1, ""model__max_depth"": 4, ""model__n_estimators"": 100, ""model__scale_pos_weight"": 2.977272727272727, ""model__subsample"": 0.8}",,,,,,,4,,,0.1,100.0,0.8,,,,1.0,2.977272727272727
xgboost,0.03209455808003744,0.005057379148292781,0.015464305877685547,0.003621843219283931,,"{'model__colsample_bytree': 1.0, 'model__learning_rate': 0.1, 'model__max_depth': 4, 'model__n_estimators': 100, 'model__scale_pos_weight': 2.977272727272727, 'model__subsample': 1.0}",0.7395833333333333,0.5904761904761904,0.7291666666666667,0.68640873015873,0.06796771715830813,43,0.5474358974358974,0.4114751163623344,0.4994047619047619,0.48610525856766457,0.056296779595837315,44,0.6363636363636364,0.5909090909090909,0.6818181818181818,0.6363636363636364,0.03711348095126024,59,0.4895833333333333,0.5095238095238095,0.5729166666666666,0.5240079365079365,0.03552889492587075,46,0.25,0.3333333333333333,0.4,0.3277777777777778,0.06136311676215146,47,0.16666666666666666,0.2857142857142857,0.3333333333333333,0.26190476190476186,0.07009334020895115,25,0.2,0.3076923076923077,0.36363636363636365,0.29044289044289046,0.06790862327479198,33,-0.024056261216234408,0.019920476822239894,0.15498260496951669,0.05028227352517406,0.07618008456082884,46,-0.023255813953488413,0.01980198019801982,0.15384615384615397,0.05013077336356179,0.0754150892098085,46,-0.8303009271621704,-1.1921284198760986,-0.8178905844688416,-0.9467733105023702,0.17356622448561654,52,-0.25466954708099365,-0.31251490116119385,-0.23747166991233826,-0.2682187060515086,0.03209939169385736,54,"{""model__colsample_bytree"": 1.0, ""model__learning_rate"": 0.1, ""model__max_depth"": 4, ""model__n_estimators"": 100, ""model__scale_pos_weight"": 2.977272727272727, ""model__subsample"": 1.0}",,,,,,,4,,,0.1,100.0,1.0,,,,1.0,2.977272727272727
xgboost,0.06229933102925619,0.005473730570047769,0.010192632675170898,0.00072498109939803,,"{'model__colsample_bytree': 1.0, 'model__learning_rate': 0.1, 'model__max_depth': 4, 'model__n_estimators': 250, 'model__scale_pos_weight': 1.0, 'model__subsample': 0.8}",0.8020833333333334,0.6095238095238096,0.78125,0.730952380952381,0.08628317879259431,3,0.5929945054945055,0.4334138918725385,0.5277777777777778,0.5180620583816072,0.06550974209245382,14,0.6818181818181818,0.6818181818181818,0.6818181818181818,0.6818181818181818,0.0,4,0.5208333333333334,0.5761904761904761,0.5729166666666666,0.5566468253968253,0.02535920763136341,20,0.3333333333333333,0.5,0.4,0.41111111111111115,0.06849348892187752,8,0.16666666666666666,0.2857142857142857,0.3333333333333333,0.26190476190476186,0.07009334020895115,25,0.2222222222222222,0.36363636363636365,0.36363636363636365,0.3164983164983165,0.06666326556640853,24,0.05407380704358752,0.18401748249129446,0.15498260496951669,0.13102463150146623,0.055688586902144836,21,0.04938271604938271,0.17204301075268824,0.15384615384615397,0.12509062688274164,0.054046567713303746,20,-1.0346013307571411,-1.409162163734436,-0.9815565347671509,-1.1417733430862427,0.19030856286765574,57,-0.2732124626636505,-0.29182466864585876,-0.24463939666748047,-0.2698921759923299,0.019405853079302215,56,"{""model__colsample_bytree"": 1.0, ""model__learning_rate"": 0.1, ""model__max_depth"": 4, ""model__n_estimators"": 250, ""model__scale_pos_weight"": 1.0, ""model__subsample"": 0.8}",,,,,,,4,,,0.1,250.0,0.8,,,,1.0,1.0
xgboost,0.07373364766438802,0.010528251713659025,0.015754302342732746,0.004962743296469798,,"{'model__colsample_bytree': 1.0, 'model__learning_rate': 0.1, 'model__max_depth': 4, 'model__n_estimators': 250, 'model__scale_pos_weight': 1.0, 'model__subsample': 1.0}",0.75,0.5999999999999999,0.7395833333333334,0.6965277777777777,0.06838779446727884,34,0.5716269841269841,0.4199015638644122,0.5020363408521303,0.49785496294784215,0.06201216939358149,30,0.6363636363636364,0.6818181818181818,0.6818181818181818,0.6666666666666666,0.02142747821777415,18,0.4895833333333333,0.5761904761904761,0.5729166666666666,0.5462301587301587,0.04007764612061078,29,0.25,0.5,0.4,0.3833333333333333,0.10274023338281628,32,0.16666666666666666,0.2857142857142857,0.3333333333333333,0.26190476190476186,0.07009334020895115,25,0.2,0.36363636363636365,0.36363636363636365,0.30909090909090914,0.07713892158398701,28,-0.024056261216234408,0.18401748249129446,0.15498260496951669,0.10498127541485891,0.09201003721711279,30,-0.023255813953488413,0.17204301075268824,0.15384615384615397,0.10087778354845127,0.08808951478240527,29,-1.0466996431350708,-1.432862401008606,-1.0150887966156006,-1.1648836135864258,0.18992855548971724,58,-0.2742505967617035,-0.2987399697303772,-0.2520604133605957,-0.27501699328422546,0.01906455294418068,58,"{""model__colsample_bytree"": 1.0, ""model__learning_rate"": 0.1, ""model__max_depth"": 4, ""model__n_estimators"": 250, ""model__scale_pos_weight"": 1.0, ""model__subsample"": 1.0}",,,,,,,4,,,0.1,250.0,1.0,,,,1.0,1.0
xgboost,0.07143839200337727,0.00257386716093802,0.016199588775634766,0.004171441643135682,,"{'model__colsample_bytree': 1.0, 'model__learning_rate': 0.1, 'model__max_depth': 4, 'model__n_estimators': 250, 'model__scale_pos_weight': 2.977272727272727, 'model__subsample': 0.8}",0.7708333333333334,0.6190476190476191,0.75,0.7132936507936508,0.067182551402131,14,0.5836640211640212,0.41481926103774847,0.48366402116402113,0.4940491011219303,0.06932063507029618,35,0.6818181818181818,0.5909090909090909,0.6818181818181818,0.6515151515151515,0.0428549564355483,41,0.5208333333333334,0.5095238095238095,0.5729166666666666,0.5344246031746032,0.027606829422050998,34,0.3333333333333333,0.3333333333333333,0.4,0.35555555555555557,0.03142696805273547,39,0.16666666666666666,0.2857142857142857,0.3333333333333333,0.26190476190476186,0.07009334020895115,25,0.2222222222222222,0.3076923076923077,0.36363636363636365,0.2978502978502979,0.05815002846816364,31,0.05407380704358752,0.019920476822239894,0.15498260496951669,0.07632562961178137,0.05733993559246842,34,0.04938271604938271,0.01980198019801982,0.15384615384615397,0.07434361669785217,0.057499246621962256,35,-1.0817328691482544,-1.4854133129119873,-1.0496914386749268,-1.2056125402450562,0.19828097505888462,61,-0.2717989385128021,-0.3174961805343628,-0.25278469920158386,-0.28069327274958294,0.02715665468115599,61,"{""model__colsample_bytree"": 1.0, ""model__learning_rate"": 0.1, ""model__max_depth"": 4, ""model__n_estimators"": 250, ""model__scale_pos_weight"": 2.977272727272727, ""model__subsample"": 0.8}",,,,,,,4,,,0.1,250.0,0.8,,,,1.0,2.977272727272727
xgboost,0.06474240620930989,0.0038103511725747076,0.009511391321818033,0.00014851191766467902,,"{'model__colsample_bytree': 1.0, 'model__learning_rate': 0.1, 'model__max_depth': 4, 'model__n_estimators': 250, 'model__scale_pos_weight': 2.977272727272727, 'model__subsample': 1.0}",0.7604166666666666,0.6,0.7708333333333334,0.7104166666666667,0.07819210081350693,17,0.5669973544973544,0.4118480725623583,0.5044973544973544,0.49444759385235565,0.06373681922825328,34,0.6363636363636364,0.6363636363636364,0.6818181818181818,0.6515151515151515,0.021427478217774146,41,0.4895833333333333,0.5428571428571429,0.5729166666666666,0.5351190476190476,0.034457894108089714,33,0.25,0.4,0.4,0.35000000000000003,0.07071067811865477,45,0.16666666666666666,0.2857142857142857,0.3333333333333333,0.26190476190476186,0.07009334020895115,25,0.2,0.3333333333333333,0.36363636363636365,0.298989898989899,0.07108126095256234,30,-0.024056261216234408,0.09526610232449337,0.15498260496951669,0.07539748202592521,0.07443028261711908,40,-0.023255813953488413,0.09278350515463918,0.15384615384615397,0.07445794834910158,0.0734535965709015,34,-1.0761439800262451,-1.509618878364563,-1.0509909391403198,-1.2122512658437092,0.2105212445316255,63,-0.296852707862854,-0.3170240521430969,-0.2558779716491699,-0.2899182438850403,0.025439809786201195,64,"{""model__colsample_bytree"": 1.0, ""model__learning_rate"": 0.1, ""model__max_depth"": 4, ""model__n_estimators"": 250, ""model__scale_pos_weight"": 2.977272727272727, ""model__subsample"": 1.0}",,,,,,,4,,,0.1,250.0,1.0,,,,1.0,2.977272727272727
