configuration_id,model,target_transform,parameters,successful_folds,mean_rmsle,std_rmsle,mean_mae,std_mae,mean_rmse,mean_smape,mean_forecast_bias,elapsed_seconds,status,error
1,dummy_mean,raw,{},3,0.8523860325217091,0.01147917928612672,60.192633995271855,1.5610225437949592,80.23574494319006,0.6518603512868695,-44.30258266838597,0.011681457981467247,success,
2,dummy_median,raw,{},3,0.9222744803474221,0.010859360030589701,65.07575757575758,1.4611592062110577,86.20839121265188,0.725754769940897,-54.378787878787875,0.0025059578474611044,success,
3,ridge,raw,"{""alpha"": 0.01}",3,0.670777867173525,0.08085036217876213,46.86227291556002,7.090266716983867,63.79188523751849,0.5102178142688439,-32.61798155523194,0.009585625026375055,success,
4,ridge,raw,"{""alpha"": 0.1}",3,0.6707309240178297,0.08082386818451663,46.85963825200914,7.089392688986267,63.78908341735419,0.5101725778198055,-32.616503838967965,0.006016416009515524,success,
5,ridge,raw,"{""alpha"": 1.0}",3,0.6702693721438914,0.08056413711838087,46.83370627529473,7.080747816293916,63.76163893497761,0.5097253605914188,-32.60174991533313,0.005969458958134055,success,
6,ridge,raw,"{""alpha"": 10.0}",3,0.6663216491156148,0.07840051979425036,46.60938373794131,7.002270982570746,63.53484227076989,0.5057047097141839,-32.45951890017545,0.005920707946643233,success,
7,ridge,raw,"{""alpha"": 100.0}",3,0.6519579539206545,0.07065400167158768,45.71964720510939,6.531022957683315,62.941126454257756,0.48619879968892793,-31.738349308932822,0.006183458026498556,success,
8,ridge,raw,"{""alpha"": 1000.0}",3,0.6718279492675202,0.05362814016279325,47.656864917773326,5.073844032607317,65.77137619540109,0.5046623677404546,-33.420748810561555,0.005987708922475576,success,
9,ridge,log1p,"{""alpha"": 0.01}",3,0.7339266848072993,0.20789482760392464,67.47561006630626,38.73029517738443,134.7995262462843,0.5453399748524556,-14.658185135908477,0.006962290965020657,success,
10,ridge,log1p,"{""alpha"": 0.1}",3,0.733813189482118,0.2078136214618833,67.43974750244314,38.683594073817844,134.64963937326814,0.545311242605874,-14.69411464703868,0.007241792045533657,success,
11,ridge,log1p,"{""alpha"": 1.0}",3,0.7327096086738277,0.20702153497069578,67.09288909739386,38.23148748751938,133.20210255752747,0.5450289174794234,-15.041601100386382,0.007303999969735742,success,
12,ridge,log1p,"{""alpha"": 10.0}",3,0.7241002639218075,0.20064323863042222,64.49836198099884,34.8125289471153,122.50301057399084,0.5426591197344149,-17.645046359842425,0.0071910410188138485,success,
13,ridge,log1p,"{""alpha"": 100.0}",3,0.7013276313286424,0.176430311917677,58.13387973705497,24.901549495738344,96.69292884697786,0.5373604378721419,-24.91557207770016,0.006966499844565988,success,
14,ridge,log1p,"{""alpha"": 1000.0}",3,0.7252657538130075,0.10925116278497336,55.27889177529013,10.038224333430506,76.15973908231537,0.583569934370176,-40.99525161990402,0.0070089169312268496,success,
15,elastic_net,raw,"{""alpha"": 0.001, ""l1_ratio"": 0.1}",3,0.6705181797487035,0.08071399089751381,46.84763649725039,7.085941020193457,63.77631573764378,0.5099663613828236,-32.60959763039681,0.04518462507985532,success,
16,elastic_net,raw,"{""alpha"": 0.001, ""l1_ratio"": 0.5}",3,0.6706188975533287,0.08076732961240238,46.85340441174793,7.087767487682079,63.78249271803926,0.5100640925076537,-32.612733962825736,0.05517524993047118,success,
17,elastic_net,raw,"{""alpha"": 0.001, ""l1_ratio"": 0.9}",3,0.6707218864045567,0.08082083032040381,46.85929539758618,7.089576215880891,63.78883240066386,0.5101631582840978,-32.615804071466705,0.09911404200829566,success,
18,elastic_net,raw,"{""alpha"": 0.01, ""l1_ratio"": 0.1}",3,0.6683241446682958,0.07957192230135392,46.723382527357074,7.047753209402504,63.64735576155118,0.5077853861735112,-32.5339387753886,0.009195833001285791,success,
19,elastic_net,raw,"{""alpha"": 0.01, ""l1_ratio"": 0.5}",3,0.6692116340754355,0.08003544934990961,46.77449706060776,7.064845506926177,63.70011332466559,0.5086811183834604,-32.56455647441502,0.010004166048020124,success,
20,elastic_net,raw,"{""alpha"": 0.01, ""l1_ratio"": 0.9}",3,0.6701792461381713,0.08053241976947509,46.83017275639002,7.082470070535681,63.75903215207021,0.5096299785745985,-32.59469864199262,0.013735542073845863,success,
21,elastic_net,raw,"{""alpha"": 0.1, ""l1_ratio"": 0.1}",3,0.656506333732776,0.07362567765102651,46.01518921679079,6.757833192984576,63.05858707353669,0.49349234438203854,-31.991585447528934,0.006363417021930218,success,
22,elastic_net,raw,"{""alpha"": 0.1, ""l1_ratio"": 0.5}",3,0.6599017774670911,0.07525546803915828,46.22371567335633,6.868050881652996,63.19761771265113,0.4981075977905683,-32.151159945043084,0.00647679204121232,success,
23,elastic_net,raw,"{""alpha"": 0.1, ""l1_ratio"": 0.9}",3,0.6654465155975463,0.0780115594181071,46.56433703809424,7.01085541589648,63.49956167322943,0.5046533384781099,-32.38549822515482,0.0068247499875724316,success,
24,elastic_net,raw,"{""alpha"": 1.0, ""l1_ratio"": 0.1}",3,0.6564385799289313,0.059886777788127114,46.320128880377275,5.686155100334011,64.21281426566414,0.4892259270888126,-32.20280198695892,0.006097750039771199,success,
25,elastic_net,raw,"{""alpha"": 1.0, ""l1_ratio"": 0.5}",3,0.6485869074185125,0.06396204761508503,45.57019108245263,6.09165028921515,63.288968017922805,0.48015729202650737,-31.555751861682726,0.006185458041727543,success,
26,elastic_net,raw,"{""alpha"": 1.0, ""l1_ratio"": 0.9}",3,0.6460181489126544,0.06888775285000737,45.13060906136145,6.435841463142505,62.400959937937536,0.47818156065986916,-31.066818531762653,0.006204916164278984,success,
27,elastic_net,log1p,"{""alpha"": 0.001, ""l1_ratio"": 0.1}",3,0.7331363373281629,0.20742973636333664,67.26553655739808,38.4567325567518,133.93616114934846,0.5450637150095489,-14.856059830091178,0.014515167102217674,success,
28,elastic_net,log1p,"{""alpha"": 0.001, ""l1_ratio"": 0.5}",3,0.7327516484843858,0.20738364490413513,67.30039353733905,38.43722754133824,134.0899517005307,0.544661104291776,-14.741805636382223,0.007960041984915733,success,
29,elastic_net,log1p,"{""alpha"": 0.001, ""l1_ratio"": 0.9}",3,0.7323622015575088,0.20735487008553213,67.33594496864953,38.42313355986141,134.25650936092532,0.5442279565851054,-14.621773247136575,0.007552833063527942,success,
30,elastic_net,log1p,"{""alpha"": 0.01, ""l1_ratio"": 0.1}",3,0.7270322174987071,0.20338375566240285,65.65019767097536,36.23344966955466,127.261941868571,0.5429469703725759,-16.374279995495293,0.0077102091163396835,success,
31,elastic_net,log1p,"{""alpha"": 0.01, ""l1_ratio"": 0.5}",3,0.7237976679017873,0.20225501066722332,65.83356363788474,35.991063678524235,128.43466441281473,0.5388920882915114,-15.441009241595063,0.007413415936753154,success,
32,elastic_net,log1p,"{""alpha"": 0.01, ""l1_ratio"": 0.9}",3,0.7219644294393249,0.19791248750759646,65.41323001462634,35.05647337614924,127.32892277041519,0.5360058714707527,-15.531654392021869,0.007305625127628446,success,
33,elastic_net,log1p,"{""alpha"": 0.1, ""l1_ratio"": 0.1}",3,0.7045761978743839,0.1752366213511501,59.072373626355066,25.64428071844916,100.70190663419163,0.5358504748649653,-23.534570611913978,0.007193499943241477,success,
34,elastic_net,log1p,"{""alpha"": 0.1, ""l1_ratio"": 0.5}",3,0.7131034010219938,0.16083970987308419,59.185210154570846,22.521872404276884,99.03779467314143,0.5475536838684362,-27.04673486584198,0.00711833406239748,success,
35,elastic_net,log1p,"{""alpha"": 0.1, ""l1_ratio"": 0.9}",3,0.7270236405321966,0.1438850231683639,59.41366334312027,18.2289575260278,94.53865929094142,0.566783529131671,-31.52082507357159,0.007131875026971102,success,
36,elastic_net,log1p,"{""alpha"": 1.0, ""l1_ratio"": 0.1}",3,0.752827985691864,0.08955876305032491,57.32039409866931,7.595113059533886,77.35074087389582,0.612874483250208,-45.10299832950319,0.006981040816754103,success,
37,elastic_net,log1p,"{""alpha"": 1.0, ""l1_ratio"": 0.5}",3,1.001361578893843,0.016302394625606,69.37657676349856,2.1934310481328843,90.98334182159117,0.7980018401428017,-61.6679599169615,0.006915166974067688,success,
38,elastic_net,log1p,"{""alpha"": 1.0, ""l1_ratio"": 0.9}",3,1.001361578893843,0.016302394625606,69.37657676349856,2.1934310481328843,90.98334182159117,0.7980018401428017,-61.6679599169615,0.006833416875451803,success,
39,poisson_regression,raw,"{""alpha"": 0.0}",3,0.733678324512943,0.0920428681587852,53.83743020283466,12.17061880194379,76.65678168166426,0.5422106742717737,-31.059016104095956,0.12143316701985896,success,
40,poisson_regression,raw,"{""alpha"": 0.01}",3,0.7336382922033451,0.0920165146623524,53.831274095416084,12.163982265085629,76.64142843966168,0.5421829406752968,-31.064480136504717,0.16430145921185613,success,
41,poisson_regression,raw,"{""alpha"": 0.1}",3,0.7332828272764536,0.09178308656619166,53.776749732738494,12.105285353515434,76.50601225946713,0.5419353870709375,-31.112640611611756,0.11523487488739192,success,
42,poisson_regression,raw,"{""alpha"": 1.0}",3,0.7301608764126076,0.08973827374633478,53.30760145736149,11.601074998040513,75.37962547476171,0.5396718560242874,-31.51262277840863,0.057361249811947346,success,
43,poisson_regression,raw,"{""alpha"": 10.0}",3,0.7155104624631948,0.08067117279152174,51.549553195479255,9.571438377298609,71.59291737827326,0.5316633811813075,-32.63441361237379,0.06467650015838444,success,
44,knn,raw,"{""n_neighbors"": 3, ""p"": 1, ""weights"": ""uniform""}",3,0.5519858597448408,0.16764040081728415,40.44444444444445,6.023681710791431,59.51713740999927,0.4043846699621856,-25.474747474747478,0.01979316701181233,success,
45,knn,raw,"{""n_neighbors"": 3, ""p"": 1, ""weights"": ""distance""}",3,0.5676766368197403,0.18299419431093644,40.85032686117494,5.5615864546144405,60.02676033991198,0.4095236662938309,-25.367778871057187,0.01228445814922452,success,
46,knn,raw,"{""n_neighbors"": 3, ""p"": 2, ""weights"": ""uniform""}",3,0.5668646776766569,0.15491930011826363,41.11616161616161,7.0636021301858385,61.41720783041265,0.4120137794696796,-27.691919191919187,0.012563208118081093,success,
47,knn,raw,"{""n_neighbors"": 3, ""p"": 2, ""weights"": ""distance""}",3,0.583899875307615,0.16940197100914722,41.604200268140765,7.0181907410606605,61.70186477608073,0.41918983501379525,-27.223326427393477,0.014613917097449303,success,
48,knn,raw,"{""n_neighbors"": 5, ""p"": 1, ""weights"": ""uniform""}",3,0.5590407232307719,0.11704664225082943,41.14242424242425,5.484835091227574,60.46315008307419,0.4176517822344113,-28.22727272727273,0.014815791044384241,success,
49,knn,raw,"{""n_neighbors"": 5, ""p"": 1, ""weights"": ""distance""}",3,0.5731775013169974,0.14681725206172647,41.50197604289293,5.194732360106662,60.70788057519696,0.42207120730359304,-27.658352255400445,0.011287916917353868,success,
50,knn,raw,"{""n_neighbors"": 5, ""p"": 2, ""weights"": ""uniform""}",3,0.5530118698956602,0.1383523968701688,41.71818181818182,4.248198451419694,61.30503475477132,0.4136573122274853,-27.663636363636368,0.008582625072449446,success,
51,knn,raw,"{""n_neighbors"": 5, ""p"": 2, ""weights"": ""distance""}",3,0.5696128052850125,0.15598081366628871,42.00520427615617,4.501196787867785,61.48591058897375,0.4200761562053304,-27.221099283227975,0.014607874909415841,success,
52,knn,raw,"{""n_neighbors"": 7, ""p"": 1, ""weights"": ""uniform""}",3,0.5630629597049189,0.1180380450071424,42.03896103896104,4.966836382772222,61.621246567724675,0.43476882177457427,-28.675324675324674,0.009206665912643075,success,
53,knn,raw,"{""n_neighbors"": 7, ""p"": 1, ""weights"": ""distance""}",3,0.5749250172035717,0.14521778010297512,42.22937209624412,4.840703731515346,61.55933863275425,0.4387098726320347,-28.085595520252763,0.01456516608595848,success,
54,knn,raw,"{""n_neighbors"": 7, ""p"": 2, ""weights"": ""uniform""}",3,0.5616084174462639,0.11823966896455346,42.08658008658009,4.101513432386734,61.47446997154422,0.42624850201685405,-29.09090909090909,0.008702249964699149,success,
55,knn,raw,"{""n_neighbors"": 7, ""p"": 2, ""weights"": ""distance""}",3,0.5743049035304194,0.13839347906221675,42.37244856980618,4.324749802506629,61.666763054303864,0.4320444344870585,-28.581075352288632,0.015030083013698459,success,
56,knn,raw,"{""n_neighbors"": 11, ""p"": 1, ""weights"": ""uniform""}",3,0.5652793287042743,0.1274246563164299,42.239669421487605,5.36363477186748,61.16192993331186,0.43937440073712875,-29.29201101928375,0.008800167124718428,success,
57,knn,raw,"{""n_neighbors"": 11, ""p"": 1, ""weights"": ""distance""}",3,0.5708487536605326,0.14877776441306553,42.02352388552395,5.632301293579323,60.99540101463453,0.438833769529733,-28.615029959414954,0.015476957894861698,success,
58,knn,raw,"{""n_neighbors"": 11, ""p"": 2, ""weights"": ""uniform""}",3,0.5865038731971909,0.10429495574909994,43.009641873278234,3.4489216683424297,61.52423768921191,0.4511041387022201,-29.384297520661153,0.014686083886772394,success,
59,knn,raw,"{""n_neighbors"": 11, ""p"": 2, ""weights"": ""distance""}",3,0.5921073446170717,0.11858777283980446,42.916655317168875,3.981970485911566,61.55242407719982,0.45109552706835515,-28.925289754932212,0.009899166878312826,success,
60,knn,raw,"{""n_neighbors"": 15, ""p"": 1, ""weights"": ""uniform""}",3,0.5697169900298934,0.13001174007459448,42.696969696969695,4.934256484247812,61.023379454127024,0.4470644001276937,-30.01818181818182,0.015402582939714193,success,
61,knn,raw,"{""n_neighbors"": 15, ""p"": 1, ""weights"": ""distance""}",3,0.5719391895088762,0.14774467837448504,42.31820026448815,5.2518211114803055,60.807171739039035,0.4434640102822885,-29.33365122611312,0.0087999168317765,success,
62,knn,raw,"{""n_neighbors"": 15, ""p"": 2, ""weights"": ""uniform""}",3,0.5903199005813003,0.11027587091152131,43.611111111111114,3.7956360971921326,61.88805818805145,0.46242615914662816,-30.00505050505051,0.01642504194751382,success,
63,knn,raw,"{""n_neighbors"": 15, ""p"": 2, ""weights"": ""distance""}",3,0.5912077212233237,0.11916573900045882,43.27622267665149,3.979198792412788,61.72366034337486,0.4581958131794864,-29.542792020621178,0.011656749993562698,success,
64,knn,log1p,"{""n_neighbors"": 3, ""p"": 1, ""weights"": ""uniform""}",3,0.5704118550865692,0.14828522047324202,41.97020450649806,6.11854055770015,61.073608380350585,0.4271539327940051,-29.99971327039479,0.01389291719533503,success,
65,knn,log1p,"{""n_neighbors"": 3, ""p"": 1, ""weights"": ""distance""}",3,0.585986907022564,0.16432528168172014,42.35058008187662,5.414027761801833,61.58474295927459,0.4332581734201258,-29.840413201595172,0.009030999848619103,success,
66,knn,log1p,"{""n_neighbors"": 3, ""p"": 2, ""weights"": ""uniform""}",3,0.5745072723403614,0.144904054070906,42.15467434077109,7.0204527345355405,62.50376061657523,0.42359628328919,-30.988202634942258,0.008863833965733647,success,
67,knn,log1p,"{""n_neighbors"": 3, ""p"": 2, ""weights"": ""distance""}",3,0.5916820059525528,0.15949686862875317,42.605987401861015,6.946157016612451,62.70951053152563,0.4318754611588445,-30.55003721183623,0.008897500112652779,success,
68,knn,log1p,"{""n_neighbors"": 5, ""p"": 1, ""weights"": ""uniform""}",3,0.5891400614508481,0.09464278446361572,42.59285115876406,6.032409766370528,62.610096848854006,0.43435867354697405,-32.63773425974011,0.009067374980077147,success,
69,knn,log1p,"{""n_neighbors"": 5, ""p"": 1, ""weights"": ""distance""}",3,0.6012036350974109,0.11875550657870078,42.76352494284537,5.588580850332107,62.806381991832886,0.4376971216595335,-32.16656774018355,0.00914762495085597,success,
70,knn,log1p,"{""n_neighbors"": 5, ""p"": 2, ""weights"": ""uniform""}",3,0.5672956470770769,0.12515813101233986,43.058844713853894,4.175476130310624,63.19262483082641,0.4275997148010144,-31.892475005679035,0.008893250022083521,success,
71,knn,log1p,"{""n_neighbors"": 5, ""p"": 2, ""weights"": ""distance""}",3,0.5808345119347654,0.1413745273387636,43.15682672728018,4.4206685647468955,63.257240032404354,0.43297939118921724,-31.505066669924958,0.008970208931714296,success,
72,knn,log1p,"{""n_neighbors"": 7, ""p"": 1, ""weights"": ""uniform""}",3,0.5856954844876413,0.08289459655672997,43.39455726537815,5.3484008416009505,64.40113726133916,0.4386068421623461,-33.358030686324305,0.008999499958008528,success,
73,knn,log1p,"{""n_neighbors"": 7, ""p"": 1, ""weights"": ""distance""}",3,0.5948756466338541,0.10394848170351963,43.41551863170679,4.972033198809954,64.21117412423212,0.44311902172130724,-32.869543356529924,0.009042457910254598,success,
74,knn,log1p,"{""n_neighbors"": 7, ""p"": 2, ""weights"": ""uniform""}",3,0.5803847685731227,0.1052158164458486,44.053722934522135,3.346360937652552,64.4765052063633,0.44314858872414226,-33.786069924663,0.008928917115554214,success,
75,knn,log1p,"{""n_neighbors"": 7, ""p"": 2, ""weights"": ""distance""}",3,0.5877943045838984,0.12235148904059105,44.046195258421285,3.6021072656845217,64.43513903752756,0.4463166448284175,-33.32710725934924,0.009026625193655491,success,
76,knn,log1p,"{""n_neighbors"": 11, ""p"": 1, ""weights"": ""uniform""}",3,0.584303847360813,0.10340492563659064,43.57481633364708,4.83651696620739,64.11962415246497,0.4426554242310361,-34.484475678402895,0.009070708882063627,success,
77,knn,log1p,"{""n_neighbors"": 11, ""p"": 1, ""weights"": ""distance""}",3,0.5878366382142515,0.12099376215566143,43.468804468048766,4.83079646588307,63.82225237861821,0.4435118115862442,-33.862949802552855,0.009029124863445759,success,
78,knn,log1p,"{""n_neighbors"": 11, ""p"": 2, ""weights"": ""uniform""}",3,0.5947362576610941,0.09112701291894798,44.482444734491885,4.014314714801426,64.36420179776987,0.4574705326783217,-34.51141395510805,0.008981167105957866,success,
79,knn,log1p,"{""n_neighbors"": 11, ""p"": 2, ""weights"": ""distance""}",3,0.5976803432906789,0.10641508608944968,44.42109422389757,4.142484395355406,64.26131081279613,0.45898093689813996,-34.052615484268706,0.009045249782502651,success,
80,knn,log1p,"{""n_neighbors"": 15, ""p"": 1, ""weights"": ""uniform""}",3,0.5898049028797835,0.11504749007040226,44.23577065782509,4.86707228870019,64.00985361653007,0.45538718426236185,-35.254602889970286,0.009020458906888962,success,
81,knn,log1p,"{""n_neighbors"": 15, ""p"": 1, ""weights"": ""distance""}",3,0.5909793484943594,0.1276109068977815,43.97273519797327,4.913827381234761,63.72665281055642,0.453587559312566,-34.62896507588229,0.009181875037029386,success,
82,knn,log1p,"{""n_neighbors"": 15, ""p"": 2, ""weights"": ""uniform""}",3,0.6047725275808574,0.10247704707340721,45.51662760429979,4.052843825988249,64.91469118157325,0.471639594242468,-35.620218676199414,0.009020457975566387,success,
83,knn,log1p,"{""n_neighbors"": 15, ""p"": 2, ""weights"": ""distance""}",3,0.6042953781939605,0.11045038870482285,45.13853014742421,4.106817181280781,64.64541069079904,0.4682683403517913,-35.085292989371645,0.009012750117108226,success,
84,decision_tree,raw,"{""max_depth"": 2, ""max_features"": null, ""min_samples_leaf"": 5}",3,0.5888812464997569,0.07766153373708297,46.508517905734045,6.56601430081665,63.000094567491395,0.49167225873916953,-32.97252111727806,0.007005791878327727,success,
85,decision_tree,raw,"{""max_depth"": 2, ""max_features"": null, ""min_samples_leaf"": 10}",3,0.5888812464997569,0.07766153373708297,46.508517905734045,6.56601430081665,63.000094567491395,0.49167225873916953,-32.97252111727806,0.005219665821641684,success,
86,decision_tree,raw,"{""max_depth"": 2, ""max_features"": null, ""min_samples_leaf"": 20}",3,0.5888812464997569,0.07766153373708297,46.508517905734045,6.56601430081665,63.000094567491395,0.49167225873916953,-32.97252111727806,0.0051261670887470245,success,
87,decision_tree,raw,"{""max_depth"": 2, ""max_features"": ""sqrt"", ""min_samples_leaf"": 5}",3,0.7099795186618428,0.0845263729199651,52.46884336802936,5.317489670691869,72.05889583501296,0.5692274532118767,-39.89384346261998,0.004446833161637187,success,
88,decision_tree,raw,"{""max_depth"": 2, ""max_features"": ""sqrt"", ""min_samples_leaf"": 10}",3,0.7099795186618428,0.0845263729199651,52.46884336802936,5.317489670691869,72.05889583501296,0.5692274532118767,-39.89384346261998,0.004431790905073285,success,
89,decision_tree,raw,"{""max_depth"": 2, ""max_features"": ""sqrt"", ""min_samples_leaf"": 20}",3,0.7099795186618428,0.0845263729199651,52.46884336802936,5.317489670691869,72.05889583501296,0.5692274532118767,-39.89384346261998,0.004444083198904991,success,
90,decision_tree,raw,"{""max_depth"": 4, ""max_features"": null, ""min_samples_leaf"": 5}",3,0.595778586787933,0.09709168957231906,42.03526686158323,5.154250610014317,58.9652564026513,0.45624265684826604,-28.325137916433814,0.006141165969893336,success,
91,decision_tree,raw,"{""max_depth"": 4, ""max_features"": null, ""min_samples_leaf"": 10}",3,0.6167706176654876,0.0848316651621492,43.85973664684847,3.72573096814366,63.609677219025194,0.4672645265253968,-31.736212384894646,0.006100791972130537,success,
92,decision_tree,raw,"{""max_depth"": 4, ""max_features"": null, ""min_samples_leaf"": 20}",3,0.6121150451285589,0.08941963341806411,40.689181560326965,4.7754245732952345,57.03836290395949,0.4441840866640905,-25.282240258982892,0.006004540948197246,success,
93,decision_tree,raw,"{""max_depth"": 4, ""max_features"": ""sqrt"", ""min_samples_leaf"": 5}",3,0.609454187430869,0.10324777249582412,45.59310569019883,7.594899753261929,63.73123398725226,0.4882660870955456,-30.754492888399938,0.004753457847982645,success,
94,decision_tree,raw,"{""max_depth"": 4, ""max_features"": ""sqrt"", ""min_samples_leaf"": 10}",3,0.6260086167226916,0.10372493969305857,46.336112405941826,5.995755143184104,65.55931943360241,0.49406484716766896,-35.00288160895504,0.004734042100608349,success,
95,decision_tree,raw,"{""max_depth"": 4, ""max_features"": ""sqrt"", ""min_samples_leaf"": 20}",3,0.6278601460740161,0.1047585353139693,43.62526032988478,2.931771636594399,61.0017419352198,0.484745933089977,-31.55522038281244,0.004696165909990668,success,
96,decision_tree,raw,"{""max_depth"": 6, ""max_features"": null, ""min_samples_leaf"": 5}",3,0.7319142459687032,0.12194137038535613,48.57193579305175,5.355039926239374,66.76977191389325,0.5227282968633369,-24.80423341086094,0.007202374981716275,success,
97,decision_tree,raw,"{""max_depth"": 6, ""max_features"": null, ""min_samples_leaf"": 10}",3,0.6901004126322833,0.08832998119807257,46.32323549852333,6.505569532731796,65.97159139777581,0.5001853184621528,-31.47353920887294,0.007144792005419731,success,
98,decision_tree,raw,"{""max_depth"": 6, ""max_features"": null, ""min_samples_leaf"": 20}",3,0.6291015191214616,0.12538338328277032,41.07562081110248,5.060657365710843,57.449108102000714,0.4529075406292684,-24.561037515937894,0.006812207866460085,success,
99,decision_tree,raw,"{""max_depth"": 6, ""max_features"": ""sqrt"", ""min_samples_leaf"": 5}",3,0.64161884857646,0.1475153755690884,47.75334332921248,9.625886689807363,67.69949744934546,0.49863244284643243,-30.29452961046744,0.005205874796956778,success,
100,decision_tree,raw,"{""max_depth"": 6, ""max_features"": ""sqrt"", ""min_samples_leaf"": 10}",3,0.6015437767956109,0.11314955108276266,44.2902785103935,2.6683950026045538,62.28159774655881,0.4729950954514506,-29.7911738921072,0.004995875060558319,success,
101,decision_tree,raw,"{""max_depth"": 6, ""max_features"": ""sqrt"", ""min_samples_leaf"": 20}",3,0.6410161802276734,0.16577013739395838,43.29782345085289,8.556602573592968,59.771605201808406,0.48107356729671774,-28.523900723403457,0.004926958819851279,success,
102,decision_tree,raw,"{""max_depth"": null, ""max_features"": null, ""min_samples_leaf"": 5}",3,0.7693296841950485,0.11623823783884828,51.08878667628668,3.487681866840146,70.21180476401983,0.5518419834583739,-26.081824194324195,0.008126124972477555,success,
103,decision_tree,raw,"{""max_depth"": null, ""max_features"": null, ""min_samples_leaf"": 10}",3,0.7129211396213658,0.08709186503335853,47.892424300025276,5.102649087483438,67.79627375732147,0.5159629945710494,-30.161721197970497,0.007253749994561076,success,
104,decision_tree,raw,"{""max_depth"": null, ""max_features"": null, ""min_samples_leaf"": 20}",3,0.6309268128828496,0.12716165360279433,40.99431979589995,5.778636224513501,57.41575962904066,0.45198352866348684,-23.468049433013807,0.006588375195860863,success,
105,decision_tree,raw,"{""max_depth"": null, ""max_features"": ""sqrt"", ""min_samples_leaf"": 5}",3,0.612532248682199,0.11071258412211131,41.19488335738336,2.8281466499299093,57.663258641210916,0.4584405345608637,-31.107485569985567,0.00550774997100234,success,
106,decision_tree,raw,"{""max_depth"": null, ""max_features"": ""sqrt"", ""min_samples_leaf"": 10}",3,0.6694076605166952,0.17839617077500047,48.366188977105814,9.647587361727334,66.286142081183,0.5300890987374572,-32.469543419933935,0.005123875103890896,success,
107,decision_tree,raw,"{""max_depth"": null, ""max_features"": ""sqrt"", ""min_samples_leaf"": 20}",3,0.6436460182942793,0.1577178137150908,44.411233622938674,6.637452132972485,59.54450899662598,0.49886468938266953,-29.317718260570683,0.004914500052109361,success,
108,decision_tree,log1p,"{""max_depth"": 2, ""max_features"": null, ""min_samples_leaf"": 5}",3,0.6793618820341383,0.08130983809233322,51.415441385803184,3.5532333201246273,72.3523465807667,0.5320265752913775,-47.174051041247274,0.0059031660202890635,success,
109,decision_tree,log1p,"{""max_depth"": 2, ""max_features"": null, ""min_samples_leaf"": 10}",3,0.6793618820341383,0.08130983809233322,51.415441385803184,3.5532333201246273,72.3523465807667,0.5320265752913775,-47.174051041247274,0.005863624857738614,success,
110,decision_tree,log1p,"{""max_depth"": 2, ""max_features"": null, ""min_samples_leaf"": 20}",3,0.6702069629363399,0.07083365241423605,51.264225134009585,3.4205087952732978,72.09316992303901,0.5265796951463546,-46.99282620161759,0.005929416976869106,success,
111,decision_tree,log1p,"{""max_depth"": 2, ""max_features"": ""sqrt"", ""min_samples_leaf"": 5}",3,0.6633414078421073,0.10258707626570565,51.24068285503179,6.315515820434515,72.40327498443064,0.5333943209581892,-40.42663480722917,0.005201792111620307,success,
112,decision_tree,log1p,"{""max_depth"": 2, ""max_features"": ""sqrt"", ""min_samples_leaf"": 10}",3,0.6633414078421073,0.10258707626570565,51.24068285503179,6.315515820434515,72.40327498443064,0.5333943209581892,-40.42663480722917,0.005253417184576392,success,
113,decision_tree,log1p,"{""max_depth"": 2, ""max_features"": ""sqrt"", ""min_samples_leaf"": 20}",3,0.6627150187653768,0.10328078889207401,51.19140885215551,6.382173873138206,72.34327953391256,0.5328297352743023,-40.33794160205185,0.005193750141188502,success,
114,decision_tree,log1p,"{""max_depth"": 4, ""max_features"": null, ""min_samples_leaf"": 5}",3,0.6747171913148048,0.13995339728247877,46.77912804415428,6.439752122842236,64.49559179219905,0.5075960926704354,-37.78015253340401,0.006861082976683974,success,
115,decision_tree,log1p,"{""max_depth"": 4, ""max_features"": null, ""min_samples_leaf"": 10}",3,0.6526931356779575,0.11106245753450712,46.52930240573428,5.978421697915269,65.31871839920832,0.5077515622526038,-41.18687895815401,0.006945792119950056,success,
116,decision_tree,log1p,"{""max_depth"": 4, ""max_features"": null, ""min_samples_leaf"": 20}",3,0.6471984842914956,0.13290190395122542,46.06604728480042,6.019434876596795,65.00232957329366,0.49938441821850815,-39.976925803422354,0.0071572919841855764,success,
117,decision_tree,log1p,"{""max_depth"": 4, ""max_features"": ""sqrt"", ""min_samples_leaf"": 5}",3,0.6024363229910179,0.14514236725159885,43.1065231886738,6.094872476623666,63.14624492800644,0.4519017288926099,-34.1840173899485,0.005666375160217285,success,
118,decision_tree,log1p,"{""max_depth"": 4, ""max_features"": ""sqrt"", ""min_samples_leaf"": 10}",3,0.5805431565349034,0.11869208910047674,44.400151520204965,8.774012510983354,63.373133230391694,0.45583192966486524,-34.23044889454045,0.0055567920207977295,success,
119,decision_tree,log1p,"{""max_depth"": 4, ""max_features"": ""sqrt"", ""min_samples_leaf"": 20}",3,0.5704994472219148,0.14081473252437557,41.371327427943434,5.598806001926018,61.79542967746843,0.4318843713225,-32.615157287048,0.00547520793043077,success,
120,decision_tree,log1p,"{""max_depth"": 6, ""max_features"": null, ""min_samples_leaf"": 5}",3,0.6747933626877458,0.15518010310676905,46.62746617625002,8.329062230987514,64.19201972126002,0.5107235720042996,-35.846578784964606,0.007788207847625017,success,
121,decision_tree,log1p,"{""max_depth"": 6, ""max_features"": null, ""min_samples_leaf"": 10}",3,0.6353630564679285,0.11350721054096971,46.74507969587548,5.862901490489362,64.25963467650564,0.5109118101339116,-40.530636590228326,0.007693625055253506,success,
122,decision_tree,log1p,"{""max_depth"": 6, ""max_features"": null, ""min_samples_leaf"": 20}",3,0.658779822529295,0.13225379145488786,46.8244780136848,5.923890619304157,64.6940350104702,0.517524664125396,-40.3054613559572,0.0074330829083919525,success,
123,decision_tree,log1p,"{""max_depth"": 6, ""max_features"": ""sqrt"", ""min_samples_leaf"": 5}",3,0.6426565178183657,0.12573554897132533,45.4235541056745,5.1238354309548875,65.61406725396235,0.4822538510530277,-37.813530425435886,0.005886374972760677,success,
124,decision_tree,log1p,"{""max_depth"": 6, ""max_features"": ""sqrt"", ""min_samples_leaf"": 10}",3,0.6326749880383273,0.17242650290421854,45.17284496854233,9.174453082724504,64.42291003819935,0.4830861491134961,-31.585029585533267,0.005721541820093989,success,
125,decision_tree,log1p,"{""max_depth"": 6, ""max_features"": ""sqrt"", ""min_samples_leaf"": 20}",3,0.6910117440134432,0.15314853543435236,47.60207904322585,9.313630964662423,69.16403161454691,0.5172048327818947,-38.798332714133934,0.0058091250248253345,success,
126,decision_tree,log1p,"{""max_depth"": null, ""max_features"": null, ""min_samples_leaf"": 5}",3,0.6914302522004471,0.15528831836563356,48.230041567920125,8.887764274243592,65.29300180452967,0.5311866323650803,-35.19968156181871,0.009332792134955525,success,
127,decision_tree,log1p,"{""max_depth"": null, ""max_features"": null, ""min_samples_leaf"": 10}",3,0.6662545970346226,0.13977905978568225,47.936359597963495,5.362352908773873,65.62612106401689,0.5308563505323081,-40.25844869324683,0.008422583108767867,success,
128,decision_tree,log1p,"{""max_depth"": null, ""max_features"": null, ""min_samples_leaf"": 20}",3,0.6554403975007105,0.12627328490775586,46.470608896053335,5.473000447545239,64.30232270403573,0.5140875940656858,-40.11834636749767,0.0075973342172801495,success,
129,decision_tree,log1p,"{""max_depth"": null, ""max_features"": ""sqrt"", ""min_samples_leaf"": 5}",3,0.6924203946201559,0.22085219856280974,47.32639531808068,13.09401491524474,69.12319057405657,0.5003836710307324,-32.42047183293083,0.006241166032850742,success,
130,decision_tree,log1p,"{""max_depth"": null, ""max_features"": ""sqrt"", ""min_samples_leaf"": 10}",3,0.6406012169153681,0.1709414640289137,44.64833976316937,8.229993481918397,66.9219937642506,0.4752145438772258,-34.795717849238976,0.006024708040058613,success,
131,decision_tree,log1p,"{""max_depth"": null, ""max_features"": ""sqrt"", ""min_samples_leaf"": 20}",3,0.6659460805473132,0.1617636629832283,46.845256840794356,9.068335986715761,66.97469975166143,0.5085049627629273,-35.54569796855784,0.005763125140219927,success,
132,random_forest,raw,"{""max_depth"": 4, ""max_features"": ""sqrt"", ""min_samples_leaf"": 1}",3,0.549857134348298,0.08415301790685069,42.33444759223716,5.334678529983606,62.069589281479615,0.43550117286180273,-31.40194508576221,0.5077246250584722,success,
133,random_forest,raw,"{""max_depth"": 4, ""max_features"": ""sqrt"", ""min_samples_leaf"": 5}",3,0.5436898213435017,0.08121822893501443,42.042788963339696,5.28351403798291,61.03455544528895,0.4343902897428384,-30.871719005948965,0.4974385411478579,success,
134,random_forest,raw,"{""max_depth"": 4, ""max_features"": ""sqrt"", ""min_samples_leaf"": 10}",3,0.540266744551015,0.08412091869882467,41.53650039847562,4.993767715415243,60.31877974096636,0.43022568813412637,-30.34568987264444,0.506950750015676,success,
135,random_forest,raw,"{""max_depth"": 4, ""max_features"": 1.0, ""min_samples_leaf"": 1}",3,0.553099215534738,0.0919305933318315,42.41431761895803,5.788010365311808,61.7484839006489,0.4352457009719635,-30.474967378973826,0.5089886670466512,success,
136,random_forest,raw,"{""max_depth"": 4, ""max_features"": 1.0, ""min_samples_leaf"": 5}",3,0.5616210629242663,0.09253986886478416,42.238827995383936,5.399422176775083,61.11549499053734,0.4377453869054458,-30.058699804590418,0.5097650829702616,success,
137,random_forest,raw,"{""max_depth"": 4, ""max_features"": 1.0, ""min_samples_leaf"": 10}",3,0.5517501971875295,0.09356817052511873,41.09065853525439,4.774591799064803,59.10477143224273,0.4271525242027085,-28.962015139009893,0.5060887499712408,success,
138,random_forest,raw,"{""max_depth"": 8, ""max_features"": ""sqrt"", ""min_samples_leaf"": 1}",3,0.5875271643566727,0.08851473249849084,41.81683054755208,5.055642631016439,60.80983491371344,0.43826455202428494,-28.38371062028718,0.5084100000094622,success,
139,random_forest,raw,"{""max_depth"": 8, ""max_features"": ""sqrt"", ""min_samples_leaf"": 5}",3,0.567457171665711,0.10114160338058568,41.114510520364966,4.903989819742491,59.829922816822695,0.43129619064149943,-28.79709863444758,0.49938608310185373,success,
140,random_forest,raw,"{""max_depth"": 8, ""max_features"": ""sqrt"", ""min_samples_leaf"": 10}",3,0.5485477918868645,0.09169643241732844,40.49869379227701,4.760250551487481,58.86339970043474,0.4240858881928,-27.934004014403325,0.5113443750888109,success,
141,random_forest,raw,"{""max_depth"": 8, ""max_features"": 1.0, ""min_samples_leaf"": 1}",3,0.6108720978138179,0.09446529019692927,42.96133667900585,4.802268723644699,61.197724729543154,0.4478881803108201,-28.089510925167136,0.540936625096947,success,
142,random_forest,raw,"{""max_depth"": 8, ""max_features"": 1.0, ""min_samples_leaf"": 5}",3,0.5980359074105958,0.11501424527833144,42.52813223765316,5.12494023912019,60.85135536419665,0.4478925928110851,-29.053982481925956,0.5153932080138475,success,
143,random_forest,raw,"{""max_depth"": 8, ""max_features"": 1.0, ""min_samples_leaf"": 10}",3,0.5802358163093936,0.10866785799790034,41.99837528778993,4.3928320699853325,59.69404736555803,0.44174252589158597,-28.428163786845577,0.5019996669143438,success,
144,random_forest,raw,"{""max_depth"": null, ""max_features"": ""sqrt"", ""min_samples_leaf"": 1}",3,0.6026121931086877,0.10011453628222901,42.53747474747474,5.276147422051669,61.60314093783734,0.4455341639664483,-28.401818181818182,0.5025528341066092,success,
145,random_forest,raw,"{""max_depth"": null, ""max_features"": ""sqrt"", ""min_samples_leaf"": 5}",3,0.5717577098818166,0.10360609312792825,41.34032662881919,5.375615105500719,59.87474141204027,0.43533852510365295,-28.60887694689742,0.5035386248491704,success,
146,random_forest,raw,"{""max_depth"": null, ""max_features"": ""sqrt"", ""min_samples_leaf"": 10}",3,0.5484628418935888,0.09398103814315815,40.2764352028918,4.853235727502219,58.7906646823643,0.4214291367922862,-27.844422503272114,0.503771707881242,success,
147,random_forest,raw,"{""max_depth"": null, ""max_features"": 1.0, ""min_samples_leaf"": 1}",3,0.6149738457283446,0.09696867368099638,43.216818181818184,4.994684091007395,61.210878277039136,0.45206916135767344,-28.11247474747475,0.7142928331159055,success,
148,random_forest,raw,"{""max_depth"": null, ""max_features"": 1.0, ""min_samples_leaf"": 5}",3,0.5998791773964737,0.11417532405929486,42.634267475675905,4.9334782859790005,60.96208516031149,0.4492162434303028,-29.17471091550105,0.7061535839457065,success,
149,random_forest,raw,"{""max_depth"": null, ""max_features"": 1.0, ""min_samples_leaf"": 10}",3,0.5807847996420853,0.10804664080091991,42.03666344004643,4.316162888615141,59.74204447079517,0.4421226784331571,-28.46372954233325,0.5632670000195503,success,
150,random_forest,log1p,"{""max_depth"": 4, ""max_features"": ""sqrt"", ""min_samples_leaf"": 1}",3,0.5769779414960993,0.12022490484549143,44.01429306841658,5.192180356330435,65.09121022502283,0.4414506137265211,-38.93686102756722,0.49910554103553295,success,
151,random_forest,log1p,"{""max_depth"": 4, ""max_features"": ""sqrt"", ""min_samples_leaf"": 5}",3,0.5800872224368107,0.11763542886687556,44.161414896026656,4.859155622128794,65.08170229430476,0.44446135315966523,-39.09685507986558,0.5155859999358654,success,
152,random_forest,log1p,"{""max_depth"": 4, ""max_features"": ""sqrt"", ""min_samples_leaf"": 10}",3,0.5814436906985699,0.11778580667122512,44.27069807498117,5.0120189181483035,65.1853229477664,0.4459616212539274,-38.84500705856599,0.49063812498934567,success,
153,random_forest,log1p,"{""max_depth"": 4, ""max_features"": 1.0, ""min_samples_leaf"": 1}",3,0.6003144584158596,0.12520978814419848,45.318465073193515,5.634834126864938,65.29518867506508,0.46973531325865286,-39.94027198590977,0.49869491695426404,success,
154,random_forest,log1p,"{""max_depth"": 4, ""max_features"": 1.0, ""min_samples_leaf"": 5}",3,0.5971266556812945,0.13121459374881794,45.32366325896867,5.884640896155493,65.21568895407518,0.4687669284815999,-40.619337319250405,0.4979398751165718,success,
155,random_forest,log1p,"{""max_depth"": 4, ""max_features"": 1.0, ""min_samples_leaf"": 10}",3,0.5830884418784384,0.1436003468638354,44.410185237154415,5.89925812096009,64.40781752995427,0.45253293700463515,-39.77583841813494,0.511306667001918,success,
156,random_forest,log1p,"{""max_depth"": 8, ""max_features"": ""sqrt"", ""min_samples_leaf"": 1}",3,0.5925800848790271,0.1302991468413615,43.280751035718176,5.960937744428618,63.823170963189376,0.4498227405018282,-36.86237559499855,0.5129380831494927,success,
157,random_forest,log1p,"{""max_depth"": 8, ""max_features"": ""sqrt"", ""min_samples_leaf"": 5}",3,0.5851859587742961,0.1288978743649303,43.43593198671845,5.189613741100599,64.25698485997977,0.44362709499059244,-37.91618084500913,0.50086291693151,success,
158,random_forest,log1p,"{""max_depth"": 8, ""max_features"": ""sqrt"", ""min_samples_leaf"": 10}",3,0.5715620032428932,0.12593074361831064,42.80958896643356,4.567381886788248,63.38185203177013,0.4330979918561025,-36.96545556910732,0.5049125831574202,success,
159,random_forest,log1p,"{""max_depth"": 8, ""max_features"": 1.0, ""min_samples_leaf"": 1}",3,0.6383929182517499,0.13380822538091924,44.743331007780995,6.293381970918841,64.11923516847705,0.4791340565635174,-37.611339461294016,0.5097779592033476,success,
160,random_forest,log1p,"{""max_depth"": 8, ""max_features"": 1.0, ""min_samples_leaf"": 5}",3,0.6109550343171847,0.14637578393490477,44.62422650197583,6.1965799770080645,64.30562206618009,0.4716210153467249,-38.974379667649266,0.5113440831191838,success,
161,random_forest,log1p,"{""max_depth"": 8, ""max_features"": 1.0, ""min_samples_leaf"": 10}",3,0.5904028310831371,0.1528046016498055,44.005210572266094,5.697109346940293,64.03441841685583,0.45299475305106923,-38.986601864363934,0.5140282919164747,success,
162,random_forest,log1p,"{""max_depth"": null, ""max_features"": ""sqrt"", ""min_samples_leaf"": 1}",3,0.606564172087014,0.13231389579751165,44.06097327284541,6.201828369901313,64.49783036378135,0.46092255573876667,-37.214672315370535,0.5137978338170797,success,
163,random_forest,log1p,"{""max_depth"": null, ""max_features"": ""sqrt"", ""min_samples_leaf"": 5}",3,0.5848681170921745,0.1278228759148697,43.35740934753763,5.099750963564173,64.02868275812354,0.44382240507484755,-37.3557735924146,0.5091423750855029,success,
164,random_forest,log1p,"{""max_depth"": null, ""max_features"": ""sqrt"", ""min_samples_leaf"": 10}",3,0.574041333799387,0.12537807063969703,43.02415553254108,4.586367668362041,63.7478208356957,0.4350779904235565,-37.01668911438035,0.5098587078973651,success,
165,random_forest,log1p,"{""max_depth"": null, ""max_features"": 1.0, ""min_samples_leaf"": 1}",3,0.6428826770074532,0.1356033421164009,44.93579652213569,6.172312663962015,64.17261409205149,0.48274093069996454,-37.242127469846466,0.5874442080967128,success,
166,random_forest,log1p,"{""max_depth"": null, ""max_features"": 1.0, ""min_samples_leaf"": 5}",3,0.6139403801753147,0.14532627581712818,44.827650705211624,6.043467181574572,64.44308624512462,0.474493595832729,-38.93792798321786,0.5247955829836428,success,
167,random_forest,log1p,"{""max_depth"": null, ""max_features"": 1.0, ""min_samples_leaf"": 10}",3,0.5906047713607291,0.15240988533173008,43.98728621137801,5.622502480121664,64.04200815637813,0.4527154985000568,-38.95219701513192,0.6072119169402868,success,
168,extra_trees,raw,"{""max_depth"": 4, ""max_features"": ""sqrt"", ""min_samples_leaf"": 1}",3,0.6240409608627883,0.05186136379994131,45.36427275987773,4.131561798393651,64.38599495449343,0.47913203793598286,-32.934867574343635,0.31380058405920863,success,
169,extra_trees,raw,"{""max_depth"": 4, ""max_features"": ""sqrt"", ""min_samples_leaf"": 5}",3,0.6295696658541892,0.04553679347655889,45.75166355692886,3.7519803572695745,64.83003669275257,0.48280387396477664,-33.305917039890424,0.3160177920944989,success,
170,extra_trees,raw,"{""max_depth"": 4, ""max_features"": ""sqrt"", ""min_samples_leaf"": 10}",3,0.6482424308929033,0.04163970927828832,47.05803054615911,3.6570784087500914,66.41468937311107,0.4964821992368029,-34.667695206905385,0.3109429159667343,success,
171,extra_trees,raw,"{""max_depth"": 4, ""max_features"": 1.0, ""min_samples_leaf"": 1}",3,0.5441836209052161,0.08079079276972449,41.78496088977439,5.602003899293131,60.480388680787776,0.4326579193253098,-30.27735208541823,0.31718445802107453,success,
172,extra_trees,raw,"{""max_depth"": 4, ""max_features"": 1.0, ""min_samples_leaf"": 5}",3,0.5425732089786052,0.07398272327156373,41.71633356544973,5.081689413781396,60.578891163415136,0.42991240695142535,-30.516679220686722,0.3190238329116255,success,
173,extra_trees,raw,"{""max_depth"": 4, ""max_features"": 1.0, ""min_samples_leaf"": 10}",3,0.539410185257997,0.07272945842015331,41.51870380696649,4.727897482330267,60.2896170745097,0.4279949897443503,-30.11543129051861,0.31252295803278685,success,
174,extra_trees,raw,"{""max_depth"": 8, ""max_features"": ""sqrt"", ""min_samples_leaf"": 1}",3,0.5656866982329336,0.07955421767309878,42.063928490511245,4.360677590831843,60.961293932838196,0.4370029479640131,-29.9639229596512,0.3152335830964148,success,
175,extra_trees,raw,"{""max_depth"": 8, ""max_features"": ""sqrt"", ""min_samples_leaf"": 5}",3,0.5828320512816975,0.060041942179331335,43.33427941097529,4.2640327588670255,62.496755924464594,0.4531340441795155,-32.22041413841856,0.3277496669907123,success,
176,extra_trees,raw,"{""max_depth"": 8, ""max_features"": ""sqrt"", ""min_samples_leaf"": 10}",3,0.6207869666129003,0.04454791128709084,45.79364193327521,3.7910690686002604,65.0917107144855,0.4818957721655978,-34.01043864970876,0.32454462512396276,success,
177,extra_trees,raw,"{""max_depth"": 8, ""max_features"": 1.0, ""min_samples_leaf"": 1}",3,0.5677795926731352,0.09168420888071843,41.78828481370982,4.938681060059205,60.32299913101511,0.4319805036649384,-28.680422939664982,0.3177452499512583,success,
178,extra_trees,raw,"{""max_depth"": 8, ""max_features"": 1.0, ""min_samples_leaf"": 5}",3,0.5515696145229539,0.10119435747488943,40.70482987434635,5.23152089593609,59.907115656089125,0.42203181461551836,-29.50294173055411,0.3148266659118235,success,
179,extra_trees,raw,"{""max_depth"": 8, ""max_features"": 1.0, ""min_samples_leaf"": 10}",3,0.5363752228254263,0.09093367457454245,40.410769218599064,5.059920091895995,59.20720084080085,0.4177707944188609,-28.997990209738358,0.3129237920511514,success,
180,extra_trees,raw,"{""max_depth"": null, ""max_features"": ""sqrt"", ""min_samples_leaf"": 1}",3,0.5932435655987756,0.11674806904695087,42.68136363636364,4.725802444723703,61.18650680267596,0.4443018889109129,-28.817222222222227,0.35314920893870294,success,
181,extra_trees,raw,"{""max_depth"": null, ""max_features"": ""sqrt"", ""min_samples_leaf"": 5}",3,0.5797170230847186,0.06284644263222476,42.96215526794699,4.052537175424562,62.1798518061668,0.44861096892542207,-31.790179345881416,0.3176932919304818,success,
182,extra_trees,raw,"{""max_depth"": null, ""max_features"": ""sqrt"", ""min_samples_leaf"": 10}",3,0.6179877497800945,0.04429741948727953,45.62058130539675,3.6508809852344584,64.88034023855656,0.4803129533180798,-33.936496666836554,0.3146669580601156,success,
183,extra_trees,raw,"{""max_depth"": null, ""max_features"": 1.0, ""min_samples_leaf"": 1}",3,0.6164155985801199,0.10336213230338383,42.957626262626256,5.106476391068258,61.057491701947534,0.4432189445163906,-27.079747474747474,0.3905550839845091,success,
184,extra_trees,raw,"{""max_depth"": null, ""max_features"": 1.0, ""min_samples_leaf"": 5}",3,0.5617614800047517,0.10411584909590789,40.9297107115784,5.043887890120045,59.84727147768152,0.4257612792975709,-29.080224383914867,0.3143982910551131,success,
185,extra_trees,raw,"{""max_depth"": null, ""max_features"": 1.0, ""min_samples_leaf"": 10}",3,0.5369735364401104,0.08919128507997674,40.366253669471966,4.892746481633218,59.01433011836415,0.41838761416768283,-28.73065573783039,0.32429024996235967,success,
186,extra_trees,log1p,"{""max_depth"": 4, ""max_features"": ""sqrt"", ""min_samples_leaf"": 1}",3,0.6677134557614334,0.0782711535435484,50.126176247676234,3.4103958001330583,71.72155815381741,0.5246009058930955,-45.10364151867458,0.31422749999910593,success,
187,extra_trees,log1p,"{""max_depth"": 4, ""max_features"": ""sqrt"", ""min_samples_leaf"": 5}",3,0.6767034829079118,0.07300759475014375,51.012898728469516,3.1455030200942637,72.62028179306695,0.5345962553160423,-46.29954300952965,0.3183339168317616,success,
188,extra_trees,log1p,"{""max_depth"": 4, ""max_features"": ""sqrt"", ""min_samples_leaf"": 10}",3,0.7027030874808436,0.06522573233049112,53.0090076846353,3.119089846101313,74.84387691127593,0.5589876933864288,-48.40232167296165,0.31551195797510445,success,
189,extra_trees,log1p,"{""max_depth"": 4, ""max_features"": 1.0, ""min_samples_leaf"": 1}",3,0.585201302485391,0.10396404336666716,44.807699623187794,4.14131133947163,66.0562976950949,0.4508596853572118,-39.071046820562664,0.3155474169179797,success,
190,extra_trees,log1p,"{""max_depth"": 4, ""max_features"": 1.0, ""min_samples_leaf"": 5}",3,0.5901299863740984,0.10251149050154586,44.95271719855099,4.463445290286653,66.36999525865309,0.45245031896974214,-39.401430646627844,0.3244392501655966,success,
191,extra_trees,log1p,"{""max_depth"": 4, ""max_features"": 1.0, ""min_samples_leaf"": 10}",3,0.5882946659524176,0.10201676019644479,44.86094160951904,4.0382844306187575,66.31919799334025,0.45060540354325046,-39.13048355047005,0.3183700412046164,success,
192,extra_trees,log1p,"{""max_depth"": 8, ""max_features"": ""sqrt"", ""min_samples_leaf"": 1}",3,0.6024328572419378,0.10329598779713027,44.75834941943847,3.9546220015079454,66.20262051153158,0.45762125651374036,-39.13289704298314,0.32347108400426805,success,
193,extra_trees,log1p,"{""max_depth"": 8, ""max_features"": ""sqrt"", ""min_samples_leaf"": 5}",3,0.630423976263596,0.08449072526271613,47.73642338328357,3.4088500588306108,69.4267616910654,0.489920914956842,-43.08070370365184,0.32585016707889736,success,
194,extra_trees,log1p,"{""max_depth"": 8, ""max_features"": ""sqrt"", ""min_samples_leaf"": 10}",3,0.675903563211293,0.06792931037686044,51.386312941367066,2.754541675927493,73.32909021899111,0.534673446230011,-47.07399730329738,0.3137909588404,success,
195,extra_trees,log1p,"{""max_depth"": 8, ""max_features"": 1.0, ""min_samples_leaf"": 1}",3,0.5943264684307834,0.12781716651703615,43.46818522522406,5.230056302631693,63.80829005762403,0.4519141178974668,-36.47831172057277,0.3205620418302715,success,
196,extra_trees,log1p,"{""max_depth"": 8, ""max_features"": 1.0, ""min_samples_leaf"": 5}",3,0.5797554727221866,0.11745159934460833,43.405080943485395,4.90058078736452,64.3003992712506,0.44346696585188566,-37.20498861897832,0.30689041689038277,success,
197,extra_trees,log1p,"{""max_depth"": 8, ""max_features"": 1.0, ""min_samples_leaf"": 10}",3,0.5757213327581973,0.11215633297903699,43.51342384413615,4.4119090043213705,64.59124090842653,0.4377848923552872,-37.34286229255445,0.31797287496738136,success,
198,extra_trees,log1p,"{""max_depth"": null, ""max_features"": ""sqrt"", ""min_samples_leaf"": 1}",3,0.61075341729483,0.1396211370456574,44.3432334256886,5.093803518666401,65.20864408917988,0.45853206778281924,-37.17837633117871,0.3204779999796301,success,
199,extra_trees,log1p,"{""max_depth"": null, ""max_features"": ""sqrt"", ""min_samples_leaf"": 5}",3,0.6249217411616693,0.08455808198067503,47.38995201878007,3.33134606507793,69.06539904023099,0.48543892627272767,-42.52236018586089,0.33374941698275506,success,
200,extra_trees,log1p,"{""max_depth"": null, ""max_features"": ""sqrt"", ""min_samples_leaf"": 10}",3,0.6690194871447726,0.07079568864631938,50.884317879986014,2.9305625912880178,72.74071594956592,0.528780534720488,-46.577387902867905,0.3166239589918405,success,
201,extra_trees,log1p,"{""max_depth"": null, ""max_features"": 1.0, ""min_samples_leaf"": 1}",3,0.624973791626759,0.13392577914330098,44.64928252200473,4.5785418251351215,64.28800577688288,0.46690447958696485,-35.413460595895,0.385080625070259,success,
202,extra_trees,log1p,"{""max_depth"": null, ""max_features"": 1.0, ""min_samples_leaf"": 5}",3,0.5835713337699148,0.12391593996164461,43.418675506727276,4.676078038424127,64.1063800287377,0.44602048325052684,-36.8871532542395,0.32107120798900723,success,
203,extra_trees,log1p,"{""max_depth"": null, ""max_features"": 1.0, ""min_samples_leaf"": 10}",3,0.5768380276925156,0.11185929514875116,43.46746249848146,3.9990950061409585,64.67268466792734,0.4376533153301841,-37.34732241055934,0.30967362504452467,success,
204,gradient_boosting,raw,"{""learning_rate"": 0.03, ""loss"": ""squared_error"", ""max_depth"": 1, ""min_samples_leaf"": 5, ""n_estimators"": 100}",3,0.5984385176312629,0.04342597336556991,45.97862887910589,3.9197105267123122,65.0562394579997,0.48140219328725364,-33.72740792940752,0.10006100009195507,success,
205,gradient_boosting,raw,"{""learning_rate"": 0.03, ""loss"": ""squared_error"", ""max_depth"": 1, ""min_samples_leaf"": 5, ""n_estimators"": 300}",3,0.5740022372296797,0.040131314415441356,42.93900301105975,4.149794621132436,61.76199927197649,0.4406191825691426,-32.83704101771495,0.27947783283889294,success,
206,gradient_boosting,raw,"{""learning_rate"": 0.03, ""loss"": ""squared_error"", ""max_depth"": 1, ""min_samples_leaf"": 10, ""n_estimators"": 100}",3,0.597486378003773,0.04463358329496413,45.92997666768443,4.002687494556115,64.90479166082405,0.48100137607740906,-33.59427383290143,0.09681583382189274,success,
207,gradient_boosting,raw,"{""learning_rate"": 0.03, ""loss"": ""squared_error"", ""max_depth"": 1, ""min_samples_leaf"": 10, ""n_estimators"": 300}",3,0.5739574696481194,0.041615489794956106,42.807527659709514,4.3797291706095995,61.35241520103691,0.44252125912488127,-32.48014983086075,0.27904916601255536,success,
208,gradient_boosting,raw,"{""learning_rate"": 0.03, ""loss"": ""squared_error"", ""max_depth"": 2, ""min_samples_leaf"": 5, ""n_estimators"": 100}",3,0.5826529546620818,0.05239561491614382,44.23542643680701,3.841563166819721,62.999016143276116,0.4636332325215984,-34.204480296535955,0.14854650013148785,success,
209,gradient_boosting,raw,"{""learning_rate"": 0.03, ""loss"": ""squared_error"", ""max_depth"": 2, ""min_samples_leaf"": 5, ""n_estimators"": 300}",3,0.5907364740191904,0.06330134019338483,43.34972452574063,4.459321689590926,62.176548976117395,0.4589652584325579,-34.353813480344016,0.43589675007387996,success,
210,gradient_boosting,raw,"{""learning_rate"": 0.03, ""loss"": ""squared_error"", ""max_depth"": 2, ""min_samples_leaf"": 10, ""n_estimators"": 100}",3,0.5795775925035019,0.05510047790593119,43.64277715430618,4.3421573929631565,62.38549405954055,0.4586836299897294,-33.707465204867475,0.14827087498269975,success,
211,gradient_boosting,raw,"{""learning_rate"": 0.03, ""loss"": ""squared_error"", ""max_depth"": 2, ""min_samples_leaf"": 10, ""n_estimators"": 300}",3,0.5919272688297269,0.06542287978406772,42.66387233370106,4.104701920791472,61.82470927685364,0.4560024424032334,-34.402974084898105,0.43939433293417096,success,
212,gradient_boosting,raw,"{""learning_rate"": 0.03, ""loss"": ""huber"", ""max_depth"": 1, ""min_samples_leaf"": 5, ""n_estimators"": 100}",3,0.5944774865513847,0.09334291844923578,45.02843884400318,4.950633852600173,65.9723821915063,0.464971749437958,-36.25039937448377,0.17494975007139146,success,
213,gradient_boosting,raw,"{""learning_rate"": 0.03, ""loss"": ""huber"", ""max_depth"": 1, ""min_samples_leaf"": 5, ""n_estimators"": 300}",3,0.5657404002130353,0.10187980154028989,42.63429290067696,5.950591492907015,62.76393368595959,0.43813866557768183,-34.50626871778289,0.5058995420113206,success,
214,gradient_boosting,raw,"{""learning_rate"": 0.03, ""loss"": ""huber"", ""max_depth"": 1, ""min_samples_leaf"": 10, ""n_estimators"": 100}",3,0.5944774865513847,0.09334291844923578,45.02843884400318,4.950633852600173,65.9723821915063,0.464971749437958,-36.25039937448377,0.17215766687877476,success,
215,gradient_boosting,raw,"{""learning_rate"": 0.03, ""loss"": ""huber"", ""max_depth"": 1, ""min_samples_leaf"": 10, ""n_estimators"": 300}",3,0.5672776507340147,0.09969547876885344,42.46485772816484,5.626799982507836,62.46034205354713,0.4391136261116048,-34.516945666742856,0.5061811248306185,success,
216,gradient_boosting,raw,"{""learning_rate"": 0.03, ""loss"": ""huber"", ""max_depth"": 2, ""min_samples_leaf"": 5, ""n_estimators"": 100}",3,0.5721277738727785,0.11798795133155715,43.10081560548705,6.8108863565820545,63.37317868927141,0.4461394817864115,-35.82279077237726,0.26138925016857684,success,
217,gradient_boosting,raw,"{""learning_rate"": 0.03, ""loss"": ""huber"", ""max_depth"": 2, ""min_samples_leaf"": 5, ""n_estimators"": 300}",3,0.5986347505205879,0.13056310678130023,43.643980809294185,8.558417639550637,63.21674829085729,0.45960388554629855,-34.91517291797884,0.7660570829175413,success,
218,gradient_boosting,raw,"{""learning_rate"": 0.03, ""loss"": ""huber"", ""max_depth"": 2, ""min_samples_leaf"": 10, ""n_estimators"": 100}",3,0.5616276503477032,0.11676451899216929,42.127212578302476,6.925550266975355,62.34458041462017,0.4350319683337787,-34.73603760663926,0.26088841585442424,success,
219,gradient_boosting,raw,"{""learning_rate"": 0.03, ""loss"": ""huber"", ""max_depth"": 2, ""min_samples_leaf"": 10, ""n_estimators"": 300}",3,0.588046585744998,0.1436627936626727,42.012619934469086,8.443171828456094,61.62312463241813,0.4419516684739313,-34.13202686651665,0.7687018751166761,success,
220,gradient_boosting,raw,"{""learning_rate"": 0.1, ""loss"": ""squared_error"", ""max_depth"": 1, ""min_samples_leaf"": 5, ""n_estimators"": 100}",3,0.5789950734289503,0.03942445341055313,42.60829031189848,4.178616328417562,61.382900876356295,0.44235699844178705,-32.70880901551633,0.0970437079668045,success,
221,gradient_boosting,raw,"{""learning_rate"": 0.1, ""loss"": ""squared_error"", ""max_depth"": 1, ""min_samples_leaf"": 5, ""n_estimators"": 300}",3,0.6519563075114952,0.12365851725311194,42.39998793591872,4.809025023369187,60.68068183340089,0.4685164485240348,-33.20867413732055,0.279977000085637,success,
222,gradient_boosting,raw,"{""learning_rate"": 0.1, ""loss"": ""squared_error"", ""max_depth"": 1, ""min_samples_leaf"": 10, ""n_estimators"": 100}",3,0.5835212408540494,0.04288222907938887,42.515539682784826,4.482372035332456,60.93296748600744,0.448156303800755,-32.341948835531355,0.09651449997909367,success,
223,gradient_boosting,raw,"{""learning_rate"": 0.1, ""loss"": ""squared_error"", ""max_depth"": 1, ""min_samples_leaf"": 10, ""n_estimators"": 300}",3,0.6585925120965871,0.12908946604646457,42.63147991621054,4.6126781628370965,60.91484099445654,0.4759471292890661,-33.71158742275007,0.27957549993880093,success,
224,gradient_boosting,raw,"{""learning_rate"": 0.1, ""loss"": ""squared_error"", ""max_depth"": 2, ""min_samples_leaf"": 5, ""n_estimators"": 100}",3,0.589443883324699,0.05902134178652519,43.51189958181203,3.621612674875807,62.086379012438016,0.4602544193367755,-33.71614772680953,0.14904462499544024,success,
225,gradient_boosting,raw,"{""learning_rate"": 0.1, ""loss"": ""squared_error"", ""max_depth"": 2, ""min_samples_leaf"": 5, ""n_estimators"": 300}",3,0.6369238197355196,0.052784610401108496,44.95372649362102,4.257184573447686,65.33293874124611,0.47419701951578824,-35.21256034318216,0.4354993330780417,success,
226,gradient_boosting,raw,"{""learning_rate"": 0.1, ""loss"": ""squared_error"", ""max_depth"": 2, ""min_samples_leaf"": 10, ""n_estimators"": 100}",3,0.5930881230664192,0.05504864316748631,42.40595990381704,3.8999408142007908,61.26872050622421,0.45484685762372035,-33.880893092389094,0.15130220795981586,success,
227,gradient_boosting,raw,"{""learning_rate"": 0.1, ""loss"": ""squared_error"", ""max_depth"": 2, ""min_samples_leaf"": 10, ""n_estimators"": 300}",3,0.6238390960777044,0.07063808467685206,43.26344291293635,4.074182292069951,62.45607834334453,0.4665800873598365,-34.020867035276154,0.4357072920538485,success,
228,gradient_boosting,raw,"{""learning_rate"": 0.1, ""loss"": ""huber"", ""max_depth"": 1, ""min_samples_leaf"": 5, ""n_estimators"": 100}",3,0.5656011306323081,0.10133278732011379,42.4753893468416,6.063285137431999,62.49164946655163,0.4357611989245946,-34.31088675321933,0.1733067911118269,success,
229,gradient_boosting,raw,"{""learning_rate"": 0.1, ""loss"": ""huber"", ""max_depth"": 1, ""min_samples_leaf"": 5, ""n_estimators"": 300}",3,0.5870816228915293,0.10321943013910286,42.85951936652156,6.8082548885645275,62.62346348096555,0.44305952615968064,-34.645043459708035,0.5061918329447508,success,
230,gradient_boosting,raw,"{""learning_rate"": 0.1, ""loss"": ""huber"", ""max_depth"": 1, ""min_samples_leaf"": 10, ""n_estimators"": 100}",3,0.5651927692123518,0.1023942315454332,42.20383957265383,5.655065264759276,62.12258179976576,0.43506649578272105,-34.34311773344474,0.17182558286003768,success,
231,gradient_boosting,raw,"{""learning_rate"": 0.1, ""loss"": ""huber"", ""max_depth"": 1, ""min_samples_leaf"": 10, ""n_estimators"": 300}",3,0.5869394951559556,0.10305840880933563,42.176627625824295,6.687843300367078,62.24393958474241,0.43840301491592437,-34.11800283864858,0.505878834053874,success,
232,gradient_boosting,raw,"{""learning_rate"": 0.1, ""loss"": ""huber"", ""max_depth"": 2, ""min_samples_leaf"": 5, ""n_estimators"": 100}",3,0.605945552187337,0.13909995013634116,43.68412620537121,8.88693985298341,63.3845251260445,0.46198178357707625,-35.14115502469855,0.25806712498888373,success,
233,gradient_boosting,raw,"{""learning_rate"": 0.1, ""loss"": ""huber"", ""max_depth"": 2, ""min_samples_leaf"": 5, ""n_estimators"": 300}",3,0.6660434639188546,0.13317682866671643,45.776081537154774,8.336166832402485,65.24043050241478,0.4975220061565309,-35.96821689708216,0.7688549589365721,success,
234,gradient_boosting,raw,"{""learning_rate"": 0.1, ""loss"": ""huber"", ""max_depth"": 2, ""min_samples_leaf"": 10, ""n_estimators"": 100}",3,0.5985106910850475,0.14291776389502178,42.24264779181805,8.047031326058026,61.991708037391625,0.4463331172442224,-34.60549641889549,0.25855016615241766,success,
235,gradient_boosting,raw,"{""learning_rate"": 0.1, ""loss"": ""huber"", ""max_depth"": 2, ""min_samples_leaf"": 10, ""n_estimators"": 300}",3,0.6456442031713966,0.1493837900132131,44.91887436747015,7.188812379367783,63.85283812186392,0.4906156917501612,-35.82053651987579,0.7576781250536442,success,
236,gradient_boosting,log1p,"{""learning_rate"": 0.03, ""loss"": ""squared_error"", ""max_depth"": 1, ""min_samples_leaf"": 5, ""n_estimators"": 100}",3,0.635076801585829,0.08642516500482429,49.092472287584705,3.6040086637887265,71.44220584961651,0.49759150043233763,-43.27709463590502,0.0978676660452038,success,
237,gradient_boosting,log1p,"{""learning_rate"": 0.03, ""loss"": ""squared_error"", ""max_depth"": 1, ""min_samples_leaf"": 5, ""n_estimators"": 300}",3,0.5921838496264806,0.09317957922598545,45.46641363238831,4.087776844974273,66.59265386671554,0.45610020402829815,-40.25025887731908,0.2803777090739459,success,
238,gradient_boosting,log1p,"{""learning_rate"": 0.03, ""loss"": ""squared_error"", ""max_depth"": 1, ""min_samples_leaf"": 10, ""n_estimators"": 100}",3,0.635076801585829,0.08642516500482429,49.092472287584705,3.6040086637887265,71.44220584961651,0.49759150043233763,-43.27709463590502,0.09773758403025568,success,
239,gradient_boosting,log1p,"{""learning_rate"": 0.03, ""loss"": ""squared_error"", ""max_depth"": 1, ""min_samples_leaf"": 10, ""n_estimators"": 300}",3,0.5886273120553983,0.09607083707616976,45.14513455392819,4.4572440733356435,66.28719702022828,0.4524417958270582,-39.97370372149752,0.27967762504704297,success,
240,gradient_boosting,log1p,"{""learning_rate"": 0.03, ""loss"": ""squared_error"", ""max_depth"": 2, ""min_samples_leaf"": 5, ""n_estimators"": 100}",3,0.5983279135973094,0.0986635596345425,46.09172695968092,4.580175901165387,67.11888966178209,0.4672042998237849,-42.016943700151124,0.14899145811796188,success,
241,gradient_boosting,log1p,"{""learning_rate"": 0.03, ""loss"": ""squared_error"", ""max_depth"": 2, ""min_samples_leaf"": 5, ""n_estimators"": 300}",3,0.6185783082144273,0.12188056452526612,44.79831742201083,6.490184678281567,64.29403655147611,0.47252391472177974,-40.27925032450535,0.44073254195973277,success,
242,gradient_boosting,log1p,"{""learning_rate"": 0.03, ""loss"": ""squared_error"", ""max_depth"": 2, ""min_samples_leaf"": 10, ""n_estimators"": 100}",3,0.5948685858579539,0.0976492466777165,45.71633524672837,4.4208856561191405,66.87120345158712,0.46275172790013436,-41.639819613556845,0.14901412511244416,success,
243,gradient_boosting,log1p,"{""learning_rate"": 0.03, ""loss"": ""squared_error"", ""max_depth"": 2, ""min_samples_leaf"": 10, ""n_estimators"": 300}",3,0.6056759514050455,0.129341432484532,43.401223242912316,6.424516741870138,63.084891955484316,0.4575200639109654,-38.765675195699934,0.4378635829780251,success,
244,gradient_boosting,log1p,"{""learning_rate"": 0.03, ""loss"": ""huber"", ""max_depth"": 1, ""min_samples_leaf"": 5, ""n_estimators"": 100}",3,0.6293004050221802,0.10453867784826043,48.34860292631243,4.403248544763353,70.69728622506695,0.48912733189627416,-42.41170981383133,0.17374220793135464,success,
245,gradient_boosting,log1p,"{""learning_rate"": 0.03, ""loss"": ""huber"", ""max_depth"": 1, ""min_samples_leaf"": 5, ""n_estimators"": 300}",3,0.5878086253732379,0.11005058765577873,44.83959710453766,4.8390602049662155,66.01047475014799,0.446393255613921,-39.94468092166192,0.5062057920731604,success,
246,gradient_boosting,log1p,"{""learning_rate"": 0.03, ""loss"": ""huber"", ""max_depth"": 1, ""min_samples_leaf"": 10, ""n_estimators"": 100}",3,0.6293004050221802,0.10453867784826043,48.34860292631243,4.403248544763353,70.69728622506695,0.48912733189627416,-42.41170981383133,0.17314587510190904,success,
247,gradient_boosting,log1p,"{""learning_rate"": 0.03, ""loss"": ""huber"", ""max_depth"": 1, ""min_samples_leaf"": 10, ""n_estimators"": 300}",3,0.5838985433150947,0.11338994310154307,44.578410466621754,5.126898249729144,65.68675026821141,0.44299336867204486,-39.64091928173774,0.5058468340430409,success,
248,gradient_boosting,log1p,"{""learning_rate"": 0.03, ""loss"": ""huber"", ""max_depth"": 2, ""min_samples_leaf"": 5, ""n_estimators"": 100}",3,0.5935719279238717,0.12084439471083899,45.24981236726078,5.643687670944829,66.17148134294432,0.45990497527661156,-40.852721782262215,0.26104645896703005,success,
249,gradient_boosting,log1p,"{""learning_rate"": 0.03, ""loss"": ""huber"", ""max_depth"": 2, ""min_samples_leaf"": 5, ""n_estimators"": 300}",3,0.6113069468420232,0.11491939341743693,44.229790893300965,7.619811873181848,64.3155349331626,0.4614556943565711,-39.98441269372388,0.7694035829044878,success,
250,gradient_boosting,log1p,"{""learning_rate"": 0.03, ""loss"": ""huber"", ""max_depth"": 2, ""min_samples_leaf"": 10, ""n_estimators"": 100}",3,0.5875357767108998,0.1266534580203005,44.686395553096894,5.648193028115497,65.87978758288371,0.45070599226928354,-40.39467974572411,0.26137116691097617,success,
251,gradient_boosting,log1p,"{""learning_rate"": 0.03, ""loss"": ""huber"", ""max_depth"": 2, ""min_samples_leaf"": 10, ""n_estimators"": 300}",3,0.5872763296010894,0.13617983276351786,42.742119455639106,7.168645870553339,62.9096297035995,0.43875321081469193,-39.04325510498146,0.7793944589793682,success,
252,gradient_boosting,log1p,"{""learning_rate"": 0.1, ""loss"": ""squared_error"", ""max_depth"": 1, ""min_samples_leaf"": 5, ""n_estimators"": 100}",3,0.5883555099725372,0.09230125989444174,45.084338343060075,3.992260887677461,66.06368426276497,0.4530475306084491,-39.81710392064749,0.12535283318720758,success,
253,gradient_boosting,log1p,"{""learning_rate"": 0.1, ""loss"": ""squared_error"", ""max_depth"": 1, ""min_samples_leaf"": 5, ""n_estimators"": 300}",3,0.5856179849912668,0.10484226828962036,43.039973102089284,5.3465968171898215,63.25187044674019,0.43910428635337156,-37.67068936496803,0.289388292003423,success,
254,gradient_boosting,log1p,"{""learning_rate"": 0.1, ""loss"": ""squared_error"", ""max_depth"": 1, ""min_samples_leaf"": 10, ""n_estimators"": 100}",3,0.5838291784283244,0.097954166294181,44.672015217476286,4.588904639814764,65.62055118939256,0.44814671850624155,-39.47453522405083,0.0986044171731919,success,
255,gradient_boosting,log1p,"{""learning_rate"": 0.1, ""loss"": ""squared_error"", ""max_depth"": 1, ""min_samples_leaf"": 10, ""n_estimators"": 300}",3,0.585576988065618,0.10553054551268537,42.82886558213975,5.57087893867623,63.243898681461076,0.4370396067727709,-37.643267031174474,0.28377537499181926,success,
256,gradient_boosting,log1p,"{""learning_rate"": 0.1, ""loss"": ""squared_error"", ""max_depth"": 2, ""min_samples_leaf"": 5, ""n_estimators"": 100}",3,0.6209816113090829,0.10940880656289856,44.60571687123643,5.626738124787306,63.981213797350875,0.4761260061594823,-39.81387044036152,0.15560612501576543,success,
257,gradient_boosting,log1p,"{""learning_rate"": 0.1, ""loss"": ""squared_error"", ""max_depth"": 2, ""min_samples_leaf"": 5, ""n_estimators"": 300}",3,0.6872663343919362,0.09095943803294111,46.967912344101514,5.519127238992828,65.17356142240752,0.5231844510389013,-40.026997553221754,0.44090875005349517,success,
258,gradient_boosting,log1p,"{""learning_rate"": 0.1, ""loss"": ""squared_error"", ""max_depth"": 2, ""min_samples_leaf"": 10, ""n_estimators"": 100}",3,0.5992580415783747,0.13812925855551475,42.960445891108286,6.300569805813027,62.55720746376255,0.4540924106880042,-38.21266206009734,0.1499312079977244,success,
259,gradient_boosting,log1p,"{""learning_rate"": 0.1, ""loss"": ""squared_error"", ""max_depth"": 2, ""min_samples_leaf"": 10, ""n_estimators"": 300}",3,0.6358298619363338,0.12630298358156464,45.57068454945349,4.49926087906562,63.304770743914105,0.5007357886350388,-38.30239003404903,0.4381153751164675,success,
260,gradient_boosting,log1p,"{""learning_rate"": 0.1, ""loss"": ""huber"", ""max_depth"": 1, ""min_samples_leaf"": 5, ""n_estimators"": 100}",3,0.5840087729768549,0.10777808730895415,44.61902409423029,4.785860821746939,65.56165020050925,0.44460852011368596,-39.607569246228536,0.17712012492120266,success,
261,gradient_boosting,log1p,"{""learning_rate"": 0.1, ""loss"": ""huber"", ""max_depth"": 1, ""min_samples_leaf"": 5, ""n_estimators"": 300}",3,0.5881542272592122,0.10084114118654203,43.23697872766348,4.9953813276108665,64.17477321541328,0.43754934895208103,-38.62452056675757,0.5160942911170423,success,
262,gradient_boosting,log1p,"{""learning_rate"": 0.1, ""loss"": ""huber"", ""max_depth"": 1, ""min_samples_leaf"": 10, ""n_estimators"": 100}",3,0.5798478501033968,0.11252248336679598,44.38169766357803,5.11871263997757,65.21908469568224,0.44150602041033454,-39.316279919592056,0.17408708296716213,success,
263,gradient_boosting,log1p,"{""learning_rate"": 0.1, ""loss"": ""huber"", ""max_depth"": 1, ""min_samples_leaf"": 10, ""n_estimators"": 300}",3,0.5855379081380881,0.1033114883599446,42.70966962387056,5.233914407018597,63.92277536105109,0.4315908628588639,-38.053195482433175,0.5087552079930902,success,
264,gradient_boosting,log1p,"{""learning_rate"": 0.1, ""loss"": ""huber"", ""max_depth"": 2, ""min_samples_leaf"": 5, ""n_estimators"": 100}",3,0.6126959774159262,0.11564020766835696,44.35467638860418,7.091085578928166,64.09585342567023,0.46246834616353055,-39.79250681085971,0.2614502920769155,success,
265,gradient_boosting,log1p,"{""learning_rate"": 0.1, ""loss"": ""huber"", ""max_depth"": 2, ""min_samples_leaf"": 5, ""n_estimators"": 300}",3,0.681008688607652,0.07256785933736803,47.05260597516669,5.246906977529604,65.78144307789545,0.512995210619764,-39.688985136744,0.7716614168602973,success,
266,gradient_boosting,log1p,"{""learning_rate"": 0.1, ""loss"": ""huber"", ""max_depth"": 2, ""min_samples_leaf"": 10, ""n_estimators"": 100}",3,0.5923935580968512,0.14555152915088754,42.94462960658987,8.099412770469389,62.571470921225284,0.44603924667391454,-38.75541313470783,0.2596972081810236,success,
267,gradient_boosting,log1p,"{""learning_rate"": 0.1, ""loss"": ""huber"", ""max_depth"": 2, ""min_samples_leaf"": 10, ""n_estimators"": 300}",3,0.6342107397175497,0.11880540272293758,45.50414420889879,5.68146834110113,63.82773746774084,0.4921538820769347,-39.143296622546906,0.7720439159311354,success,
268,hist_gradient_boosting,raw,"{""l2_regularization"": 0.0, ""learning_rate"": 0.03, ""max_iter"": 150, ""max_leaf_nodes"": 7, ""min_samples_leaf"": 10}",3,0.591424715687919,0.09502493697481305,43.205213465621455,4.690507400183846,62.5865664577536,0.4532758164235547,-33.05675463155557,0.6280088748317212,success,
269,hist_gradient_boosting,raw,"{""l2_regularization"": 0.0, ""learning_rate"": 0.03, ""max_iter"": 150, ""max_leaf_nodes"": 7, ""min_samples_leaf"": 20}",3,0.5936146261995736,0.11125823686975213,42.47004564853396,3.976091423435087,61.10078182840426,0.45306254619410874,-31.78896544184322,0.6726521251257509,success,
270,hist_gradient_boosting,raw,"{""l2_regularization"": 0.0, ""learning_rate"": 0.03, ""max_iter"": 150, ""max_leaf_nodes"": 15, ""min_samples_leaf"": 10}",3,0.6127151722077852,0.09445750608839401,43.21035324842211,4.5690802875592516,62.65174650770198,0.45590824934548274,-31.811286131320532,1.2026507090777159,success,
271,hist_gradient_boosting,raw,"{""l2_regularization"": 0.0, ""learning_rate"": 0.03, ""max_iter"": 150, ""max_leaf_nodes"": 15, ""min_samples_leaf"": 20}",3,0.618827070952258,0.1033869703898052,44.363120500343115,4.537415008972326,62.301052502179594,0.47678939899186523,-31.399615973297657,1.0415925839915872,success,
272,hist_gradient_boosting,raw,"{""l2_regularization"": 0.0, ""learning_rate"": 0.03, ""max_iter"": 300, ""max_leaf_nodes"": 7, ""min_samples_leaf"": 10}",3,0.6149276254038565,0.10841607720600376,43.41629279158596,4.736693475182604,63.65179842602358,0.4549235881068612,-32.657485512936354,0.789462500018999,success,
273,hist_gradient_boosting,raw,"{""l2_regularization"": 0.0, ""learning_rate"": 0.03, ""max_iter"": 300, ""max_leaf_nodes"": 7, ""min_samples_leaf"": 20}",3,0.5958615799299153,0.0882926597260566,42.43193906963735,3.9228623800840583,60.96137302871932,0.4542533489619301,-31.134892880158464,0.774561082944274,success,
274,hist_gradient_boosting,raw,"{""l2_regularization"": 0.0, ""learning_rate"": 0.03, ""max_iter"": 300, ""max_leaf_nodes"": 15, ""min_samples_leaf"": 10}",3,0.6408985501704006,0.09029711986341275,44.140765055612086,4.8057578965346766,63.51325951590517,0.4718304866355573,-30.96800205886908,1.5977283751126379,success,
275,hist_gradient_boosting,raw,"{""l2_regularization"": 0.0, ""learning_rate"": 0.03, ""max_iter"": 300, ""max_leaf_nodes"": 15, ""min_samples_leaf"": 20}",3,0.6415380682320734,0.08765565919092926,45.21997710929073,4.233958120334564,63.43371497801442,0.4893699023993827,-31.687462318707436,1.766973832855001,success,
276,hist_gradient_boosting,raw,"{""l2_regularization"": 0.0, ""learning_rate"": 0.1, ""max_iter"": 150, ""max_leaf_nodes"": 7, ""min_samples_leaf"": 10}",3,0.6381549132117459,0.11463504645084571,43.60325858194462,5.02695085303721,63.05459557175334,0.4632308697310376,-31.3803839429581,0.41761629097163677,success,
277,hist_gradient_boosting,raw,"{""l2_regularization"": 0.0, ""learning_rate"": 0.1, ""max_iter"": 150, ""max_leaf_nodes"": 7, ""min_samples_leaf"": 20}",3,0.626902690485471,0.10496531629401222,43.6743533690545,4.912851593209853,62.85753684317785,0.47319733423226135,-32.75991880636823,0.4044801250565797,success,
278,hist_gradient_boosting,raw,"{""l2_regularization"": 0.0, ""learning_rate"": 0.1, ""max_iter"": 150, ""max_leaf_nodes"": 15, ""min_samples_leaf"": 10}",3,0.6591152850027355,0.10032722908924993,45.44445555203398,4.937218786594711,64.0684514008074,0.49171975654528044,-30.386038892635863,1.1284845417831093,success,
279,hist_gradient_boosting,raw,"{""l2_regularization"": 0.0, ""learning_rate"": 0.1, ""max_iter"": 150, ""max_leaf_nodes"": 15, ""min_samples_leaf"": 20}",3,0.6632037750711195,0.09882323101422011,47.19283040630396,3.9158310692479277,65.17309342953045,0.5122693859515539,-33.07442978772983,0.8103998329024762,success,
280,hist_gradient_boosting,raw,"{""l2_regularization"": 0.0, ""learning_rate"": 0.1, ""max_iter"": 300, ""max_leaf_nodes"": 7, ""min_samples_leaf"": 10}",3,0.6625895749182219,0.09103159042063905,44.83845061482371,4.8593485914052845,64.2100752611732,0.486736110626091,-31.597506857427444,0.7622224160004407,success,
281,hist_gradient_boosting,raw,"{""l2_regularization"": 0.0, ""learning_rate"": 0.1, ""max_iter"": 300, ""max_leaf_nodes"": 7, ""min_samples_leaf"": 20}",3,0.6506968724706609,0.11128701843078345,44.37647312586154,5.542115746753174,63.26197483246489,0.48068767645280897,-32.030525745072815,0.7619704999960959,success,
282,hist_gradient_boosting,raw,"{""l2_regularization"": 0.0, ""learning_rate"": 0.1, ""max_iter"": 300, ""max_leaf_nodes"": 15, ""min_samples_leaf"": 10}",3,0.6718535048892558,0.09874831635831047,45.96367438557044,4.03876941555037,64.21501551318812,0.5064237391340815,-30.44971364047616,1.560462374938652,success,
283,hist_gradient_boosting,raw,"{""l2_regularization"": 0.0, ""learning_rate"": 0.1, ""max_iter"": 300, ""max_leaf_nodes"": 15, ""min_samples_leaf"": 20}",3,0.6758997951047521,0.09035017102189254,48.39623743969985,2.79835379047876,66.25199256636334,0.5237621244485907,-33.63949113922107,1.7482300831470639,success,
284,hist_gradient_boosting,raw,"{""l2_regularization"": 1.0, ""learning_rate"": 0.03, ""max_iter"": 150, ""max_leaf_nodes"": 7, ""min_samples_leaf"": 10}",3,0.5836405996806933,0.09709341463766162,42.554857502787186,5.371705923809991,61.64277337249944,0.4477596601207064,-31.86176497269858,0.48626175010576844,success,
285,hist_gradient_boosting,raw,"{""l2_regularization"": 1.0, ""learning_rate"": 0.03, ""max_iter"": 150, ""max_leaf_nodes"": 7, ""min_samples_leaf"": 20}",3,0.5943415824486223,0.10299815924314977,42.35311040209202,3.75392921000912,61.135137380606125,0.4509047520623559,-31.939208369793644,0.6883932079654187,success,
286,hist_gradient_boosting,raw,"{""l2_regularization"": 1.0, ""learning_rate"": 0.03, ""max_iter"": 150, ""max_leaf_nodes"": 15, ""min_samples_leaf"": 10}",3,0.6078334925341281,0.10202397183552389,42.912419198871014,5.738175418543019,62.67221120367037,0.4536880039574349,-31.181509079744586,1.1735372091643512,success,
287,hist_gradient_boosting,raw,"{""l2_regularization"": 1.0, ""learning_rate"": 0.03, ""max_iter"": 150, ""max_leaf_nodes"": 15, ""min_samples_leaf"": 20}",3,0.6158396663120399,0.08985826111416417,44.39457125266549,4.447670866032936,62.258571101957415,0.47515233239443994,-31.767174624490206,1.4984561251476407,success,
288,hist_gradient_boosting,raw,"{""l2_regularization"": 1.0, ""learning_rate"": 0.03, ""max_iter"": 300, ""max_leaf_nodes"": 7, ""min_samples_leaf"": 10}",3,0.6188984516838795,0.11919057495906717,42.88325918729411,5.240696355684811,63.07338491983853,0.45227010961373293,-31.723107671497832,0.9725130838342011,success,
289,hist_gradient_boosting,raw,"{""l2_regularization"": 1.0, ""learning_rate"": 0.03, ""max_iter"": 300, ""max_leaf_nodes"": 7, ""min_samples_leaf"": 20}",3,0.5992758104616936,0.104626371480334,42.81513014541605,4.2604291460909,61.329452209798326,0.45600503282864,-31.299158290542938,1.0222411670256406,success,
290,hist_gradient_boosting,raw,"{""l2_regularization"": 1.0, ""learning_rate"": 0.03, ""max_iter"": 300, ""max_leaf_nodes"": 15, ""min_samples_leaf"": 10}",3,0.6412145138847574,0.10189883195053483,43.9879111832997,5.68140552419378,64.28955166438365,0.46650648409349643,-30.611483518815643,2.1579052498564124,success,
291,hist_gradient_boosting,raw,"{""l2_regularization"": 1.0, ""learning_rate"": 0.03, ""max_iter"": 300, ""max_leaf_nodes"": 15, ""min_samples_leaf"": 20}",3,0.6408538486349732,0.0821965908516785,45.451268315543565,4.1106002223270535,63.62891965640939,0.4895062513033494,-32.180023046363395,2.1881709159351885,success,
292,hist_gradient_boosting,raw,"{""l2_regularization"": 1.0, ""learning_rate"": 0.1, ""max_iter"": 150, ""max_leaf_nodes"": 7, ""min_samples_leaf"": 10}",3,0.6333869225887258,0.11460127392636847,43.77866251210142,5.043790846232395,64.05307231744494,0.46591809111104326,-31.813220665206952,0.6981180829461664,success,
293,hist_gradient_boosting,raw,"{""l2_regularization"": 1.0, ""learning_rate"": 0.1, ""max_iter"": 150, ""max_leaf_nodes"": 7, ""min_samples_leaf"": 20}",3,0.6249194296397712,0.08111268019483826,43.4786000478989,4.054184474311797,63.05464179168475,0.4628555440578676,-32.597756859886864,0.6733278748579323,success,
294,hist_gradient_boosting,raw,"{""l2_regularization"": 1.0, ""learning_rate"": 0.1, ""max_iter"": 150, ""max_leaf_nodes"": 15, ""min_samples_leaf"": 10}",3,0.6578558032429425,0.10897654748541116,44.227445494042286,5.499339289568283,64.08592496364628,0.4808935290834649,-31.491588368539393,1.0918625830672681,success,
295,hist_gradient_boosting,raw,"{""l2_regularization"": 1.0, ""learning_rate"": 0.1, ""max_iter"": 150, ""max_leaf_nodes"": 15, ""min_samples_leaf"": 20}",3,0.6574557482942599,0.10322168648891847,46.12251055552184,4.695917237550408,64.65095582383141,0.49526483862887755,-31.569771047696733,0.889971167081967,success,
296,hist_gradient_boosting,raw,"{""l2_regularization"": 1.0, ""learning_rate"": 0.1, ""max_iter"": 300, ""max_leaf_nodes"": 7, ""min_samples_leaf"": 10}",3,0.6565780654209792,0.08524455571782961,44.205641903921155,4.026522942545043,64.01745577519571,0.48065723484859846,-31.681584648382387,0.829109458019957,success,
297,hist_gradient_boosting,raw,"{""l2_regularization"": 1.0, ""learning_rate"": 0.1, ""max_iter"": 300, ""max_leaf_nodes"": 7, ""min_samples_leaf"": 20}",3,0.6529356050355588,0.07641287753365265,44.457019502939296,3.8520440492853556,63.86573721754926,0.47731328136244855,-32.0295992514511,0.8354643748607486,success,
298,hist_gradient_boosting,raw,"{""l2_regularization"": 1.0, ""learning_rate"": 0.1, ""max_iter"": 300, ""max_leaf_nodes"": 15, ""min_samples_leaf"": 10}",3,0.6668738480000344,0.09519375700696268,44.473621840848885,4.572556856727653,63.843663077008394,0.487423049740826,-31.154655336570972,1.55227579199709,success,
299,hist_gradient_boosting,raw,"{""l2_regularization"": 1.0, ""learning_rate"": 0.1, ""max_iter"": 300, ""max_leaf_nodes"": 15, ""min_samples_leaf"": 20}",3,0.6780902997769688,0.10476979568718292,47.48337709659139,3.8385261680673914,65.8419115369292,0.5110057070182689,-31.634056391822966,1.5057273749262094,success,
300,hist_gradient_boosting,log1p,"{""l2_regularization"": 0.0, ""learning_rate"": 0.03, ""max_iter"": 150, ""max_leaf_nodes"": 7, ""min_samples_leaf"": 10}",3,0.5929105210601762,0.1443688737915154,43.28471000510993,6.739708123143034,62.79977289371712,0.45666914061347047,-37.71961132657031,0.42284608306363225,success,
301,hist_gradient_boosting,log1p,"{""l2_regularization"": 0.0, ""learning_rate"": 0.03, ""max_iter"": 150, ""max_leaf_nodes"": 7, ""min_samples_leaf"": 20}",3,0.5982204801644534,0.1270852477260273,43.919930081267495,5.932235330057912,63.80970945445761,0.4608081487077096,-38.79814593244259,0.41215554205700755,success,
302,hist_gradient_boosting,log1p,"{""l2_regularization"": 0.0, ""learning_rate"": 0.03, ""max_iter"": 150, ""max_leaf_nodes"": 15, ""min_samples_leaf"": 10}",3,0.6156317198736466,0.13923341085646052,44.18346780925734,6.898335883426738,62.58746127757195,0.47742724292460076,-37.46784400419146,0.8695856248959899,success,
303,hist_gradient_boosting,log1p,"{""l2_regularization"": 0.0, ""learning_rate"": 0.03, ""max_iter"": 150, ""max_leaf_nodes"": 15, ""min_samples_leaf"": 20}",3,0.6186016449707389,0.11457414511145234,46.390660439015456,4.409033436088273,65.3408077557397,0.4933203224119551,-39.92602282936249,0.8029127921909094,success,
304,hist_gradient_boosting,log1p,"{""l2_regularization"": 0.0, ""learning_rate"": 0.03, ""max_iter"": 300, ""max_leaf_nodes"": 7, ""min_samples_leaf"": 10}",3,0.6181243592037199,0.13526501488717832,43.33833935767774,5.9890935044036135,61.61158201320893,0.4730086172598524,-36.59442749124113,0.7951862909831107,success,
305,hist_gradient_boosting,log1p,"{""l2_regularization"": 0.0, ""learning_rate"": 0.03, ""max_iter"": 300, ""max_leaf_nodes"": 7, ""min_samples_leaf"": 20}",3,0.6056078665220164,0.13097604895647436,44.33948560656207,6.608089854932846,63.25938397136602,0.47439730867744473,-38.22411397843395,0.782219999935478,success,
306,hist_gradient_boosting,log1p,"{""l2_regularization"": 0.0, ""learning_rate"": 0.03, ""max_iter"": 300, ""max_leaf_nodes"": 15, ""min_samples_leaf"": 10}",3,0.6338373531951825,0.12038600081813719,44.443629215904345,5.759041006121637,62.2721082968361,0.48811718655577546,-36.23406511863903,1.5826137908734381,success,
307,hist_gradient_boosting,log1p,"{""l2_regularization"": 0.0, ""learning_rate"": 0.03, ""max_iter"": 300, ""max_leaf_nodes"": 15, ""min_samples_leaf"": 20}",3,0.6363764724756805,0.10632256991854643,47.39082786121878,4.52572855898244,65.55282511999151,0.5153996112819321,-39.93100461688798,1.57418566592969,success,
308,hist_gradient_boosting,log1p,"{""l2_regularization"": 0.0, ""learning_rate"": 0.1, ""max_iter"": 150, ""max_leaf_nodes"": 7, ""min_samples_leaf"": 10}",3,0.6424763371682279,0.11833809154464199,44.967843801857676,5.633714411637037,63.052422307265715,0.49616311977653504,-37.7414769280548,0.42155291698873043,success,
309,hist_gradient_boosting,log1p,"{""l2_regularization"": 0.0, ""learning_rate"": 0.1, ""max_iter"": 150, ""max_leaf_nodes"": 7, ""min_samples_leaf"": 20}",3,0.6261429272943574,0.13046652245565712,45.44786607494697,6.591606136323202,63.98670582499661,0.4943893607898901,-38.065652291022225,0.40776179102249444,success,
310,hist_gradient_boosting,log1p,"{""l2_regularization"": 0.0, ""learning_rate"": 0.1, ""max_iter"": 150, ""max_leaf_nodes"": 15, ""min_samples_leaf"": 10}",3,0.6647202044774284,0.1037030920288996,45.522581677034935,5.705150471852352,64.26336277671103,0.5028660341827341,-36.535808919662344,0.8126284999307245,success,
311,hist_gradient_boosting,log1p,"{""l2_regularization"": 0.0, ""learning_rate"": 0.1, ""max_iter"": 150, ""max_leaf_nodes"": 15, ""min_samples_leaf"": 20}",3,0.656571032392003,0.10418008537031688,49.01363137722878,5.889333051396619,67.4680058509859,0.531723330747088,-40.62994106460912,0.8226174579467624,success,
312,hist_gradient_boosting,log1p,"{""l2_regularization"": 0.0, ""learning_rate"": 0.1, ""max_iter"": 300, ""max_leaf_nodes"": 7, ""min_samples_leaf"": 10}",3,0.6780276939297821,0.10187304683115475,46.274222676156434,4.902866308620308,64.19198699052718,0.5181776075120386,-37.54856152754218,0.7730135419405997,success,
313,hist_gradient_boosting,log1p,"{""l2_regularization"": 0.0, ""learning_rate"": 0.1, ""max_iter"": 300, ""max_leaf_nodes"": 7, ""min_samples_leaf"": 20}",3,0.642825404233336,0.12348925860362978,46.96953571821189,6.236557455036906,64.89668630165805,0.5149230155105462,-37.79665874934705,0.7652054580394179,success,
314,hist_gradient_boosting,log1p,"{""l2_regularization"": 0.0, ""learning_rate"": 0.1, ""max_iter"": 300, ""max_leaf_nodes"": 15, ""min_samples_leaf"": 10}",3,0.6858274617622273,0.08751050579827657,46.37064370359789,5.498671441790876,65.08169799551173,0.5149843607112149,-36.74016162623527,1.6236324170604348,success,
315,hist_gradient_boosting,log1p,"{""l2_regularization"": 0.0, ""learning_rate"": 0.1, ""max_iter"": 300, ""max_leaf_nodes"": 15, ""min_samples_leaf"": 20}",3,0.6650141318456027,0.0953010739698257,49.36089571919701,5.893474747107361,67.71618760018656,0.5370645797884429,-40.317747964529616,1.5370887080207467,success,
316,hist_gradient_boosting,log1p,"{""l2_regularization"": 1.0, ""learning_rate"": 0.03, ""max_iter"": 150, ""max_leaf_nodes"": 7, ""min_samples_leaf"": 10}",3,0.5879503966292768,0.14643869471507853,43.11555126502168,6.280333550262621,62.863370744623985,0.4524370184718536,-37.56608248490131,0.4300885000266135,success,
317,hist_gradient_boosting,log1p,"{""l2_regularization"": 1.0, ""learning_rate"": 0.03, ""max_iter"": 150, ""max_leaf_nodes"": 7, ""min_samples_leaf"": 20}",3,0.5929251846757176,0.12504452990372023,43.844302938613,6.22327342433523,63.71183201659746,0.45862146155184824,-38.46939800653141,0.42601033416576684,success,
318,hist_gradient_boosting,log1p,"{""l2_regularization"": 1.0, ""learning_rate"": 0.03, ""max_iter"": 150, ""max_leaf_nodes"": 15, ""min_samples_leaf"": 10}",3,0.6129191340635977,0.14198517977216552,44.20358866870509,6.638819414064367,62.73152725933337,0.4739467568507452,-37.56401365364069,0.8415897088125348,success,
319,hist_gradient_boosting,log1p,"{""l2_regularization"": 1.0, ""learning_rate"": 0.03, ""max_iter"": 150, ""max_leaf_nodes"": 15, ""min_samples_leaf"": 20}",3,0.6185681079158152,0.10885849557237341,46.67983592347349,4.859299198035981,65.33524704402896,0.4965187040071608,-40.45218291862804,0.8335030840244144,success,
320,hist_gradient_boosting,log1p,"{""l2_regularization"": 1.0, ""learning_rate"": 0.03, ""max_iter"": 300, ""max_leaf_nodes"": 7, ""min_samples_leaf"": 10}",3,0.6143983266259698,0.13457881733160576,43.5085054145143,5.424068673508593,62.030962681315714,0.47119573575119994,-36.7918329190103,0.8090987079776824,success,
321,hist_gradient_boosting,log1p,"{""l2_regularization"": 1.0, ""learning_rate"": 0.03, ""max_iter"": 300, ""max_leaf_nodes"": 7, ""min_samples_leaf"": 20}",3,0.602700643061996,0.13174132152162232,44.26846349305411,6.823123190184847,63.24459387549815,0.4726257876479794,-37.62291850002694,0.7880526250228286,success,
322,hist_gradient_boosting,log1p,"{""l2_regularization"": 1.0, ""learning_rate"": 0.03, ""max_iter"": 300, ""max_leaf_nodes"": 15, ""min_samples_leaf"": 10}",3,0.6325656492153201,0.12009330230494585,44.63488904243146,5.6636020287077775,62.44114642196832,0.48853230466607966,-36.99652607158914,1.5841172088403255,success,
323,hist_gradient_boosting,log1p,"{""l2_regularization"": 1.0, ""learning_rate"": 0.03, ""max_iter"": 300, ""max_leaf_nodes"": 15, ""min_samples_leaf"": 20}",3,0.6413347190046945,0.10649805516978691,47.72063320102868,5.076952724827325,66.2579902066041,0.5166551854549898,-40.69782851295158,1.5515472078695893,success,
324,hist_gradient_boosting,log1p,"{""l2_regularization"": 1.0, ""learning_rate"": 0.1, ""max_iter"": 150, ""max_leaf_nodes"": 7, ""min_samples_leaf"": 10}",3,0.6481611399839939,0.10959570447052118,44.60746366308171,5.802560242417783,62.46684372758967,0.49127306756473105,-36.03174420332656,0.45836624992080033,success,
325,hist_gradient_boosting,log1p,"{""l2_regularization"": 1.0, ""learning_rate"": 0.1, ""max_iter"": 150, ""max_leaf_nodes"": 7, ""min_samples_leaf"": 20}",3,0.622538470313022,0.13219005418858668,45.306179827565245,6.2715378911452735,64.36354623499702,0.4873871947677694,-37.80328767170727,0.44496250012889504,success,
326,hist_gradient_boosting,log1p,"{""l2_regularization"": 1.0, ""learning_rate"": 0.1, ""max_iter"": 150, ""max_leaf_nodes"": 15, ""min_samples_leaf"": 10}",3,0.6738332557067839,0.1017574052880723,46.31903084819635,5.098667568512035,64.05240278172286,0.5181404994711082,-37.04130282183031,0.8971395420376211,success,
327,hist_gradient_boosting,log1p,"{""l2_regularization"": 1.0, ""learning_rate"": 0.1, ""max_iter"": 150, ""max_leaf_nodes"": 15, ""min_samples_leaf"": 20}",3,0.6585449622469557,0.10874437295476168,48.78316583081263,6.4936918284543435,67.83469471350138,0.5307175757727058,-40.78698962600827,0.8412999580614269,success,
328,hist_gradient_boosting,log1p,"{""l2_regularization"": 1.0, ""learning_rate"": 0.1, ""max_iter"": 300, ""max_leaf_nodes"": 7, ""min_samples_leaf"": 10}",3,0.6752458631744022,0.09918719277860531,45.292149550057424,5.642099065639079,63.4040731921535,0.5028870219711868,-35.75339331622101,0.8216321670915931,success,
329,hist_gradient_boosting,log1p,"{""l2_regularization"": 1.0, ""learning_rate"": 0.1, ""max_iter"": 300, ""max_leaf_nodes"": 7, ""min_samples_leaf"": 20}",3,0.6404866082265961,0.12928835272855418,46.51630718876846,6.2157118976821675,65.3357567829853,0.5033022893575302,-37.86380762720802,0.7896232090424746,success,
330,hist_gradient_boosting,log1p,"{""l2_regularization"": 1.0, ""learning_rate"": 0.1, ""max_iter"": 300, ""max_leaf_nodes"": 15, ""min_samples_leaf"": 10}",3,0.6966077905849555,0.08377224210406695,46.70850960350185,4.574160099898334,64.53206168025673,0.5248868923996465,-36.24465172313354,1.6069855000823736,success,
331,hist_gradient_boosting,log1p,"{""l2_regularization"": 1.0, ""learning_rate"": 0.1, ""max_iter"": 300, ""max_leaf_nodes"": 15, ""min_samples_leaf"": 20}",3,0.67221795430599,0.09118515017985862,49.51292408821822,5.824366183474712,68.26358149238274,0.541184869466055,-40.69418708638048,1.6302904170006514,success,
332,xgboost,raw,"{""colsample_bytree"": 0.8, ""learning_rate"": 0.03, ""max_depth"": 2, ""min_child_weight"": 1.0, ""n_estimators"": 150, ""reg_alpha"": 0.0, ""reg_lambda"": 1.0, ""subsample"": 0.8}",3,0.566109914436817,0.0653179491338343,42.89961968046246,4.931740775985629,62.19021026597533,0.4458960425003536,-33.27898866480047,0.3043164999689907,success,
333,xgboost,raw,"{""colsample_bytree"": 0.8, ""learning_rate"": 0.03, ""max_depth"": 2, ""min_child_weight"": 1.0, ""n_estimators"": 150, ""reg_alpha"": 0.0, ""reg_lambda"": 10.0, ""subsample"": 0.8}",3,0.5662593858954237,0.06952994980185663,42.98830145055597,5.029979048951642,61.81253369894434,0.4490520280470804,-33.269523765101574,0.20515420800074935,success,
334,xgboost,raw,"{""colsample_bytree"": 0.8, ""learning_rate"": 0.03, ""max_depth"": 2, ""min_child_weight"": 1.0, ""n_estimators"": 350, ""reg_alpha"": 0.0, ""reg_lambda"": 1.0, ""subsample"": 0.8}",3,0.5767540973563859,0.09237168882053998,42.609353874668926,4.831507671406635,62.06759662968796,0.44412515016398163,-33.23574924468994,0.4348641249816865,success,
335,xgboost,raw,"{""colsample_bytree"": 0.8, ""learning_rate"": 0.03, ""max_depth"": 2, ""min_child_weight"": 1.0, ""n_estimators"": 350, ""reg_alpha"": 0.0, ""reg_lambda"": 10.0, ""subsample"": 0.8}",3,0.5698725605782672,0.08813655640429228,42.161848501725636,5.350417385973606,60.958158408624435,0.44350575674972165,-33.231817274382614,0.459598874906078,success,
336,xgboost,raw,"{""colsample_bytree"": 0.8, ""learning_rate"": 0.03, ""max_depth"": 2, ""min_child_weight"": 5.0, ""n_estimators"": 150, ""reg_alpha"": 0.0, ""reg_lambda"": 1.0, ""subsample"": 0.8}",3,0.5580792050208733,0.06339110848238345,42.14508998755253,5.179239214697745,61.36519492660773,0.437974031424977,-32.942326285622336,0.20476366695947945,success,
337,xgboost,raw,"{""colsample_bytree"": 0.8, ""learning_rate"": 0.03, ""max_depth"": 2, ""min_child_weight"": 5.0, ""n_estimators"": 150, ""reg_alpha"": 0.0, ""reg_lambda"": 10.0, ""subsample"": 0.8}",3,0.564900370465944,0.06717240178341659,43.06285811915543,4.829663402141993,62.10639534125474,0.4482363236411114,-33.43386967976888,0.20874725002795458,success,
338,xgboost,raw,"{""colsample_bytree"": 0.8, ""learning_rate"": 0.03, ""max_depth"": 2, ""min_child_weight"": 5.0, ""n_estimators"": 350, ""reg_alpha"": 0.0, ""reg_lambda"": 1.0, ""subsample"": 0.8}",3,0.571761530876234,0.07498040153546552,42.106849236921825,5.197864087013242,61.84966235443403,0.44007476134681567,-33.363812908981785,0.4191284580156207,success,
339,xgboost,raw,"{""colsample_bytree"": 0.8, ""learning_rate"": 0.03, ""max_depth"": 2, ""min_child_weight"": 5.0, ""n_estimators"": 350, ""reg_alpha"": 0.0, ""reg_lambda"": 10.0, ""subsample"": 0.8}",3,0.5734661722881039,0.0893138954759233,42.358798605023004,5.493737748784876,61.32187003245938,0.44515509861606395,-33.446978915821425,0.42564437515102327,success,
340,xgboost,raw,"{""colsample_bytree"": 0.8, ""learning_rate"": 0.03, ""max_depth"": 4, ""min_child_weight"": 1.0, ""n_estimators"": 150, ""reg_alpha"": 0.0, ""reg_lambda"": 1.0, ""subsample"": 0.8}",3,0.5788577607426426,0.10240811897002246,41.8214530655832,5.497138305413109,61.37911063654533,0.43356701646080337,-31.809764659766,0.3192979160230607,success,
341,xgboost,raw,"{""colsample_bytree"": 0.8, ""learning_rate"": 0.03, ""max_depth"": 4, ""min_child_weight"": 1.0, ""n_estimators"": 150, ""reg_alpha"": 0.0, ""reg_lambda"": 10.0, ""subsample"": 0.8}",3,0.5709133541265203,0.07989765113095204,42.66595300038655,5.017650165066556,62.04729839916109,0.4389837153099642,-32.10886854113954,0.31190670910291374,success,
342,xgboost,raw,"{""colsample_bytree"": 0.8, ""learning_rate"": 0.03, ""max_depth"": 4, ""min_child_weight"": 1.0, ""n_estimators"": 350, ""reg_alpha"": 0.0, ""reg_lambda"": 1.0, ""subsample"": 0.8}",3,0.6021759168344446,0.09960849493285782,42.60695390990286,5.721543106874655,61.262880429934874,0.44964145660727994,-31.649683316548664,0.7082228329963982,success,
343,xgboost,raw,"{""colsample_bytree"": 0.8, ""learning_rate"": 0.03, ""max_depth"": 4, ""min_child_weight"": 1.0, ""n_estimators"": 350, ""reg_alpha"": 0.0, ""reg_lambda"": 10.0, ""subsample"": 0.8}",3,0.5894967426573471,0.08767356114536701,43.097647377938934,5.575280955219152,62.20673488812955,0.4466485956790502,-31.803703510400016,0.7081986658740789,success,
344,xgboost,raw,"{""colsample_bytree"": 0.8, ""learning_rate"": 0.03, ""max_depth"": 4, ""min_child_weight"": 5.0, ""n_estimators"": 150, ""reg_alpha"": 0.0, ""reg_lambda"": 1.0, ""subsample"": 0.8}",3,0.5814910445033287,0.09044142712622179,42.11789056026575,5.707548277738424,61.348712746415906,0.43886601640713,-31.234975121238012,0.3524210420437157,success,
345,xgboost,raw,"{""colsample_bytree"": 0.8, ""learning_rate"": 0.03, ""max_depth"": 4, ""min_child_weight"": 5.0, ""n_estimators"": 150, ""reg_alpha"": 0.0, ""reg_lambda"": 10.0, ""subsample"": 0.8}",3,0.5826437197258817,0.08504881982258473,43.50230875882235,4.670164650859385,62.80426189635594,0.4491634298117857,-32.37382906133478,0.31937287491746247,success,
346,xgboost,raw,"{""colsample_bytree"": 0.8, ""learning_rate"": 0.03, ""max_depth"": 4, ""min_child_weight"": 5.0, ""n_estimators"": 350, ""reg_alpha"": 0.0, ""reg_lambda"": 1.0, ""subsample"": 0.8}",3,0.6125746593390184,0.085512039848358,43.72099324428674,5.549805075452322,63.00231636503909,0.46066398166785955,-32.14045209595651,0.6959351671393961,success,
347,xgboost,raw,"{""colsample_bytree"": 0.8, ""learning_rate"": 0.03, ""max_depth"": 4, ""min_child_weight"": 5.0, ""n_estimators"": 350, ""reg_alpha"": 0.0, ""reg_lambda"": 10.0, ""subsample"": 0.8}",3,0.5995318122173426,0.08985347464473668,44.08461151701031,5.054168690029805,63.284864155365646,0.4567723113314481,-32.11678189942331,0.6918794580269605,success,
348,xgboost,raw,"{""colsample_bytree"": 0.8, ""learning_rate"": 0.1, ""max_depth"": 2, ""min_child_weight"": 1.0, ""n_estimators"": 150, ""reg_alpha"": 0.0, ""reg_lambda"": 1.0, ""subsample"": 0.8}",3,0.6057599288350232,0.10405178508626792,44.19743728637695,5.518564253446235,63.84264848969727,0.4609006999485024,-34.657476193977125,0.18839412508532405,success,
349,xgboost,raw,"{""colsample_bytree"": 0.8, ""learning_rate"": 0.1, ""max_depth"": 2, ""min_child_weight"": 1.0, ""n_estimators"": 150, ""reg_alpha"": 0.0, ""reg_lambda"": 10.0, ""subsample"": 0.8}",3,0.5910554573840666,0.09835359581829427,43.411523009791516,5.519995651283789,62.663658712699146,0.45583447708099506,-34.167365970033586,0.20257408311590552,success,
350,xgboost,raw,"{""colsample_bytree"": 0.8, ""learning_rate"": 0.1, ""max_depth"": 2, ""min_child_weight"": 1.0, ""n_estimators"": 350, ""reg_alpha"": 0.0, ""reg_lambda"": 1.0, ""subsample"": 0.8}",3,0.6290994720760333,0.10400817752057288,44.93149575320157,4.810690196315776,64.1628419384194,0.47544482472489547,-33.92235874407219,0.40667979093268514,success,
351,xgboost,raw,"{""colsample_bytree"": 0.8, ""learning_rate"": 0.1, ""max_depth"": 2, ""min_child_weight"": 1.0, ""n_estimators"": 350, ""reg_alpha"": 0.0, ""reg_lambda"": 10.0, ""subsample"": 0.8}",3,0.6067755645511727,0.11629834904288192,43.41141105420662,5.252116626196329,62.846926860211305,0.45852767978596304,-33.49788064667673,0.4153982081916183,success,
352,xgboost,raw,"{""colsample_bytree"": 0.8, ""learning_rate"": 0.1, ""max_depth"": 2, ""min_child_weight"": 5.0, ""n_estimators"": 150, ""reg_alpha"": 0.0, ""reg_lambda"": 1.0, ""subsample"": 0.8}",3,0.5932544192280784,0.10446755377475227,43.57038333199241,5.771750533904495,63.09304828185606,0.45840390689160654,-34.5770498044563,0.20342937507666647,success,
353,xgboost,raw,"{""colsample_bytree"": 0.8, ""learning_rate"": 0.1, ""max_depth"": 2, ""min_child_weight"": 5.0, ""n_estimators"": 150, ""reg_alpha"": 0.0, ""reg_lambda"": 10.0, ""subsample"": 0.8}",3,0.5797615878436233,0.08407422421922921,43.03535325599439,5.120150234369689,62.19312096882817,0.45033918101657733,-34.26146492813573,0.2129820839036256,success,
354,xgboost,raw,"{""colsample_bytree"": 0.8, ""learning_rate"": 0.1, ""max_depth"": 2, ""min_child_weight"": 5.0, ""n_estimators"": 350, ""reg_alpha"": 0.0, ""reg_lambda"": 1.0, ""subsample"": 0.8}",3,0.624608413847714,0.119297357413722,43.94241465944233,6.127877934032583,64.02173790471637,0.4628973211250155,-34.19859851490367,0.4238902919460088,success,
355,xgboost,raw,"{""colsample_bytree"": 0.8, ""learning_rate"": 0.1, ""max_depth"": 2, ""min_child_weight"": 5.0, ""n_estimators"": 350, ""reg_alpha"": 0.0, ""reg_lambda"": 10.0, ""subsample"": 0.8}",3,0.6032799413256112,0.1259498676373302,43.45015528707793,6.750112026296241,62.969815100319295,0.4565670040789307,-34.19639335979115,0.39608608302660286,success,
356,xgboost,raw,"{""colsample_bytree"": 0.8, ""learning_rate"": 0.1, ""max_depth"": 4, ""min_child_weight"": 1.0, ""n_estimators"": 150, ""reg_alpha"": 0.0, ""reg_lambda"": 1.0, ""subsample"": 0.8}",3,0.6527517832966926,0.08167909544108785,45.12712149186567,2.9785412653523324,63.860574021945645,0.4876826397790626,-31.755561192830402,0.3276075420435518,success,
357,xgboost,raw,"{""colsample_bytree"": 0.8, ""learning_rate"": 0.1, ""max_depth"": 4, ""min_child_weight"": 1.0, ""n_estimators"": 150, ""reg_alpha"": 0.0, ""reg_lambda"": 10.0, ""subsample"": 0.8}",3,0.6042540695497244,0.07447269651777165,44.11669624213016,5.242777643519417,62.82058101552832,0.4645304617120872,-32.31031848445083,0.3168430000077933,success,
358,xgboost,raw,"{""colsample_bytree"": 0.8, ""learning_rate"": 0.1, ""max_depth"": 4, ""min_child_weight"": 1.0, ""n_estimators"": 350, ""reg_alpha"": 0.0, ""reg_lambda"": 1.0, ""subsample"": 0.8}",3,0.6734534418788889,0.06271133661760271,46.64287262251883,2.8337650697411028,64.41969201130676,0.5162799670794977,-32.2226567846356,0.7326038749888539,success,
359,xgboost,raw,"{""colsample_bytree"": 0.8, ""learning_rate"": 0.1, ""max_depth"": 4, ""min_child_weight"": 1.0, ""n_estimators"": 350, ""reg_alpha"": 0.0, ""reg_lambda"": 10.0, ""subsample"": 0.8}",3,0.6368590830194916,0.06856384748077968,45.76981330640388,5.0936938804202505,64.03797006272917,0.49278183159360833,-32.64603187098648,0.7200187088456005,success,
360,xgboost,raw,"{""colsample_bytree"": 0.8, ""learning_rate"": 0.1, ""max_depth"": 4, ""min_child_weight"": 5.0, ""n_estimators"": 150, ""reg_alpha"": 0.0, ""reg_lambda"": 1.0, ""subsample"": 0.8}",3,0.657907460174493,0.08170392073490124,44.576286287018746,4.586377481005902,64.49016966511358,0.47509761706628034,-32.60490460829302,0.3255769161041826,success,
361,xgboost,raw,"{""colsample_bytree"": 0.8, ""learning_rate"": 0.1, ""max_depth"": 4, ""min_child_weight"": 5.0, ""n_estimators"": 150, ""reg_alpha"": 0.0, ""reg_lambda"": 10.0, ""subsample"": 0.8}",3,0.6220017730940265,0.08643458817830868,44.97402306758996,6.0893368039171865,63.78211877984517,0.47542025256658293,-32.19855308532715,0.3152573748957366,success,
362,xgboost,raw,"{""colsample_bytree"": 0.8, ""learning_rate"": 0.1, ""max_depth"": 4, ""min_child_weight"": 5.0, ""n_estimators"": 350, ""reg_alpha"": 0.0, ""reg_lambda"": 1.0, ""subsample"": 0.8}",3,0.6693728034499512,0.056568185042761,45.66314520980373,3.9410326907351068,64.75618634668173,0.4930896296945542,-33.187157573121965,0.6868809170555323,success,
363,xgboost,raw,"{""colsample_bytree"": 0.8, ""learning_rate"": 0.1, ""max_depth"": 4, ""min_child_weight"": 5.0, ""n_estimators"": 350, ""reg_alpha"": 0.0, ""reg_lambda"": 10.0, ""subsample"": 0.8}",3,0.6447042757242113,0.09264900552115932,46.117859898191504,5.974054496587116,64.254524066225,0.500643154009421,-32.77062621261134,0.6946920000482351,success,
364,xgboost,log1p,"{""colsample_bytree"": 0.8, ""learning_rate"": 0.03, ""max_depth"": 2, ""min_child_weight"": 1.0, ""n_estimators"": 150, ""reg_alpha"": 0.0, ""reg_lambda"": 1.0, ""subsample"": 0.8}",3,0.5863714343847467,0.10019919281433856,45.14856928045099,4.319762251246361,65.91119704048418,0.45571443789060617,-40.991361155654445,0.2040898751001805,success,
365,xgboost,log1p,"{""colsample_bytree"": 0.8, ""learning_rate"": 0.03, ""max_depth"": 2, ""min_child_weight"": 1.0, ""n_estimators"": 150, ""reg_alpha"": 0.0, ""reg_lambda"": 10.0, ""subsample"": 0.8}",3,0.5856819030437365,0.10147614129970342,45.158502492037684,4.507382608886618,66.40814869497001,0.45047807125225914,-41.29788835120923,0.19593433383852243,success,
366,xgboost,log1p,"{""colsample_bytree"": 0.8, ""learning_rate"": 0.03, ""max_depth"": 2, ""min_child_weight"": 1.0, ""n_estimators"": 350, ""reg_alpha"": 0.0, ""reg_lambda"": 1.0, ""subsample"": 0.8}",3,0.6036537750251366,0.10204006223675588,44.28206305070356,5.2220080480556605,64.2001558622535,0.463615692654274,-39.874001416293055,0.432602500077337,success,
367,xgboost,log1p,"{""colsample_bytree"": 0.8, ""learning_rate"": 0.03, ""max_depth"": 2, ""min_child_weight"": 1.0, ""n_estimators"": 350, ""reg_alpha"": 0.0, ""reg_lambda"": 10.0, ""subsample"": 0.8}",3,0.5830901434789406,0.11430011231714686,43.68021436171097,5.374834922479788,63.50311545016206,0.44879987126630505,-39.557709925102465,0.44679708406329155,success,
368,xgboost,log1p,"{""colsample_bytree"": 0.8, ""learning_rate"": 0.03, ""max_depth"": 2, ""min_child_weight"": 5.0, ""n_estimators"": 150, ""reg_alpha"": 0.0, ""reg_lambda"": 1.0, ""subsample"": 0.8}",3,0.5868769985422088,0.10147498846412095,45.09088909264767,4.505239908313738,66.00837052787203,0.45361608257149294,-41.061303398825906,0.2061837080400437,success,
369,xgboost,log1p,"{""colsample_bytree"": 0.8, ""learning_rate"": 0.03, ""max_depth"": 2, ""min_child_weight"": 5.0, ""n_estimators"": 150, ""reg_alpha"": 0.0, ""reg_lambda"": 10.0, ""subsample"": 0.8}",3,0.5863196831355991,0.10192656054248808,45.21727576400295,4.500813361361061,66.34785556623474,0.45158749703877055,-41.316062956145316,0.1933771250769496,success,
370,xgboost,log1p,"{""colsample_bytree"": 0.8, ""learning_rate"": 0.03, ""max_depth"": 2, ""min_child_weight"": 5.0, ""n_estimators"": 350, ""reg_alpha"": 0.0, ""reg_lambda"": 1.0, ""subsample"": 0.8}",3,0.6005360713312612,0.11369627283493478,44.24268852580678,5.506573416298994,64.28819325255598,0.463166495424621,-39.884217031074286,0.42375483410432935,success,
371,xgboost,log1p,"{""colsample_bytree"": 0.8, ""learning_rate"": 0.03, ""max_depth"": 2, ""min_child_weight"": 5.0, ""n_estimators"": 350, ""reg_alpha"": 0.0, ""reg_lambda"": 10.0, ""subsample"": 0.8}",3,0.5848564289883412,0.11584883988920568,43.80380520676121,5.256831848575194,63.67676188624105,0.45023763426516994,-39.63654541246819,0.4209461249411106,success,
372,xgboost,log1p,"{""colsample_bytree"": 0.8, ""learning_rate"": 0.03, ""max_depth"": 4, ""min_child_weight"": 1.0, ""n_estimators"": 150, ""reg_alpha"": 0.0, ""reg_lambda"": 1.0, ""subsample"": 0.8}",3,0.599468565667859,0.12107133028734286,43.918188210689664,5.4954350966347185,63.46002942657918,0.45977446649713977,-37.43987308848988,0.315502000041306,success,
373,xgboost,log1p,"{""colsample_bytree"": 0.8, ""learning_rate"": 0.03, ""max_depth"": 4, ""min_child_weight"": 1.0, ""n_estimators"": 150, ""reg_alpha"": 0.0, ""reg_lambda"": 10.0, ""subsample"": 0.8}",3,0.5932784825491875,0.11155878478961095,44.429271669098824,4.9607628599223155,64.6664038906009,0.45826189981556015,-38.876835360671535,0.3104053749702871,success,
374,xgboost,log1p,"{""colsample_bytree"": 0.8, ""learning_rate"": 0.03, ""max_depth"": 4, ""min_child_weight"": 1.0, ""n_estimators"": 350, ""reg_alpha"": 0.0, ""reg_lambda"": 1.0, ""subsample"": 0.8}",3,0.630387046838902,0.11301857076346865,44.908389842871465,5.983489874285899,63.72452211384418,0.47947816554878236,-37.52550226269346,0.7092648749239743,success,
375,xgboost,log1p,"{""colsample_bytree"": 0.8, ""learning_rate"": 0.03, ""max_depth"": 4, ""min_child_weight"": 1.0, ""n_estimators"": 350, ""reg_alpha"": 0.0, ""reg_lambda"": 10.0, ""subsample"": 0.8}",3,0.6108606892707019,0.11001197624135606,44.67200287905606,5.61002609714467,63.51173559586524,0.4740236200276997,-37.65178324959495,0.7136021249461919,success,
376,xgboost,log1p,"{""colsample_bytree"": 0.8, ""learning_rate"": 0.03, ""max_depth"": 4, ""min_child_weight"": 5.0, ""n_estimators"": 150, ""reg_alpha"": 0.0, ""reg_lambda"": 1.0, ""subsample"": 0.8}",3,0.6062027811770878,0.11913711535099683,44.046809875603884,5.721619623891957,63.574351591159484,0.46388320982719833,-37.73203336831295,0.3293876249808818,success,
377,xgboost,log1p,"{""colsample_bytree"": 0.8, ""learning_rate"": 0.03, ""max_depth"": 4, ""min_child_weight"": 5.0, ""n_estimators"": 150, ""reg_alpha"": 0.0, ""reg_lambda"": 10.0, ""subsample"": 0.8}",3,0.5980297182805184,0.10991964528659218,44.453396797180176,5.074481129291268,64.45153914807877,0.461814320286533,-39.050930167689465,0.3626269169617444,success,
378,xgboost,log1p,"{""colsample_bytree"": 0.8, ""learning_rate"": 0.03, ""max_depth"": 4, ""min_child_weight"": 5.0, ""n_estimators"": 350, ""reg_alpha"": 0.0, ""reg_lambda"": 1.0, ""subsample"": 0.8}",3,0.642501347149315,0.11241627066626003,45.333861452160455,6.043818512867494,63.84714141909987,0.4884522495972759,-37.40610985322432,0.72995899990201,success,
379,xgboost,log1p,"{""colsample_bytree"": 0.8, ""learning_rate"": 0.03, ""max_depth"": 4, ""min_child_weight"": 5.0, ""n_estimators"": 350, ""reg_alpha"": 0.0, ""reg_lambda"": 10.0, ""subsample"": 0.8}",3,0.6168085004712843,0.10923821264650616,44.71920461365671,5.935535732128722,63.48785509686143,0.47765841021030964,-37.9998992284139,0.7247520419768989,success,
380,xgboost,log1p,"{""colsample_bytree"": 0.8, ""learning_rate"": 0.1, ""max_depth"": 2, ""min_child_weight"": 1.0, ""n_estimators"": 150, ""reg_alpha"": 0.0, ""reg_lambda"": 1.0, ""subsample"": 0.8}",3,0.6246073197894801,0.10971495097056881,44.843387112473,5.560074618199668,63.971024296785885,0.4780275210865111,-39.9116951046568,0.20785475010052323,success,
381,xgboost,log1p,"{""colsample_bytree"": 0.8, ""learning_rate"": 0.1, ""max_depth"": 2, ""min_child_weight"": 1.0, ""n_estimators"": 150, ""reg_alpha"": 0.0, ""reg_lambda"": 10.0, ""subsample"": 0.8}",3,0.5946942591302196,0.12262425428558878,44.535981698469676,6.2338932712174255,63.91497269210177,0.46466458975024433,-39.71242734157678,0.21298537496477365,success,
382,xgboost,log1p,"{""colsample_bytree"": 0.8, ""learning_rate"": 0.1, ""max_depth"": 2, ""min_child_weight"": 1.0, ""n_estimators"": 350, ""reg_alpha"": 0.0, ""reg_lambda"": 1.0, ""subsample"": 0.8}",3,0.6661691169258305,0.0974304007241595,47.098802508729875,5.751002700885268,65.4262636501217,0.5117355313627002,-40.76810368624601,0.45283716707490385,success,
383,xgboost,log1p,"{""colsample_bytree"": 0.8, ""learning_rate"": 0.1, ""max_depth"": 2, ""min_child_weight"": 1.0, ""n_estimators"": 350, ""reg_alpha"": 0.0, ""reg_lambda"": 10.0, ""subsample"": 0.8}",3,0.6167142821257202,0.12298768126064104,46.102449619408816,6.5652756239584615,64.37524957491583,0.4941790472253013,-40.23716750289454,0.4506449580658227,success,
384,xgboost,log1p,"{""colsample_bytree"": 0.8, ""learning_rate"": 0.1, ""max_depth"": 2, ""min_child_weight"": 5.0, ""n_estimators"": 150, ""reg_alpha"": 0.0, ""reg_lambda"": 1.0, ""subsample"": 0.8}",3,0.6200365194660841,0.12710887657575018,44.75257957342899,7.170271244474156,63.636150127101025,0.4790347723034831,-40.0154197288282,0.21087412512861192,success,
385,xgboost,log1p,"{""colsample_bytree"": 0.8, ""learning_rate"": 0.1, ""max_depth"": 2, ""min_child_weight"": 5.0, ""n_estimators"": 150, ""reg_alpha"": 0.0, ""reg_lambda"": 10.0, ""subsample"": 0.8}",3,0.5922950096261477,0.12241186432593926,44.11068185170492,6.670855777245306,63.38886709714972,0.4602787384635821,-39.091194181731254,0.19373012497089803,success,
386,xgboost,log1p,"{""colsample_bytree"": 0.8, ""learning_rate"": 0.1, ""max_depth"": 2, ""min_child_weight"": 5.0, ""n_estimators"": 350, ""reg_alpha"": 0.0, ""reg_lambda"": 1.0, ""subsample"": 0.8}",3,0.6636295174281607,0.10676993665989636,46.39793043425589,6.945737716294491,64.31103102080492,0.5101791944238739,-39.79845937093099,0.44233337487094104,success,
387,xgboost,log1p,"{""colsample_bytree"": 0.8, ""learning_rate"": 0.1, ""max_depth"": 2, ""min_child_weight"": 5.0, ""n_estimators"": 350, ""reg_alpha"": 0.0, ""reg_lambda"": 10.0, ""subsample"": 0.8}",3,0.6162552346896334,0.12804510730046045,46.00436869534579,7.5984048213648245,63.63939797039342,0.4965766197802841,-39.592894467440516,0.4541955830063671,success,
388,xgboost,log1p,"{""colsample_bytree"": 0.8, ""learning_rate"": 0.1, ""max_depth"": 4, ""min_child_weight"": 1.0, ""n_estimators"": 150, ""reg_alpha"": 0.0, ""reg_lambda"": 1.0, ""subsample"": 0.8}",3,0.6333137327883972,0.11422415772021072,45.54808431683165,5.909148876809813,64.32765611077774,0.48777230112647346,-37.25881530299331,0.3167630420066416,success,
389,xgboost,log1p,"{""colsample_bytree"": 0.8, ""learning_rate"": 0.1, ""max_depth"": 4, ""min_child_weight"": 1.0, ""n_estimators"": 150, ""reg_alpha"": 0.0, ""reg_lambda"": 10.0, ""subsample"": 0.8}",3,0.6352143137496173,0.09531472378541626,46.08813566150087,5.3703171654259005,65.21089987189605,0.4898325532234311,-37.7349179874767,0.33677004207856953,success,
390,xgboost,log1p,"{""colsample_bytree"": 0.8, ""learning_rate"": 0.1, ""max_depth"": 4, ""min_child_weight"": 1.0, ""n_estimators"": 350, ""reg_alpha"": 0.0, ""reg_lambda"": 1.0, ""subsample"": 0.8}",3,0.6383013881700272,0.10289057808727795,45.35406104001132,5.539253477300635,63.59988148343507,0.4896643744505309,-36.41009293180523,0.6975644170306623,success,
391,xgboost,log1p,"{""colsample_bytree"": 0.8, ""learning_rate"": 0.1, ""max_depth"": 4, ""min_child_weight"": 1.0, ""n_estimators"": 350, ""reg_alpha"": 0.0, ""reg_lambda"": 10.0, ""subsample"": 0.8}",3,0.6565116524844586,0.0827188860176942,46.88544649066347,4.71997479909949,65.5009150909342,0.5032046508215188,-37.32453323133064,0.6968669579364359,success,
392,xgboost,log1p,"{""colsample_bytree"": 0.8, ""learning_rate"": 0.1, ""max_depth"": 4, ""min_child_weight"": 5.0, ""n_estimators"": 150, ""reg_alpha"": 0.0, ""reg_lambda"": 1.0, ""subsample"": 0.8}",3,0.675194865621895,0.10086095567468227,47.06242116292318,5.884043823316081,65.42887124555153,0.5147980633306773,-37.68320181875518,0.3349017908331007,success,
393,xgboost,log1p,"{""colsample_bytree"": 0.8, ""learning_rate"": 0.1, ""max_depth"": 4, ""min_child_weight"": 5.0, ""n_estimators"": 150, ""reg_alpha"": 0.0, ""reg_lambda"": 10.0, ""subsample"": 0.8}",3,0.6393909411541078,0.10102787710791702,45.92763724471583,6.409555001254216,65.2013890030945,0.4878126221599189,-37.71615279804576,0.32650854205712676,success,
394,xgboost,log1p,"{""colsample_bytree"": 0.8, ""learning_rate"": 0.1, ""max_depth"": 4, ""min_child_weight"": 5.0, ""n_estimators"": 350, ""reg_alpha"": 0.0, ""reg_lambda"": 1.0, ""subsample"": 0.8}",3,0.6897652576249135,0.06917032993438708,47.77648350686738,4.40459223936247,65.62486375143743,0.5264082960406525,-37.32980494065718,0.6886492089834064,success,
395,xgboost,log1p,"{""colsample_bytree"": 0.8, ""learning_rate"": 0.1, ""max_depth"": 4, ""min_child_weight"": 5.0, ""n_estimators"": 350, ""reg_alpha"": 0.0, ""reg_lambda"": 10.0, ""subsample"": 0.8}",3,0.6649796569799727,0.08827519516477529,47.04558178872773,6.462052131699913,65.43687712602316,0.5102818556020083,-37.97033775213993,0.6997697909828275,success,
