configuration_id,model,target_transform,parameters,fold,train_rows,validation_rows,rmsle,mae,rmse,smape,forecast_bias
1,dummy_mean,raw,{},1,546,22,0.8535174418919174,60.78471528471528,83.99354927578541,0.6455930129759679,-46.58091908091908
1,dummy_mean,raw,{},2,568,22,0.8632576129913432,61.37099871959027,81.63052119704906,0.6565993420972634,-45.6161971830986
1,dummy_mean,raw,{},3,590,22,0.8403830426818668,58.42218798151002,75.08316435673568,0.6533886987873769,-40.710631741140226
2,dummy_median,raw,{},1,546,22,0.9245384358711937,65.68181818181819,89.5323709869534,0.7208175997824553,-55.95454545454545
2,dummy_median,raw,{},2,568,22,0.9318234004557419,66.13636363636364,87.53830330463657,0.7281724223315241,-55.5
2,dummy_median,raw,{},3,590,22,0.9104616047153311,63.40909090909091,81.5544993463657,0.728274287708712,-51.68181818181818
3,ridge,raw,"{""alpha"": 0.01}",1,546,22,0.7606959420457943,53.548058790680415,79.37299517004615,0.5695346181393129,-36.22700865591096
3,ridge,raw,"{""alpha"": 0.01}",2,568,22,0.6475636204442645,47.611699924191676,61.57650844285913,0.5034841948886533,-33.632401894834906
3,ridge,raw,"{""alpha"": 0.01}",3,590,22,0.6040740390305165,39.427060031807976,50.42615209965018,0.4576346297785659,-27.994534114949975
4,ridge,raw,"{""alpha"": 0.1}",1,546,22,0.7606185257072454,53.544600401012616,79.36970906446503,0.5694657043250108,-36.225234785781076
4,ridge,raw,"{""alpha"": 0.1}",2,568,22,0.6475279135267832,47.6089721169255,61.57347618413298,0.5034473652857732,-33.63168836724967
4,ridge,raw,"{""alpha"": 0.1}",3,590,22,0.6040463328194609,39.425342238089314,50.42406500346457,0.4576046638486327,-27.992588363873157
5,ridge,raw,"{""alpha"": 1.0}",1,546,22,0.7598581503385738,53.51048149997052,79.33738840595144,0.5687844207325836,-36.20746015894985
5,ridge,raw,"{""alpha"": 1.0}",2,568,22,0.6471767872530504,47.58218715696515,61.543923869931284,0.5030827398001697,-33.62440756082192
5,ridge,raw,"{""alpha"": 1.0}",3,590,22,0.60377317884005,39.40845016894853,50.40360452905013,0.45730892124150313,-27.973382026227622
6,ridge,raw,"{""alpha"": 10.0}",1,546,22,0.753414714107582,53.208764397415536,79.05908926942138,0.5626614087019151,-36.03093484065678
6,ridge,raw,"{""alpha"": 10.0}",2,568,22,0.6441699764400969,47.3554232678056,61.310858185908074,0.49976897116714875,-33.54370028475011
6,ridge,raw,"{""alpha"": 10.0}",3,590,22,0.6013802567991655,39.26396354860279,50.23457935698021,0.4546837492734878,-27.803921575119453
7,ridge,raw,"{""alpha"": 100.0}",1,546,22,0.729856445348559,51.744499005100415,77.86643564102675,0.5315602731931187,-34.97620336831424
7,ridge,raw,"{""alpha"": 100.0}",2,568,22,0.6340052966712895,46.63534190724604,60.99239102536986,0.4852367662615027,-33.07908701666099
7,ridge,raw,"{""alpha"": 100.0}",3,590,22,0.5920121197421151,38.77910070298171,49.96455269637666,0.44179935961216255,-27.159757541823236
8,ridge,raw,"{""alpha"": 1000.0}",1,546,22,0.7269866485872308,51.54724693163489,76.72297991926186,0.529147711928948,-36.04159568710275
8,ridge,raw,"{""alpha"": 1000.0}",2,568,22,0.6686230910759707,49.50543050647329,65.88637686809972,0.5192626593785621,-35.20205491554575
8,ridge,raw,"{""alpha"": 1000.0}",3,590,22,0.6198741081393591,41.91791731521181,54.704771798841676,0.46557673191385346,-29.01859582903617
9,ridge,log1p,"{""alpha"": 0.01}",1,546,22,0.9632367800040276,110.80985376887683,280.38032419194326,0.6391483986430618,14.980648412119372
9,ridge,log1p,"{""alpha"": 0.01}",2,568,22,0.6807770802616934,55.38153666219784,76.9844566958912,0.5524040852109746,-31.225331781505634
9,ridge,log1p,"{""alpha"": 0.01}",3,590,22,0.5577661941561768,36.235439767844134,47.03379785101844,0.44446744070333016,-27.72987203833917
10,ridge,log1p,"{""alpha"": 0.1}",1,546,22,0.9630446450141353,110.7207832949079,279.98460849539595,0.63911947648141,14.889505458555407
10,ridge,log1p,"{""alpha"": 0.1}",2,568,22,0.6806483047624621,55.36397769575569,76.93206234684209,0.5523720030635088,-31.242345916562712
10,ridge,log1p,"{""alpha"": 0.1}",3,590,22,0.5577466186697565,36.23448151666584,47.032247277566384,0.44444224827270346,-27.729503483108726
11,ridge,log1p,"{""alpha"": 1.0}",1,546,22,0.9611724574735854,109.85881164018241,276.16029320686124,0.6388305337667628,14.008018810777259
11,ridge,log1p,"{""alpha"": 1.0}",2,568,22,0.6793999454135233,55.194311691412736,76.42858784188786,0.5520584806650297,-31.406745651546224
11,ridge,log1p,"{""alpha"": 1.0}",3,590,22,0.5575564231343747,36.225543960586464,47.01742662383329,0.4441977380064777,-27.726076460390185
12,ridge,log1p,"{""alpha"": 10.0}",1,546,22,0.9462661322911149,103.36682609933312,247.71438293781318,0.6360177365407406,7.408890826643576
12,ridge,log1p,"{""alpha"": 10.0}",2,568,22,0.669933534871441,53.94354682301728,72.87046227450314,0.5496226953827633,-32.62925709013864
12,ridge,log1p,"{""alpha"": 10.0}",3,590,22,0.5561011246028668,36.18471302064609,46.92418650965615,0.44233692727974083,-27.71477281603222
13,ridge,log1p,"{""alpha"": 100.0}",1,546,22,0.8974639226517562,85.6075652100192,175.6117115323455,0.6183298779534181,-10.11308609997759
13,ridge,log1p,"{""alpha"": 100.0}",2,568,22,0.6509624350819782,51.74445982685568,66.88138351060793,0.5505694544193844,-36.07751395438412
13,ridge,log1p,"{""alpha"": 100.0}",3,590,22,0.5555565362521931,37.04961417429002,47.58569149798017,0.44318198124362324,-28.556116178738765
14,ridge,log1p,"{""alpha"": 1000.0}",1,546,22,0.8392518607085108,64.66445267958915,97.54533880925614,0.6235725021494062,-38.150774762996086
14,ridge,log1p,"{""alpha"": 1000.0}",2,568,22,0.7150828717596649,56.47672951243506,73.22329521848144,0.6143404377780181,-46.1514780146767
14,ridge,log1p,"{""alpha"": 1000.0}",3,590,22,0.6214625289708471,44.69549313384616,57.71058321920857,0.5127968631831039,-38.68350208203927
15,elastic_net,raw,"{""alpha"": 0.001, ""l1_ratio"": 0.1}",1,546,22,0.7602788449385127,53.529430953689854,79.35532935483462,0.5691623956640465,-36.21732865630817
15,elastic_net,raw,"{""alpha"": 0.001, ""l1_ratio"": 0.1}",2,568,22,0.6473637663545184,47.596455307227124,61.55963590503185,0.5032773970896849,-33.628317773462
15,elastic_net,raw,"{""alpha"": 0.001, ""l1_ratio"": 0.1}",3,590,22,0.6039119279530797,39.41702323083419,50.413981953064855,0.4574592913947395,-27.983146461420276
16,elastic_net,raw,"{""alpha"": 0.001, ""l1_ratio"": 0.5}",1,546,22,0.7604405344348221,53.536829636788916,79.36239411499479,0.5693071586583721,-36.220907938555875
16,elastic_net,raw,"{""alpha"": 0.001, ""l1_ratio"": 0.5}",2,568,22,0.6474432279196485,47.60257414969994,61.566480672613615,0.5033594961602493,-33.62984434756355
16,elastic_net,raw,"{""alpha"": 0.001, ""l1_ratio"": 0.5}",3,590,22,0.6039729303055157,39.42080944875492,50.41860336650935,0.4575256227043399,-27.987449602357803
17,elastic_net,raw,"{""alpha"": 0.001, ""l1_ratio"": 0.9}",1,546,22,0.7606047116100484,53.54430443551273,79.36951037595306,0.5694539446465513,-36.22451746757398
17,elastic_net,raw,"{""alpha"": 0.001, ""l1_ratio"": 0.9}",2,568,22,0.6475247814129705,47.60886633527253,61.573692256855,0.5034408910456674,-33.63115179317114
17,elastic_net,raw,"{""alpha"": 0.001, ""l1_ratio"": 0.9}",3,590,22,0.6040361661906506,39.424715421973275,50.42329456918352,0.45759463916007453,-27.99174295365501
18,elastic_net,raw,"{""alpha"": 0.01, ""l1_ratio"": 0.1}",1,546,22,0.7567647391162656,53.36891328170851,79.20523261021174,0.5659269917990305,-36.12827893882978
18,elastic_net,raw,"{""alpha"": 0.01, ""l1_ratio"": 0.1}",2,568,22,0.6456766719928025,47.46860388139992,61.42337357006201,0.5014733414874502,-33.587913555248115
18,elastic_net,raw,"{""alpha"": 0.01, ""l1_ratio"": 0.1}",3,590,22,0.6025310228958193,39.3326304189628,50.31346110437981,0.4559558252340528,-27.885623832087905
19,elastic_net,raw,"{""alpha"": 0.01, ""l1_ratio"": 0.5}",1,546,22,0.7581827796335524,53.43586928056066,79.26780187662511,0.5672567253563856,-36.16440972314704
19,elastic_net,raw,"{""alpha"": 0.01, ""l1_ratio"": 0.5}",2,568,22,0.6463772644084265,47.52200076317863,61.479876393393596,0.5022336805322699,-33.60502909535754
19,elastic_net,raw,"{""alpha"": 0.01, ""l1_ratio"": 0.5}",3,590,22,0.6030748581843275,39.36562113808398,50.35266170397807,0.4565529492617257,-27.924230604740504
20,elastic_net,raw,"{""alpha"": 0.01, ""l1_ratio"": 0.9}",1,546,22,0.7597188641831649,53.50728436016367,79.33515826852936,0.5686642835758365,-36.20036823512103
20,elastic_net,raw,"{""alpha"": 0.01, ""l1_ratio"": 0.9}",2,568,22,0.6471456565246341,47.581056741698625,61.54609759019812,0.503015682423107,-33.61891974479707
20,elastic_net,raw,"{""alpha"": 0.01, ""l1_ratio"": 0.9}",3,590,22,0.6036732177067149,39.40217716730775,50.39584059748317,0.4572099697248518,-27.96480794605976
21,elastic_net,raw,"{""alpha"": 0.1, ""l1_ratio"": 0.1}",1,546,22,0.7379823563061272,52.34449376071269,78.32809439620495,0.5444991345378168,-35.414114883023394
21,elastic_net,raw,"{""alpha"": 0.1, ""l1_ratio"": 0.1}",2,568,22,0.6367917312751399,46.80316106772862,60.93378768672873,0.48943944733425576,-33.22774165753455
21,elastic_net,raw,"{""alpha"": 0.1, ""l1_ratio"": 0.1}",3,590,22,0.5947449136170608,38.897912821931065,49.913879137676396,0.446538451274043,-27.332899802028862
22,elastic_net,raw,"{""alpha"": 0.1, ""l1_ratio"": 0.5}",1,546,22,0.7432752721154724,52.671922016957,78.59222651745127,0.5514921269378189,-35.66379837883334
22,elastic_net,raw,"{""alpha"": 0.1, ""l1_ratio"": 0.5}",2,568,22,0.6394289586423565,46.99781198704139,61.0429279782263,0.49325601971335087,-33.327912806619906
22,elastic_net,raw,"{""alpha"": 0.1, ""l1_ratio"": 0.5}",3,590,22,0.5970011016434446,39.001413016070615,49.95769864227583,0.44957464672053526,-27.461768649676007
23,elastic_net,raw,"{""alpha"": 0.1, ""l1_ratio"": 0.9}",1,546,22,0.7519772403175403,53.15714440655375,79.01705545737023,0.5612685170777002,-35.966735104075255
23,elastic_net,raw,"{""alpha"": 0.1, ""l1_ratio"": 0.9}",2,568,22,0.6438636038006041,47.33650336240489,61.33005807875033,0.4989241229985996,-33.481081367221016
23,elastic_net,raw,"{""alpha"": 0.1, ""l1_ratio"": 0.9}",3,590,22,0.6004987026744945,39.19936334532407,50.15157148356773,0.45376737535802986,-27.708678204168177
24,elastic_net,raw,"{""alpha"": 1.0, ""l1_ratio"": 0.1}",1,546,22,0.7205220785813402,50.96038239390146,76.76199402011363,0.5187456286062274,-34.87179371035797
24,elastic_net,raw,"{""alpha"": 1.0, ""l1_ratio"": 0.1}",2,568,22,0.6469002759877016,48.02286122166029,63.4871578561209,0.5032729083655139,-33.85450515862917
24,elastic_net,raw,"{""alpha"": 1.0, ""l1_ratio"": 0.1}",3,590,22,0.601893385217752,39.97714302557007,52.38929092075789,0.4456592442946963,-27.8821070918896
25,elastic_net,raw,"{""alpha"": 1.0, ""l1_ratio"": 0.5}",1,546,22,0.717667485973274,50.66857052254252,76.78728904551187,0.5138848071277695,-34.496778022324506
25,elastic_net,raw,"{""alpha"": 1.0, ""l1_ratio"": 0.5}",2,568,22,0.6366751131202281,47.21779758807158,62.26354467956967,0.4935982837790666,-33.172524737331074
25,elastic_net,raw,"{""alpha"": 1.0, ""l1_ratio"": 0.5}",3,590,22,0.5914181231620357,38.824205136743814,50.81607032868689,0.43298878517268596,-26.997952825392602
26,elastic_net,raw,"{""alpha"": 1.0, ""l1_ratio"": 0.9}",1,546,22,0.721237965863819,50.827688834838746,77.07147735061213,0.5180700890597899,-34.52229812142963
26,elastic_net,raw,"{""alpha"": 1.0, ""l1_ratio"": 0.9}",2,568,22,0.6308137497171278,46.414564411121106,61.00674802051663,0.48185856222228585,-32.49270384515825
26,elastic_net,raw,"{""alpha"": 1.0, ""l1_ratio"": 0.9}",3,590,22,0.5860027311570164,38.1495739381245,49.12465444268386,0.43461603069753174,-26.185453628700085
27,elastic_net,log1p,"{""alpha"": 0.001, ""l1_ratio"": 0.1}",1,546,22,0.9620087414469792,110.29287424787664,278.1409883141654,0.6387909637721895,14.473430001810982
27,elastic_net,log1p,"{""alpha"": 0.001, ""l1_ratio"": 0.1}",2,568,22,0.6798570032593431,55.26009769432039,76.6427059680044,0.5521125468888819,-31.329050053658555
27,elastic_net,log1p,"{""alpha"": 0.001, ""l1_ratio"": 0.1}",3,590,22,0.5575432672781663,36.24363772999721,47.02478916587562,0.44428763436757523,-27.71255943842596
28,elastic_net,log1p,"{""alpha"": 0.001, ""l1_ratio"": 0.5}",1,546,22,0.9615436332037058,110.3169017352211,278.4816366127241,0.6379449178719386,14.606899571674232
28,elastic_net,log1p,"{""alpha"": 0.001, ""l1_ratio"": 0.5}",2,568,22,0.6795818512528754,55.25815644190961,76.75119724696546,0.551695521853726,-31.22173445389831
28,elastic_net,log1p,"{""alpha"": 0.001, ""l1_ratio"": 0.5}",3,590,22,0.5571294609965762,36.326122434886436,47.03702124190254,0.44434287314966353,-27.610582026922586
29,elastic_net,log1p,"{""alpha"": 0.001, ""l1_ratio"": 0.9}",1,546,22,0.9610927045521949,110.34749610351,278.85490020989164,0.6370900523491572,14.749230114227345
29,elastic_net,log1p,"{""alpha"": 0.001, ""l1_ratio"": 0.9}",2,568,22,0.6792979280135096,55.255775179571735,76.86457048012336,0.5512545433927476,-31.10855937119096
29,elastic_net,log1p,"{""alpha"": 0.001, ""l1_ratio"": 0.9}",3,590,22,0.556695972106822,36.40456362286686,47.050057392760976,0.4443392740134113,-27.505990484446112
30,elastic_net,log1p,"{""alpha"": 0.01, ""l1_ratio"": 0.1}",1,546,22,0.9518760867518771,106.16717957624145,260.4117994186001,0.6356421104435749,10.451536912198845
30,elastic_net,log1p,"{""alpha"": 0.01, ""l1_ratio"": 0.1}",2,568,22,0.6733374308685258,54.427386433914656,74.37937961787574,0.5500666221580831,-32.026043980246584
30,elastic_net,log1p,"{""alpha"": 0.01, ""l1_ratio"": 0.1}",3,590,22,0.5558831348757182,36.356027002769956,46.9946465692372,0.44313217851606984,-27.548332918438142
31,elastic_net,log1p,"{""alpha"": 0.01, ""l1_ratio"": 0.5}",1,546,22,0.9474137701585532,106.17462007810026,262.7958977822222,0.627317030169237,11.549495295564265
31,elastic_net,log1p,"{""alpha"": 0.01, ""l1_ratio"": 0.5}",2,568,22,0.6703331549641702,54.31208384388114,75.13936975015378,0.5458899879706881,-31.051440391502126
31,elastic_net,log1p,"{""alpha"": 0.01, ""l1_ratio"": 0.5}",3,590,22,0.5536460785826386,37.01398699167279,47.36872570606815,0.4434692467346089,-26.82108262884733
32,elastic_net,log1p,"{""alpha"": 0.01, ""l1_ratio"": 0.9}",1,546,22,0.9409363406095701,104.66801453653106,258.03224968798395,0.6203186591636322,10.865908330075724
32,elastic_net,log1p,"{""alpha"": 0.01, ""l1_ratio"": 0.9}",2,568,22,0.6691161759640358,54.34461948221352,76.14430973626365,0.5431718532577667,-30.16795515380662
32,elastic_net,log1p,"{""alpha"": 0.01, ""l1_ratio"": 0.9}",3,590,22,0.555840771744369,37.227056025134424,47.81020888699797,0.44452710199085926,-27.29291635233471
33,elastic_net,log1p,"{""alpha"": 0.1, ""l1_ratio"": 0.1}",1,546,22,0.8988185630700801,87.39696252531245,185.0286860025029,0.6111961569618303,-7.028483062224311
33,elastic_net,log1p,"{""alpha"": 0.1, ""l1_ratio"": 0.1}",2,568,22,0.656549833077936,52.387871721833626,68.9664406277987,0.5501051033524605,-34.808939897858245
33,elastic_net,log1p,"{""alpha"": 0.1, ""l1_ratio"": 0.1}",3,590,22,0.5583601974751355,37.432286631919105,48.110593272273285,0.446250164280605,-28.76628887565938
34,elastic_net,log1p,"{""alpha"": 0.1, ""l1_ratio"": 0.5}",1,546,22,0.8909494705313079,83.70551836251838,173.7831161462938,0.6058189903895566,-11.127743008031679
34,elastic_net,log1p,"{""alpha"": 0.1, ""l1_ratio"": 0.5}",2,568,22,0.6705214273484563,54.42842866795882,71.22235989313086,0.5712553094280299,-36.78040890461001
34,elastic_net,log1p,"{""alpha"": 0.1, ""l1_ratio"": 0.5}",3,590,22,0.5778393051862172,39.42168343323532,52.107907979999645,0.4655867517877219,-33.232052684884245
35,elastic_net,log1p,"{""alpha"": 0.1, ""l1_ratio"": 0.9}",1,546,22,0.8840612092644007,78.93990586874337,154.67407399259184,0.6098117073634666,-17.961393723493373
35,elastic_net,log1p,"{""alpha"": 0.1, ""l1_ratio"": 0.9}",2,568,22,0.6954867824481161,56.45783832100787,73.31191134133954,0.59528243506016,-39.997201878138135
35,elastic_net,log1p,"{""alpha"": 0.1, ""l1_ratio"": 0.9}",3,590,22,0.6015229298840729,42.84324583960958,55.62999253889286,0.4952564449713864,-36.603879619083266
36,elastic_net,log1p,"{""alpha"": 1.0, ""l1_ratio"": 0.1}",1,546,22,0.8454537625546368,64.12203137611975,92.82807892830705,0.6411117864643847,-42.827653049978316
36,elastic_net,log1p,"{""alpha"": 1.0, ""l1_ratio"": 0.1}",2,568,22,0.746341233584883,58.71426420339758,76.0074001453666,0.6411239739346981,-49.07826662053069
36,elastic_net,log1p,"{""alpha"": 1.0, ""l1_ratio"": 0.1}",3,590,22,0.6666889609360723,49.1248867164906,63.2167435480138,0.556387689351541,-43.40307531800057
37,elastic_net,log1p,"{""alpha"": 1.0, ""l1_ratio"": 0.5}",1,546,22,1.0069063624248054,70.30276896820234,94.21926749226252,0.7999700930228656,-63.18335278582367
37,elastic_net,log1p,"{""alpha"": 1.0, ""l1_ratio"": 0.5}",2,568,22,1.0141683270990105,70.95499131820257,92.5610478007602,0.809878955990969,-63.12561306252856
37,elastic_net,log1p,"{""alpha"": 1.0, ""l1_ratio"": 0.5}",3,590,22,0.9830100471577131,66.87197000409078,86.16971017175076,0.7841564714145703,-58.69491390253227
38,elastic_net,log1p,"{""alpha"": 1.0, ""l1_ratio"": 0.9}",1,546,22,1.0069063624248054,70.30276896820234,94.21926749226252,0.7999700930228656,-63.18335278582367
38,elastic_net,log1p,"{""alpha"": 1.0, ""l1_ratio"": 0.9}",2,568,22,1.0141683270990105,70.95499131820257,92.5610478007602,0.809878955990969,-63.12561306252856
38,elastic_net,log1p,"{""alpha"": 1.0, ""l1_ratio"": 0.9}",3,590,22,0.9830100471577131,66.87197000409078,86.16971017175076,0.7841564714145703,-58.69491390253227
39,poisson_regression,raw,"{""alpha"": 0.0}",1,546,22,0.8309000095952459,66.11992921214065,107.10564910669821,0.5963695184025483,-25.5422929576234
39,poisson_regression,raw,"{""alpha"": 0.0}",2,568,22,0.7222541400794201,53.6104960082599,69.28095134028527,0.5551668489512628,-36.31381428552468
39,poisson_regression,raw,"{""alpha"": 0.0}",3,590,22,0.647880823864163,41.781865388103434,53.58374459800927,0.4750956554615103,-31.320941069139792
40,poisson_regression,raw,"{""alpha"": 0.01}",1,546,22,0.8308363821547924,66.10648153393917,107.06550472630863,0.5963303915463142,-25.555400000624676
40,poisson_regression,raw,"{""alpha"": 0.01}",2,568,22,0.7222069409003489,53.605685794033484,69.27441577111405,0.5551381080189204,-36.317089268956934
40,poisson_regression,raw,"{""alpha"": 0.01}",3,590,22,0.6478715535548942,41.7816549582756,53.584364821562396,0.4750803224606559,-31.32095113993254
41,poisson_regression,raw,"{""alpha"": 0.1}",1,546,22,0.8302719131317209,65.9874987730973,106.71151590165397,0.5959808412012012,-25.671096982532063
41,poisson_regression,raw,"{""alpha"": 0.1}",2,568,22,0.7217879181083144,53.56299123832549,69.21666459598508,0.5548818038667607,-36.34587530474853
41,poisson_regression,raw,"{""alpha"": 0.1}",3,590,22,0.6477886505893254,41.779759186792674,53.58985628076232,0.47494351614485064,-31.32094954755468
42,poisson_regression,raw,"{""alpha"": 1.0}",1,546,22,0.8253068487126899,64.96446132813901,103.75959366224068,0.5927128925870216,-26.643877356292197
42,poisson_regression,raw,"{""alpha"": 1.0}",2,568,22,0.7181320985288384,53.19521513403108,68.73741673446796,0.5525988430994274,-36.57661811263909
42,poisson_regression,raw,"{""alpha"": 1.0}",3,590,22,0.6470436819962947,41.76312790991437,53.64186602757649,0.4737038323864132,-31.3173728662946
43,poisson_regression,raw,"{""alpha"": 10.0}",1,546,22,0.8021215331601129,60.98234320540485,93.74742231478083,0.5786494251591449,-29.847957837563072
43,poisson_regression,raw,"{""alpha"": 10.0}",2,568,22,0.7018988649490754,51.82107229181274,67.11181502340662,0.5440948797839168,-36.95449464782173
43,poisson_regression,raw,"{""alpha"": 10.0}",3,590,22,0.6425109892803959,41.84524408922015,53.91951479663231,0.47224583860086095,-31.10078835173657
44,knn,raw,"{""n_neighbors"": 3, ""p"": 1, ""weights"": ""uniform""}",1,546,22,0.736876222603446,46.13636363636363,73.22543715447964,0.48318954140531944,-35.50000000000001
44,knn,raw,"{""n_neighbors"": 3, ""p"": 1, ""weights"": ""uniform""}",2,568,22,0.509189135267287,41.06060606060607,57.695823772679425,0.403281970338757,-22.33333333333334
44,knn,raw,"{""n_neighbors"": 3, ""p"": 1, ""weights"": ""uniform""}",3,590,22,0.40989222136378933,34.13636363636363,47.63015130283877,0.32668249814248024,-18.59090909090909
45,knn,raw,"{""n_neighbors"": 3, ""p"": 1, ""weights"": ""distance""}",1,546,22,0.7727171525676899,46.578012061863866,73.78347020688501,0.4886822564923556,-34.60831658690646
45,knn,raw,"{""n_neighbors"": 3, ""p"": 1, ""weights"": ""distance""}",2,568,22,0.5093792839596823,40.50172988969214,57.21915889612515,0.40103516784420706,-22.301706410609277
45,knn,raw,"{""n_neighbors"": 3, ""p"": 1, ""weights"": ""distance""}",3,590,22,0.4209334739318488,35.47123863196883,49.07765191672574,0.3388535745449302,-19.193313615655825
46,knn,raw,"{""n_neighbors"": 3, ""p"": 2, ""weights"": ""uniform""}",1,546,22,0.740861167641631,48.636363636363626,74.45064801530602,0.4998817095563215,-36.93939393939394
46,knn,raw,"{""n_neighbors"": 3, ""p"": 2, ""weights"": ""uniform""}",2,568,22,0.5158373328640872,40.090909090909086,59.211570668325464,0.3949177978002087,-27.3030303030303
46,knn,raw,"{""n_neighbors"": 3, ""p"": 2, ""weights"": ""uniform""}",3,590,22,0.4438955325242527,34.62121212121212,50.58940480760649,0.3412418310525085,-18.833333333333336
47,knn,raw,"{""n_neighbors"": 3, ""p"": 2, ""weights"": ""distance""}",1,546,22,0.7737524709933014,49.25737462354839,74.84517100786054,0.5102582592206462,-35.97553575387804
47,knn,raw,"{""n_neighbors"": 3, ""p"": 2, ""weights"": ""distance""}",2,568,22,0.5297659997431732,40.0855760433909,59.14728133049533,0.3974310309250416,-26.58305652999484
47,knn,raw,"{""n_neighbors"": 3, ""p"": 2, ""weights"": ""distance""}",3,590,22,0.4481811551863703,35.469650137483,51.11314198988635,0.3498802148956979,-19.111386998307555
48,knn,raw,"{""n_neighbors"": 5, ""p"": 1, ""weights"": ""uniform""}",1,546,22,0.693248532381396,45.62727272727273,72.19490034873402,0.45660669437135665,-37.081818181818186
48,knn,raw,"{""n_neighbors"": 5, ""p"": 1, ""weights"": ""uniform""}",2,568,22,0.5057612330892025,42.77272727272727,59.340818390655244,0.4239204911049331,-27.99090909090909
48,knn,raw,"{""n_neighbors"": 5, ""p"": 1, ""weights"": ""uniform""}",3,590,22,0.478112404221717,35.02727272727274,49.8537315098333,0.37242816122694417,-19.609090909090913
49,knn,raw,"{""n_neighbors"": 5, ""p"": 1, ""weights"": ""distance""}",1,546,22,0.7410550598561793,46.237956458735646,72.66333754955014,0.4710675938249254,-35.8490826100522
49,knn,raw,"{""n_neighbors"": 5, ""p"": 1, ""weights"": ""distance""}",2,568,22,0.5096874263376345,42.32194935714447,58.94203458821202,0.4232950825475976,-27.37068161549774
49,knn,raw,"{""n_neighbors"": 5, ""p"": 1, ""weights"": ""distance""}",3,590,22,0.4687900177571783,35.946022312798675,50.51826958782873,0.37185094553825615,-19.755292540651396
50,knn,raw,"{""n_neighbors"": 5, ""p"": 2, ""weights"": ""uniform""}",1,546,22,0.7125093052910444,46.20909090909092,73.17745554472361,0.46821917283344017,-36.17272727272727
50,knn,raw,"{""n_neighbors"": 5, ""p"": 2, ""weights"": ""uniform""}",2,568,22,0.4811252000509218,41.18181818181818,58.961065736020004,0.39076597070215635,-27.763636363636365
50,knn,raw,"{""n_neighbors"": 5, ""p"": 2, ""weights"": ""uniform""}",3,590,22,0.46540110434501447,37.76363636363636,51.776582983570336,0.3819867931468593,-19.054545454545455
51,knn,raw,"{""n_neighbors"": 5, ""p"": 2, ""weights"": ""distance""}",1,546,22,0.749048123403126,46.94652087872311,73.63046023513701,0.48171034992670947,-35.3393707065026
51,knn,raw,"{""n_neighbors"": 5, ""p"": 2, ""weights"": ""distance""}",2,568,22,0.49339474588246485,40.93036659300688,58.79243581375144,0.3935191184643482,-27.12003741574547
51,knn,raw,"{""n_neighbors"": 5, ""p"": 2, ""weights"": ""distance""}",3,590,22,0.4663955465694465,38.13872535673852,52.03483571803282,0.38499900022493355,-19.20388972743586
52,knn,raw,"{""n_neighbors"": 7, ""p"": 1, ""weights"": ""uniform""}",1,546,22,0.698707480146901,45.94155844155844,72.57684175536761,0.48856373747571236,-35.577922077922075
52,knn,raw,"{""n_neighbors"": 7, ""p"": 1, ""weights"": ""uniform""}",2,568,22,0.5067907265253127,43.72727272727273,60.07300753055596,0.4290778691982743,-28.71428571428571
52,knn,raw,"{""n_neighbors"": 7, ""p"": 1, ""weights"": ""uniform""}",3,590,22,0.48369067244254327,36.448051948051955,52.213890417250454,0.3866648586497362,-21.73376623376624
53,knn,raw,"{""n_neighbors"": 7, ""p"": 1, ""weights"": ""distance""}",1,546,22,0.7417483463657352,46.58759490346657,72.8639561317585,0.5056098659805364,-34.68521583575977
53,knn,raw,"{""n_neighbors"": 7, ""p"": 1, ""weights"": ""distance""}",2,568,22,0.5061996146886301,43.08123959197568,59.278085980836735,0.4269005223058136,-27.969438181938198
53,knn,raw,"{""n_neighbors"": 7, ""p"": 1, ""weights"": ""distance""}",3,590,22,0.47682709055634953,37.01928179329012,52.53597378566753,0.38361922960975436,-21.602132543060318
54,knn,raw,"{""n_neighbors"": 7, ""p"": 2, ""weights"": ""uniform""}",1,546,22,0.6959338040495359,46.56493506493507,72.68694788833112,0.47001764256896555,-35.99350649350649
54,knn,raw,"{""n_neighbors"": 7, ""p"": 2, ""weights"": ""uniform""}",2,568,22,0.47327647280551965,41.18181818181818,57.99109073662736,0.3943814071529666,-28.506493506493506
54,knn,raw,"{""n_neighbors"": 7, ""p"": 2, ""weights"": ""uniform""}",3,590,22,0.5156149754837364,38.51298701298702,53.745371289674196,0.4143464563286299,-22.77272727272727
55,knn,raw,"{""n_neighbors"": 7, ""p"": 2, ""weights"": ""distance""}",1,546,22,0.7335337932597533,47.191119020154176,73.04970469072286,0.48594504028490343,-35.272933799222606
55,knn,raw,"{""n_neighbors"": 7, ""p"": 2, ""weights"": ""distance""}",2,568,22,0.4829697268790015,41.09835436419078,58.20627224965979,0.39624238921922184,-28.09791631897085
55,knn,raw,"{""n_neighbors"": 7, ""p"": 2, ""weights"": ""distance""}",3,590,22,0.5064111904525035,38.82787232507359,53.74431222252896,0.4139458739570504,-22.372375938672437
56,knn,raw,"{""n_neighbors"": 11, ""p"": 1, ""weights"": ""uniform""}",1,546,22,0.7119688888871503,47.1900826446281,72.80486563276288,0.50461048757291,-35.371900826446286
56,knn,raw,"{""n_neighbors"": 11, ""p"": 1, ""weights"": ""uniform""}",2,568,22,0.48200113342086426,42.98760330578512,59.57611664022234,0.4115621049278852,-30.2603305785124
56,knn,raw,"{""n_neighbors"": 11, ""p"": 1, ""weights"": ""uniform""}",3,590,22,0.5018679638048086,36.54132231404959,51.10480752695036,0.40195060971059093,-22.24380165289256
57,knn,raw,"{""n_neighbors"": 11, ""p"": 1, ""weights"": ""distance""}",1,546,22,0.7426247069668032,47.40472435501413,73.02888633045964,0.5131777664654193,-34.63811149471003
57,knn,raw,"{""n_neighbors"": 11, ""p"": 1, ""weights"": ""distance""}",2,568,22,0.4828184457909251,42.49596474947237,58.75274933805471,0.412581007103506,-29.331155912921215
57,knn,raw,"{""n_neighbors"": 11, ""p"": 1, ""weights"": ""distance""}",3,590,22,0.4871031082238692,36.16988255208534,51.204567375389246,0.39074253502027373,-21.875822470613613
58,knn,raw,"{""n_neighbors"": 11, ""p"": 2, ""weights"": ""uniform""}",1,546,22,0.6957341499523724,46.55785123966941,71.63665467491326,0.4877035810418334,-36.30165289256199
58,knn,raw,"{""n_neighbors"": 11, ""p"": 2, ""weights"": ""uniform""}",2,568,22,0.4879683776409915,42.801652892561975,58.68501409251188,0.42035625242658536,-30.45454545454545
58,knn,raw,"{""n_neighbors"": 11, ""p"": 2, ""weights"": ""uniform""}",3,590,22,0.5758090919982087,39.6694214876033,54.25104430021058,0.4452525826382416,-21.396694214876028
59,knn,raw,"{""n_neighbors"": 11, ""p"": 2, ""weights"": ""distance""}",1,546,22,0.7228717016498427,47.09295257951199,72.1137400268579,0.49591496336403024,-35.82058281185864
59,knn,raw,"{""n_neighbors"": 11, ""p"": 2, ""weights"": ""distance""}",2,568,22,0.49153181354001696,42.49433826004073,58.53946286625957,0.41976297296700965,-29.770351347183805
59,knn,raw,"{""n_neighbors"": 11, ""p"": 2, ""weights"": ""distance""}",3,590,22,0.5619185186613557,39.16267511195393,54.004069338482,0.43760864487402545,-21.184935105754192
60,knn,raw,"{""n_neighbors"": 15, ""p"": 1, ""weights"": ""uniform""}",1,546,22,0.7197632915069541,47.121212121212125,72.69973114868382,0.505842404951231,-35.95151515151515
60,knn,raw,"{""n_neighbors"": 15, ""p"": 1, ""weights"": ""uniform""}",2,568,22,0.4904946587742632,43.593939393939394,59.66417465593351,0.4256297018914786,-31.20606060606061
60,knn,raw,"{""n_neighbors"": 15, ""p"": 1, ""weights"": ""uniform""}",3,590,22,0.49889301980846307,37.37575757575758,50.70623255776374,0.40972109354037145,-22.8969696969697
61,knn,raw,"{""n_neighbors"": 15, ""p"": 1, ""weights"": ""distance""}",1,546,22,0.7425170066607308,47.158588194035225,72.86906412666978,0.5098178245598771,-35.23726654871088
61,knn,raw,"{""n_neighbors"": 15, ""p"": 1, ""weights"": ""distance""}",2,568,22,0.48907849215962695,43.06180283325014,58.90152462939045,0.4237585071482266,-30.33695352628125
61,knn,raw,"{""n_neighbors"": 15, ""p"": 1, ""weights"": ""distance""}",3,590,22,0.48422206970627085,36.73420976617908,50.65092646105685,0.39681569913876175,-22.426733603347227
62,knn,raw,"{""n_neighbors"": 15, ""p"": 2, ""weights"": ""uniform""}",1,546,22,0.7157823180710794,46.98787878787879,72.1481612497309,0.5028452850511779,-35.842424242424244
62,knn,raw,"{""n_neighbors"": 15, ""p"": 2, ""weights"": ""uniform""}",2,568,22,0.5087431604427407,44.342424242424244,59.59579166214997,0.44454143805553703,-31.378787878787886
62,knn,raw,"{""n_neighbors"": 15, ""p"": 2, ""weights"": ""uniform""}",3,590,22,0.5464342232300811,39.50303030303031,53.92022165227349,0.43989175433316957,-22.793939393939397
63,knn,raw,"{""n_neighbors"": 15, ""p"": 2, ""weights"": ""distance""}",1,546,22,0.7273906308941174,47.009635243500036,72.30063299814961,0.5022739712164445,-35.57731078311778
63,knn,raw,"{""n_neighbors"": 15, ""p"": 2, ""weights"": ""distance""}",2,568,22,0.5060535969976232,43.729052119145756,59.12968692171461,0.4383491539683758,-30.628809173569834
63,knn,raw,"{""n_neighbors"": 15, ""p"": 2, ""weights"": ""distance""}",3,590,22,0.5401789357782304,39.08998066730869,53.74066111026037,0.4339643143536389,-22.42225610517592
64,knn,log1p,"{""n_neighbors"": 3, ""p"": 1, ""weights"": ""uniform""}",1,546,22,0.733607651899198,46.261419345771706,73.54739706221541,0.4773812213447827,-37.84628237733859
64,knn,log1p,"{""n_neighbors"": 3, ""p"": 1, ""weights"": ""uniform""}",2,568,22,0.5336899584831826,44.685218956398074,60.45023473688003,0.44925724644166876,-28.663040033699293
64,knn,log1p,"{""n_neighbors"": 3, ""p"": 1, ""weights"": ""uniform""}",3,590,22,0.443937954877327,34.96397521732438,49.22319334195633,0.3548233305955638,-23.489817400146478
65,knn,log1p,"{""n_neighbors"": 3, ""p"": 1, ""weights"": ""distance""}",1,546,22,0.7713368964205743,46.71971470847229,74.00991059370172,0.48580385104935964,-36.85874796674503
65,knn,log1p,"{""n_neighbors"": 3, ""p"": 1, ""weights"": ""distance""}",2,568,22,0.5284805670091558,44.03831099657893,59.907477621610475,0.444734540648404,-28.518875923991843
65,knn,log1p,"{""n_neighbors"": 3, ""p"": 1, ""weights"": ""distance""}",3,590,22,0.4581432576379619,36.29371454057865,50.83684066251159,0.36923612856261373,-24.143615714048646
66,knn,log1p,"{""n_neighbors"": 3, ""p"": 2, ""weights"": ""uniform""}",1,546,22,0.7390059672852529,49.036330351089646,74.83375914471421,0.49990886238515897,-38.44602947906045
66,knn,log1p,"{""n_neighbors"": 3, ""p"": 2, ""weights"": ""uniform""}",2,568,22,0.5187592344064019,42.42448839792155,60.420772749425446,0.4217824879095913,-30.808800341291917
66,knn,log1p,"{""n_neighbors"": 3, ""p"": 2, ""weights"": ""uniform""}",3,590,22,0.4657566153294291,35.00320427330205,52.25674995558603,0.3490974995728198,-23.709778084474408
67,knn,log1p,"{""n_neighbors"": 3, ""p"": 2, ""weights"": ""distance""}",1,546,22,0.7727722139039928,49.64790144699952,75.12849803040339,0.5125536100591744,-37.50678599679288
67,knn,log1p,"{""n_neighbors"": 3, ""p"": 2, ""weights"": ""distance""}",2,568,22,0.5301886410031965,42.41033972356264,60.30012824418012,0.4254153004581109,-30.185403433360985
67,knn,log1p,"{""n_neighbors"": 3, ""p"": 2, ""weights"": ""distance""}",3,590,22,0.4720851629504693,35.75972103502089,52.69990531999337,0.3576574729592484,-23.957922205354837
68,knn,log1p,"{""n_neighbors"": 5, ""p"": 1, ""weights"": ""uniform""}",1,546,22,0.6919793560486937,45.874364213744784,72.84545795356937,0.45504554511777456,-39.664068383806004
68,knn,log1p,"{""n_neighbors"": 5, ""p"": 1, ""weights"": ""uniform""}",2,568,22,0.5697409742030796,46.27315858897012,62.92847620606552,0.47125411381170074,-33.28895514219466
68,knn,log1p,"{""n_neighbors"": 5, ""p"": 1, ""weights"": ""uniform""}",3,590,22,0.5056998541007711,35.631030673577285,52.056356386927156,0.3767763617114468,-24.960179253219664
69,knn,log1p,"{""n_neighbors"": 5, ""p"": 1, ""weights"": ""distance""}",1,546,22,0.7334589324333275,46.200593350578515,73.10794779373796,0.4710909141594992,-38.59706773287444
69,knn,log1p,"{""n_neighbors"": 5, ""p"": 1, ""weights"": ""distance""}",2,568,22,0.5664491053006305,45.774912143306864,62.4467949783652,0.4687378497058091,-32.69436379899183
69,knn,log1p,"{""n_neighbors"": 5, ""p"": 1, ""weights"": ""distance""}",3,590,22,0.5037028675582746,36.31506933465073,52.86440320339548,0.3732626011132922,-25.208271688684384
70,knn,log1p,"{""n_neighbors"": 5, ""p"": 2, ""weights"": ""uniform""}",1,546,22,0.7117474925816636,46.53216824189362,73.5663846274436,0.4648921669968438,-38.500824338197575
70,knn,log1p,"{""n_neighbors"": 5, ""p"": 2, ""weights"": ""uniform""}",2,568,22,0.49891758168197714,44.21814887970407,62.100517042394685,0.42533701832353965,-32.88526007423323
70,knn,log1p,"{""n_neighbors"": 5, ""p"": 2, ""weights"": ""uniform""}",3,590,22,0.4912218669675902,38.42621701996399,53.910972822640915,0.3925699590826596,-24.291340604606305
71,knn,log1p,"{""n_neighbors"": 5, ""p"": 2, ""weights"": ""distance""}",1,546,22,0.743968679286494,47.142163222945584,73.89627900051087,0.47916321351256114,-37.78509116781748
71,knn,log1p,"{""n_neighbors"": 5, ""p"": 2, ""weights"": ""distance""}",2,568,22,0.5044817893992969,43.92642753252312,61.674103353164014,0.4277801012961774,-32.18806201473193
71,knn,log1p,"{""n_neighbors"": 5, ""p"": 2, ""weights"": ""distance""}",3,590,22,0.49405306711850533,38.40188942637183,54.20133774353816,0.3919948587589133,-24.542046827225455
72,knn,log1p,"{""n_neighbors"": 7, ""p"": 1, ""weights"": ""uniform""}",1,546,22,0.6761051321134313,45.58588198500186,73.27253453206038,0.46042954856419804,-39.19619176710226
72,knn,log1p,"{""n_neighbors"": 7, ""p"": 1, ""weights"": ""uniform""}",2,568,22,0.5677135527040365,47.29929124408908,64.30883678022715,0.4725507215735481,-34.04880183000531
72,knn,log1p,"{""n_neighbors"": 7, ""p"": 1, ""weights"": ""uniform""}",3,590,22,0.5132677686454561,37.298498567043474,55.62204047172996,0.3828402563492921,-26.82909846186536
73,knn,log1p,"{""n_neighbors"": 7, ""p"": 1, ""weights"": ""distance""}",1,546,22,0.7116254422141259,46.001246312475374,73.36617094124175,0.4793471676504159,-38.44247352917382
73,knn,log1p,"{""n_neighbors"": 7, ""p"": 1, ""weights"": ""distance""}",2,568,22,0.5606337298539562,46.56186906873113,63.302743908671935,0.4681041685036389,-33.30143500259608
73,knn,log1p,"{""n_neighbors"": 7, ""p"": 1, ""weights"": ""distance""}",3,590,22,0.5123677678334801,37.68344051391386,55.96460752278266,0.38190572900986697,-26.86472153781988
74,knn,log1p,"{""n_neighbors"": 7, ""p"": 2, ""weights"": ""uniform""}",1,546,22,0.7013768334071704,46.99448008088662,73.56571053694049,0.46876562421092594,-39.14882722275042
74,knn,log1p,"{""n_neighbors"": 7, ""p"": 2, ""weights"": ""uniform""}",2,568,22,0.5103462932947708,44.75407973895425,62.14434076470045,0.432758539737724,-33.875811997589956
74,knn,log1p,"{""n_neighbors"": 7, ""p"": 2, ""weights"": ""uniform""}",3,590,22,0.5294311790174271,40.41260898372554,57.71946431744897,0.42792160222377684,-28.33357055364863
75,knn,log1p,"{""n_neighbors"": 7, ""p"": 2, ""weights"": ""distance""}",1,546,22,0.7288765882612397,47.37603390689457,73.71644341185328,0.4832182577760404,-38.59148655413351
75,knn,log1p,"{""n_neighbors"": 7, ""p"": 2, ""weights"": ""distance""}",2,568,22,0.5107933798743014,44.53981888832002,62.023494383360806,0.43349070264314804,-33.36601109735131
75,knn,log1p,"{""n_neighbors"": 7, ""p"": 2, ""weights"": ""distance""}",3,590,22,0.523712945616154,40.22273298004928,57.5654793173686,0.422240974066064,-28.0238241265629
76,knn,log1p,"{""n_neighbors"": 11, ""p"": 1, ""weights"": ""uniform""}",1,546,22,0.701642268762033,46.23807549223259,73.54680033487229,0.47242592232936803,-39.57234864926961
76,knn,log1p,"{""n_neighbors"": 11, ""p"": 1, ""weights"": ""uniform""}",2,568,22,0.544774902938684,46.49432593756978,64.28371918083026,0.45272662290060167,-35.833418056006366
76,knn,log1p,"{""n_neighbors"": 11, ""p"": 1, ""weights"": ""uniform""}",3,590,22,0.5064943703817223,37.992047571138876,54.52835294169235,0.40281372746313854,-28.047660329932718
77,knn,log1p,"{""n_neighbors"": 11, ""p"": 1, ""weights"": ""distance""}",1,546,22,0.7255647171283307,46.566495076827955,73.62357758034713,0.4857777392943559,-38.96574604849781
77,knn,log1p,"{""n_neighbors"": 11, ""p"": 1, ""weights"": ""distance""}",2,568,22,0.5392881762670597,45.93739978724021,63.25701370798801,0.4514381283339937,-34.90097726641515
77,knn,log1p,"{""n_neighbors"": 11, ""p"": 1, ""weights"": ""distance""}",3,590,22,0.49865702124736394,37.90251854007812,54.586165847519474,0.39331956713038296,-27.7221260927456
78,knn,log1p,"{""n_neighbors"": 11, ""p"": 2, ""weights"": ""uniform""}",1,546,22,0.6997516279756129,47.1513500312331,72.89036240594821,0.47706027898049236,-39.8302677648995
78,knn,log1p,"{""n_neighbors"": 11, ""p"": 2, ""weights"": ""uniform""}",2,568,22,0.5479697815932589,46.43013026377945,63.49693139296257,0.46329457786542994,-36.07790814983978
78,knn,log1p,"{""n_neighbors"": 11, ""p"": 2, ""weights"": ""uniform""}",3,590,22,0.5364873634144106,39.865853908463116,56.70531159439885,0.43205674118904275,-27.626065950584863
79,knn,log1p,"{""n_neighbors"": 11, ""p"": 2, ""weights"": ""distance""}",1,546,22,0.7203057082078553,47.53624000647617,73.16201059688991,0.48936101882062927,-39.40176720771377
79,knn,log1p,"{""n_neighbors"": 11, ""p"": 2, ""weights"": ""distance""}",2,568,22,0.5431820174871206,46.00709844009667,63.00732537739128,0.4611551339756695,-35.29198192292353
79,knn,log1p,"{""n_neighbors"": 11, ""p"": 2, ""weights"": ""distance""}",3,590,22,0.5295533041770605,39.719944225119875,56.61459646410719,0.4264266578981211,-27.464097322168833
80,knn,log1p,"{""n_neighbors"": 15, ""p"": 1, ""weights"": ""uniform""}",1,546,22,0.7186297490224589,47.45407462383791,73.65397913497755,0.4989102698328604,-40.44447837138934
80,knn,log1p,"{""n_neighbors"": 15, ""p"": 1, ""weights"": ""uniform""}",2,568,22,0.5534824109891434,46.616641525654614,64.08487405446202,0.460033571988695,-36.47211955164974
80,knn,log1p,"{""n_neighbors"": 15, ""p"": 1, ""weights"": ""uniform""}",3,590,22,0.49730254862774836,38.636595823982745,54.290707660150616,0.4072177109655301,-28.847210746871777
81,knn,log1p,"{""n_neighbors"": 15, ""p"": 1, ""weights"": ""distance""}",1,546,22,0.7344228378964744,47.42287913986116,73.658532534567,0.5055508370717866,-39.7797795409401
81,knn,log1p,"{""n_neighbors"": 15, ""p"": 1, ""weights"": ""distance""}",2,568,22,0.5484555073204944,46.14869893793525,63.286051541510425,0.45777668326271587,-35.67725310036903
81,knn,log1p,"{""n_neighbors"": 15, ""p"": 1, ""weights"": ""distance""}",3,590,22,0.49005970026610934,38.34662751612342,54.235374355591816,0.39743515760319564,-28.429862586337745
82,knn,log1p,"{""n_neighbors"": 15, ""p"": 2, ""weights"": ""uniform""}",1,546,22,0.7206498415581396,48.3013970569346,73.72515405426299,0.5022559249868986,-40.610197261921684
82,knn,log1p,"{""n_neighbors"": 15, ""p"": 2, ""weights"": ""uniform""}",2,568,22,0.567591550037258,47.38144066129323,64.32570212158602,0.4735334765221696,-37.13656665000428
82,knn,log1p,"{""n_neighbors"": 15, ""p"": 2, ""weights"": ""uniform""}",3,590,22,0.5260761911471749,40.86704509467154,56.69321736887077,0.4391293812183358,-29.11389211667227
83,knn,log1p,"{""n_neighbors"": 15, ""p"": 2, ""weights"": ""distance""}",1,546,22,0.7300197792171775,48.094342276558784,73.66575969835922,0.5012648304392365,-40.13101900923455
83,knn,log1p,"{""n_neighbors"": 15, ""p"": 2, ""weights"": ""distance""}",2,568,22,0.5599890286615296,46.87206119938416,63.66903578326106,0.47079870559958154,-36.28707765955601
83,knn,log1p,"{""n_neighbors"": 15, ""p"": 2, ""weights"": ""distance""}",3,590,22,0.5228773267031745,40.4491869663297,56.601436590776835,0.43274148501655585,-28.837782299324385
84,decision_tree,raw,"{""max_depth"": 2, ""max_features"": null, ""min_samples_leaf"": 5}",1,546,22,0.6702793859474359,51.72542274982437,72.00118002947166,0.543372177958836,-39.410912280660504
84,decision_tree,raw,"{""max_depth"": 2, ""max_features"": null, ""min_samples_leaf"": 5}",2,568,22,0.5807716074742012,48.66456668363722,65.63443842383187,0.4956154268020559,-36.85893416424988
84,decision_tree,raw,"{""max_depth"": 2, ""max_features"": null, ""min_samples_leaf"": 5}",3,590,22,0.5155927460776337,39.13556428374057,51.36466524917064,0.4360291714566166,-22.6477169069238
85,decision_tree,raw,"{""max_depth"": 2, ""max_features"": null, ""min_samples_leaf"": 10}",1,546,22,0.6702793859474359,51.72542274982437,72.00118002947166,0.543372177958836,-39.410912280660504
85,decision_tree,raw,"{""max_depth"": 2, ""max_features"": null, ""min_samples_leaf"": 10}",2,568,22,0.5807716074742012,48.66456668363722,65.63443842383187,0.4956154268020559,-36.85893416424988
85,decision_tree,raw,"{""max_depth"": 2, ""max_features"": null, ""min_samples_leaf"": 10}",3,590,22,0.5155927460776337,39.13556428374057,51.36466524917064,0.4360291714566166,-22.6477169069238
86,decision_tree,raw,"{""max_depth"": 2, ""max_features"": null, ""min_samples_leaf"": 20}",1,546,22,0.6702793859474359,51.72542274982437,72.00118002947166,0.543372177958836,-39.410912280660504
86,decision_tree,raw,"{""max_depth"": 2, ""max_features"": null, ""min_samples_leaf"": 20}",2,568,22,0.5807716074742012,48.66456668363722,65.63443842383187,0.4956154268020559,-36.85893416424988
86,decision_tree,raw,"{""max_depth"": 2, ""max_features"": null, ""min_samples_leaf"": 20}",3,590,22,0.5155927460776337,39.13556428374057,51.36466524917064,0.4360291714566166,-22.6477169069238
87,decision_tree,raw,"{""max_depth"": 2, ""max_features"": ""sqrt"", ""min_samples_leaf"": 5}",1,546,22,0.7815661254605412,55.986328927806206,78.22283073740442,0.607372322747021,-42.78857213914032
87,decision_tree,raw,"{""max_depth"": 2, ""max_features"": ""sqrt"", ""min_samples_leaf"": 5}",2,568,22,0.73164251182163,55.068559937553964,73.56637162253493,0.6025942485401029,-42.24341924408759
87,decision_tree,raw,"{""max_depth"": 2, ""max_features"": ""sqrt"", ""min_samples_leaf"": 5}",3,590,22,0.6167299187033572,46.35164123872792,64.38748514509956,0.4977157883485061,-34.649539004632025
88,decision_tree,raw,"{""max_depth"": 2, ""max_features"": ""sqrt"", ""min_samples_leaf"": 10}",1,546,22,0.7815661254605412,55.986328927806206,78.22283073740442,0.607372322747021,-42.78857213914032
88,decision_tree,raw,"{""max_depth"": 2, ""max_features"": ""sqrt"", ""min_samples_leaf"": 10}",2,568,22,0.73164251182163,55.068559937553964,73.56637162253493,0.6025942485401029,-42.24341924408759
88,decision_tree,raw,"{""max_depth"": 2, ""max_features"": ""sqrt"", ""min_samples_leaf"": 10}",3,590,22,0.6167299187033572,46.35164123872792,64.38748514509956,0.4977157883485061,-34.649539004632025
89,decision_tree,raw,"{""max_depth"": 2, ""max_features"": ""sqrt"", ""min_samples_leaf"": 20}",1,546,22,0.7815661254605412,55.986328927806206,78.22283073740442,0.607372322747021,-42.78857213914032
89,decision_tree,raw,"{""max_depth"": 2, ""max_features"": ""sqrt"", ""min_samples_leaf"": 20}",2,568,22,0.73164251182163,55.068559937553964,73.56637162253493,0.6025942485401029,-42.24341924408759
89,decision_tree,raw,"{""max_depth"": 2, ""max_features"": ""sqrt"", ""min_samples_leaf"": 20}",3,590,22,0.6167299187033572,46.35164123872792,64.38748514509956,0.4977157883485061,-34.649539004632025
90,decision_tree,raw,"{""max_depth"": 4, ""max_features"": null, ""min_samples_leaf"": 5}",1,546,22,0.6846246599201624,46.24335806674981,69.91206124627297,0.49132221722786995,-36.71412154048948
90,decision_tree,raw,"{""max_depth"": 4, ""max_features"": null, ""min_samples_leaf"": 5}",2,568,22,0.6105719132538762,43.57611846709547,58.014113345480844,0.4772737406145804,-26.952042845276363
90,decision_tree,raw,"{""max_depth"": 4, ""max_features"": null, ""min_samples_leaf"": 5}",3,590,22,0.49213918718976035,36.28632405090439,48.9695946162001,0.4001320127023478,-21.309249363535596
91,decision_tree,raw,"{""max_depth"": 4, ""max_features"": null, ""min_samples_leaf"": 10}",1,546,22,0.6981743162490123,46.98158650497825,71.65571134607414,0.4978855828425182,-37.45234997871791
91,decision_tree,raw,"{""max_depth"": 4, ""max_features"": null, ""min_samples_leaf"": 10}",2,568,22,0.6232544633127105,44.86232714478143,62.369399834542314,0.4778724562471785,-29.143520118003643
91,decision_tree,raw,"{""max_depth"": 4, ""max_features"": null, ""min_samples_leaf"": 10}",3,590,22,0.5288830734347398,39.735296290785726,56.80392047645911,0.4260355404864937,-28.612767057962387
92,decision_tree,raw,"{""max_depth"": 4, ""max_features"": null, ""min_samples_leaf"": 20}",1,546,22,0.702614027054064,43.89185962646461,64.75190722577521,0.479140772081775,-32.24444128202246
92,decision_tree,raw,"{""max_depth"": 4, ""max_features"": null, ""min_samples_leaf"": 20}",2,568,22,0.6099157753435924,42.975234938469356,58.4964286396239,0.46151478528036266,-26.00829827472893
92,decision_tree,raw,"{""max_depth"": 4, ""max_features"": null, ""min_samples_leaf"": 20}",3,590,22,0.5238153329880203,35.200450116046916,47.866752846479336,0.39189670263013365,-17.593981220197293
93,decision_tree,raw,"{""max_depth"": 4, ""max_features"": ""sqrt"", ""min_samples_leaf"": 5}",1,546,22,0.6731243870370287,44.997537483137364,66.7001744493009,0.4967736277390214,-29.967151854928275
93,decision_tree,raw,"{""max_depth"": 4, ""max_features"": ""sqrt"", ""min_samples_leaf"": 5}",2,568,22,0.6649098762995228,53.4682558364354,72.0896575307203,0.5560605973205853,-39.81940783136212
93,decision_tree,raw,"{""max_depth"": 4, ""max_features"": ""sqrt"", ""min_samples_leaf"": 5}",3,590,22,0.4903282989560553,38.31352375102375,52.403869981735575,0.41196403622703015,-22.47691897890943
94,decision_tree,raw,"{""max_depth"": 4, ""max_features"": ""sqrt"", ""min_samples_leaf"": 10}",1,546,22,0.7081969199754266,48.087005021340865,71.95530882338174,0.518867731659932,-36.86383574654252
94,decision_tree,raw,"{""max_depth"": 4, ""max_features"": ""sqrt"", ""min_samples_leaf"": 10}",2,568,22,0.6603642843184799,51.261516124231974,70.83382639832222,0.5310154215896465,-40.939801528464194
94,decision_tree,raw,"{""max_depth"": 4, ""max_features"": ""sqrt"", ""min_samples_leaf"": 10}",3,590,22,0.5094646458741683,39.65981607225262,53.88882307910328,0.43231138825342813,-27.205007551858408
95,decision_tree,raw,"{""max_depth"": 4, ""max_features"": ""sqrt"", ""min_samples_leaf"": 20}",1,546,22,0.7197161184188009,44.74319011182671,66.4227559960864,0.5057859814423319,-33.712609651285305
95,decision_tree,raw,"{""max_depth"": 4, ""max_features"": ""sqrt"", ""min_samples_leaf"": 20}",2,568,22,0.650095280278949,45.83359731639752,61.88747117803824,0.5110576145306571,-33.57952196549872
95,decision_tree,raw,"{""max_depth"": 4, ""max_features"": ""sqrt"", ""min_samples_leaf"": 20}",3,590,22,0.5137690395242983,40.29899356143011,54.69499863153477,0.43739420329694206,-27.373529531653297
96,decision_tree,raw,"{""max_depth"": 6, ""max_features"": null, ""min_samples_leaf"": 5}",1,546,22,0.8532735634379773,52.47558460930186,79.02118388913868,0.5798300782964383,-38.26805777651035
96,decision_tree,raw,"{""max_depth"": 6, ""max_features"": null, ""min_samples_leaf"": 5}",2,568,22,0.7330701341225879,50.77313402526465,64.62893397048892,0.5423090596088046,-21.040822372913496
96,decision_tree,raw,"{""max_depth"": 6, ""max_features"": null, ""min_samples_leaf"": 5}",3,590,22,0.6093990403455445,42.46708874458874,56.65919788205218,0.44604575268476765,-15.103820083158984
97,decision_tree,raw,"{""max_depth"": 6, ""max_features"": null, ""min_samples_leaf"": 10}",1,546,22,0.7920875815754805,51.44705669070072,76.68220354724404,0.5718308870715104,-41.122031106528794
97,decision_tree,raw,"{""max_depth"": 6, ""max_features"": null, ""min_samples_leaf"": 10}",2,568,22,0.6401785588477816,48.518664204833996,66.16249676160845,0.5029923200253553,-32.13435718479029
97,decision_tree,raw,"{""max_depth"": 6, ""max_features"": null, ""min_samples_leaf"": 10}",3,590,22,0.6380350974735878,39.00398560003528,55.07007388447494,0.4257327482895926,-21.16422933529974
98,decision_tree,raw,"{""max_depth"": 6, ""max_features"": null, ""min_samples_leaf"": 20}",1,546,22,0.7636862695633881,44.37093789042899,67.25156941171936,0.49509824676754643,-31.604899299390407
98,decision_tree,raw,"{""max_depth"": 6, ""max_features"": null, ""min_samples_leaf"": 20}",2,568,22,0.6080282039817824,43.60718671900695,57.77637226250298,0.47251629223372615,-23.272971438580683
98,decision_tree,raw,"{""max_depth"": 6, ""max_features"": null, ""min_samples_leaf"": 20}",3,590,22,0.5155900838192142,35.248737823871515,47.31938263177981,0.39110808288653265,-18.805241809842588
99,decision_tree,raw,"{""max_depth"": 6, ""max_features"": ""sqrt"", ""min_samples_leaf"": 5}",1,546,22,0.7537118601467026,51.046302026678966,77.97769979836218,0.5457237859728025,-40.03168918767588
99,decision_tree,raw,"{""max_depth"": 6, ""max_features"": ""sqrt"", ""min_samples_leaf"": 5}",2,568,22,0.6966450829084542,55.30061249931503,73.84720470318611,0.5611267578174949,-32.378343881856544
99,decision_tree,raw,"{""max_depth"": 6, ""max_features"": ""sqrt"", ""min_samples_leaf"": 5}",3,590,22,0.4744996026742231,36.913115461643436,51.27358784648804,0.3890467847489999,-18.473555761869886
100,decision_tree,raw,"{""max_depth"": 6, ""max_features"": ""sqrt"", ""min_samples_leaf"": 10}",1,546,22,0.7320978901758699,46.63387166980913,68.91532686977786,0.5154203799365903,-30.498186338144055
100,decision_tree,raw,"{""max_depth"": 6, ""max_features"": ""sqrt"", ""min_samples_leaf"": 10}",2,568,22,0.5318464803097723,44.85082433831765,60.03900673399273,0.4636673566158675,-34.16947054060022
100,decision_tree,raw,"{""max_depth"": 6, ""max_features"": ""sqrt"", ""min_samples_leaf"": 10}",3,590,22,0.5406869599011904,41.38613952305371,57.890459635905835,0.439897549801894,-24.705864797577316
101,decision_tree,raw,"{""max_depth"": 6, ""max_features"": ""sqrt"", ""min_samples_leaf"": 20}",1,546,22,0.7731498257064889,47.80710384881507,71.48996852259509,0.5286781412369957,-34.61548442248977
101,decision_tree,raw,"{""max_depth"": 6, ""max_features"": ""sqrt"", ""min_samples_leaf"": 20}",2,568,22,0.6948879386495034,48.65667393104343,62.9734998975675,0.5388042613401047,-31.496008916754157
101,decision_tree,raw,"{""max_depth"": 6, ""max_features"": ""sqrt"", ""min_samples_leaf"": 20}",3,590,22,0.4550107763270277,33.42969257270016,44.85134718526263,0.37573829931305275,-19.46020883096644
102,decision_tree,raw,"{""max_depth"": null, ""max_features"": null, ""min_samples_leaf"": 5}",1,546,22,0.8997057771232027,55.11336580086581,81.94302908264277,0.6038958798214491,-43.0957251082251
102,decision_tree,raw,"{""max_depth"": null, ""max_features"": null, ""min_samples_leaf"": 5}",2,568,22,0.7317619876649,48.95001803751804,67.11459194063087,0.5152083915029346,-17.17653318903319
102,decision_tree,raw,"{""max_depth"": null, ""max_features"": null, ""min_samples_leaf"": 5}",3,590,22,0.6765212877970431,49.20297619047619,61.57779326878586,0.536421679050738,-17.973214285714285
103,decision_tree,raw,"{""max_depth"": null, ""max_features"": null, ""min_samples_leaf"": 10}",1,546,22,0.8120446822343239,52.88893850719596,76.31894553347408,0.5968324495640186,-38.27552172063324
103,decision_tree,raw,"{""max_depth"": null, ""max_features"": null, ""min_samples_leaf"": 10}",2,568,22,0.6486663281297667,48.09845306208944,67.56138983075782,0.4903316529964732,-31.97761178215724
103,decision_tree,raw,"{""max_depth"": null, ""max_features"": null, ""min_samples_leaf"": 10}",3,590,22,0.678052408500007,42.68988133079043,59.508485907732535,0.4607248811526566,-20.232030091121
104,decision_tree,raw,"{""max_depth"": null, ""max_features"": null, ""min_samples_leaf"": 20}",1,546,22,0.7691618135616539,45.406664474451034,67.61329042598553,0.5069275296489238,-30.227747095533655
104,decision_tree,raw,"{""max_depth"": null, ""max_features"": null, ""min_samples_leaf"": 20}",2,568,22,0.6046858747598293,43.12301163483186,57.54804288766395,0.4661091042733116,-22.788796354405598
104,decision_tree,raw,"{""max_depth"": null, ""max_features"": null, ""min_samples_leaf"": 20}",3,590,22,0.5189327503270654,34.45328327841697,47.08594557347253,0.3829139520682252,-17.387604849102182
105,decision_tree,raw,"{""max_depth"": null, ""max_features"": ""sqrt"", ""min_samples_leaf"": 5}",1,546,22,0.7395661120689361,43.71253607503608,66.53856750326517,0.47986333803865217,-34.37343073593073
105,decision_tree,raw,"{""max_depth"": null, ""max_features"": ""sqrt"", ""min_samples_leaf"": 5}",2,568,22,0.5614279898587415,41.73730158730159,55.34317058174049,0.45721065166354596,-28.096031746031745
105,decision_tree,raw,"{""max_depth"": null, ""max_features"": ""sqrt"", ""min_samples_leaf"": 5}",3,590,22,0.5366026441189192,38.134812409812405,51.108037838627084,0.4382476139803929,-30.852994227994223
106,decision_tree,raw,"{""max_depth"": null, ""max_features"": ""sqrt"", ""min_samples_leaf"": 10}",1,546,22,0.8671321777479695,56.38353576248313,80.870699129461,0.6174896280877342,-36.76755780105063
106,decision_tree,raw,"{""max_depth"": null, ""max_features"": ""sqrt"", ""min_samples_leaf"": 10}",2,568,22,0.6205849383840006,51.05584035964348,65.78457169039956,0.552438669236856,-36.05330400710713
106,decision_tree,raw,"{""max_depth"": null, ""max_features"": ""sqrt"", ""min_samples_leaf"": 10}",3,590,22,0.5205058654181153,37.65919080919081,52.203155423688436,0.4203389988877813,-24.587768451644056
107,decision_tree,raw,"{""max_depth"": null, ""max_features"": ""sqrt"", ""min_samples_leaf"": 20}",1,546,22,0.7887460223719166,49.14783941301321,72.62978514915223,0.5480937174199,-37.92175771693151
107,decision_tree,raw,"{""max_depth"": null, ""max_features"": ""sqrt"", ""min_samples_leaf"": 20}",2,568,22,0.6664081370773703,47.26109084518175,57.30908614184142,0.5484133519579416,-28.24659624886898
107,decision_tree,raw,"{""max_depth"": null, ""max_features"": ""sqrt"", ""min_samples_leaf"": 20}",3,590,22,0.47578389543355093,36.82477061062105,48.694655698884304,0.400086998770167,-21.78480081591155
108,decision_tree,log1p,"{""max_depth"": 2, ""max_features"": null, ""min_samples_leaf"": 5}",1,546,22,0.7731614247525573,55.041699508416556,78.10610573097641,0.5800520773514705,-49.82174837192767
108,decision_tree,log1p,"{""max_depth"": 2, ""max_features"": null, ""min_samples_leaf"": 5}",2,568,22,0.6289231687478775,51.264586684636654,72.67846511967824,0.5055529124185368,-47.942888983026705
108,decision_tree,log1p,"{""max_depth"": 2, ""max_features"": null, ""min_samples_leaf"": 5}",3,590,22,0.6360010526019798,47.940037964356364,66.27246889164547,0.5104747361041253,-43.75751576878744
109,decision_tree,log1p,"{""max_depth"": 2, ""max_features"": null, ""min_samples_leaf"": 10}",1,546,22,0.7731614247525573,55.041699508416556,78.10610573097641,0.5800520773514705,-49.82174837192767
109,decision_tree,log1p,"{""max_depth"": 2, ""max_features"": null, ""min_samples_leaf"": 10}",2,568,22,0.6289231687478775,51.264586684636654,72.67846511967824,0.5055529124185368,-47.942888983026705
109,decision_tree,log1p,"{""max_depth"": 2, ""max_features"": null, ""min_samples_leaf"": 10}",3,590,22,0.6360010526019798,47.940037964356364,66.27246889164547,0.5104747361041253,-43.75751576878744
110,decision_tree,log1p,"{""max_depth"": 2, ""max_features"": null, ""min_samples_leaf"": 20}",1,546,22,0.7516517636473734,54.77353694210508,77.43008723762284,0.5684578335965094,-49.46858981365844
110,decision_tree,log1p,"{""max_depth"": 2, ""max_features"": null, ""min_samples_leaf"": 20}",2,568,22,0.6229680725596665,51.07910049556728,72.57695363984874,0.5008065157384292,-47.75237302240689
110,decision_tree,log1p,"{""max_depth"": 2, ""max_features"": null, ""min_samples_leaf"": 20}",3,590,22,0.6360010526019798,47.940037964356364,66.27246889164547,0.5104747361041253,-43.75751576878744
111,decision_tree,log1p,"{""max_depth"": 2, ""max_features"": ""sqrt"", ""min_samples_leaf"": 5}",1,546,22,0.7801691431206935,58.04359035747648,80.91562417514288,0.6220478512173266,-47.86079346517913
111,decision_tree,log1p,"{""max_depth"": 2, ""max_features"": ""sqrt"", ""min_samples_leaf"": 5}",2,568,22,0.6218853826069396,50.11432848912099,71.71394176349003,0.501622231716603,-37.34841736737092
111,decision_tree,log1p,"{""max_depth"": 2, ""max_features"": ""sqrt"", ""min_samples_leaf"": 5}",3,590,22,0.5879696977986889,45.5641297184979,64.580259014659,0.4765128799406377,-36.07069358913747
112,decision_tree,log1p,"{""max_depth"": 2, ""max_features"": ""sqrt"", ""min_samples_leaf"": 10}",1,546,22,0.7801691431206935,58.04359035747648,80.91562417514288,0.6220478512173266,-47.86079346517913
112,decision_tree,log1p,"{""max_depth"": 2, ""max_features"": ""sqrt"", ""min_samples_leaf"": 10}",2,568,22,0.6218853826069396,50.11432848912099,71.71394176349003,0.501622231716603,-37.34841736737092
112,decision_tree,log1p,"{""max_depth"": 2, ""max_features"": ""sqrt"", ""min_samples_leaf"": 10}",3,590,22,0.5879696977986889,45.5641297184979,64.580259014659,0.4765128799406377,-36.07069358913747
113,decision_tree,log1p,"{""max_depth"": 2, ""max_features"": ""sqrt"", ""min_samples_leaf"": 20}",1,546,22,0.7801691431206935,58.04359035747648,80.91562417514288,0.6220478512173266,-47.86079346517913
113,decision_tree,log1p,"{""max_depth"": 2, ""max_features"": ""sqrt"", ""min_samples_leaf"": 20}",2,568,22,0.6218853826069396,50.11432848912099,71.71394176349003,0.501622231716603,-37.34841736737092
113,decision_tree,log1p,"{""max_depth"": 2, ""max_features"": ""sqrt"", ""min_samples_leaf"": 20}",3,590,22,0.5860905305684971,45.41630770986904,64.40027266310479,0.4748191228889774,-35.80461397360552
114,decision_tree,log1p,"{""max_depth"": 4, ""max_features"": null, ""min_samples_leaf"": 5}",1,546,22,0.8304320621076355,51.96670379722562,77.04552172130438,0.5731227643304733,-45.220596511759624
114,decision_tree,log1p,"{""max_depth"": 4, ""max_features"": null, ""min_samples_leaf"": 5}",2,568,22,0.6342978738116056,48.7991456206325,68.50652792823261,0.4870848580803589,-40.716320635534736
114,decision_tree,log1p,"{""max_depth"": 4, ""max_features"": null, ""min_samples_leaf"": 5}",3,590,22,0.5594216380251732,39.5715347146047,47.93472572706013,0.46258065560047396,-27.403540452917653
115,decision_tree,log1p,"{""max_depth"": 4, ""max_features"": null, ""min_samples_leaf"": 10}",1,546,22,0.7762581127541969,50.2505868622633,76.42799139178497,0.5407766550204699,-46.05694250750604
115,decision_tree,log1p,"{""max_depth"": 4, ""max_features"": null, ""min_samples_leaf"": 10}",2,568,22,0.6206367603017621,49.70409039675596,69.30828862528679,0.5102055494048987,-44.747926038319285
115,decision_tree,log1p,"{""max_depth"": 4, ""max_features"": null, ""min_samples_leaf"": 10}",3,590,22,0.5611845339779136,39.633229958183556,50.219875180553245,0.47227248233244273,-32.75576832863672
116,decision_tree,log1p,"{""max_depth"": 4, ""max_features"": null, ""min_samples_leaf"": 20}",1,546,22,0.7906469285797022,49.27232741452787,75.65226012783889,0.5231072351146204,-43.046469651471924
116,decision_tree,log1p,"{""max_depth"": 4, ""max_features"": null, ""min_samples_leaf"": 20}",2,568,22,0.6226952738617836,49.80363956961273,69.47935454816383,0.51897979784266,-44.66100457962007
116,decision_tree,log1p,"{""max_depth"": 4, ""max_features"": null, ""min_samples_leaf"": 20}",3,590,22,0.5282532504330008,39.122174870260665,49.875374043878324,0.4560662216982441,-32.223303179175076
117,decision_tree,log1p,"{""max_depth"": 4, ""max_features"": ""sqrt"", ""min_samples_leaf"": 5}",1,546,22,0.7630549346604033,46.72889727574556,74.37643267508497,0.5052200570499519,-39.00911054251997
117,decision_tree,log1p,"{""max_depth"": 4, ""max_features"": ""sqrt"", ""min_samples_leaf"": 5}",2,568,22,0.5635703876810226,46.52087678571167,66.81183753697935,0.4556508374829166,-38.7350876798229
117,decision_tree,log1p,"{""max_depth"": 4, ""max_features"": ""sqrt"", ""min_samples_leaf"": 5}",3,590,22,0.48068364663162766,36.06979550456416,48.250464571955,0.39483429214496096,-24.80785394750262
118,decision_tree,log1p,"{""max_depth"": 4, ""max_features"": ""sqrt"", ""min_samples_leaf"": 10}",1,546,22,0.6526614554760092,48.04012663549068,74.83638260895691,0.47574158051968446,-40.19417384742626
118,decision_tree,log1p,"{""max_depth"": 4, ""max_features"": ""sqrt"", ""min_samples_leaf"": 10}",2,568,22,0.6454148013415011,50.76834028045903,69.87312161562566,0.5172129927195305,-37.825495671103695
118,decision_tree,log1p,"{""max_depth"": 4, ""max_features"": ""sqrt"", ""min_samples_leaf"": 10}",3,590,22,0.4435532127872,34.391987644665186,45.40989546659251,0.374541215755381,-24.67167716509141
119,decision_tree,log1p,"{""max_depth"": 4, ""max_features"": ""sqrt"", ""min_samples_leaf"": 20}",1,546,22,0.7322474108460185,47.648582782661826,74.84527972751927,0.5130496379038475,-39.72194026454612
119,decision_tree,log1p,"{""max_depth"": 4, ""max_features"": ""sqrt"", ""min_samples_leaf"": 20}",2,568,22,0.4752384541322153,39.571982228610175,59.96461965082729,0.3724831732777995,-33.17084718362703
119,decision_tree,log1p,"{""max_depth"": 4, ""max_features"": ""sqrt"", ""min_samples_leaf"": 20}",3,590,22,0.5040124766875107,36.89341727255831,50.57638965405871,0.4101203027858531,-24.95268441297085
120,decision_tree,log1p,"{""max_depth"": 6, ""max_features"": null, ""min_samples_leaf"": 5}",1,546,22,0.8320557735031376,52.28946689081004,78.8524883498847,0.5750381207715324,-42.189347801425974
120,decision_tree,log1p,"{""max_depth"": 6, ""max_features"": null, ""min_samples_leaf"": 5}",2,568,22,0.6705413546985863,50.52919101601347,69.71002859577943,0.5195786752787915,-42.18063344871084
120,decision_tree,log1p,"{""max_depth"": 6, ""max_features"": null, ""min_samples_leaf"": 5}",3,590,22,0.5217829598615131,37.063740621926534,44.01354221811593,0.4375539199625748,-23.169755104756998
121,decision_tree,log1p,"{""max_depth"": 6, ""max_features"": null, ""min_samples_leaf"": 10}",1,546,22,0.7584747301759814,50.9146804590282,77.15571189960465,0.5428735288105914,-46.18450273126153
121,decision_tree,log1p,"{""max_depth"": 6, ""max_features"": null, ""min_samples_leaf"": 10}",2,568,22,0.6127497887689209,49.27920083280532,65.12847112856949,0.5338107218773304,-43.200047502012005
121,decision_tree,log1p,"{""max_depth"": 6, ""max_features"": null, ""min_samples_leaf"": 10}",3,590,22,0.5348646504588829,40.041357795792926,50.49472100134279,0.45605117971381315,-32.20735953741145
122,decision_tree,log1p,"{""max_depth"": 6, ""max_features"": null, ""min_samples_leaf"": 20}",1,546,22,0.80182586745332,49.476263289151696,75.60786041584207,0.5264719713929333,-42.788989798391555
122,decision_tree,log1p,"{""max_depth"": 6, ""max_features"": null, ""min_samples_leaf"": 20}",2,568,22,0.6335648677001297,50.95921777605781,68.55307086198819,0.5483568928933551,-45.93012721014841
122,decision_tree,log1p,"{""max_depth"": 6, ""max_features"": null, ""min_samples_leaf"": 20}",3,590,22,0.5409487324344354,40.03795297584488,49.92117375358034,0.4777451280898998,-32.19726705933163
123,decision_tree,log1p,"{""max_depth"": 6, ""max_features"": ""sqrt"", ""min_samples_leaf"": 5}",1,546,22,0.7842297318318846,51.229133680906514,74.22233950231879,0.5815346368650295,-43.198044877409046
123,decision_tree,log1p,"{""max_depth"": 6, ""max_features"": ""sqrt"", ""min_samples_leaf"": 5}",2,568,22,0.5439916561938519,43.50824792310986,67.04309319697849,0.38891924425926905,-38.932618908933655
123,decision_tree,log1p,"{""max_depth"": 6, ""max_features"": ""sqrt"", ""min_samples_leaf"": 5}",3,590,22,0.5997481654293608,41.53328071300711,55.57676906258976,0.4763076720347846,-31.309927489964956
124,decision_tree,log1p,"{""max_depth"": 6, ""max_features"": ""sqrt"", ""min_samples_leaf"": 10}",1,546,22,0.823167168667118,53.144797024790364,81.06463806327605,0.5900492012713007,-43.16656978083383
124,decision_tree,log1p,"{""max_depth"": 6, ""max_features"": ""sqrt"", ""min_samples_leaf"": 10}",2,568,22,0.5875831173195413,47.22893602683626,65.92999038617657,0.4674949637799447,-32.50363512899906
124,decision_tree,log1p,"{""max_depth"": 6, ""max_features"": ""sqrt"", ""min_samples_leaf"": 10}",3,590,22,0.48727467812832254,35.14480185400035,46.27410166514544,0.39171428228924293,-19.08488384676691
125,decision_tree,log1p,"{""max_depth"": 6, ""max_features"": ""sqrt"", ""min_samples_leaf"": 20}",1,546,22,0.8455415637485154,53.995496113804364,79.41144818404216,0.6010133693228153,-45.03205915979891
125,decision_tree,log1p,"{""max_depth"": 6, ""max_features"": ""sqrt"", ""min_samples_leaf"": 20}",2,568,22,0.6882107516843474,51.89448830425581,75.01180605952673,0.5371410256082019,-45.309159026166604
125,decision_tree,log1p,"{""max_depth"": 6, ""max_features"": ""sqrt"", ""min_samples_leaf"": 20}",3,590,22,0.5392829166074667,36.91625271161738,53.06884060007185,0.41346010341466655,-26.053779956436287
126,decision_tree,log1p,"{""max_depth"": null, ""max_features"": null, ""min_samples_leaf"": 5}",1,546,22,0.849716886833633,53.679397943122986,78.67491249876456,0.6078024672004997,-44.88857143262617
126,decision_tree,log1p,"{""max_depth"": null, ""max_features"": null, ""min_samples_leaf"": 5}",2,568,22,0.6852490332171778,53.03668066991338,68.00666434908598,0.5679074199844176,-43.63067065723399
126,decision_tree,log1p,"{""max_depth"": null, ""max_features"": null, ""min_samples_leaf"": 5}",3,590,22,0.5393248365505304,37.97404609072402,49.197428565738484,0.4178500099103237,-17.079802595595947
127,decision_tree,log1p,"{""max_depth"": null, ""max_features"": null, ""min_samples_leaf"": 10}",1,546,22,0.8252644981093978,52.5769247015402,81.39194973108135,0.5663210325653659,-48.4095075114809
127,decision_tree,log1p,"{""max_depth"": null, ""max_features"": null, ""min_samples_leaf"": 10}",2,568,22,0.6107303486285736,49.16624540244154,63.424350078918316,0.5458174371819386,-40.16608082767245
127,decision_tree,log1p,"{""max_depth"": null, ""max_features"": null, ""min_samples_leaf"": 10}",3,590,22,0.5627689443658965,42.06590868990875,52.062063382051,0.4804305818496196,-32.199757740587124
128,decision_tree,log1p,"{""max_depth"": null, ""max_features"": null, ""min_samples_leaf"": 20}",1,546,22,0.7911452060385255,47.89534364239964,74.32001629943329,0.509297639837411,-41.2080701516395
128,decision_tree,log1p,"{""max_depth"": null, ""max_features"": null, ""min_samples_leaf"": 20}",2,568,22,0.6337734475024009,51.090345429945906,68.5085192109534,0.5506394469634661,-46.061254864036485
128,decision_tree,log1p,"{""max_depth"": null, ""max_features"": null, ""min_samples_leaf"": 20}",3,590,22,0.5414025389612048,40.42613761581446,50.07843260172049,0.48232569539618025,-33.085714086817035
129,decision_tree,log1p,"{""max_depth"": null, ""max_features"": ""sqrt"", ""min_samples_leaf"": 5}",1,546,22,0.9068202201806047,58.18191422851967,81.26606834702284,0.6514698441066735,-34.10910153436751
129,decision_tree,log1p,"{""max_depth"": null, ""max_features"": ""sqrt"", ""min_samples_leaf"": 5}",2,568,22,0.7048040497318604,51.01299313529009,76.64228525817906,0.5009253506107705,-37.30826797500398
129,decision_tree,log1p,"{""max_depth"": null, ""max_features"": ""sqrt"", ""min_samples_leaf"": 5}",3,590,22,0.46563691394800255,32.78427859043227,49.46121811696778,0.34875581837475345,-25.844045989420987
130,decision_tree,log1p,"{""max_depth"": null, ""max_features"": ""sqrt"", ""min_samples_leaf"": 10}",1,546,22,0.7859991707388336,51.516347252732814,78.8158655877218,0.5618541342622313,-41.235541156967514
130,decision_tree,log1p,"{""max_depth"": null, ""max_features"": ""sqrt"", ""min_samples_leaf"": 10}",2,568,22,0.6835117568796713,46.90253850730228,70.58374480372383,0.49413276290910985,-38.81728643722084
130,decision_tree,log1p,"{""max_depth"": null, ""max_features"": ""sqrt"", ""min_samples_leaf"": 10}",3,590,22,0.45229272312759944,35.526133529473015,51.366370901306176,0.3696567344603363,-24.334325953528584
131,decision_tree,log1p,"{""max_depth"": null, ""max_features"": ""sqrt"", ""min_samples_leaf"": 20}",1,546,22,0.8480346571898902,54.35104775177931,79.66194086224385,0.6052734397474476,-45.04590618682631
131,decision_tree,log1p,"{""max_depth"": null, ""max_features"": ""sqrt"", ""min_samples_leaf"": 20}",2,568,22,0.6109614005705664,49.41549705270583,68.22501029398073,0.5085460967662198,-35.684434756130344
131,decision_tree,log1p,"{""max_depth"": null, ""max_features"": ""sqrt"", ""min_samples_leaf"": 20}",3,590,22,0.5388421838814831,36.769225717897946,53.03714809875971,0.41169535177511474,-25.90675296271686
132,random_forest,raw,"{""max_depth"": 4, ""max_features"": ""sqrt"", ""min_samples_leaf"": 1}",1,546,22,0.6465549634025747,47.52225960183791,72.3268184394659,0.48893835466214847,-37.92246070206792
132,random_forest,raw,"{""max_depth"": 4, ""max_features"": ""sqrt"", ""min_samples_leaf"": 1}",2,568,22,0.5098074857509359,42.616954272197056,61.546567298353935,0.41643736754879834,-31.454621849616696
132,random_forest,raw,"{""max_depth"": 4, ""max_features"": ""sqrt"", ""min_samples_leaf"": 1}",3,590,22,0.49320895389138336,36.864128902676526,52.335382106619015,0.4011277963744612,-24.828752705602014
133,random_forest,raw,"{""max_depth"": 4, ""max_features"": ""sqrt"", ""min_samples_leaf"": 5}",1,546,22,0.6362745586367519,46.9565218212543,70.58763510484575,0.48818596559938143,-36.72677847789117
133,random_forest,raw,"{""max_depth"": 4, ""max_features"": ""sqrt"", ""min_samples_leaf"": 5}",2,568,22,0.5103377203368951,42.717526379116,61.52428394415619,0.4179776040516534,-31.577153309644743
133,random_forest,raw,"{""max_depth"": 4, ""max_features"": ""sqrt"", ""min_samples_leaf"": 5}",3,590,22,0.48445718505685825,36.454318689648794,50.991747286864914,0.3970072995774803,-24.311225230310978
134,random_forest,raw,"{""max_depth"": 4, ""max_features"": ""sqrt"", ""min_samples_leaf"": 10}",1,546,22,0.6367245052904841,46.342161131297466,70.49207401751268,0.48269167358141646,-36.618260907143934
134,random_forest,raw,"{""max_depth"": 4, ""max_features"": ""sqrt"", ""min_samples_leaf"": 10}",2,568,22,0.5019501927462428,41.893549501585795,60.15204958155305,0.4120154877108714,-30.79023201525158
134,random_forest,raw,"{""max_depth"": 4, ""max_features"": ""sqrt"", ""min_samples_leaf"": 10}",3,590,22,0.48212553561631805,36.37379056254357,50.31221562383336,0.3959699031100911,-23.628576695537802
135,random_forest,raw,"{""max_depth"": 4, ""max_features"": 1.0, ""min_samples_leaf"": 1}",1,546,22,0.6585276197033504,47.82707046118894,72.80940438846915,0.49261798386509265,-37.981681840576215
135,random_forest,raw,"{""max_depth"": 4, ""max_features"": 1.0, ""min_samples_leaf"": 1}",2,568,22,0.5111028810642514,43.10317962697356,60.838474317637434,0.4185294013509793,-29.19139380947091
135,random_forest,raw,"{""max_depth"": 4, ""max_features"": 1.0, ""min_samples_leaf"": 1}",3,590,22,0.48966714583661214,36.31270276871159,51.59757299584011,0.3945897176998186,-24.25182648687435
136,random_forest,raw,"{""max_depth"": 4, ""max_features"": 1.0, ""min_samples_leaf"": 5}",1,546,22,0.6671747993095151,46.957293898646064,71.41670306414603,0.49065107165596955,-37.38516959717867
136,random_forest,raw,"{""max_depth"": 4, ""max_features"": 1.0, ""min_samples_leaf"": 5}",2,568,22,0.523246759810353,43.40887535039687,61.358465412067574,0.4210544681557581,-29.705022497946615
136,random_forest,raw,"{""max_depth"": 4, ""max_features"": 1.0, ""min_samples_leaf"": 5}",3,590,22,0.49444162965293087,36.35031473710888,50.57131649539843,0.4015306209046099,-23.085907318645983
137,random_forest,raw,"{""max_depth"": 4, ""max_features"": 1.0, ""min_samples_leaf"": 10}",1,546,22,0.6591118714926997,45.316965732850896,68.64088828794499,0.4812077144436915,-36.036623767604844
137,random_forest,raw,"{""max_depth"": 4, ""max_features"": 1.0, ""min_samples_leaf"": 10}",2,568,22,0.5085624865094803,42.04352392715968,59.13943164333818,0.41067318984054035,-28.91089244368126
137,random_forest,raw,"{""max_depth"": 4, ""max_features"": 1.0, ""min_samples_leaf"": 10}",3,590,22,0.4875762335604083,35.91148594575258,49.533994365445025,0.3895766683238937,-21.938529205743578
138,random_forest,raw,"{""max_depth"": 8, ""max_features"": ""sqrt"", ""min_samples_leaf"": 1}",1,546,22,0.6894221811384277,46.97092024606313,71.8738242953128,0.4954149427024873,-35.92812816931567
138,random_forest,raw,"{""max_depth"": 8, ""max_features"": ""sqrt"", ""min_samples_leaf"": 1}",2,568,22,0.5435015079985815,41.61382064903496,59.702498997933986,0.41057174462642015,-28.155629615469845
138,random_forest,raw,"{""max_depth"": 8, ""max_features"": ""sqrt"", ""min_samples_leaf"": 1}",3,590,22,0.5296578039330088,36.865750747558145,50.85318144789351,0.40880696874394734,-21.067374076076025
139,random_forest,raw,"{""max_depth"": 8, ""max_features"": ""sqrt"", ""min_samples_leaf"": 5}",1,546,22,0.6841794850545219,46.08302934492999,70.40497379987156,0.4928441938694925,-35.45184724272896
139,random_forest,raw,"{""max_depth"": 8, ""max_features"": ""sqrt"", ""min_samples_leaf"": 5}",2,568,22,0.5124945591109137,40.98279901824182,58.82189595894805,0.40205989157162014,-28.848778877434384
139,random_forest,raw,"{""max_depth"": 8, ""max_features"": ""sqrt"", ""min_samples_leaf"": 5}",3,590,22,0.5056974708316974,36.27770319792308,50.26289869164851,0.3989844864833858,-22.090669783179397
140,random_forest,raw,"{""max_depth"": 8, ""max_features"": ""sqrt"", ""min_samples_leaf"": 10}",1,546,22,0.6544141400109579,45.33527864648763,69.7138416984876,0.4795034320531858,-34.788579339048326
140,random_forest,raw,"{""max_depth"": 8, ""max_features"": ""sqrt"", ""min_samples_leaf"": 10}",2,568,22,0.4971871855393804,40.3421640680104,57.99046466657406,0.3966912887983455,-28.11872579772073
140,random_forest,raw,"{""max_depth"": 8, ""max_features"": ""sqrt"", ""min_samples_leaf"": 10}",3,590,22,0.4940420501102552,35.81863866233301,48.88589273624255,0.3960629437268688,-20.894706906440923
141,random_forest,raw,"{""max_depth"": 8, ""max_features"": 1.0, ""min_samples_leaf"": 1}",1,546,22,0.7198258682258725,47.92601921569726,72.6859412354391,0.5064940858688274,-37.30592880154559
141,random_forest,raw,"{""max_depth"": 8, ""max_features"": 1.0, ""min_samples_leaf"": 1}",2,568,22,0.5609226828438096,42.618091101951144,60.18359466934682,0.4176251854157293,-27.37140526754965
141,random_forest,raw,"{""max_depth"": 8, ""max_features"": 1.0, ""min_samples_leaf"": 1}",3,590,22,0.5518677423717716,38.33989971936917,50.72363828384353,0.4195452696479036,-19.59119870640617
142,random_forest,raw,"{""max_depth"": 8, ""max_features"": 1.0, ""min_samples_leaf"": 5}",1,546,22,0.7303844508074727,47.521142972212715,72.13059118487044,0.5107104741018409,-37.16720114802087
142,random_forest,raw,"{""max_depth"": 8, ""max_features"": 1.0, ""min_samples_leaf"": 5}",2,568,22,0.5414101388664696,42.78251678238062,60.66982272735379,0.4173239679052403,-28.992998626373677
142,random_forest,raw,"{""max_depth"": 8, ""max_features"": 1.0, ""min_samples_leaf"": 5}",3,590,22,0.5223131325578448,37.28073695836616,49.753652180365734,0.41564333642617424,-21.001747671383313
143,random_forest,raw,"{""max_depth"": 8, ""max_features"": 1.0, ""min_samples_leaf"": 10}",1,546,22,0.7056469669246361,46.232498118225855,70.1989525347888,0.49903873183848996,-36.19017371442549
143,random_forest,raw,"{""max_depth"": 8, ""max_features"": 1.0, ""min_samples_leaf"": 10}",2,568,22,0.5210989715705523,42.30022405851886,59.1739915499537,0.41528912992344824,-28.454045635326327
143,random_forest,raw,"{""max_depth"": 8, ""max_features"": 1.0, ""min_samples_leaf"": 10}",3,590,22,0.5139615104329923,37.46240368662509,49.70919801193158,0.4108997159128199,-20.640272010784916
144,random_forest,raw,"{""max_depth"": null, ""max_features"": ""sqrt"", ""min_samples_leaf"": 1}",1,546,22,0.7178104742210434,48.065757575757566,72.70295141494907,0.5097848427759878,-36.67454545454546
144,random_forest,raw,"{""max_depth"": null, ""max_features"": ""sqrt"", ""min_samples_leaf"": 1}",2,568,22,0.5533759107107453,41.99060606060606,60.418429524960565,0.4140411175662638,-28.886666666666667
144,random_forest,raw,"{""max_depth"": null, ""max_features"": ""sqrt"", ""min_samples_leaf"": 1}",3,590,22,0.5366501943942745,37.556060606060605,51.688041873602366,0.41277653155709315,-19.644242424242425
145,random_forest,raw,"{""max_depth"": null, ""max_features"": ""sqrt"", ""min_samples_leaf"": 5}",1,546,22,0.6911420043870844,46.50588908104003,71.0137696232634,0.49834414796471055,-35.44698800698359
145,random_forest,raw,"{""max_depth"": null, ""max_features"": ""sqrt"", ""min_samples_leaf"": 5}",2,568,22,0.5187562428892574,41.738310602559665,59.407027888144675,0.4104338573967977,-29.078948512857167
145,random_forest,raw,"{""max_depth"": null, ""max_features"": ""sqrt"", ""min_samples_leaf"": 5}",3,590,22,0.505374882369108,35.77678020285787,49.20342672471276,0.3972375699494505,-21.30069432085151
146,random_forest,raw,"{""max_depth"": null, ""max_features"": ""sqrt"", ""min_samples_leaf"": 10}",1,546,22,0.6569665077735257,45.200239134087525,69.86336035928836,0.477694159232934,-34.90930648931561
146,random_forest,raw,"{""max_depth"": null, ""max_features"": ""sqrt"", ""min_samples_leaf"": 10}",2,568,22,0.4958393204800244,40.13207787808515,57.91223551878997,0.3939730785507918,-28.20324773749179
146,random_forest,raw,"{""max_depth"": null, ""max_features"": ""sqrt"", ""min_samples_leaf"": 10}",3,590,22,0.4925826974272165,35.49698859650271,48.59639816901457,0.392620172593133,-20.420713283008936
147,random_forest,raw,"{""max_depth"": null, ""max_features"": 1.0, ""min_samples_leaf"": 1}",1,546,22,0.7266838060678418,48.1969696969697,72.65247920300749,0.5114935504229483,-37.48818181818183
147,random_forest,raw,"{""max_depth"": null, ""max_features"": 1.0, ""min_samples_leaf"": 1}",2,568,22,0.5657209293391525,43.24575757575758,60.235218422313686,0.42660135572856994,-26.972727272727266
147,random_forest,raw,"{""max_depth"": null, ""max_features"": 1.0, ""min_samples_leaf"": 1}",3,590,22,0.5525168017780395,38.207727272727276,50.74493720579623,0.4181125779215019,-19.876515151515154
148,random_forest,raw,"{""max_depth"": null, ""max_features"": 1.0, ""min_samples_leaf"": 5}",1,546,22,0.731342409204079,47.44829384159664,72.04682064342867,0.5104015055118996,-37.102982006609665
148,random_forest,raw,"{""max_depth"": null, ""max_features"": 1.0, ""min_samples_leaf"": 5}",2,568,22,0.5427538752256161,42.865069792213426,60.678267532376935,0.4184795381422338,-28.99094710655248
148,random_forest,raw,"{""max_depth"": null, ""max_features"": 1.0, ""min_samples_leaf"": 5}",3,590,22,0.5255412477597261,37.589438793217646,50.16116730512886,0.41876768663677494,-21.430203633340994
149,random_forest,raw,"{""max_depth"": null, ""max_features"": 1.0, ""min_samples_leaf"": 10}",1,546,22,0.7054893851339061,46.18871151700329,70.18380169240918,0.4985506736180387,-36.18866834085198
149,random_forest,raw,"{""max_depth"": null, ""max_features"": 1.0, ""min_samples_leaf"": 10}",2,568,22,0.5216961484739016,42.34803016473137,59.23518229996225,0.41572862095475144,-28.521615802047393
149,random_forest,raw,"{""max_depth"": null, ""max_features"": 1.0, ""min_samples_leaf"": 10}",3,590,22,0.5151688653184481,37.57324863840464,49.8071494200141,0.41208874072668134,-20.680904484100367
150,random_forest,log1p,"{""max_depth"": 4, ""max_features"": ""sqrt"", ""min_samples_leaf"": 1}",1,546,22,0.7134344397462685,48.239178400138236,76.47290491330455,0.4798603561200227,-45.38814313072535
150,random_forest,log1p,"{""max_depth"": 4, ""max_features"": ""sqrt"", ""min_samples_leaf"": 1}",2,568,22,0.5308572885561192,45.585801379837626,65.00301723145866,0.4374233347336487,-40.16218251194015
150,random_forest,log1p,"{""max_depth"": 4, ""max_features"": ""sqrt"", ""min_samples_leaf"": 1}",3,590,22,0.4866420961859102,38.217899425273885,53.797708530305286,0.4070681503258919,-31.260257440036153
151,random_forest,log1p,"{""max_depth"": 4, ""max_features"": ""sqrt"", ""min_samples_leaf"": 5}",1,546,22,0.713387046534877,48.01238589451059,76.0896160202638,0.4806317321036391,-44.95086174231785
151,random_forest,log1p,"{""max_depth"": 4, ""max_features"": ""sqrt"", ""min_samples_leaf"": 5}",2,568,22,0.536052831523984,45.76989461119932,65.15498615955451,0.44096861121300235,-40.562894247237395
151,random_forest,log1p,"{""max_depth"": 4, ""max_features"": ""sqrt"", ""min_samples_leaf"": 5}",3,590,22,0.49082178925157127,38.70196418237006,54.00050470309596,0.4117837161623541,-31.776809250041484
152,random_forest,log1p,"{""max_depth"": 4, ""max_features"": ""sqrt"", ""min_samples_leaf"": 10}",1,546,22,0.7151903120011024,48.12338572771798,76.14966115434581,0.4829851317227283,-44.730333576784865
152,random_forest,log1p,"{""max_depth"": 4, ""max_features"": ""sqrt"", ""min_samples_leaf"": 10}",2,568,22,0.535956759376422,46.08439863654634,65.31737023579454,0.44529676581747796,-40.46342512870772
152,random_forest,log1p,"{""max_depth"": 4, ""max_features"": ""sqrt"", ""min_samples_leaf"": 10}",3,590,22,0.4931840007181853,38.60430986067918,54.08893745315884,0.4096029662215759,-31.34126247020538
153,random_forest,log1p,"{""max_depth"": 4, ""max_features"": 1.0, ""min_samples_leaf"": 1}",1,546,22,0.7425495528770367,50.585950084448314,76.37707698857831,0.528930182806474,-46.80570154666175
153,random_forest,log1p,"{""max_depth"": 4, ""max_features"": 1.0, ""min_samples_leaf"": 1}",2,568,22,0.5516551941746293,45.99252499205224,65.9850262317059,0.44837093590899113,-41.10335579553702
153,random_forest,log1p,"{""max_depth"": 4, ""max_features"": 1.0, ""min_samples_leaf"": 1}",3,590,22,0.506738628195913,39.37692014307999,53.52346280491102,0.4319048210604935,-31.91175861553055
154,random_forest,log1p,"{""max_depth"": 4, ""max_features"": 1.0, ""min_samples_leaf"": 5}",1,546,22,0.744997045346284,50.55814125289801,76.28854108914332,0.5276226591465106,-47.01929157561494
154,random_forest,log1p,"{""max_depth"": 4, ""max_features"": 1.0, ""min_samples_leaf"": 5}",2,568,22,0.5517926934780144,46.458647413018305,66.727815415598,0.45175432560801276,-42.10526466481083
154,random_forest,log1p,"{""max_depth"": 4, ""max_features"": 1.0, ""min_samples_leaf"": 5}",3,590,22,0.49459022821958504,38.95420111098968,52.63071035748419,0.42692380069027625,-32.733455717325434
155,random_forest,log1p,"{""max_depth"": 4, ""max_features"": 1.0, ""min_samples_leaf"": 10}",1,546,22,0.7456024574539443,49.765621194967046,76.04712556316575,0.5119084263525131,-46.57887038028152
155,random_forest,log1p,"{""max_depth"": 4, ""max_features"": 1.0, ""min_samples_leaf"": 10}",2,568,22,0.530343811675816,45.37811200973434,65.53684757772986,0.43265291418157203,-40.99055846291265
155,random_forest,log1p,"{""max_depth"": 4, ""max_features"": 1.0, ""min_samples_leaf"": 10}",3,590,22,0.4733190565055552,38.086822506761855,51.63947944896721,0.41303747047982037,-31.758086411210638
156,random_forest,log1p,"{""max_depth"": 8, ""max_features"": ""sqrt"", ""min_samples_leaf"": 1}",1,546,22,0.7380004705325678,47.711313099367004,75.24466195631479,0.4974138887743196,-43.84044966776512
156,random_forest,log1p,"{""max_depth"": 8, ""max_features"": ""sqrt"", ""min_samples_leaf"": 1}",2,568,22,0.5532996878169388,45.62730830035613,64.64858568527151,0.450286254630325,-38.79571121529763
156,random_forest,log1p,"{""max_depth"": 8, ""max_features"": ""sqrt"", ""min_samples_leaf"": 1}",3,590,22,0.48644009628757506,36.5036317074314,51.57626524798185,0.4017680781008398,-27.950965901932886
157,random_forest,log1p,"{""max_depth"": 8, ""max_features"": ""sqrt"", ""min_samples_leaf"": 5}",1,546,22,0.7310327551305921,47.3490658734624,75.35134391001186,0.48656616277771536,-44.06302761141949
157,random_forest,log1p,"{""max_depth"": 8, ""max_features"": ""sqrt"", ""min_samples_leaf"": 5}",2,568,22,0.5379762925355459,45.40971212345687,64.57784655936658,0.4404045911471584,-39.26977094532207
157,random_forest,log1p,"{""max_depth"": 8, ""max_features"": ""sqrt"", ""min_samples_leaf"": 5}",3,590,22,0.4865488286567503,37.54901796323608,52.84176411056087,0.4039105310469035,-30.415743978285818
158,random_forest,log1p,"{""max_depth"": 8, ""max_features"": ""sqrt"", ""min_samples_leaf"": 10}",1,546,22,0.7154031277998159,46.50732686714325,75.14474300792709,0.46860514583774077,-43.22192677296964
158,random_forest,log1p,"{""max_depth"": 8, ""max_features"": ""sqrt"", ""min_samples_leaf"": 10}",2,568,22,0.518103573910291,44.2174097638138,63.07574565985809,0.4253913517924548,-38.01909666657074
158,random_forest,log1p,"{""max_depth"": 8, ""max_features"": ""sqrt"", ""min_samples_leaf"": 10}",3,590,22,0.48117930801857267,37.70403026834365,51.92506742752518,0.40529747793811205,-29.65534326778157
159,random_forest,log1p,"{""max_depth"": 8, ""max_features"": 1.0, ""min_samples_leaf"": 1}",1,546,22,0.7905321561439682,50.28393073711143,75.90595507352168,0.547306281488241,-45.40785373884166
159,random_forest,log1p,"{""max_depth"": 8, ""max_features"": 1.0, ""min_samples_leaf"": 1}",2,568,22,0.5856659726695073,46.045250760399945,64.75417026342232,0.4665598920848568,-39.145015880346335
159,random_forest,log1p,"{""max_depth"": 8, ""max_features"": 1.0, ""min_samples_leaf"": 1}",3,590,22,0.5389806259417745,37.90081152583162,51.69758016848713,0.4235359961174543,-28.281148764694056
160,random_forest,log1p,"{""max_depth"": 8, ""max_features"": 1.0, ""min_samples_leaf"": 5}",1,546,22,0.7751952994441093,49.709360264064706,76.26104773009749,0.53121534685534,-45.618063832169554
160,random_forest,log1p,"{""max_depth"": 8, ""max_features"": 1.0, ""min_samples_leaf"": 5}",2,568,22,0.5633996468827708,46.44097887715766,65.59923587141675,0.46449672396146935,-41.07963553537552
160,random_forest,log1p,"{""max_depth"": 8, ""max_features"": 1.0, ""min_samples_leaf"": 5}",3,590,22,0.49427015662467405,37.722340364705126,51.05658259702603,0.4191509752233655,-30.225439635402726
161,random_forest,log1p,"{""max_depth"": 8, ""max_features"": 1.0, ""min_samples_leaf"": 10}",1,546,22,0.7634634903537236,49.182809439131255,76.49871554047414,0.5103799903565229,-46.03043627567945
161,random_forest,log1p,"{""max_depth"": 8, ""max_features"": 1.0, ""min_samples_leaf"": 10}",2,568,22,0.5336508903394241,44.93086805155443,64.7738476027855,0.4338174302358393,-40.16722958149459
161,random_forest,log1p,"{""max_depth"": 8, ""max_features"": 1.0, ""min_samples_leaf"": 10}",3,590,22,0.47409411255626344,37.901954226112586,50.83069210730786,0.41478683856084564,-30.762139735917764
162,random_forest,log1p,"{""max_depth"": null, ""max_features"": ""sqrt"", ""min_samples_leaf"": 1}",1,546,22,0.7567811895322386,48.971068684075085,76.18772968918081,0.5155536832443964,-44.7713440625751
162,random_forest,log1p,"{""max_depth"": null, ""max_features"": ""sqrt"", ""min_samples_leaf"": 1}",2,568,22,0.5556031844278679,46.12044629696242,65.26182283087184,0.45437885785811444,-38.62716241986496
162,random_forest,log1p,"{""max_depth"": null, ""max_features"": ""sqrt"", ""min_samples_leaf"": 1}",3,590,22,0.507308142300935,37.0914048374987,52.0439385712914,0.41283512611378925,-28.24551046367153
163,random_forest,log1p,"{""max_depth"": null, ""max_features"": ""sqrt"", ""min_samples_leaf"": 5}",1,546,22,0.7297275561009825,47.0129835782744,75.16320227530832,0.4838818267546626,-43.330217976567106
163,random_forest,log1p,"{""max_depth"": null, ""max_features"": ""sqrt"", ""min_samples_leaf"": 5}",2,568,22,0.5369433930925291,45.527752129140275,64.6672336614881,0.44107122436377516,-39.14715718771292
163,random_forest,log1p,"{""max_depth"": null, ""max_features"": ""sqrt"", ""min_samples_leaf"": 5}",3,590,22,0.4879334020830117,37.5314923351982,52.25561233757421,0.4065141641061047,-29.589945612963763
164,random_forest,log1p,"{""max_depth"": null, ""max_features"": ""sqrt"", ""min_samples_leaf"": 10}",1,546,22,0.7172647946234534,46.748036581270846,75.35896632507514,0.47142384098752754,-43.39505302740363
164,random_forest,log1p,"{""max_depth"": null, ""max_features"": ""sqrt"", ""min_samples_leaf"": 10}",2,568,22,0.5207309912996325,44.423242582512266,63.45906479935415,0.42702249752331967,-38.020629195983815
164,random_forest,log1p,"{""max_depth"": null, ""max_features"": ""sqrt"", ""min_samples_leaf"": 10}",3,590,22,0.4841282154750751,37.901187433840136,52.42543138265779,0.40678763275982244,-29.634385119753595
165,random_forest,log1p,"{""max_depth"": null, ""max_features"": 1.0, ""min_samples_leaf"": 1}",1,546,22,0.7968086987034798,50.35150073561045,76.03704399649561,0.5504085818140911,-44.86575408198625
165,random_forest,log1p,"{""max_depth"": null, ""max_features"": 1.0, ""min_samples_leaf"": 1}",2,568,22,0.5907863361569167,46.24043173946795,64.37279659771544,0.47194558188330704,-38.89972307237562
165,random_forest,log1p,"{""max_depth"": null, ""max_features"": 1.0, ""min_samples_leaf"": 1}",3,590,22,0.541052996161963,38.21545709132865,52.1080016819434,0.4258686284024952,-27.96090525517752
166,random_forest,log1p,"{""max_depth"": null, ""max_features"": 1.0, ""min_samples_leaf"": 5}",1,546,22,0.7775884325113406,49.88968422677477,76.37101677103502,0.5343120759616335,-45.487631226900966
166,random_forest,log1p,"{""max_depth"": null, ""max_features"": 1.0, ""min_samples_leaf"": 5}",2,568,22,0.5642755310466014,46.4566048631622,65.55291352667412,0.4649451453897846,-41.01067672896224
166,random_forest,log1p,"{""max_depth"": null, ""max_features"": 1.0, ""min_samples_leaf"": 5}",3,590,22,0.4999571769680021,38.13666302569791,51.40532843766469,0.4242235661467688,-30.315475993790393
167,random_forest,log1p,"{""max_depth"": null, ""max_features"": 1.0, ""min_samples_leaf"": 10}",1,546,22,0.7632310326160374,49.091318458522686,76.48024168941761,0.5091218301124507,-45.951365839342586
167,random_forest,log1p,"{""max_depth"": null, ""max_features"": 1.0, ""min_samples_leaf"": 10}",2,568,22,0.5339379489449186,44.91006148500562,64.8007815726452,0.43344106531113835,-40.14229128616253
167,random_forest,log1p,"{""max_depth"": null, ""max_features"": 1.0, ""min_samples_leaf"": 10}",3,590,22,0.4746453325212312,37.96047869060573,50.84500120707155,0.4155836000765815,-30.762933919890646
168,extra_trees,raw,"{""max_depth"": 4, ""max_features"": ""sqrt"", ""min_samples_leaf"": 1}",1,546,22,0.6821480522319258,48.46873915164326,74.16478776218709,0.505344919421995,-37.362748451087846
168,extra_trees,raw,"{""max_depth"": 4, ""max_features"": ""sqrt"", ""min_samples_leaf"": 1}",2,568,22,0.6075283682781197,46.94915913626894,63.47538983366306,0.48800613523274766,-33.32501783459367
168,extra_trees,raw,"{""max_depth"": 4, ""max_features"": ""sqrt"", ""min_samples_leaf"": 1}",3,590,22,0.5824464620783194,40.67491999172098,55.51780726763015,0.44404505915320597,-28.1168364373494
169,extra_trees,raw,"{""max_depth"": 4, ""max_features"": ""sqrt"", ""min_samples_leaf"": 5}",1,546,22,0.6798028875697132,48.368081907303285,73.91272420603654,0.5031417396689241,-37.49983802018203
169,extra_trees,raw,"{""max_depth"": 4, ""max_features"": ""sqrt"", ""min_samples_leaf"": 5}",2,568,22,0.6179091739460363,47.433959834538015,64.54068475706046,0.4923107892847948,-33.85764297135998
169,extra_trees,raw,"{""max_depth"": 4, ""max_features"": ""sqrt"", ""min_samples_leaf"": 5}",3,590,22,0.590996936046818,41.452948928945304,56.03670111516074,0.452959092940611,-28.56027012812925
170,extra_trees,raw,"{""max_depth"": 4, ""max_features"": ""sqrt"", ""min_samples_leaf"": 10}",1,546,22,0.6921852641988586,49.57829119116968,74.80254187125608,0.5153331540713645,-38.582847823818945
170,extra_trees,raw,"{""max_depth"": 4, ""max_features"": ""sqrt"", ""min_samples_leaf"": 10}",2,568,22,0.6431717816652276,48.73225487138375,66.70455003208437,0.5061226303724952,-35.5231816421143
170,extra_trees,raw,"{""max_depth"": 4, ""max_features"": ""sqrt"", ""min_samples_leaf"": 10}",3,590,22,0.6093702468146239,42.86354557592389,57.736976215992776,0.46799081326654923,-29.897056154782902
171,extra_trees,raw,"{""max_depth"": 4, ""max_features"": 1.0, ""min_samples_leaf"": 1}",1,546,22,0.6360655399117998,46.57392669623145,72.14908281017583,0.4776481610081765,-36.12660161425637
171,extra_trees,raw,"{""max_depth"": 4, ""max_features"": 1.0, ""min_samples_leaf"": 1}",2,568,22,0.5122225367987674,43.15635139999647,59.53656773753759,0.4325753190461705,-30.87478620569585
171,extra_trees,raw,"{""max_depth"": 4, ""max_features"": 1.0, ""min_samples_leaf"": 1}",3,590,22,0.4842627860050811,35.62460457309523,49.755515494649934,0.38775027792158256,-23.830668436302464
172,extra_trees,raw,"{""max_depth"": 4, ""max_features"": 1.0, ""min_samples_leaf"": 5}",1,546,22,0.6265407163889896,45.851839189537365,71.79273379135834,0.4671654121417605,-36.11819743389131
172,extra_trees,raw,"{""max_depth"": 4, ""max_features"": 1.0, ""min_samples_leaf"": 5}",2,568,22,0.5142106379365327,43.2536830020242,60.371750280216645,0.4305827683699712,-31.21696553313118
172,extra_trees,raw,"{""max_depth"": 4, ""max_features"": 1.0, ""min_samples_leaf"": 5}",3,590,22,0.4869682726102935,36.043478504787636,49.57218941867043,0.3919890403425443,-24.21487469503768
173,extra_trees,raw,"{""max_depth"": 4, ""max_features"": 1.0, ""min_samples_leaf"": 10}",1,546,22,0.6226681621057621,45.5921472058921,71.45506478757554,0.4647714443995081,-35.852465225917996
173,extra_trees,raw,"{""max_depth"": 4, ""max_features"": 1.0, ""min_samples_leaf"": 10}",2,568,22,0.5073025460295575,42.62972872377332,59.754008005102285,0.42395494949496315,-30.392437396343283
173,extra_trees,raw,"{""max_depth"": 4, ""max_features"": 1.0, ""min_samples_leaf"": 10}",3,590,22,0.4882598476386714,36.334235491234054,49.65977843085127,0.3952585753385798,-24.101391249294547
174,extra_trees,raw,"{""max_depth"": 8, ""max_features"": ""sqrt"", ""min_samples_leaf"": 1}",1,546,22,0.6575332474846494,46.13319175696168,72.43048127936292,0.4771219131199455,-36.20504450432929
174,extra_trees,raw,"{""max_depth"": 8, ""max_features"": ""sqrt"", ""min_samples_leaf"": 1}",2,568,22,0.521188938423867,42.59762927393712,58.66119846890386,0.4266853606761032,-29.93280429371096
174,extra_trees,raw,"{""max_depth"": 8, ""max_features"": ""sqrt"", ""min_samples_leaf"": 1}",3,590,22,0.5183379087902843,37.46096444063493,51.79220205024779,0.4072015700959906,-23.75392008091336
175,extra_trees,raw,"{""max_depth"": 8, ""max_features"": ""sqrt"", ""min_samples_leaf"": 5}",1,546,22,0.6517491258303684,46.75199964344963,72.53196948149898,0.4830739029876802,-37.0328082154449
175,extra_trees,raw,"{""max_depth"": 8, ""max_features"": ""sqrt"", ""min_samples_leaf"": 5}",2,568,22,0.5549204558435069,44.69484378120017,61.58611917740725,0.455919053102785,-32.791554326442856
175,extra_trees,raw,"{""max_depth"": 8, ""max_features"": ""sqrt"", ""min_samples_leaf"": 5}",3,590,22,0.541826572171217,38.555994808276076,53.37217911448756,0.4204091764480813,-26.836879873367938
176,extra_trees,raw,"{""max_depth"": 8, ""max_features"": ""sqrt"", ""min_samples_leaf"": 10}",1,546,22,0.6700253517275082,48.64582297166028,73.67314046995564,0.5055905434315533,-38.1784141888345
176,extra_trees,raw,"{""max_depth"": 8, ""max_features"": ""sqrt"", ""min_samples_leaf"": 10}",2,568,22,0.60905972788431,47.24348642310238,65.1174867183203,0.4878237031935779,-34.90799508913078
176,extra_trees,raw,"{""max_depth"": 8, ""max_features"": ""sqrt"", ""min_samples_leaf"": 10}",3,590,22,0.5832758202268827,41.49161640506298,56.484504955180554,0.4522730698716622,-28.944906671160993
177,extra_trees,raw,"{""max_depth"": 8, ""max_features"": 1.0, ""min_samples_leaf"": 1}",1,546,22,0.6734494007825838,46.97457285195316,72.1848990601005,0.48371657667095164,-35.732244613703294
177,extra_trees,raw,"{""max_depth"": 8, ""max_features"": 1.0, ""min_samples_leaf"": 1}",2,568,22,0.5205494097236438,41.248767562350025,58.907944158806224,0.4019623036247749,-29.067782789443562
177,extra_trees,raw,"{""max_depth"": 8, ""max_features"": 1.0, ""min_samples_leaf"": 1}",3,590,22,0.5093399675131779,37.141514026826286,49.876154174138605,0.4102626306990887,-21.241241415848098
178,extra_trees,raw,"{""max_depth"": 8, ""max_features"": 1.0, ""min_samples_leaf"": 5}",1,546,22,0.6677698626739363,45.663922761861386,71.6356141560469,0.4733670500663592,-35.8653829081434
178,extra_trees,raw,"{""max_depth"": 8, ""max_features"": 1.0, ""min_samples_leaf"": 5}",2,568,22,0.5041195952353646,41.21265002750396,58.93504849303317,0.40378456083112524,-29.862908364022942
178,extra_trees,raw,"{""max_depth"": 8, ""max_features"": 1.0, ""min_samples_leaf"": 5}",3,590,22,0.4828193856595608,35.2379168336737,49.150684319187306,0.38894383294907064,-22.780533919495976
179,extra_trees,raw,"{""max_depth"": 8, ""max_features"": 1.0, ""min_samples_leaf"": 10}",1,546,22,0.6407437434928398,45.16451803619667,70.776033154774,0.4662400097142703,-35.3005639510338
179,extra_trees,raw,"{""max_depth"": 8, ""max_features"": 1.0, ""min_samples_leaf"": 10}",2,568,22,0.4941580128026459,40.97569620873337,58.837501673889555,0.40052859059125206,-29.58431745432995
179,extra_trees,raw,"{""max_depth"": 8, ""max_features"": 1.0, ""min_samples_leaf"": 10}",3,590,22,0.474223912180793,35.09209341086715,48.008067693739015,0.3865437829510603,-22.10908922385131
180,extra_trees,raw,"{""max_depth"": null, ""max_features"": ""sqrt"", ""min_samples_leaf"": 1}",1,546,22,0.7277045754724204,47.71151515151516,72.31551121734715,0.5055530881715296,-36.123636363636365
180,extra_trees,raw,"{""max_depth"": null, ""max_features"": ""sqrt"", ""min_samples_leaf"": 1}",2,568,22,0.5176291925802565,41.998333333333335,58.13384111972417,0.41642443833218185,-28.833787878787884
180,extra_trees,raw,"{""max_depth"": null, ""max_features"": ""sqrt"", ""min_samples_leaf"": 1}",3,590,22,0.5343969287436496,38.33424242424242,53.110168070956554,0.41092814022902713,-21.494242424242426
181,extra_trees,raw,"{""max_depth"": null, ""max_features"": ""sqrt"", ""min_samples_leaf"": 5}",1,546,22,0.6522593420149412,46.408272101576785,71.8253515284735,0.48205399553028355,-36.519495810230794
181,extra_trees,raw,"{""max_depth"": null, ""max_features"": ""sqrt"", ""min_samples_leaf"": 5}",2,568,22,0.5451441935919422,43.98067789770506,61.187241998143726,0.4443952909224915,-32.16429691839465
181,extra_trees,raw,"{""max_depth"": null, ""max_features"": ""sqrt"", ""min_samples_leaf"": 5}",3,590,22,0.5417475336472727,38.49751580455913,53.52696189188319,0.4193836203234911,-26.686745309018818
182,extra_trees,raw,"{""max_depth"": null, ""max_features"": ""sqrt"", ""min_samples_leaf"": 10}",1,546,22,0.6677116721527706,48.45554808769707,73.42569875143028,0.5040351257876282,-38.03981868111921
182,extra_trees,raw,"{""max_depth"": null, ""max_features"": ""sqrt"", ""min_samples_leaf"": 10}",2,568,22,0.6035137639084687,46.9051627683511,64.75162328522947,0.4834713128682102,-34.70930717059305
182,extra_trees,raw,"{""max_depth"": null, ""max_features"": ""sqrt"", ""min_samples_leaf"": 10}",3,590,22,0.5827378132790442,41.50103306014207,56.46369867900992,0.4534324212984011,-29.060364148797404
183,extra_trees,raw,"{""max_depth"": null, ""max_features"": 1.0, ""min_samples_leaf"": 1}",1,546,22,0.7357316916306357,48.60772727272727,72.88365707888099,0.5016406434783176,-34.80530303030303
183,extra_trees,raw,"{""max_depth"": null, ""max_features"": 1.0, ""min_samples_leaf"": 1}",2,568,22,0.5542114081719058,41.59318181818182,58.19611287741136,0.41274660400607244,-26.87863636363636
183,extra_trees,raw,"{""max_depth"": null, ""max_features"": 1.0, ""min_samples_leaf"": 1}",3,590,22,0.5593036959378181,38.67196969696969,52.09270514955025,0.41526958606478187,-19.555303030303026
184,extra_trees,raw,"{""max_depth"": null, ""max_features"": 1.0, ""min_samples_leaf"": 5}",1,546,22,0.6811864612153739,45.8049970945254,71.22521785088942,0.47870322176720576,-35.67685065160726
184,extra_trees,raw,"{""max_depth"": null, ""max_features"": 1.0, ""min_samples_leaf"": 5}",2,568,22,0.5140225197933463,41.25150443028937,58.82946241107034,0.40567802976242645,-29.46003222404444
184,extra_trees,raw,"{""max_depth"": null, ""max_features"": 1.0, ""min_samples_leaf"": 5}",3,590,22,0.49007545900553506,35.73263060992045,49.48713417108479,0.39290258636308056,-22.103790276092898
185,extra_trees,raw,"{""max_depth"": null, ""max_features"": 1.0, ""min_samples_leaf"": 10}",1,546,22,0.6394134622551483,45.04052096494404,70.17430491686294,0.46756353981250265,-34.739638565020755
185,extra_trees,raw,"{""max_depth"": null, ""max_features"": 1.0, ""min_samples_leaf"": 10}",2,568,22,0.4949531133838469,40.77728069232898,58.39873363948965,0.3995736784765949,-29.149657287427978
185,extra_trees,raw,"{""max_depth"": null, ""max_features"": 1.0, ""min_samples_leaf"": 10}",3,590,22,0.4765540336813361,35.28095935114289,48.46995179873987,0.388025624213951,-22.30267136104243
186,extra_trees,log1p,"{""max_depth"": 4, ""max_features"": ""sqrt"", ""min_samples_leaf"": 1}",1,546,22,0.7536652092737882,51.5451720842995,80.41262314614876,0.5267295530745132,-48.43148774078646
186,extra_trees,log1p,"{""max_depth"": 4, ""max_features"": ""sqrt"", ""min_samples_leaf"": 1}",2,568,22,0.6489366601479619,52.59797328980124,71.76863498315403,0.5479310005233167,-46.087385132412635
186,extra_trees,log1p,"{""max_depth"": 4, ""max_features"": ""sqrt"", ""min_samples_leaf"": 1}",3,590,22,0.6005384978625499,46.235383368927955,62.983416332149446,0.49914216408145634,-40.792051682824656
187,extra_trees,log1p,"{""max_depth"": 4, ""max_features"": ""sqrt"", ""min_samples_leaf"": 5}",1,546,22,0.7559917148413812,52.352462342294984,80.83707723712989,0.5352491631175078,-49.5791162034584
187,extra_trees,log1p,"{""max_depth"": 4, ""max_features"": ""sqrt"", ""min_samples_leaf"": 5}",2,568,22,0.6618614051406784,53.26687584506746,73.02204644753625,0.5547775333252265,-47.29065980433949
187,extra_trees,log1p,"{""max_depth"": 4, ""max_features"": ""sqrt"", ""min_samples_leaf"": 5}",3,590,22,0.6122573287416763,47.41935799804612,64.00172169453472,0.5137620695053924,-42.02885302079105
188,extra_trees,log1p,"{""max_depth"": 4, ""max_features"": ""sqrt"", ""min_samples_leaf"": 10}",1,546,22,0.7718523781331654,54.61077704201977,82.213878432033,0.5641303821263843,-51.453446268596146
188,extra_trees,log1p,"{""max_depth"": 4, ""max_features"": ""sqrt"", ""min_samples_leaf"": 10}",2,568,22,0.6939775786926686,55.00177163495145,75.58049561816685,0.5762231812042313,-49.526263502392474
188,extra_trees,log1p,"{""max_depth"": 4, ""max_features"": ""sqrt"", ""min_samples_leaf"": 10}",3,590,22,0.6422793056166972,49.414474376934685,66.73725668362793,0.536609516828671,-44.227255247896316
189,extra_trees,log1p,"{""max_depth"": 4, ""max_features"": 1.0, ""min_samples_leaf"": 1}",1,546,22,0.7040834614727131,47.95574981054887,76.70542519947452,0.47359627335871685,-44.15034395754921
189,extra_trees,log1p,"{""max_depth"": 4, ""max_features"": 1.0, ""min_samples_leaf"": 1}",2,568,22,0.540210016036306,46.35101227569841,65.51923116290837,0.4516196753429446,-39.50211483163677
189,extra_trees,log1p,"{""max_depth"": 4, ""max_features"": 1.0, ""min_samples_leaf"": 1}",3,590,22,0.5113104299471541,40.116336783316086,55.94423672290181,0.427363107369974,-33.560681672502014
190,extra_trees,log1p,"{""max_depth"": 4, ""max_features"": 1.0, ""min_samples_leaf"": 5}",1,546,22,0.7055624380788788,47.87047185456972,76.86399580973375,0.47288289467065225,-44.34983829008934
190,extra_trees,log1p,"{""max_depth"": 4, ""max_features"": 1.0, ""min_samples_leaf"": 5}",2,568,22,0.5551099607525004,47.17315701980219,66.92070095269511,0.4588878616547548,-40.680693798457305
190,extra_trees,log1p,"{""max_depth"": 4, ""max_features"": 1.0, ""min_samples_leaf"": 5}",3,590,22,0.5097175602909163,39.814522721281065,55.325289013530394,0.4255802005838192,-33.1737598513369
191,extra_trees,log1p,"{""max_depth"": 4, ""max_features"": 1.0, ""min_samples_leaf"": 10}",1,546,22,0.704844159734894,47.85266895543445,76.81261065786197,0.471470955952549,-44.30395767037409
191,extra_trees,log1p,"{""max_depth"": 4, ""max_features"": 1.0, ""min_samples_leaf"": 10}",2,568,22,0.5448381843194781,46.46264420031651,65.97508026954921,0.45147322859986905,-39.79869499578535
191,extra_trees,log1p,"{""max_depth"": 4, ""max_features"": 1.0, ""min_samples_leaf"": 10}",3,590,22,0.5152016538028809,40.26751167280614,56.169903052609584,0.42887202607733327,-33.28879798525073
192,extra_trees,log1p,"{""max_depth"": 8, ""max_features"": ""sqrt"", ""min_samples_leaf"": 1}",1,546,22,0.7211081006936185,47.519155232954525,76.85706727914898,0.4767751081441807,-44.162695974832666
192,extra_trees,log1p,"{""max_depth"": 8, ""max_features"": ""sqrt"", ""min_samples_leaf"": 1}",2,568,22,0.5534490289633387,46.527946293609425,65.30443226483035,0.4575538967857412,-40.08077779664382
192,extra_trees,log1p,"{""max_depth"": 8, ""max_features"": ""sqrt"", ""min_samples_leaf"": 1}",3,590,22,0.5327414420688564,40.22794673175145,56.44636199061537,0.4385347646112992,-33.15521735747292
193,extra_trees,log1p,"{""max_depth"": 8, ""max_features"": ""sqrt"", ""min_samples_leaf"": 5}",1,546,22,0.7237044716478327,49.44134944293137,78.23426118117433,0.49556154229795646,-46.699162905313436
193,extra_trees,log1p,"{""max_depth"": 8, ""max_features"": ""sqrt"", ""min_samples_leaf"": 5}",2,568,22,0.6085374058957322,49.95644779394495,69.89314836668188,0.5036509735056125,-44.486037131589356
193,extra_trees,log1p,"{""max_depth"": 8, ""max_features"": ""sqrt"", ""min_samples_leaf"": 5}",3,590,22,0.5590300512472229,43.81147291297438,60.15287552533996,0.4705502290669571,-38.056911074052756
194,extra_trees,log1p,"{""max_depth"": 8, ""max_features"": ""sqrt"", ""min_samples_leaf"": 10}",1,546,22,0.7514387995842196,53.04910517905432,81.02027649675873,0.5395267389175167,-50.35961810901706
194,extra_trees,log1p,"{""max_depth"": 8, ""max_features"": ""sqrt"", ""min_samples_leaf"": 10}",2,568,22,0.6564447477666917,52.90307382858941,73.42296430861269,0.5451158807471973,-47.91460901456253
194,extra_trees,log1p,"{""max_depth"": 8, ""max_features"": ""sqrt"", ""min_samples_leaf"": 10}",3,590,22,0.6198271422829675,48.20675981645747,65.5440298516019,0.5193777190253193,-42.947764786312575
195,extra_trees,log1p,"{""max_depth"": 8, ""max_features"": 1.0, ""min_samples_leaf"": 1}",1,546,22,0.7418020100812848,48.03048408320713,75.43740851475921,0.5010525453441097,-42.85888500033943
195,extra_trees,log1p,"{""max_depth"": 8, ""max_features"": 1.0, ""min_samples_leaf"": 1}",2,568,22,0.5256336473190765,44.61377780235617,62.23055043127863,0.43608165642324487,-37.19303272566231
195,extra_trees,log1p,"{""max_depth"": 8, ""max_features"": 1.0, ""min_samples_leaf"": 1}",3,590,22,0.5155437478919891,37.76029379010888,53.756911226834234,0.4186081519250461,-29.38301743571657
196,extra_trees,log1p,"{""max_depth"": 8, ""max_features"": 1.0, ""min_samples_leaf"": 5}",1,546,22,0.713072400737336,46.742167333809284,74.80902227440149,0.4805429404479548,-42.5252701903323
196,extra_trees,log1p,"{""max_depth"": 8, ""max_features"": 1.0, ""min_samples_leaf"": 5}",2,568,22,0.534656825899806,45.69426220451321,65.07550269475244,0.4410223550261216,-38.94826609190872
196,extra_trees,log1p,"{""max_depth"": 8, ""max_features"": 1.0, ""min_samples_leaf"": 5}",3,590,22,0.49153719152941766,37.778813292133684,53.01667284459787,0.40883560208158065,-30.14142957469394
197,extra_trees,log1p,"{""max_depth"": 8, ""max_features"": 1.0, ""min_samples_leaf"": 10}",1,546,22,0.7041467510321766,46.91433867254823,75.19241162281946,0.4704533863743713,-42.949928021788715
197,extra_trees,log1p,"{""max_depth"": 8, ""max_features"": 1.0, ""min_samples_leaf"": 10}",2,568,22,0.5259733041627788,45.09782180114923,64.87765686545995,0.43005574477471514,-38.2542235973935
197,extra_trees,log1p,"{""max_depth"": 8, ""max_features"": 1.0, ""min_samples_leaf"": 10}",3,590,22,0.4970439430796364,38.52811105871099,53.70365423700017,0.4128455459167753,-30.824435258481127
198,extra_trees,log1p,"{""max_depth"": null, ""max_features"": ""sqrt"", ""min_samples_leaf"": 1}",1,546,22,0.7718903948808975,48.749642305044475,75.7795938672968,0.5125624661241116,-42.21461033850117
198,extra_trees,log1p,"{""max_depth"": null, ""max_features"": ""sqrt"", ""min_samples_leaf"": 1}",2,568,22,0.5346813438232103,45.51412217940776,63.60869304721557,0.4413241705806667,-38.41086294528475
198,extra_trees,log1p,"{""max_depth"": null, ""max_features"": ""sqrt"", ""min_samples_leaf"": 1}",3,590,22,0.5256885131803823,38.76593579261359,56.2376453530273,0.4217095666436794,-30.909655709750222
199,extra_trees,log1p,"{""max_depth"": null, ""max_features"": ""sqrt"", ""min_samples_leaf"": 5}",1,546,22,0.7197549751990673,49.29078370830669,77.65756412581928,0.4957258291361686,-46.5005620123322
199,extra_trees,log1p,"{""max_depth"": null, ""max_features"": ""sqrt"", ""min_samples_leaf"": 5}",2,568,22,0.5976312891963684,49.33573985666389,69.49355881793429,0.49203909873495794,-43.760907861816214
199,extra_trees,log1p,"{""max_depth"": null, ""max_features"": ""sqrt"", ""min_samples_leaf"": 5}",3,590,22,0.557378959089572,43.54333249136965,60.045074176939416,0.4685518509470565,-37.30561068343425
200,extra_trees,log1p,"{""max_depth"": null, ""max_features"": ""sqrt"", ""min_samples_leaf"": 10}",1,546,22,0.7474743082181904,52.762858261591276,80.63244682266537,0.5368604955845998,-50.01254454659114
200,extra_trees,log1p,"{""max_depth"": null, ""max_features"": ""sqrt"", ""min_samples_leaf"": 10}",2,568,22,0.6496832887043661,52.3825693049779,72.97845839801462,0.5376399683894163,-47.50455491699229
200,extra_trees,log1p,"{""max_depth"": null, ""max_features"": ""sqrt"", ""min_samples_leaf"": 10}",3,590,22,0.6099008645117612,47.50752607338887,64.61124262801779,0.511841140187448,-42.21506424502027
201,extra_trees,log1p,"{""max_depth"": null, ""max_features"": 1.0, ""min_samples_leaf"": 1}",1,546,22,0.7796055970013532,49.123433998823025,75.81562040513374,0.5124097795502945,-42.30026757000087
201,extra_trees,log1p,"{""max_depth"": null, ""max_features"": 1.0, ""min_samples_leaf"": 1}",2,568,22,0.5459644031599379,44.8513709163212,62.55719418215561,0.44618200274329217,-36.2697407784202
201,extra_trees,log1p,"{""max_depth"": null, ""max_features"": 1.0, ""min_samples_leaf"": 1}",3,590,22,0.549351374718986,39.97304265086996,54.49120274335932,0.4421216564673078,-27.670373439263937
202,extra_trees,log1p,"{""max_depth"": null, ""max_features"": 1.0, ""min_samples_leaf"": 5}",1,546,22,0.7250162168724786,46.944242137277776,74.70720864023463,0.4878510409929222,-42.22609769500183
202,extra_trees,log1p,"{""max_depth"": null, ""max_features"": 1.0, ""min_samples_leaf"": 5}",2,568,22,0.5315616942443702,45.1975712807533,64.32036719002137,0.43822779986129184,-38.3067184634528
202,extra_trees,log1p,"{""max_depth"": null, ""max_features"": 1.0, ""min_samples_leaf"": 5}",3,590,22,0.49413609019289545,38.11421310215073,53.29156425595709,0.4119826088973667,-30.128643604263857
203,extra_trees,log1p,"{""max_depth"": null, ""max_features"": 1.0, ""min_samples_leaf"": 10}",1,546,22,0.7052511028889261,46.41937837788334,75.11032040074758,0.4653330228416071,-42.50391245621747
203,extra_trees,log1p,"{""max_depth"": null, ""max_features"": 1.0, ""min_samples_leaf"": 10}",2,568,22,0.524675721083717,45.06679403277199,64.62772359694593,0.4315507201521607,-38.37113841174626
203,extra_trees,log1p,"{""max_depth"": null, ""max_features"": 1.0, ""min_samples_leaf"": 10}",3,590,22,0.5005872591049036,38.91621508478903,54.280010006088496,0.4160762029967844,-31.166916363714314
204,gradient_boosting,raw,"{""learning_rate"": 0.03, ""loss"": ""squared_error"", ""max_depth"": 1, ""min_samples_leaf"": 5, ""n_estimators"": 100}",1,546,22,0.6465570648210709,48.8969800151676,73.83693431326401,0.5006159649346599,-38.54009659046666
204,gradient_boosting,raw,"{""learning_rate"": 0.03, ""loss"": ""squared_error"", ""max_depth"": 1, ""min_samples_leaf"": 5, ""n_estimators"": 100}",2,568,22,0.5865968225609214,47.51554252840567,65.15381727020508,0.4861998573142527,-34.60732419829673
204,gradient_boosting,raw,"{""learning_rate"": 0.03, ""loss"": ""squared_error"", ""max_depth"": 1, ""min_samples_leaf"": 5, ""n_estimators"": 100}",3,590,22,0.5621616655117964,41.52336409374442,56.177966790529965,0.4573907576128484,-28.034802999459167
205,gradient_boosting,raw,"{""learning_rate"": 0.03, ""loss"": ""squared_error"", ""max_depth"": 1, ""min_samples_leaf"": 5, ""n_estimators"": 300}",1,546,22,0.6165404264680532,46.00033191742755,71.08172330517104,0.4549141071581973,-38.12293236745496
205,gradient_boosting,raw,"{""learning_rate"": 0.03, ""loss"": ""squared_error"", ""max_depth"": 1, ""min_samples_leaf"": 5, ""n_estimators"": 300}",2,568,22,0.5368146238681207,44.600828869976624,61.34539038945192,0.4398940183220886,-33.141874663873914
205,gradient_boosting,raw,"{""learning_rate"": 0.03, ""loss"": ""squared_error"", ""max_depth"": 1, ""min_samples_leaf"": 5, ""n_estimators"": 300}",3,590,22,0.5686516613528652,38.21584824577506,52.858884121306524,0.427049422227142,-27.246316021815986
206,gradient_boosting,raw,"{""learning_rate"": 0.03, ""loss"": ""squared_error"", ""max_depth"": 1, ""min_samples_leaf"": 10, ""n_estimators"": 100}",1,546,22,0.6465570648210709,48.8969800151676,73.83693431326401,0.5006159649346599,-38.54009659046666
206,gradient_boosting,raw,"{""learning_rate"": 0.03, ""loss"": ""squared_error"", ""max_depth"": 1, ""min_samples_leaf"": 10, ""n_estimators"": 100}",2,568,22,0.5865968225609214,47.51554252840567,65.15381727020508,0.4861998573142527,-34.60732419829673
206,gradient_boosting,raw,"{""learning_rate"": 0.03, ""loss"": ""squared_error"", ""max_depth"": 1, ""min_samples_leaf"": 10, ""n_estimators"": 100}",3,590,22,0.5593052466293267,41.37740745948003,55.72362339900304,0.45618830598331483,-27.635400709940907
207,gradient_boosting,raw,"{""learning_rate"": 0.03, ""loss"": ""squared_error"", ""max_depth"": 1, ""min_samples_leaf"": 10, ""n_estimators"": 300}",1,546,22,0.6183517304577882,46.04931645059724,71.00832835923806,0.45890117268418484,-37.95817695860836
207,gradient_boosting,raw,"{""learning_rate"": 0.03, ""loss"": ""squared_error"", ""max_depth"": 1, ""min_samples_leaf"": 10, ""n_estimators"": 300}",2,568,22,0.5358320249493485,44.5482001138679,61.051804681757844,0.4401053124777643,-32.9681040204697
207,gradient_boosting,raw,"{""learning_rate"": 0.03, ""loss"": ""squared_error"", ""max_depth"": 1, ""min_samples_leaf"": 10, ""n_estimators"": 300}",3,590,22,0.5676886535372216,37.825066414663425,51.99711256211483,0.4285572922126946,-26.514168513504202
208,gradient_boosting,raw,"{""learning_rate"": 0.03, ""loss"": ""squared_error"", ""max_depth"": 2, ""min_samples_leaf"": 5, ""n_estimators"": 100}",1,546,22,0.6410077086520788,47.31444258802103,70.69627154906802,0.49318649984319013,-38.80175704000478
208,gradient_boosting,raw,"{""learning_rate"": 0.03, ""loss"": ""squared_error"", ""max_depth"": 2, ""min_samples_leaf"": 5, ""n_estimators"": 100}",2,568,22,0.567308237480584,45.46130300353971,63.519898185440475,0.46224530805037267,-35.37619042759094
208,gradient_boosting,raw,"{""learning_rate"": 0.03, ""loss"": ""squared_error"", ""max_depth"": 2, ""min_samples_leaf"": 5, ""n_estimators"": 100}",3,590,22,0.5396429178535828,39.93053371886028,54.78087869531984,0.43546788967123223,-28.435493422012158
209,gradient_boosting,raw,"{""learning_rate"": 0.03, ""loss"": ""squared_error"", ""max_depth"": 2, ""min_samples_leaf"": 5, ""n_estimators"": 300}",1,546,22,0.6530739373140932,45.877125688855976,69.4875802506943,0.48336972002087175,-39.45084854402284
209,gradient_boosting,raw,"{""learning_rate"": 0.03, ""loss"": ""squared_error"", ""max_depth"": 2, ""min_samples_leaf"": 5, ""n_estimators"": 300}",2,568,22,0.5926220941691368,45.97121794857559,64.58564736580269,0.4699179547656998,-36.30198547603996
209,gradient_boosting,raw,"{""learning_rate"": 0.03, ""loss"": ""squared_error"", ""max_depth"": 2, ""min_samples_leaf"": 5, ""n_estimators"": 300}",3,590,22,0.5265133905743414,38.200829939790324,52.456419311855214,0.4236081005111023,-27.30860642096924
210,gradient_boosting,raw,"{""learning_rate"": 0.03, ""loss"": ""squared_error"", ""max_depth"": 2, ""min_samples_leaf"": 10, ""n_estimators"": 100}",1,546,22,0.6395802376582204,46.94577136964752,70.7272893865391,0.48919683421126076,-38.75617001367768
210,gradient_boosting,raw,"{""learning_rate"": 0.03, ""loss"": ""squared_error"", ""max_depth"": 2, ""min_samples_leaf"": 10, ""n_estimators"": 100}",2,568,22,0.567901787552931,45.25808318354641,63.10051923700859,0.46234232172053225,-34.88419535550875
210,gradient_boosting,raw,"{""learning_rate"": 0.03, ""loss"": ""squared_error"", ""max_depth"": 2, ""min_samples_leaf"": 10, ""n_estimators"": 100}",3,590,22,0.5312507522993546,38.72447690972462,53.328673555073955,0.4245117340373952,-27.48203024541599
211,gradient_boosting,raw,"{""learning_rate"": 0.03, ""loss"": ""squared_error"", ""max_depth"": 2, ""min_samples_leaf"": 10, ""n_estimators"": 300}",1,546,22,0.6606058809229541,44.82663812155266,69.23689912632041,0.48008899915844516,-38.78511507205036
211,gradient_boosting,raw,"{""learning_rate"": 0.03, ""loss"": ""squared_error"", ""max_depth"": 2, ""min_samples_leaf"": 10, ""n_estimators"": 300}",2,568,22,0.5848384559887709,45.23494217303864,63.18798911873283,0.4673430427049945,-35.52897907589347
211,gradient_boosting,raw,"{""learning_rate"": 0.03, ""loss"": ""squared_error"", ""max_depth"": 2, ""min_samples_leaf"": 10, ""n_estimators"": 300}",3,590,22,0.5303374695774556,37.93003670651187,53.049239585507685,0.42057528534626054,-28.894828106750495
212,gradient_boosting,raw,"{""learning_rate"": 0.03, ""loss"": ""huber"", ""max_depth"": 1, ""min_samples_leaf"": 5, ""n_estimators"": 100}",1,546,22,0.6949837377770257,48.933075232415106,75.9353145040707,0.5056528055104126,-40.71663117241789
212,gradient_boosting,raw,"{""learning_rate"": 0.03, ""loss"": ""huber"", ""max_depth"": 1, ""min_samples_leaf"": 5, ""n_estimators"": 100}",2,568,22,0.5779403886264002,46.69193819887627,67.34753721675831,0.46751189075191674,-38.69106877390914
212,gradient_boosting,raw,"{""learning_rate"": 0.03, ""loss"": ""huber"", ""max_depth"": 1, ""min_samples_leaf"": 5, ""n_estimators"": 100}",3,590,22,0.5105083332507281,39.460303100718185,54.6342948536899,0.4217505520515448,-29.343498177124278
213,gradient_boosting,raw,"{""learning_rate"": 0.03, ""loss"": ""huber"", ""max_depth"": 1, ""min_samples_leaf"": 5, ""n_estimators"": 300}",1,546,22,0.6806729246098888,47.143050790261036,74.46603011284725,0.4823849964027698,-39.24824672458964
213,gradient_boosting,raw,"{""learning_rate"": 0.03, ""loss"": ""huber"", ""max_depth"": 1, ""min_samples_leaf"": 5, ""n_estimators"": 300}",2,568,22,0.5300084447372498,44.87022194479753,63.84634936724953,0.4399296463065257,-37.22257110224436
213,gradient_boosting,raw,"{""learning_rate"": 0.03, ""loss"": ""huber"", ""max_depth"": 1, ""min_samples_leaf"": 5, ""n_estimators"": 300}",3,590,22,0.48653983129196715,35.88960596697232,49.97942157778199,0.3921013540237502,-27.047988326514655
214,gradient_boosting,raw,"{""learning_rate"": 0.03, ""loss"": ""huber"", ""max_depth"": 1, ""min_samples_leaf"": 10, ""n_estimators"": 100}",1,546,22,0.6949837377770257,48.933075232415106,75.9353145040707,0.5056528055104126,-40.71663117241789
214,gradient_boosting,raw,"{""learning_rate"": 0.03, ""loss"": ""huber"", ""max_depth"": 1, ""min_samples_leaf"": 10, ""n_estimators"": 100}",2,568,22,0.5779403886264002,46.69193819887627,67.34753721675831,0.46751189075191674,-38.69106877390914
214,gradient_boosting,raw,"{""learning_rate"": 0.03, ""loss"": ""huber"", ""max_depth"": 1, ""min_samples_leaf"": 10, ""n_estimators"": 100}",3,590,22,0.5105083332507281,39.460303100718185,54.6342948536899,0.4217505520515448,-29.343498177124278
215,gradient_boosting,raw,"{""learning_rate"": 0.03, ""loss"": ""huber"", ""max_depth"": 1, ""min_samples_leaf"": 10, ""n_estimators"": 300}",1,546,22,0.6804405168529328,46.64569162468501,74.19002711343693,0.48075772500972513,-39.562720889546675
215,gradient_boosting,raw,"{""learning_rate"": 0.03, ""loss"": ""huber"", ""max_depth"": 1, ""min_samples_leaf"": 10, ""n_estimators"": 300}",2,568,22,0.5289941078743784,44.6815684759954,62.82672935799018,0.4419150900255827,-36.183672059639214
215,gradient_boosting,raw,"{""learning_rate"": 0.03, ""loss"": ""huber"", ""max_depth"": 1, ""min_samples_leaf"": 10, ""n_estimators"": 300}",3,590,22,0.49239832747473294,36.0673130838141,50.36426968921429,0.3946680632995065,-27.804444051042676
216,gradient_boosting,raw,"{""learning_rate"": 0.03, ""loss"": ""huber"", ""max_depth"": 2, ""min_samples_leaf"": 5, ""n_estimators"": 100}",1,546,22,0.7005014280651611,48.12903362469654,75.35443609703124,0.5007922523304372,-42.07053082367606
216,gradient_boosting,raw,"{""learning_rate"": 0.03, ""loss"": ""huber"", ""max_depth"": 2, ""min_samples_leaf"": 5, ""n_estimators"": 100}",2,568,22,0.5474543665398625,45.823684791917536,64.86519438425995,0.4558224064198621,-37.77644655116648
216,gradient_boosting,raw,"{""learning_rate"": 0.03, ""loss"": ""huber"", ""max_depth"": 2, ""min_samples_leaf"": 5, ""n_estimators"": 100}",3,590,22,0.46842752701331164,35.34972839984709,49.899905586523055,0.3818037866089352,-27.621394942289236
217,gradient_boosting,raw,"{""learning_rate"": 0.03, ""loss"": ""huber"", ""max_depth"": 2, ""min_samples_leaf"": 5, ""n_estimators"": 300}",1,546,22,0.7393818711312946,49.92484020934142,74.63210160265413,0.5372733535083972,-41.97853403457523
217,gradient_boosting,raw,"{""learning_rate"": 0.03, ""loss"": ""huber"", ""max_depth"": 2, ""min_samples_leaf"": 5, ""n_estimators"": 300}",2,568,22,0.575052331280949,47.11109349586183,67.39431473383011,0.45817655681517694,-37.965206154457235
217,gradient_boosting,raw,"{""learning_rate"": 0.03, ""loss"": ""huber"", ""max_depth"": 2, ""min_samples_leaf"": 5, ""n_estimators"": 300}",3,590,22,0.4814700491495201,33.8960087226793,47.623828536087615,0.38336174631532155,-24.801778564904065
218,gradient_boosting,raw,"{""learning_rate"": 0.03, ""loss"": ""huber"", ""max_depth"": 2, ""min_samples_leaf"": 10, ""n_estimators"": 100}",1,546,22,0.6875174261965603,47.07517562968089,74.72995661891414,0.48532988314773395,-41.15265528580158
218,gradient_boosting,raw,"{""learning_rate"": 0.03, ""loss"": ""huber"", ""max_depth"": 2, ""min_samples_leaf"": 10, ""n_estimators"": 100}",2,568,22,0.5404891751851474,45.09395643918148,63.82329954345573,0.44918287422380293,-37.0833014689391
218,gradient_boosting,raw,"{""learning_rate"": 0.03, ""loss"": ""huber"", ""max_depth"": 2, ""min_samples_leaf"": 10, ""n_estimators"": 100}",3,590,22,0.45687634966140217,34.21250566604505,48.48048508149063,0.3705831476297995,-25.972156065177103
219,gradient_boosting,raw,"{""learning_rate"": 0.03, ""loss"": ""huber"", ""max_depth"": 2, ""min_samples_leaf"": 10, ""n_estimators"": 300}",1,546,22,0.741389909121961,47.49424987338909,73.66659173756261,0.5081492085886382,-40.94396293843027
219,gradient_boosting,raw,"{""learning_rate"": 0.03, ""loss"": ""huber"", ""max_depth"": 2, ""min_samples_leaf"": 10, ""n_estimators"": 300}",2,568,22,0.5661779090550073,46.25399304858192,65.45790796992813,0.4585691835204582,-37.122799854182915
219,gradient_boosting,raw,"{""learning_rate"": 0.03, ""loss"": ""huber"", ""max_depth"": 2, ""min_samples_leaf"": 10, ""n_estimators"": 300}",3,590,22,0.45657193905802584,32.289616881436245,45.74487418976366,0.35913661331269736,-24.32931780693675
220,gradient_boosting,raw,"{""learning_rate"": 0.1, ""loss"": ""squared_error"", ""max_depth"": 1, ""min_samples_leaf"": 5, ""n_estimators"": 100}",1,546,22,0.6158096255824496,45.57342589798099,70.77845742428325,0.4491700175425805,-37.937301458421935
220,gradient_boosting,raw,"{""learning_rate"": 0.1, ""loss"": ""squared_error"", ""max_depth"": 1, ""min_samples_leaf"": 5, ""n_estimators"": 100}",2,568,22,0.5373971938882147,44.42220740995382,61.11215578160751,0.43770098145942987,-33.25400003798362
220,gradient_boosting,raw,"{""learning_rate"": 0.1, ""loss"": ""squared_error"", ""max_depth"": 1, ""min_samples_leaf"": 5, ""n_estimators"": 100}",3,590,22,0.5837784008161865,37.82923762776061,52.25808942317811,0.4401999963233507,-26.935125550143436
221,gradient_boosting,raw,"{""learning_rate"": 0.1, ""loss"": ""squared_error"", ""max_depth"": 1, ""min_samples_leaf"": 5, ""n_estimators"": 300}",1,546,22,0.6129752569245901,45.721134479600124,69.98917682702029,0.45740348476814713,-39.666415447984384
221,gradient_boosting,raw,"{""learning_rate"": 0.1, ""loss"": ""squared_error"", ""max_depth"": 1, ""min_samples_leaf"": 5, ""n_estimators"": 300}",2,568,22,0.5524855485121409,44.593530762736165,61.04924268615759,0.45864616375157924,-33.448850726495856
221,gradient_boosting,raw,"{""learning_rate"": 0.1, ""loss"": ""squared_error"", ""max_depth"": 1, ""min_samples_leaf"": 5, ""n_estimators"": 300}",3,590,22,0.7904081170977548,36.88529856541989,51.00362598702479,0.48949969705237795,-26.510756237481413
222,gradient_boosting,raw,"{""learning_rate"": 0.1, ""loss"": ""squared_error"", ""max_depth"": 1, ""min_samples_leaf"": 10, ""n_estimators"": 100}",1,546,22,0.6177611745448328,45.81139653693849,70.64858782427234,0.45810569271983026,-37.68382385766512
222,gradient_boosting,raw,"{""learning_rate"": 0.1, ""loss"": ""squared_error"", ""max_depth"": 1, ""min_samples_leaf"": 10, ""n_estimators"": 100}",2,568,22,0.5354237696473434,44.32371524153173,60.670005843392076,0.43923241356988574,-32.963955052274144
222,gradient_boosting,raw,"{""learning_rate"": 0.1, ""loss"": ""squared_error"", ""max_depth"": 1, ""min_samples_leaf"": 10, ""n_estimators"": 100}",3,590,22,0.5973787783699723,37.41150726988427,51.48030879035793,0.447130805112549,-26.378067596654798
223,gradient_boosting,raw,"{""learning_rate"": 0.1, ""loss"": ""squared_error"", ""max_depth"": 1, ""min_samples_leaf"": 10, ""n_estimators"": 300}",1,546,22,0.6259743786347147,46.06227725348303,70.03188645531623,0.47484932094295734,-39.4743739742117
223,gradient_boosting,raw,"{""learning_rate"": 0.1, ""loss"": ""squared_error"", ""max_depth"": 1, ""min_samples_leaf"": 10, ""n_estimators"": 300}",2,568,22,0.548940738598272,44.44439841824322,60.65352179472993,0.4571870897325114,-33.25201995783873
223,gradient_boosting,raw,"{""learning_rate"": 0.1, ""loss"": ""squared_error"", ""max_depth"": 1, ""min_samples_leaf"": 10, ""n_estimators"": 300}",3,590,22,0.8008624190567744,37.38776407690536,52.059114733323476,0.4958049771917295,-28.408368336199786
224,gradient_boosting,raw,"{""learning_rate"": 0.1, ""loss"": ""squared_error"", ""max_depth"": 2, ""min_samples_leaf"": 5, ""n_estimators"": 100}",1,546,22,0.646521902377159,45.20823616174827,69.01057911633123,0.4758921414722948,-38.488043328129656
224,gradient_boosting,raw,"{""learning_rate"": 0.1, ""loss"": ""squared_error"", ""max_depth"": 2, ""min_samples_leaf"": 5, ""n_estimators"": 100}",2,568,22,0.5931553558424183,45.97400469784812,63.93752956494917,0.4702026571173116,-35.755063179120924
224,gradient_boosting,raw,"{""learning_rate"": 0.1, ""loss"": ""squared_error"", ""max_depth"": 2, ""min_samples_leaf"": 5, ""n_estimators"": 100}",3,590,22,0.5286543917545199,39.35345788583969,53.311028356033624,0.43466845942072024,-26.90533667317801
225,gradient_boosting,raw,"{""learning_rate"": 0.1, ""loss"": ""squared_error"", ""max_depth"": 2, ""min_samples_leaf"": 5, ""n_estimators"": 300}",1,546,22,0.6572116681511264,44.93515235954436,69.08428477387127,0.47164072677717317,-39.542811323877515
225,gradient_boosting,raw,"{""learning_rate"": 0.1, ""loss"": ""squared_error"", ""max_depth"": 2, ""min_samples_leaf"": 5, ""n_estimators"": 300}",2,568,22,0.6765545627812081,49.22016774433163,70.22660658544952,0.5039106948895683,-37.80080619696981
225,gradient_boosting,raw,"{""learning_rate"": 0.1, ""loss"": ""squared_error"", ""max_depth"": 2, ""min_samples_leaf"": 5, ""n_estimators"": 300}",3,590,22,0.5770052282742244,40.705859376987064,56.68792486441752,0.44703963688062326,-28.294063508699175
226,gradient_boosting,raw,"{""learning_rate"": 0.1, ""loss"": ""squared_error"", ""max_depth"": 2, ""min_samples_leaf"": 10, ""n_estimators"": 100}",1,546,22,0.6477356161627281,43.836115950801734,68.50839358265861,0.46572910756990227,-38.25418416239693
226,gradient_boosting,raw,"{""learning_rate"": 0.1, ""loss"": ""squared_error"", ""max_depth"": 2, ""min_samples_leaf"": 10, ""n_estimators"": 100}",2,568,22,0.5938818397448415,45.388925770711076,62.55532067400681,0.47178246020320347,-34.920219080075526
226,gradient_boosting,raw,"{""learning_rate"": 0.1, ""loss"": ""squared_error"", ""max_depth"": 2, ""min_samples_leaf"": 10, ""n_estimators"": 100}",3,590,22,0.5376469132916881,37.99283798993833,52.74244726200721,0.42702900509805525,-28.468276034694814
227,gradient_boosting,raw,"{""learning_rate"": 0.1, ""loss"": ""squared_error"", ""max_depth"": 2, ""min_samples_leaf"": 10, ""n_estimators"": 300}",1,546,22,0.6839727815206131,43.47342213201638,68.25592466815907,0.47215130982910253,-39.20719464051007
227,gradient_boosting,raw,"{""learning_rate"": 0.1, ""loss"": ""squared_error"", ""max_depth"": 2, ""min_samples_leaf"": 10, ""n_estimators"": 300}",2,568,22,0.6414974449546513,47.22857527880226,64.58323199365212,0.4939714800985467,-34.48039495169933
227,gradient_boosting,raw,"{""learning_rate"": 0.1, ""loss"": ""squared_error"", ""max_depth"": 2, ""min_samples_leaf"": 10, ""n_estimators"": 300}",3,590,22,0.5460470617578489,39.0883313279904,54.52907836822239,0.4336174721518605,-28.37501151361905
228,gradient_boosting,raw,"{""learning_rate"": 0.1, ""loss"": ""huber"", ""max_depth"": 1, ""min_samples_leaf"": 5, ""n_estimators"": 100}",1,546,22,0.6808253849273059,47.24455644073833,74.35518202200377,0.48224077334607274,-39.40483817506763
228,gradient_boosting,raw,"{""learning_rate"": 0.1, ""loss"": ""huber"", ""max_depth"": 1, ""min_samples_leaf"": 5, ""n_estimators"": 100}",2,568,22,0.5256202882560524,44.52980462628114,63.50080304522169,0.43338875789504844,-36.983290179339576
228,gradient_boosting,raw,"{""learning_rate"": 0.1, ""loss"": ""huber"", ""max_depth"": 1, ""min_samples_leaf"": 5, ""n_estimators"": 100}",3,590,22,0.490357718713566,35.65180697350532,49.618963332429445,0.3916540655326626,-26.54453190525079
229,gradient_boosting,raw,"{""learning_rate"": 0.1, ""loss"": ""huber"", ""max_depth"": 1, ""min_samples_leaf"": 5, ""n_estimators"": 300}",1,546,22,0.6983755968545174,47.07900385360973,73.30394418072521,0.4865298948713597,-39.32186366703348
229,gradient_boosting,raw,"{""learning_rate"": 0.1, ""loss"": ""huber"", ""max_depth"": 1, ""min_samples_leaf"": 5, ""n_estimators"": 300}",2,568,22,0.5683736299121114,46.49427863530032,65.89230670488753,0.4552889142545331,-38.52005580770283
229,gradient_boosting,raw,"{""learning_rate"": 0.1, ""loss"": ""huber"", ""max_depth"": 1, ""min_samples_leaf"": 5, ""n_estimators"": 300}",3,590,22,0.494495641907959,35.00527561065462,48.6741395572839,0.38735976935314914,-26.09321090438779
230,gradient_boosting,raw,"{""learning_rate"": 0.1, ""loss"": ""huber"", ""max_depth"": 1, ""min_samples_leaf"": 10, ""n_estimators"": 100}",1,546,22,0.6817107500757714,46.55648086218023,73.98197722822279,0.48038783762221743,-39.63264298939452
230,gradient_boosting,raw,"{""learning_rate"": 0.1, ""loss"": ""huber"", ""max_depth"": 1, ""min_samples_leaf"": 10, ""n_estimators"": 100}",2,568,22,0.5243190816371821,44.24304362859151,62.41814121907218,0.4338377464831016,-35.86739083770373
230,gradient_boosting,raw,"{""learning_rate"": 0.1, ""loss"": ""huber"", ""max_depth"": 1, ""min_samples_leaf"": 10, ""n_estimators"": 100}",3,590,22,0.4895484759241019,35.81199422718973,49.96762695200232,0.39097390324284403,-27.529319373235975
231,gradient_boosting,raw,"{""learning_rate"": 0.1, ""loss"": ""huber"", ""max_depth"": 1, ""min_samples_leaf"": 10, ""n_estimators"": 300}",1,546,22,0.6972243427302566,45.57285767229289,72.97816413815694,0.4756553321093989,-39.182823104317954
231,gradient_boosting,raw,"{""learning_rate"": 0.1, ""loss"": ""huber"", ""max_depth"": 1, ""min_samples_leaf"": 10, ""n_estimators"": 300}",2,568,22,0.5705136688813326,46.48488123212505,65.38855243292264,0.4564858595086212,-36.67559953034884
231,gradient_boosting,raw,"{""learning_rate"": 0.1, ""loss"": ""huber"", ""max_depth"": 1, ""min_samples_leaf"": 10, ""n_estimators"": 300}",3,590,22,0.4930804738562776,34.47214397305495,48.36510218314764,0.38306785312975294,-26.495585881278938
232,gradient_boosting,raw,"{""learning_rate"": 0.1, ""loss"": ""huber"", ""max_depth"": 2, ""min_samples_leaf"": 5, ""n_estimators"": 100}",1,546,22,0.7565844987822837,50.136762390585424,74.66004761838482,0.5455023050449112,-42.42379923761752
232,gradient_boosting,raw,"{""learning_rate"": 0.1, ""loss"": ""huber"", ""max_depth"": 2, ""min_samples_leaf"": 5, ""n_estimators"": 100}",2,568,22,0.5788933240412724,47.367968360290405,67.90871097311917,0.46101366894285484,-38.45778192748772
232,gradient_boosting,raw,"{""learning_rate"": 0.1, ""loss"": ""huber"", ""max_depth"": 2, ""min_samples_leaf"": 5, ""n_estimators"": 100}",3,590,22,0.48235883373845495,33.547647865237785,47.58481678662951,0.3794293767434627,-24.541883908990396
233,gradient_boosting,raw,"{""learning_rate"": 0.1, ""loss"": ""huber"", ""max_depth"": 2, ""min_samples_leaf"": 5, ""n_estimators"": 300}",1,546,22,0.8133038323114005,52.12365203875539,74.51479005764843,0.5976557820597386,-43.12893634752933
233,gradient_boosting,raw,"{""learning_rate"": 0.1, ""loss"": ""huber"", ""max_depth"": 2, ""min_samples_leaf"": 5, ""n_estimators"": 300}",2,568,22,0.6307780502730843,48.869108793766394,69.97072994592082,0.48395351731935393,-39.14174429866558
233,gradient_boosting,raw,"{""learning_rate"": 0.1, ""loss"": ""huber"", ""max_depth"": 2, ""min_samples_leaf"": 5, ""n_estimators"": 300}",3,590,22,0.5540485091720792,36.33548377894254,51.23577150367507,0.4109567190905004,-25.633970045051566
234,gradient_boosting,raw,"{""learning_rate"": 0.1, ""loss"": ""huber"", ""max_depth"": 2, ""min_samples_leaf"": 10, ""n_estimators"": 100}",1,546,22,0.7522470889284738,47.26319567292646,73.24616218880982,0.5105233988355627,-40.746209483443806
234,gradient_boosting,raw,"{""learning_rate"": 0.1, ""loss"": ""huber"", ""max_depth"": 2, ""min_samples_leaf"": 10, ""n_estimators"": 100}",2,568,22,0.5735975421618571,46.50365787962085,66.55768521513475,0.4571351316268993,-38.271091137129524
234,gradient_boosting,raw,"{""learning_rate"": 0.1, ""loss"": ""huber"", ""max_depth"": 2, ""min_samples_leaf"": 10, ""n_estimators"": 100}",3,590,22,0.46968744216481156,32.96108982290685,46.17127670823029,0.3713408212702051,-24.79918863611315
235,gradient_boosting,raw,"{""learning_rate"": 0.1, ""loss"": ""huber"", ""max_depth"": 2, ""min_samples_leaf"": 10, ""n_estimators"": 300}",1,546,22,0.8099762076036796,49.65779715789974,73.49007051144146,0.5675539893012919,-41.45754542056389
235,gradient_boosting,raw,"{""learning_rate"": 0.1, ""loss"": ""huber"", ""max_depth"": 2, ""min_samples_leaf"": 10, ""n_estimators"": 300}",2,568,22,0.6088848189548686,48.45161438490741,67.97244189020002,0.49076908343916076,-39.498459592416815
235,gradient_boosting,raw,"{""learning_rate"": 0.1, ""loss"": ""huber"", ""max_depth"": 2, ""min_samples_leaf"": 10, ""n_estimators"": 300}",3,590,22,0.5180715829556415,36.64721155960332,50.09600196395028,0.41352400251003074,-26.50560454664666
236,gradient_boosting,log1p,"{""learning_rate"": 0.03, ""loss"": ""squared_error"", ""max_depth"": 1, ""min_samples_leaf"": 5, ""n_estimators"": 100}",1,546,22,0.7327088630442511,52.46943536238053,79.09223182661133,0.5331185005566258,-47.213479191281934
236,gradient_boosting,log1p,"{""learning_rate"": 0.03, ""loss"": ""squared_error"", ""max_depth"": 1, ""min_samples_leaf"": 5, ""n_estimators"": 100}",2,568,22,0.6041575464780892,49.51016470840186,72.29630012140831,0.48327711658022177,-44.70127665581095
236,gradient_boosting,log1p,"{""learning_rate"": 0.03, ""loss"": ""squared_error"", ""max_depth"": 1, ""min_samples_leaf"": 5, ""n_estimators"": 100}",3,590,22,0.5683639952351469,45.29781679197172,62.938085600829865,0.4763788841601653,-37.91652806062216
237,gradient_boosting,log1p,"{""learning_rate"": 0.03, ""loss"": ""squared_error"", ""max_depth"": 1, ""min_samples_leaf"": 5, ""n_estimators"": 300}",1,546,22,0.6981998698267134,48.49788810990197,75.77946237425627,0.4836918755000209,-44.73947171713669
237,gradient_boosting,log1p,"{""learning_rate"": 0.03, ""loss"": ""squared_error"", ""max_depth"": 1, ""min_samples_leaf"": 5, ""n_estimators"": 300}",2,568,22,0.5550782475330017,47.0839720074294,67.90855639737124,0.4515354149764201,-41.868872756428836
237,gradient_boosting,log1p,"{""learning_rate"": 0.03, ""loss"": ""squared_error"", ""max_depth"": 1, ""min_samples_leaf"": 5, ""n_estimators"": 300}",3,590,22,0.5232734315197267,40.81738077983356,56.08994282851907,0.43307332160845335,-34.14243215839169
238,gradient_boosting,log1p,"{""learning_rate"": 0.03, ""loss"": ""squared_error"", ""max_depth"": 1, ""min_samples_leaf"": 10, ""n_estimators"": 100}",1,546,22,0.7327088630442511,52.46943536238053,79.09223182661133,0.5331185005566258,-47.213479191281934
238,gradient_boosting,log1p,"{""learning_rate"": 0.03, ""loss"": ""squared_error"", ""max_depth"": 1, ""min_samples_leaf"": 10, ""n_estimators"": 100}",2,568,22,0.6041575464780892,49.51016470840186,72.29630012140831,0.48327711658022177,-44.70127665581095
238,gradient_boosting,log1p,"{""learning_rate"": 0.03, ""loss"": ""squared_error"", ""max_depth"": 1, ""min_samples_leaf"": 10, ""n_estimators"": 100}",3,590,22,0.5683639952351469,45.29781679197172,62.938085600829865,0.4763788841601653,-37.91652806062216
239,gradient_boosting,log1p,"{""learning_rate"": 0.03, ""loss"": ""squared_error"", ""max_depth"": 1, ""min_samples_leaf"": 10, ""n_estimators"": 300}",1,546,22,0.6965993417054706,48.22402904434852,75.60342198836808,0.4811377681904409,-44.527908574563625
239,gradient_boosting,log1p,"{""learning_rate"": 0.03, ""loss"": ""squared_error"", ""max_depth"": 1, ""min_samples_leaf"": 10, ""n_estimators"": 300}",2,568,22,0.5566897970988093,47.17742795816757,68.00018525299619,0.45285339043150546,-41.992954088166385
239,gradient_boosting,log1p,"{""learning_rate"": 0.03, ""loss"": ""squared_error"", ""max_depth"": 1, ""min_samples_leaf"": 10, ""n_estimators"": 300}",3,590,22,0.5125927973619153,40.03394665926849,55.25798381932057,0.4233342288592281,-33.40024850176256
240,gradient_boosting,log1p,"{""learning_rate"": 0.03, ""loss"": ""squared_error"", ""max_depth"": 2, ""min_samples_leaf"": 5, ""n_estimators"": 100}",1,546,22,0.7070075194704944,49.09341835858618,75.63547243743324,0.49673734755723,-46.7386765975021
240,gradient_boosting,log1p,"{""learning_rate"": 0.03, ""loss"": ""squared_error"", ""max_depth"": 2, ""min_samples_leaf"": 5, ""n_estimators"": 100}",2,568,22,0.5735863445640396,48.36187553825627,69.26570215360145,0.4713039765258235,-44.102277346969615
240,gradient_boosting,log1p,"{""learning_rate"": 0.03, ""loss"": ""squared_error"", ""max_depth"": 2, ""min_samples_leaf"": 5, ""n_estimators"": 100}",3,590,22,0.5143898767573942,40.8198869822003,56.45549439431157,0.4335715753883013,-35.20987715598164
241,gradient_boosting,log1p,"{""learning_rate"": 0.03, ""loss"": ""squared_error"", ""max_depth"": 2, ""min_samples_leaf"": 5, ""n_estimators"": 300}",1,546,22,0.7537565389863361,48.7620232239326,73.54525753766187,0.52424000502074,-46.27428725295572
241,gradient_boosting,log1p,"{""learning_rate"": 0.03, ""loss"": ""squared_error"", ""max_depth"": 2, ""min_samples_leaf"": 5, ""n_estimators"": 300}",2,568,22,0.5849009378887019,48.324574396048774,68.17600439543925,0.4812455575231724,-43.84623295593763
241,gradient_boosting,log1p,"{""learning_rate"": 0.03, ""loss"": ""squared_error"", ""max_depth"": 2, ""min_samples_leaf"": 5, ""n_estimators"": 300}",3,590,22,0.5170774477682437,37.30835464605112,51.16084772132723,0.4120861816214271,-30.717230764622695
242,gradient_boosting,log1p,"{""learning_rate"": 0.03, ""loss"": ""squared_error"", ""max_depth"": 2, ""min_samples_leaf"": 10, ""n_estimators"": 100}",1,546,22,0.7038802976144533,48.83839234492784,75.5923659155511,0.4928643058260293,-46.47619434204017
242,gradient_boosting,log1p,"{""learning_rate"": 0.03, ""loss"": ""squared_error"", ""max_depth"": 2, ""min_samples_leaf"": 10, ""n_estimators"": 100}",2,568,22,0.5653168959979056,47.65299158783339,68.38588607546984,0.4640564810335037,-43.32647103563519
242,gradient_boosting,log1p,"{""learning_rate"": 0.03, ""loss"": ""squared_error"", ""max_depth"": 2, ""min_samples_leaf"": 10, ""n_estimators"": 100}",3,590,22,0.5154085639615029,40.65762180742387,56.63535836374042,0.43133439684087,-35.11679346299517
243,gradient_boosting,log1p,"{""learning_rate"": 0.03, ""loss"": ""squared_error"", ""max_depth"": 2, ""min_samples_leaf"": 10, ""n_estimators"": 300}",1,546,22,0.749525319086517,47.334197670455325,72.30229908518179,0.5111887774347865,-44.562346538877044
243,gradient_boosting,log1p,"{""learning_rate"": 0.03, ""loss"": ""squared_error"", ""max_depth"": 2, ""min_samples_leaf"": 10, ""n_estimators"": 300}",2,568,22,0.5685323791103967,46.88204724484983,66.24564931849761,0.4691875852022403,-41.5466937833016
243,gradient_boosting,log1p,"{""learning_rate"": 0.03, ""loss"": ""squared_error"", ""max_depth"": 2, ""min_samples_leaf"": 10, ""n_estimators"": 300}",3,590,22,0.4989701560182226,35.987424813431794,50.706727462773536,0.39218382909586946,-30.187985264921153
244,gradient_boosting,log1p,"{""learning_rate"": 0.03, ""loss"": ""huber"", ""max_depth"": 1, ""min_samples_leaf"": 5, ""n_estimators"": 100}",1,546,22,0.7471823138601386,52.49337829476021,79.41419476681985,0.5334227606856857,-46.82392200188262
244,gradient_boosting,log1p,"{""learning_rate"": 0.03, ""loss"": ""huber"", ""max_depth"": 1, ""min_samples_leaf"": 5, ""n_estimators"": 100}",2,568,22,0.5928589359929124,48.82655357372066,71.37086940165939,0.4762285422148471,-43.906411973109265
244,gradient_boosting,log1p,"{""learning_rate"": 0.03, ""loss"": ""huber"", ""max_depth"": 1, ""min_samples_leaf"": 5, ""n_estimators"": 100}",3,590,22,0.5478599652134897,43.72587691045644,61.306794506721594,0.45773069278828954,-36.50479546650212
245,gradient_boosting,log1p,"{""learning_rate"": 0.03, ""loss"": ""huber"", ""max_depth"": 1, ""min_samples_leaf"": 5, ""n_estimators"": 300}",1,546,22,0.7120405259177289,48.38142624171549,76.56233470532021,0.4768729411747211,-44.59456702522674
245,gradient_boosting,log1p,"{""learning_rate"": 0.03, ""loss"": ""huber"", ""max_depth"": 1, ""min_samples_leaf"": 5, ""n_estimators"": 300}",2,568,22,0.5488434420150712,46.81142062985357,67.28801879464382,0.4477317478297145,-42.01731138752714
245,gradient_boosting,log1p,"{""learning_rate"": 0.03, ""loss"": ""huber"", ""max_depth"": 1, ""min_samples_leaf"": 5, ""n_estimators"": 300}",3,590,22,0.5025419081869136,39.32594444204393,54.18107075047995,0.41457507783732744,-33.222164352231886
246,gradient_boosting,log1p,"{""learning_rate"": 0.03, ""loss"": ""huber"", ""max_depth"": 1, ""min_samples_leaf"": 10, ""n_estimators"": 100}",1,546,22,0.7471823138601386,52.49337829476021,79.41419476681985,0.5334227606856857,-46.82392200188262
246,gradient_boosting,log1p,"{""learning_rate"": 0.03, ""loss"": ""huber"", ""max_depth"": 1, ""min_samples_leaf"": 10, ""n_estimators"": 100}",2,568,22,0.5928589359929124,48.82655357372066,71.37086940165939,0.4762285422148471,-43.906411973109265
246,gradient_boosting,log1p,"{""learning_rate"": 0.03, ""loss"": ""huber"", ""max_depth"": 1, ""min_samples_leaf"": 10, ""n_estimators"": 100}",3,590,22,0.5478599652134897,43.72587691045644,61.306794506721594,0.45773069278828954,-36.50479546650212
247,gradient_boosting,log1p,"{""learning_rate"": 0.03, ""loss"": ""huber"", ""max_depth"": 1, ""min_samples_leaf"": 10, ""n_estimators"": 300}",1,546,22,0.7114124190621417,48.30140851066053,76.50298797543209,0.47609217207707744,-44.52192125367111
247,gradient_boosting,log1p,"{""learning_rate"": 0.03, ""loss"": ""huber"", ""max_depth"": 1, ""min_samples_leaf"": 10, ""n_estimators"": 300}",2,568,22,0.5458794727880741,46.70308126488578,66.8670437393108,0.4469948829962666,-41.668444599199375
247,gradient_boosting,log1p,"{""learning_rate"": 0.03, ""loss"": ""huber"", ""max_depth"": 1, ""min_samples_leaf"": 10, ""n_estimators"": 300}",3,590,22,0.4944037380950684,38.730741624318945,53.69021908989137,0.4058930509427905,-32.73239199234273
248,gradient_boosting,log1p,"{""learning_rate"": 0.03, ""loss"": ""huber"", ""max_depth"": 2, ""min_samples_leaf"": 5, ""n_estimators"": 100}",1,546,22,0.7268845065950924,49.22297058053201,76.56429973339782,0.498392882146643,-46.28617444357028
248,gradient_boosting,log1p,"{""learning_rate"": 0.03, ""loss"": ""huber"", ""max_depth"": 2, ""min_samples_leaf"": 5, ""n_estimators"": 100}",2,568,22,0.5626113667507632,47.73667945862635,67.87007189069799,0.46786162455749386,-42.91163356254529
248,gradient_boosting,log1p,"{""learning_rate"": 0.03, ""loss"": ""huber"", ""max_depth"": 2, ""min_samples_leaf"": 5, ""n_estimators"": 100}",3,590,22,0.49121991042575935,38.78978706262399,54.08007240473714,0.4134604191256978,-33.36035734067109
249,gradient_boosting,log1p,"{""learning_rate"": 0.03, ""loss"": ""huber"", ""max_depth"": 2, ""min_samples_leaf"": 5, ""n_estimators"": 300}",1,546,22,0.7381392868542647,48.60124978163984,74.86422603479396,0.5019413838851645,-46.48695375071248
249,gradient_boosting,log1p,"{""learning_rate"": 0.03, ""loss"": ""huber"", ""max_depth"": 2, ""min_samples_leaf"": 5, ""n_estimators"": 300}",2,568,22,0.5816788683578576,48.65687426769486,68.48004594413223,0.48154086930952605,-43.55214579158437
249,gradient_boosting,log1p,"{""learning_rate"": 0.03, ""loss"": ""huber"", ""max_depth"": 2, ""min_samples_leaf"": 5, ""n_estimators"": 300}",3,590,22,0.5141026853139472,35.43124863056821,49.6023328205616,0.4008848298750227,-29.914138538874795
250,gradient_boosting,log1p,"{""learning_rate"": 0.03, ""loss"": ""huber"", ""max_depth"": 2, ""min_samples_leaf"": 10, ""n_estimators"": 100}",1,546,22,0.7278712416094997,48.63812755299493,76.4962439514535,0.49198307667455143,-45.86161139571599
250,gradient_boosting,log1p,"{""learning_rate"": 0.03, ""loss"": ""huber"", ""max_depth"": 2, ""min_samples_leaf"": 10, ""n_estimators"": 100}",2,568,22,0.5530130494835158,47.20385183555638,67.12876401283715,0.4593304867248633,-42.20231753098492
250,gradient_boosting,log1p,"{""learning_rate"": 0.03, ""loss"": ""huber"", ""max_depth"": 2, ""min_samples_leaf"": 10, ""n_estimators"": 100}",3,590,22,0.481723039039684,38.21720727073935,54.01435478436049,0.4008044134084359,-33.120110310471425
251,gradient_boosting,log1p,"{""learning_rate"": 0.03, ""loss"": ""huber"", ""max_depth"": 2, ""min_samples_leaf"": 10, ""n_estimators"": 300}",1,546,22,0.7356365680310669,46.83171335650287,73.7052270147911,0.49020296747079434,-44.82093753285101
251,gradient_boosting,log1p,"{""learning_rate"": 0.03, ""loss"": ""huber"", ""max_depth"": 2, ""min_samples_leaf"": 10, ""n_estimators"": 300}",2,568,22,0.5582279795875165,46.92997041054527,65.79865204115012,0.4622590699275541,-41.869997984568265
251,gradient_boosting,log1p,"{""learning_rate"": 0.03, ""loss"": ""huber"", ""max_depth"": 2, ""min_samples_leaf"": 10, ""n_estimators"": 300}",3,590,22,0.4679644411846849,34.46467459986916,49.225010054857265,0.3637975950457275,-30.438829797525113
252,gradient_boosting,log1p,"{""learning_rate"": 0.1, ""loss"": ""squared_error"", ""max_depth"": 1, ""min_samples_leaf"": 5, ""n_estimators"": 100}",1,546,22,0.6937655145831119,48.10353223822479,75.11802180039004,0.4815075567543334,-44.409865410626786
252,gradient_boosting,log1p,"{""learning_rate"": 0.1, ""loss"": ""squared_error"", ""max_depth"": 1, ""min_samples_leaf"": 5, ""n_estimators"": 100}",2,568,22,0.5492912838218623,46.59161032912887,67.3541309852401,0.44699428326131874,-41.312537843729935
252,gradient_boosting,log1p,"{""learning_rate"": 0.1, ""loss"": ""squared_error"", ""max_depth"": 1, ""min_samples_leaf"": 5, ""n_estimators"": 100}",3,590,22,0.5220097315126373,40.55787246182659,55.718900002664746,0.4306407518096951,-33.72890850758576
253,gradient_boosting,log1p,"{""learning_rate"": 0.1, ""loss"": ""squared_error"", ""max_depth"": 1, ""min_samples_leaf"": 5, ""n_estimators"": 300}",1,546,22,0.7045558950365894,46.87987065570891,73.20889993335932,0.4784987803058023,-43.854917950318764
253,gradient_boosting,log1p,"{""learning_rate"": 0.1, ""loss"": ""squared_error"", ""max_depth"": 1, ""min_samples_leaf"": 5, ""n_estimators"": 300}",2,568,22,0.5456997687180947,45.30660856650331,65.51435890055642,0.43815307779247875,-39.349768881258
253,gradient_boosting,log1p,"{""learning_rate"": 0.1, ""loss"": ""squared_error"", ""max_depth"": 1, ""min_samples_leaf"": 5, ""n_estimators"": 300}",3,590,22,0.5065982912191161,36.933440084055626,51.032352506304846,0.4006610009618337,-29.80738126332732
254,gradient_boosting,log1p,"{""learning_rate"": 0.1, ""loss"": ""squared_error"", ""max_depth"": 1, ""min_samples_leaf"": 10, ""n_estimators"": 100}",1,546,22,0.6942316170733032,47.97984569528672,74.99550162753278,0.48106639643733895,-44.31017336226867
254,gradient_boosting,log1p,"{""learning_rate"": 0.1, ""loss"": ""squared_error"", ""max_depth"": 1, ""min_samples_leaf"": 10, ""n_estimators"": 100}",2,568,22,0.5499233776346959,46.60303218725574,67.40561096377074,0.44649268340460124,-41.363671237884894
254,gradient_boosting,log1p,"{""learning_rate"": 0.1, ""loss"": ""squared_error"", ""max_depth"": 1, ""min_samples_leaf"": 10, ""n_estimators"": 100}",3,590,22,0.5073325405769743,39.433167769886396,54.46054097687418,0.41688107567678456,-32.749761071998925
255,gradient_boosting,log1p,"{""learning_rate"": 0.1, ""loss"": ""squared_error"", ""max_depth"": 1, ""min_samples_leaf"": 10, ""n_estimators"": 300}",1,546,22,0.7029045124347194,46.28073897132006,72.69079611538416,0.4757704018426484,-43.17620698913757
255,gradient_boosting,log1p,"{""learning_rate"": 0.1, ""loss"": ""squared_error"", ""max_depth"": 1, ""min_samples_leaf"": 10, ""n_estimators"": 300}",2,568,22,0.5554155951732577,45.803792609057375,65.97516668159021,0.44374882244381214,-39.43704030234673
255,gradient_boosting,log1p,"{""learning_rate"": 0.1, ""loss"": ""squared_error"", ""max_depth"": 1, ""min_samples_leaf"": 10, ""n_estimators"": 300}",3,590,22,0.49841085658887696,36.40206516604181,51.065733247408836,0.39159959603185235,-30.31655380203913
256,gradient_boosting,log1p,"{""learning_rate"": 0.1, ""loss"": ""squared_error"", ""max_depth"": 2, ""min_samples_leaf"": 5, ""n_estimators"": 100}",1,546,22,0.743206858084616,47.77069879094134,72.36052456065352,0.5145617079524123,-45.34336979133511
256,gradient_boosting,log1p,"{""learning_rate"": 0.1, ""loss"": ""squared_error"", ""max_depth"": 2, ""min_samples_leaf"": 5, ""n_estimators"": 100}",2,568,22,0.5875462121591767,47.937221130234995,67.57885068328387,0.48377984679076746,-43.353637800324606
256,gradient_boosting,log1p,"{""learning_rate"": 0.1, ""loss"": ""squared_error"", ""max_depth"": 2, ""min_samples_leaf"": 5, ""n_estimators"": 100}",3,590,22,0.5321917636834562,38.10923069253295,52.00426614811525,0.43003646373526716,-30.744603729424853
257,gradient_boosting,log1p,"{""learning_rate"": 0.1, ""loss"": ""squared_error"", ""max_depth"": 2, ""min_samples_leaf"": 5, ""n_estimators"": 300}",1,546,22,0.7778241905036059,47.65411095608445,69.49638741426467,0.5538258093226912,-43.404101630509004
257,gradient_boosting,log1p,"{""learning_rate"": 0.1, ""loss"": ""squared_error"", ""max_depth"": 2, ""min_samples_leaf"": 5, ""n_estimators"": 300}",2,568,22,0.6880642485631039,52.11185359553963,71.14028477430354,0.5500236321672166,-46.161238823246904
257,gradient_boosting,log1p,"{""learning_rate"": 0.1, ""loss"": ""squared_error"", ""max_depth"": 2, ""min_samples_leaf"": 5, ""n_estimators"": 300}",3,590,22,0.5959105641090992,41.13777248068047,54.884012078654344,0.4657039116267963,-30.515652205909362
258,gradient_boosting,log1p,"{""learning_rate"": 0.1, ""loss"": ""squared_error"", ""max_depth"": 2, ""min_samples_leaf"": 10, ""n_estimators"": 100}",1,546,22,0.7536191311508891,47.073723367952226,71.60605455479909,0.5157589052844728,-43.89671579643424
258,gradient_boosting,log1p,"{""learning_rate"": 0.1, ""loss"": ""squared_error"", ""max_depth"": 2, ""min_samples_leaf"": 10, ""n_estimators"": 100}",2,568,22,0.5568507996059986,46.10071884876016,65.11619306793061,0.4599641201856548,-40.41998619755859
258,gradient_boosting,log1p,"{""learning_rate"": 0.1, ""loss"": ""squared_error"", ""max_depth"": 2, ""min_samples_leaf"": 10, ""n_estimators"": 100}",3,590,22,0.4873041939782362,35.70689545661248,50.94937476855795,0.38655420659388506,-30.321284186299177
259,gradient_boosting,log1p,"{""learning_rate"": 0.1, ""loss"": ""squared_error"", ""max_depth"": 2, ""min_samples_leaf"": 10, ""n_estimators"": 300}",1,546,22,0.7745759325317499,47.1533715202391,68.85991353842319,0.5526861494755319,-42.0641575619233
259,gradient_boosting,log1p,"{""learning_rate"": 0.1, ""loss"": ""squared_error"", ""max_depth"": 2, ""min_samples_leaf"": 10, ""n_estimators"": 300}",2,568,22,0.6053745550198386,49.06474360317757,66.25987217669076,0.5088004986336464,-42.14695718906472
259,gradient_boosting,log1p,"{""learning_rate"": 0.1, ""loss"": ""squared_error"", ""max_depth"": 2, ""min_samples_leaf"": 10, ""n_estimators"": 300}",3,590,22,0.5275390982574131,40.4939385249438,54.79452651662835,0.44072071779593797,-30.696055351159053
260,gradient_boosting,log1p,"{""learning_rate"": 0.1, ""loss"": ""huber"", ""max_depth"": 1, ""min_samples_leaf"": 5, ""n_estimators"": 100}",1,546,22,0.70609142183519,48.17791672489857,76.02732796342993,0.47531437146973493,-44.30138170361196
260,gradient_boosting,log1p,"{""learning_rate"": 0.1, ""loss"": ""huber"", ""max_depth"": 1, ""min_samples_leaf"": 5, ""n_estimators"": 100}",2,568,22,0.5438955693370918,46.50088577436218,66.9444300181158,0.44373847731627125,-41.746304033305925
260,gradient_boosting,log1p,"{""learning_rate"": 0.1, ""loss"": ""huber"", ""max_depth"": 1, ""min_samples_leaf"": 5, ""n_estimators"": 100}",3,590,22,0.5020393277582832,39.17826978343011,53.713192619982024,0.41477271155505163,-32.77502200176772
261,gradient_boosting,log1p,"{""learning_rate"": 0.1, ""loss"": ""huber"", ""max_depth"": 1, ""min_samples_leaf"": 5, ""n_estimators"": 300}",1,546,22,0.7034592751917359,46.25497355632302,74.10253011030835,0.4613571277669376,-43.70182084197835
261,gradient_boosting,log1p,"{""learning_rate"": 0.1, ""loss"": ""huber"", ""max_depth"": 1, ""min_samples_leaf"": 5, ""n_estimators"": 300}",2,568,22,0.5445550017229599,45.98504779377319,65.66864818015057,0.4415780407338323,-40.971142837466125
261,gradient_boosting,log1p,"{""learning_rate"": 0.1, ""loss"": ""huber"", ""max_depth"": 1, ""min_samples_leaf"": 5, ""n_estimators"": 300}",3,590,22,0.5164484048629407,37.47091483289421,52.75314135578091,0.4097128783554733,-31.200598020828227
262,gradient_boosting,log1p,"{""learning_rate"": 0.1, ""loss"": ""huber"", ""max_depth"": 1, ""min_samples_leaf"": 10, ""n_estimators"": 100}",1,546,22,0.7072361692094953,48.308973947767235,76.18800519404621,0.47711538368793466,-44.555002212361586
262,gradient_boosting,log1p,"{""learning_rate"": 0.1, ""loss"": ""huber"", ""max_depth"": 1, ""min_samples_leaf"": 10, ""n_estimators"": 100}",2,568,22,0.5383002789901729,46.24344771503974,66.17972992515139,0.44172869163413764,-41.112082951873624
262,gradient_boosting,log1p,"{""learning_rate"": 0.1, ""loss"": ""huber"", ""max_depth"": 1, ""min_samples_leaf"": 10, ""n_estimators"": 100}",3,590,22,0.49400710211052234,38.592671327927135,53.28951896784909,0.4056739859089312,-32.281754594540956
263,gradient_boosting,log1p,"{""learning_rate"": 0.1, ""loss"": ""huber"", ""max_depth"": 1, ""min_samples_leaf"": 10, ""n_estimators"": 300}",1,546,22,0.7011178148403578,45.112142675156825,73.5547200697289,0.45172626241285135,-42.84536257316828
263,gradient_boosting,log1p,"{""learning_rate"": 0.1, ""loss"": ""huber"", ""max_depth"": 1, ""min_samples_leaf"": 10, ""n_estimators"": 300}",2,568,22,0.5533258261246531,46.31103160824045,66.01636994372768,0.4451923282804879,-40.142804994028616
263,gradient_boosting,log1p,"{""learning_rate"": 0.1, ""loss"": ""huber"", ""max_depth"": 1, ""min_samples_leaf"": 10, ""n_estimators"": 300}",3,590,22,0.5021700834492533,36.70583458821441,52.19723606969668,0.39785399788325243,-31.17141888010263
264,gradient_boosting,log1p,"{""learning_rate"": 0.1, ""loss"": ""huber"", ""max_depth"": 2, ""min_samples_leaf"": 5, ""n_estimators"": 100}",1,546,22,0.7433152130463153,48.66781946201354,74.81459974959903,0.504852083213814,-46.32758092856774
264,gradient_boosting,log1p,"{""learning_rate"": 0.1, ""loss"": ""huber"", ""max_depth"": 2, ""min_samples_leaf"": 5, ""n_estimators"": 100}",2,568,22,0.5713992538886009,48.22563272897387,67.70430160384427,0.46891928691518403,-43.47608703880374
264,gradient_boosting,log1p,"{""learning_rate"": 0.1, ""loss"": ""huber"", ""max_depth"": 2, ""min_samples_leaf"": 5, ""n_estimators"": 100}",3,590,22,0.5233734653128623,36.17057697482513,49.76865892356735,0.4136336683615936,-29.57385246520765
265,gradient_boosting,log1p,"{""learning_rate"": 0.1, ""loss"": ""huber"", ""max_depth"": 2, ""min_samples_leaf"": 5, ""n_estimators"": 300}",1,546,22,0.7628093879695064,48.159293228472535,71.91241547845404,0.5316881032746203,-44.51841327121861
265,gradient_boosting,log1p,"{""learning_rate"": 0.1, ""loss"": ""huber"", ""max_depth"": 2, ""min_samples_leaf"": 5, ""n_estimators"": 300}",2,568,22,0.6558429630640102,51.657892527483426,70.4335921958585,0.531008420718108,-45.08729591325607
265,gradient_boosting,log1p,"{""learning_rate"": 0.1, ""loss"": ""huber"", ""max_depth"": 2, ""min_samples_leaf"": 5, ""n_estimators"": 300}",3,590,22,0.6243737147894389,41.340632169544094,54.99832155937377,0.47628910786656387,-29.461246225757318
266,gradient_boosting,log1p,"{""learning_rate"": 0.1, ""loss"": ""huber"", ""max_depth"": 2, ""min_samples_leaf"": 10, ""n_estimators"": 100}",1,546,22,0.7486554669090814,47.59233911461131,73.90730964753743,0.5012970428073278,-45.35376759338149
266,gradient_boosting,log1p,"{""learning_rate"": 0.1, ""loss"": ""huber"", ""max_depth"": 2, ""min_samples_leaf"": 10, ""n_estimators"": 100}",2,568,22,0.5678528036244028,47.649258648763634,66.3832251951054,0.4752785101569353,-42.52314963938291
266,gradient_boosting,log1p,"{""learning_rate"": 0.1, ""loss"": ""huber"", ""max_depth"": 2, ""min_samples_leaf"": 10, ""n_estimators"": 100}",3,590,22,0.46067240375706947,33.59229105639466,47.423877921033,0.3615421870574807,-28.389322171359098
267,gradient_boosting,log1p,"{""learning_rate"": 0.1, ""loss"": ""huber"", ""max_depth"": 2, ""min_samples_leaf"": 10, ""n_estimators"": 300}",1,546,22,0.7540864237363553,46.197711805081774,69.76294686877017,0.5140105221057675,-42.63104387195376
267,gradient_boosting,log1p,"{""learning_rate"": 0.1, ""loss"": ""huber"", ""max_depth"": 2, ""min_samples_leaf"": 10, ""n_estimators"": 300}",2,568,22,0.6320404405148734,50.806989204195254,69.41356036645507,0.5283638658088259,-45.41423103189828
267,gradient_boosting,log1p,"{""learning_rate"": 0.1, ""loss"": ""huber"", ""max_depth"": 2, ""min_samples_leaf"": 10, ""n_estimators"": 300}",3,590,22,0.5165053549014202,39.50773161741936,52.306705167997265,0.4340872583162108,-29.38461496378869
268,hist_gradient_boosting,raw,"{""l2_regularization"": 0.0, ""learning_rate"": 0.03, ""max_iter"": 150, ""max_leaf_nodes"": 7, ""min_samples_leaf"": 10}",1,546,22,0.6952501475144027,45.242025893621886,69.76844731489939,0.4852085786143677,-38.88798098794995
268,hist_gradient_boosting,raw,"{""l2_regularization"": 0.0, ""learning_rate"": 0.03, ""max_iter"": 150, ""max_leaf_nodes"": 7, ""min_samples_leaf"": 10}",2,568,22,0.5702520132197021,46.5330016813536,64.53323267857269,0.4649420254014094,-32.55578705147349
268,hist_gradient_boosting,raw,"{""l2_regularization"": 0.0, ""learning_rate"": 0.03, ""max_iter"": 150, ""max_leaf_nodes"": 7, ""min_samples_leaf"": 10}",3,590,22,0.508771986329652,37.84061282188887,53.458019379788716,0.40967684525488707,-27.72649585524325
269,hist_gradient_boosting,raw,"{""l2_regularization"": 0.0, ""learning_rate"": 0.03, ""max_iter"": 150, ""max_leaf_nodes"": 7, ""min_samples_leaf"": 20}",1,546,22,0.7187932203422414,45.130059170380484,70.61609081146909,0.4967242218489447,-38.04874489541253
269,hist_gradient_boosting,raw,"{""l2_regularization"": 0.0, ""learning_rate"": 0.03, ""max_iter"": 150, ""max_leaf_nodes"": 7, ""min_samples_leaf"": 20}",2,568,22,0.5560480177870313,44.380802540703804,60.78430925573361,0.4533285353964954,-32.46067743176059
269,hist_gradient_boosting,raw,"{""l2_regularization"": 0.0, ""learning_rate"": 0.03, ""max_iter"": 150, ""max_leaf_nodes"": 7, ""min_samples_leaf"": 20}",3,590,22,0.5060026404694481,37.89927523451761,51.90194541801009,0.4091348813368861,-24.857473998356536
270,hist_gradient_boosting,raw,"{""l2_regularization"": 0.0, ""learning_rate"": 0.03, ""max_iter"": 150, ""max_leaf_nodes"": 15, ""min_samples_leaf"": 10}",1,546,22,0.718326181245953,45.21663135255002,71.27272749060546,0.48871408839370356,-39.53127054138079
270,hist_gradient_boosting,raw,"{""l2_regularization"": 0.0, ""learning_rate"": 0.03, ""max_iter"": 150, ""max_leaf_nodes"": 15, ""min_samples_leaf"": 10}",2,568,22,0.583509594254138,46.43304320388262,64.51145297882887,0.4619459546322563,-30.981366809201667
270,hist_gradient_boosting,raw,"{""l2_regularization"": 0.0, ""learning_rate"": 0.03, ""max_iter"": 150, ""max_leaf_nodes"": 15, ""min_samples_leaf"": 10}",3,590,22,0.5363097411232645,37.981385188833684,52.171059053671634,0.4170647050104884,-24.921221043379145
271,hist_gradient_boosting,raw,"{""l2_regularization"": 0.0, ""learning_rate"": 0.03, ""max_iter"": 150, ""max_leaf_nodes"": 15, ""min_samples_leaf"": 20}",1,546,22,0.7337134608851003,47.64313582574322,71.34449992655628,0.5286317893587986,-36.55943130940393
271,hist_gradient_boosting,raw,"{""l2_regularization"": 0.0, ""learning_rate"": 0.03, ""max_iter"": 150, ""max_leaf_nodes"": 15, ""min_samples_leaf"": 20}",2,568,22,0.5894855432412086,46.26136940868235,62.85453017680283,0.4803753763625689,-33.398514871872116
271,hist_gradient_boosting,raw,"{""l2_regularization"": 0.0, ""learning_rate"": 0.03, ""max_iter"": 150, ""max_leaf_nodes"": 15, ""min_samples_leaf"": 20}",3,590,22,0.533282208730465,39.18485626660378,52.70412740317966,0.42136103125422814,-24.240901738616927
272,hist_gradient_boosting,raw,"{""l2_regularization"": 0.0, ""learning_rate"": 0.03, ""max_iter"": 300, ""max_leaf_nodes"": 7, ""min_samples_leaf"": 10}",1,546,22,0.7313008805206856,45.55658829238245,70.98202697555651,0.49253557406369824,-38.68528800019574
272,hist_gradient_boosting,raw,"{""l2_regularization"": 0.0, ""learning_rate"": 0.03, ""max_iter"": 300, ""max_leaf_nodes"": 7, ""min_samples_leaf"": 10}",2,568,22,0.596703416652031,46.70511469636888,64.92605730938688,0.4656918545873601,-31.374528222969957
272,hist_gradient_boosting,raw,"{""l2_regularization"": 0.0, ""learning_rate"": 0.03, ""max_iter"": 300, ""max_leaf_nodes"": 7, ""min_samples_leaf"": 10}",3,590,22,0.5167785790388529,37.987175386006555,55.04731099312736,0.4065433356695252,-27.912640315643365
273,hist_gradient_boosting,raw,"{""l2_regularization"": 0.0, ""learning_rate"": 0.03, ""max_iter"": 300, ""max_leaf_nodes"": 7, ""min_samples_leaf"": 20}",1,546,22,0.6950343023864644,44.975239597133005,70.24202541182645,0.4982549143906951,-37.23039488454961
273,hist_gradient_boosting,raw,"{""l2_regularization"": 0.0, ""learning_rate"": 0.03, ""max_iter"": 300, ""max_leaf_nodes"": 7, ""min_samples_leaf"": 20}",2,568,22,0.5667489116249617,44.40645055065965,60.84748150429338,0.45150326832085347,-32.18668458995022
273,hist_gradient_boosting,raw,"{""l2_regularization"": 0.0, ""learning_rate"": 0.03, ""max_iter"": 300, ""max_leaf_nodes"": 7, ""min_samples_leaf"": 20}",3,590,22,0.52580152577832,37.9141270611194,51.79461217003815,0.41300186417424184,-23.987599165975567
274,hist_gradient_boosting,raw,"{""l2_regularization"": 0.0, ""learning_rate"": 0.03, ""max_iter"": 300, ""max_leaf_nodes"": 15, ""min_samples_leaf"": 10}",1,546,22,0.7420254465566396,46.5565676196787,72.49996958813755,0.5134258311437504,-39.05736496131593
274,hist_gradient_boosting,raw,"{""l2_regularization"": 0.0, ""learning_rate"": 0.03, ""max_iter"": 300, ""max_leaf_nodes"": 15, ""min_samples_leaf"": 10}",2,568,22,0.6123256221187576,47.25932103543776,64.48960617223595,0.4787237467410861,-28.375698819104038
274,hist_gradient_boosting,raw,"{""l2_regularization"": 0.0, ""learning_rate"": 0.03, ""max_iter"": 300, ""max_leaf_nodes"": 15, ""min_samples_leaf"": 10}",3,590,22,0.5683445818358045,38.606406511719804,53.55020278734202,0.42334188202183537,-25.470942396187272
275,hist_gradient_boosting,raw,"{""l2_regularization"": 0.0, ""learning_rate"": 0.03, ""max_iter"": 300, ""max_leaf_nodes"": 15, ""min_samples_leaf"": 20}",1,546,22,0.7408867111171248,48.8857013671195,72.76166706349224,0.5415333701105758,-37.602503510529075
275,hist_gradient_boosting,raw,"{""l2_regularization"": 0.0, ""learning_rate"": 0.03, ""max_iter"": 300, ""max_leaf_nodes"": 15, ""min_samples_leaf"": 20}",2,568,22,0.6086238170719251,46.18858791687264,63.35574741766598,0.48635801218354724,-33.13425816271631
275,hist_gradient_boosting,raw,"{""l2_regularization"": 0.0, ""learning_rate"": 0.03, ""max_iter"": 300, ""max_leaf_nodes"": 15, ""min_samples_leaf"": 20}",3,590,22,0.5751036765071702,40.58564204388003,54.18373045288505,0.44021832490402524,-24.32562528287692
276,hist_gradient_boosting,raw,"{""l2_regularization"": 0.0, ""learning_rate"": 0.1, ""max_iter"": 150, ""max_leaf_nodes"": 7, ""min_samples_leaf"": 10}",1,546,22,0.7646723912184966,46.17485272709225,70.77193857118061,0.5108068919702835,-38.20466375510639
276,hist_gradient_boosting,raw,"{""l2_regularization"": 0.0, ""learning_rate"": 0.1, ""max_iter"": 150, ""max_leaf_nodes"": 7, ""min_samples_leaf"": 10}",2,568,22,0.6086035872490664,46.824169015226204,64.11170880747677,0.47681658994210635,-28.872349746914335
276,hist_gradient_boosting,raw,"{""l2_regularization"": 0.0, ""learning_rate"": 0.1, ""max_iter"": 150, ""max_leaf_nodes"": 7, ""min_samples_leaf"": 10}",3,590,22,0.5411887611676748,37.81075400351541,54.280139336602645,0.4020691272807228,-27.064138326853584
277,hist_gradient_boosting,raw,"{""l2_regularization"": 0.0, ""learning_rate"": 0.1, ""max_iter"": 150, ""max_leaf_nodes"": 7, ""min_samples_leaf"": 20}",1,546,22,0.7420564058592859,46.75498541755523,72.31186449110113,0.5204193462712686,-39.86627808701109
277,hist_gradient_boosting,raw,"{""l2_regularization"": 0.0, ""learning_rate"": 0.1, ""max_iter"": 150, ""max_leaf_nodes"": 7, ""min_samples_leaf"": 20}",2,568,22,0.6020738709292184,46.25937253278792,63.27030854230291,0.47835376623687503,-33.177831838321666
277,hist_gradient_boosting,raw,"{""l2_regularization"": 0.0, ""learning_rate"": 0.1, ""max_iter"": 150, ""max_leaf_nodes"": 7, ""min_samples_leaf"": 20}",3,590,22,0.5365777946679084,38.00870215682035,52.99043749612948,0.42081889018864055,-25.235646493771945
278,hist_gradient_boosting,raw,"{""l2_regularization"": 0.0, ""learning_rate"": 0.1, ""max_iter"": 150, ""max_leaf_nodes"": 15, ""min_samples_leaf"": 10}",1,546,22,0.7742593557022205,48.554397876804224,74.03192767281105,0.5485896022620836,-39.654893037884825
278,hist_gradient_boosting,raw,"{""l2_regularization"": 0.0, ""learning_rate"": 0.1, ""max_iter"": 150, ""max_leaf_nodes"": 15, ""min_samples_leaf"": 10}",2,568,22,0.6125856739244496,48.02739731758193,62.53779023464269,0.48955814068470976,-25.654685013322844
278,hist_gradient_boosting,raw,"{""l2_regularization"": 0.0, ""learning_rate"": 0.1, ""max_iter"": 150, ""max_leaf_nodes"": 15, ""min_samples_leaf"": 10}",3,590,22,0.5905008253815366,39.75157146171577,55.635636294968464,0.437011526689048,-25.84853862669992
279,hist_gradient_boosting,raw,"{""l2_regularization"": 0.0, ""learning_rate"": 0.1, ""max_iter"": 150, ""max_leaf_nodes"": 15, ""min_samples_leaf"": 20}",1,546,22,0.776829415303841,51.08420775504325,75.45086126365265,0.5731133870902242,-40.21554114857513
279,hist_gradient_boosting,raw,"{""l2_regularization"": 0.0, ""learning_rate"": 0.1, ""max_iter"": 150, ""max_leaf_nodes"": 15, ""min_samples_leaf"": 20}",2,568,22,0.6154981718385283,47.24128809320687,63.89949640313715,0.49067829816730074,-32.665782267358814
279,hist_gradient_boosting,raw,"{""l2_regularization"": 0.0, ""learning_rate"": 0.1, ""max_iter"": 150, ""max_leaf_nodes"": 15, ""min_samples_leaf"": 20}",3,590,22,0.5972837380709891,43.25299537066179,56.16892262180155,0.4730164725971369,-26.341965947255552
280,hist_gradient_boosting,raw,"{""l2_regularization"": 0.0, ""learning_rate"": 0.1, ""max_iter"": 300, ""max_leaf_nodes"": 7, ""min_samples_leaf"": 10}",1,546,22,0.7525476901955863,46.971043202100525,71.87975770762402,0.5173076333856186,-37.32268453229654
280,hist_gradient_boosting,raw,"{""l2_regularization"": 0.0, ""learning_rate"": 0.1, ""max_iter"": 300, ""max_leaf_nodes"": 7, ""min_samples_leaf"": 10}",2,568,22,0.6646998321643337,48.26685179435426,65.46193460797652,0.5129050217609908,-30.669427345578683
280,hist_gradient_boosting,raw,"{""l2_regularization"": 0.0, ""learning_rate"": 0.1, ""max_iter"": 300, ""max_leaf_nodes"": 7, ""min_samples_leaf"": 10}",3,590,22,0.5705212023947456,39.27745684801633,55.288533467919095,0.42999567673166356,-26.800408694407096
281,hist_gradient_boosting,raw,"{""l2_regularization"": 0.0, ""learning_rate"": 0.1, ""max_iter"": 300, ""max_leaf_nodes"": 7, ""min_samples_leaf"": 20}",1,546,22,0.777300116747598,49.29635967238116,74.51178003995044,0.5555138438836075,-40.956421600275334
281,hist_gradient_boosting,raw,"{""l2_regularization"": 0.0, ""learning_rate"": 0.1, ""max_iter"": 300, ""max_leaf_nodes"": 7, ""min_samples_leaf"": 20}",2,568,22,0.6064613032831623,45.46069184487027,61.34311362691015,0.474845711501035,-31.077790458077597
281,hist_gradient_boosting,raw,"{""l2_regularization"": 0.0, ""learning_rate"": 0.1, ""max_iter"": 300, ""max_leaf_nodes"": 7, ""min_samples_leaf"": 20}",3,590,22,0.5683291973812226,38.372367860333185,53.931030830534084,0.41170347397378443,-24.057365176865506
282,hist_gradient_boosting,raw,"{""l2_regularization"": 0.0, ""learning_rate"": 0.1, ""max_iter"": 300, ""max_leaf_nodes"": 15, ""min_samples_leaf"": 10}",1,546,22,0.7852417114151266,48.823413803724584,74.02343319146782,0.559567929796226,-39.68199534133809
282,hist_gradient_boosting,raw,"{""l2_regularization"": 0.0, ""learning_rate"": 0.1, ""max_iter"": 300, ""max_leaf_nodes"": 15, ""min_samples_leaf"": 10}",2,568,22,0.6047399031145962,47.72411441649929,61.847516634039074,0.48853329867336615,-25.72031827483454
282,hist_gradient_boosting,raw,"{""l2_regularization"": 0.0, ""learning_rate"": 0.1, ""max_iter"": 300, ""max_leaf_nodes"": 15, ""min_samples_leaf"": 10}",3,590,22,0.6255789001380445,41.34349493648745,56.77409671405746,0.47116998893265244,-25.946827305255848
283,hist_gradient_boosting,raw,"{""l2_regularization"": 0.0, ""learning_rate"": 0.1, ""max_iter"": 300, ""max_leaf_nodes"": 15, ""min_samples_leaf"": 20}",1,546,22,0.7801143221156748,51.511926997509256,76.07868357628396,0.57632469650067,-41.082758812538025
283,hist_gradient_boosting,raw,"{""l2_regularization"": 0.0, ""learning_rate"": 0.1, ""max_iter"": 300, ""max_leaf_nodes"": 15, ""min_samples_leaf"": 20}",2,568,22,0.6195910231079897,47.58010882699681,64.16834734378062,0.49356795068675985,-32.87929048928185
283,hist_gradient_boosting,raw,"{""l2_regularization"": 0.0, ""learning_rate"": 0.1, ""max_iter"": 300, ""max_leaf_nodes"": 15, ""min_samples_leaf"": 20}",3,590,22,0.6279940400905917,46.096676494593474,58.50894677902546,0.5013937261583425,-26.956424115843344
284,hist_gradient_boosting,raw,"{""l2_regularization"": 1.0, ""learning_rate"": 0.03, ""max_iter"": 150, ""max_leaf_nodes"": 7, ""min_samples_leaf"": 10}",1,546,22,0.6885625949406999,45.44185781368555,70.40872491871976,0.48445877222083916,-38.88684586651214
284,hist_gradient_boosting,raw,"{""l2_regularization"": 1.0, ""learning_rate"": 0.03, ""max_iter"": 150, ""max_leaf_nodes"": 7, ""min_samples_leaf"": 10}",2,568,22,0.5653945454087498,45.865739161575256,63.10225459837687,0.4619617837379128,-31.33955948298336
284,hist_gradient_boosting,raw,"{""l2_regularization"": 1.0, ""learning_rate"": 0.03, ""max_iter"": 150, ""max_leaf_nodes"": 7, ""min_samples_leaf"": 10}",3,590,22,0.4969646586926301,36.35697553310075,51.41734060040171,0.39685842440336727,-25.35888956860024
285,hist_gradient_boosting,raw,"{""l2_regularization"": 1.0, ""learning_rate"": 0.03, ""max_iter"": 150, ""max_leaf_nodes"": 7, ""min_samples_leaf"": 20}",1,546,22,0.710741784047583,45.00500286539961,70.42749329800978,0.4935401213970723,-37.85420990534272
285,hist_gradient_boosting,raw,"{""l2_regularization"": 1.0, ""learning_rate"": 0.03, ""max_iter"": 150, ""max_leaf_nodes"": 7, ""min_samples_leaf"": 20}",2,568,22,0.5572806776666881,43.996605916970566,60.65874591616131,0.45061518140139845,-32.994742128569214
285,hist_gradient_boosting,raw,"{""l2_regularization"": 1.0, ""learning_rate"": 0.03, ""max_iter"": 150, ""max_leaf_nodes"": 7, ""min_samples_leaf"": 20}",3,590,22,0.5150022856315961,38.05772242390589,52.31917292764729,0.40855895338859693,-24.968673075468995
286,hist_gradient_boosting,raw,"{""l2_regularization"": 1.0, ""learning_rate"": 0.03, ""max_iter"": 150, ""max_leaf_nodes"": 15, ""min_samples_leaf"": 10}",1,546,22,0.7200177922611075,45.551808915237,71.24378961519317,0.4985133140362156,-37.8146359640223
286,hist_gradient_boosting,raw,"{""l2_regularization"": 1.0, ""learning_rate"": 0.03, ""max_iter"": 150, ""max_leaf_nodes"": 15, ""min_samples_leaf"": 10}",2,568,22,0.582884608398099,46.85598127701817,64.80843769354965,0.46492577554902703,-30.917458981947412
286,hist_gradient_boosting,raw,"{""l2_regularization"": 1.0, ""learning_rate"": 0.03, ""max_iter"": 150, ""max_leaf_nodes"": 15, ""min_samples_leaf"": 10}",3,590,22,0.520598076943178,36.329467404357864,51.96440630226828,0.3976249222870621,-24.81243229326403
287,hist_gradient_boosting,raw,"{""l2_regularization"": 1.0, ""learning_rate"": 0.03, ""max_iter"": 150, ""max_leaf_nodes"": 15, ""min_samples_leaf"": 20}",1,546,22,0.7144564769423725,47.42092544867467,70.85215109408614,0.517683515543978,-37.70726794469227
287,hist_gradient_boosting,raw,"{""l2_regularization"": 1.0, ""learning_rate"": 0.03, ""max_iter"": 150, ""max_leaf_nodes"": 15, ""min_samples_leaf"": 20}",2,568,22,0.5944695964212895,46.4748133262552,62.80579977181896,0.4861440808326067,-33.12076832580641
287,hist_gradient_boosting,raw,"{""l2_regularization"": 1.0, ""learning_rate"": 0.03, ""max_iter"": 150, ""max_leaf_nodes"": 15, ""min_samples_leaf"": 20}",3,590,22,0.538592925572458,39.28797498306662,53.11776243996715,0.4216294008067351,-24.473487602971947
288,hist_gradient_boosting,raw,"{""l2_regularization"": 1.0, ""learning_rate"": 0.03, ""max_iter"": 300, ""max_leaf_nodes"": 7, ""min_samples_leaf"": 10}",1,546,22,0.7468936941707436,45.38736618675958,71.53704557077238,0.49283414124601505,-38.1051820025733
288,hist_gradient_boosting,raw,"{""l2_regularization"": 1.0, ""learning_rate"": 0.03, ""max_iter"": 300, ""max_leaf_nodes"": 7, ""min_samples_leaf"": 10}",2,568,22,0.5987107218420434,46.40215783507963,64.18623331888465,0.47008851412207286,-30.645889101264608
288,hist_gradient_boosting,raw,"{""l2_regularization"": 1.0, ""learning_rate"": 0.03, ""max_iter"": 300, ""max_leaf_nodes"": 7, ""min_samples_leaf"": 10}",3,590,22,0.5110909390388513,36.86025354004311,53.496875869858556,0.393887673473111,-26.41825191065558
289,hist_gradient_boosting,raw,"{""l2_regularization"": 1.0, ""learning_rate"": 0.03, ""max_iter"": 300, ""max_leaf_nodes"": 7, ""min_samples_leaf"": 20}",1,546,22,0.7153633761540987,46.35593802994953,71.29206605222372,0.5127975483857501,-37.54183041132761
289,hist_gradient_boosting,raw,"{""l2_regularization"": 1.0, ""learning_rate"": 0.03, ""max_iter"": 300, ""max_leaf_nodes"": 7, ""min_samples_leaf"": 20}",2,568,22,0.5702050396758463,44.002473006457535,60.30892558270505,0.4504932137992373,-32.22973280458286
289,hist_gradient_boosting,raw,"{""l2_regularization"": 1.0, ""learning_rate"": 0.03, ""max_iter"": 300, ""max_leaf_nodes"": 7, ""min_samples_leaf"": 20}",3,590,22,0.5122590155551358,38.08697939984109,52.38736499446623,0.4047243363009327,-24.125911655718348
290,hist_gradient_boosting,raw,"{""l2_regularization"": 1.0, ""learning_rate"": 0.03, ""max_iter"": 300, ""max_leaf_nodes"": 15, ""min_samples_leaf"": 10}",1,546,22,0.7515218312933976,46.669716775536976,73.69285829294724,0.5101983037637333,-37.30826742358718
290,hist_gradient_boosting,raw,"{""l2_regularization"": 1.0, ""learning_rate"": 0.03, ""max_iter"": 300, ""max_leaf_nodes"": 15, ""min_samples_leaf"": 10}",2,568,22,0.6215234234386087,47.83201637217234,65.2189536950738,0.48543007509995467,-28.814000406374124
290,hist_gradient_boosting,raw,"{""l2_regularization"": 1.0, ""learning_rate"": 0.03, ""max_iter"": 300, ""max_leaf_nodes"": 15, ""min_samples_leaf"": 10}",3,590,22,0.5505982869222659,37.462000402189794,53.95684300512992,0.4038910734168013,-25.712182726485626
291,hist_gradient_boosting,raw,"{""l2_regularization"": 1.0, ""learning_rate"": 0.03, ""max_iter"": 300, ""max_leaf_nodes"": 15, ""min_samples_leaf"": 20}",1,546,22,0.7346530028956365,48.86271263408048,72.57482287268658,0.5358255114940226,-38.613971825664095
291,hist_gradient_boosting,raw,"{""l2_regularization"": 1.0, ""learning_rate"": 0.03, ""max_iter"": 300, ""max_leaf_nodes"": 15, ""min_samples_leaf"": 20}",2,568,22,0.6065069024092142,46.60361717252661,63.39546614239197,0.49021703412625334,-32.763657429177776
291,hist_gradient_boosting,raw,"{""l2_regularization"": 1.0, ""learning_rate"": 0.03, ""max_iter"": 300, ""max_leaf_nodes"": 15, ""min_samples_leaf"": 20}",3,590,22,0.5814016406000685,40.88747514002361,54.91646995414962,0.44247620828977213,-25.162439884248297
292,hist_gradient_boosting,raw,"{""l2_regularization"": 1.0, ""learning_rate"": 0.1, ""max_iter"": 150, ""max_leaf_nodes"": 7, ""min_samples_leaf"": 10}",1,546,22,0.7573801073089245,46.832676423532504,72.91520907326955,0.5110298569493392,-36.86547697687243
292,hist_gradient_boosting,raw,"{""l2_regularization"": 1.0, ""learning_rate"": 0.1, ""max_iter"": 150, ""max_leaf_nodes"": 7, ""min_samples_leaf"": 10}",2,568,22,0.6114243107046364,46.54637037487228,64.51212831341924,0.4777413136135692,-31.93334304626459
292,hist_gradient_boosting,raw,"{""l2_regularization"": 1.0, ""learning_rate"": 0.1, ""max_iter"": 150, ""max_leaf_nodes"": 7, ""min_samples_leaf"": 10}",3,590,22,0.5313563497526164,37.956940737899465,54.731879565646004,0.40898310277022154,-26.640841972483837
293,hist_gradient_boosting,raw,"{""l2_regularization"": 1.0, ""learning_rate"": 0.1, ""max_iter"": 150, ""max_leaf_nodes"": 7, ""min_samples_leaf"": 20}",1,546,22,0.7160251970417643,46.449620549526124,72.26783125191263,0.5064237977713908,-38.890232944155315
293,hist_gradient_boosting,raw,"{""l2_regularization"": 1.0, ""learning_rate"": 0.1, ""max_iter"": 150, ""max_leaf_nodes"": 7, ""min_samples_leaf"": 20}",2,568,22,0.5981833269589326,45.1261696932791,62.47242701043268,0.46122070448406577,-32.44178026357515
293,hist_gradient_boosting,raw,"{""l2_regularization"": 1.0, ""learning_rate"": 0.1, ""max_iter"": 150, ""max_leaf_nodes"": 7, ""min_samples_leaf"": 20}",3,590,22,0.560549764918617,38.86000990089147,54.42366711270894,0.42092212991814615,-26.46125737193014
294,hist_gradient_boosting,raw,"{""l2_regularization"": 1.0, ""learning_rate"": 0.1, ""max_iter"": 150, ""max_leaf_nodes"": 15, ""min_samples_leaf"": 10}",1,546,22,0.7825485938664235,49.01596866803181,74.9429746308483,0.5483371271193532,-38.2533097137042
294,hist_gradient_boosting,raw,"{""l2_regularization"": 1.0, ""learning_rate"": 0.1, ""max_iter"": 150, ""max_leaf_nodes"": 15, ""min_samples_leaf"": 10}",2,568,22,0.6101609906694799,45.445007128207905,62.88430738673763,0.4745964938902334,-29.69777363535777
294,hist_gradient_boosting,raw,"{""l2_regularization"": 1.0, ""learning_rate"": 0.1, ""max_iter"": 150, ""max_leaf_nodes"": 15, ""min_samples_leaf"": 10}",3,590,22,0.5808578251929238,38.22136068588714,54.430492873352904,0.41974696624080826,-26.523681756556197
295,hist_gradient_boosting,raw,"{""l2_regularization"": 1.0, ""learning_rate"": 0.1, ""max_iter"": 150, ""max_leaf_nodes"": 15, ""min_samples_leaf"": 20}",1,546,22,0.7711788044150075,49.95026642944806,74.82909041701897,0.5499059254895242,-39.27697655632045
295,hist_gradient_boosting,raw,"{""l2_regularization"": 1.0, ""learning_rate"": 0.1, ""max_iter"": 150, ""max_leaf_nodes"": 15, ""min_samples_leaf"": 20}",2,568,22,0.6314975605312476,47.534719272442025,65.02481611636287,0.49512671123791013,-31.789541284167207
295,hist_gradient_boosting,raw,"{""l2_regularization"": 1.0, ""learning_rate"": 0.1, ""max_iter"": 150, ""max_leaf_nodes"": 15, ""min_samples_leaf"": 20}",3,590,22,0.5696908799365245,40.88254596467544,54.09896093811238,0.4407618791591983,-23.642795302602554
296,hist_gradient_boosting,raw,"{""l2_regularization"": 1.0, ""learning_rate"": 0.1, ""max_iter"": 300, ""max_leaf_nodes"": 7, ""min_samples_leaf"": 10}",1,546,22,0.7484847818677314,47.210579676571044,72.63259078175223,0.5188760240123533,-36.198298193866826
296,hist_gradient_boosting,raw,"{""l2_regularization"": 1.0, ""learning_rate"": 0.1, ""max_iter"": 300, ""max_leaf_nodes"": 7, ""min_samples_leaf"": 10}",2,568,22,0.6411452065957515,45.77573688897757,62.46945841995699,0.4934295419396863,-30.73131883411136
296,hist_gradient_boosting,raw,"{""l2_regularization"": 1.0, ""learning_rate"": 0.1, ""max_iter"": 300, ""max_leaf_nodes"": 7, ""min_samples_leaf"": 10}",3,590,22,0.5801042077994547,39.630609146214844,56.9503181238779,0.42966613859375574,-28.115136917168982
297,hist_gradient_boosting,raw,"{""l2_regularization"": 1.0, ""learning_rate"": 0.1, ""max_iter"": 300, ""max_leaf_nodes"": 7, ""min_samples_leaf"": 20}",1,546,22,0.740793634382972,47.929393061459535,73.5111790123042,0.5251186935241726,-38.38636253419429
297,hist_gradient_boosting,raw,"{""l2_regularization"": 1.0, ""learning_rate"": 0.1, ""max_iter"": 300, ""max_leaf_nodes"": 7, ""min_samples_leaf"": 20}",2,568,22,0.6160530690828024,45.12815691460194,62.182326999284534,0.46832666948459817,-31.735347602466394
297,hist_gradient_boosting,raw,"{""l2_regularization"": 1.0, ""learning_rate"": 0.1, ""max_iter"": 300, ""max_leaf_nodes"": 7, ""min_samples_leaf"": 20}",3,590,22,0.6019601116409018,40.31350853275644,55.903705641059055,0.43849448107857486,-25.96708761769263
298,hist_gradient_boosting,raw,"{""l2_regularization"": 1.0, ""learning_rate"": 0.1, ""max_iter"": 300, ""max_leaf_nodes"": 15, ""min_samples_leaf"": 10}",1,546,22,0.7766405085030785,48.967832455509324,74.12442463139932,0.5476799981087006,-37.313545535951576
298,hist_gradient_boosting,raw,"{""l2_regularization"": 1.0, ""learning_rate"": 0.1, ""max_iter"": 300, ""max_leaf_nodes"": 15, ""min_samples_leaf"": 10}",2,568,22,0.6069594587538545,44.6264809960289,61.78683094512388,0.47185278993042695,-30.139395109340118
298,hist_gradient_boosting,raw,"{""l2_regularization"": 1.0, ""learning_rate"": 0.1, ""max_iter"": 300, ""max_leaf_nodes"": 15, ""min_samples_leaf"": 10}",3,590,22,0.6170215767431698,39.82655207100841,55.61973365450197,0.4427363611833503,-26.011025364421233
299,hist_gradient_boosting,raw,"{""l2_regularization"": 1.0, ""learning_rate"": 0.1, ""max_iter"": 300, ""max_leaf_nodes"": 15, ""min_samples_leaf"": 20}",1,546,22,0.7947322013756214,50.79984635527708,76.13088165116791,0.5625071784842723,-39.627475385036156
299,hist_gradient_boosting,raw,"{""l2_regularization"": 1.0, ""learning_rate"": 0.1, ""max_iter"": 300, ""max_leaf_nodes"": 15, ""min_samples_leaf"": 20}",2,568,22,0.6475670140220622,48.3717199518507,65.37246753872765,0.5050249360712806,-30.959103960697266
299,hist_gradient_boosting,raw,"{""l2_regularization"": 1.0, ""learning_rate"": 0.1, ""max_iter"": 300, ""max_leaf_nodes"": 15, ""min_samples_leaf"": 20}",3,590,22,0.591971683933223,43.27856498264637,56.02238542089206,0.46548500649925373,-24.315589829735472
300,hist_gradient_boosting,log1p,"{""l2_regularization"": 0.0, ""learning_rate"": 0.03, ""max_iter"": 150, ""max_leaf_nodes"": 7, ""min_samples_leaf"": 10}",1,546,22,0.7460047243901634,47.30194110820443,72.59350947724947,0.5097747120948292,-43.28280294284971
300,hist_gradient_boosting,log1p,"{""l2_regularization"": 0.0, ""learning_rate"": 0.03, ""max_iter"": 150, ""max_leaf_nodes"": 7, ""min_samples_leaf"": 10}",2,568,22,0.5734948065645653,47.04844720468659,65.61243029532227,0.47557823460464177,-41.05714750089069
300,hist_gradient_boosting,log1p,"{""l2_regularization"": 0.0, ""learning_rate"": 0.03, ""max_iter"": 150, ""max_leaf_nodes"": 7, ""min_samples_leaf"": 10}",3,590,22,0.45923203222579995,35.50374170243877,50.1933789085796,0.3846544751409406,-28.81888353597051
301,hist_gradient_boosting,log1p,"{""l2_regularization"": 0.0, ""learning_rate"": 0.03, ""max_iter"": 150, ""max_leaf_nodes"": 7, ""min_samples_leaf"": 20}",1,546,22,0.7392244000203624,48.66993214366848,73.94760626143793,0.5165002502520122,-45.43531743362871
301,hist_gradient_boosting,log1p,"{""l2_regularization"": 0.0, ""learning_rate"": 0.03, ""max_iter"": 150, ""max_leaf_nodes"": 7, ""min_samples_leaf"": 20}",2,568,22,0.5629191044438244,45.81921569424251,65.01650081930578,0.4614841624860915,-40.54475551398395
301,hist_gradient_boosting,log1p,"{""l2_regularization"": 0.0, ""learning_rate"": 0.03, ""max_iter"": 150, ""max_leaf_nodes"": 7, ""min_samples_leaf"": 20}",3,590,22,0.4925179360291733,37.2706424058915,52.465021282629124,0.40444003338502515,-30.414364849715092
302,hist_gradient_boosting,log1p,"{""l2_regularization"": 0.0, ""learning_rate"": 0.03, ""max_iter"": 150, ""max_leaf_nodes"": 15, ""min_samples_leaf"": 10}",1,546,22,0.7705376572157114,49.06952018803642,72.63633534112292,0.5506528776429743,-44.17176925872701
302,hist_gradient_boosting,log1p,"{""l2_regularization"": 0.0, ""learning_rate"": 0.03, ""max_iter"": 150, ""max_leaf_nodes"": 15, ""min_samples_leaf"": 10}",2,568,22,0.5754487878387134,47.188552033070096,64.91026200103036,0.48592408522350206,-40.590136469417
302,hist_gradient_boosting,log1p,"{""l2_regularization"": 0.0, ""learning_rate"": 0.03, ""max_iter"": 150, ""max_leaf_nodes"": 15, ""min_samples_leaf"": 10}",3,590,22,0.5009087145665152,36.29233120666549,50.21578649056254,0.3957047659073259,-27.64162628443039
303,hist_gradient_boosting,log1p,"{""l2_regularization"": 0.0, ""learning_rate"": 0.03, ""max_iter"": 150, ""max_leaf_nodes"": 15, ""min_samples_leaf"": 20}",1,546,22,0.7505318417372403,50.306678042426,74.62669542134581,0.5433346713509732,-45.79950643213781
303,hist_gradient_boosting,log1p,"{""l2_regularization"": 0.0, ""learning_rate"": 0.03, ""max_iter"": 150, ""max_leaf_nodes"": 15, ""min_samples_leaf"": 20}",2,568,22,0.5611835995231083,47.250129310314605,64.40140577122877,0.48426102466638005,-40.15688506928536
303,hist_gradient_boosting,log1p,"{""l2_regularization"": 0.0, ""learning_rate"": 0.03, ""max_iter"": 150, ""max_leaf_nodes"": 15, ""min_samples_leaf"": 20}",3,590,22,0.544089493651868,41.61517396430576,56.9943220746445,0.45236527121851194,-33.8216769866643
304,hist_gradient_boosting,log1p,"{""l2_regularization"": 0.0, ""learning_rate"": 0.03, ""max_iter"": 300, ""max_leaf_nodes"": 7, ""min_samples_leaf"": 10}",1,546,22,0.7647162807224336,45.96741612589381,70.46281661813644,0.5164037471444282,-40.80571250396803
304,hist_gradient_boosting,log1p,"{""l2_regularization"": 0.0, ""learning_rate"": 0.03, ""max_iter"": 300, ""max_leaf_nodes"": 7, ""min_samples_leaf"": 10}",2,568,22,0.5915159841767292,47.5632240044105,63.590356922822906,0.50007911392135,-40.15494037855574
304,hist_gradient_boosting,log1p,"{""l2_regularization"": 0.0, ""learning_rate"": 0.03, ""max_iter"": 300, ""max_leaf_nodes"": 7, ""min_samples_leaf"": 10}",3,590,22,0.4981408127119969,36.484377942728905,50.781572498667444,0.40254299071377897,-28.8226295911996
305,hist_gradient_boosting,log1p,"{""l2_regularization"": 0.0, ""learning_rate"": 0.03, ""max_iter"": 300, ""max_leaf_nodes"": 7, ""min_samples_leaf"": 20}",1,546,22,0.7451605781323346,49.24623459970837,73.82618537970886,0.5333981766632928,-45.282245939101486
305,hist_gradient_boosting,log1p,"{""l2_regularization"": 0.0, ""learning_rate"": 0.03, ""max_iter"": 300, ""max_leaf_nodes"": 7, ""min_samples_leaf"": 20}",2,568,22,0.5863142395644968,46.946715053152204,64.34468978400368,0.4915623577226494,-40.35900312039982
305,hist_gradient_boosting,log1p,"{""l2_regularization"": 0.0, ""learning_rate"": 0.03, ""max_iter"": 300, ""max_leaf_nodes"": 7, ""min_samples_leaf"": 20}",3,590,22,0.4853487818692178,36.825507166825645,51.60727675038553,0.398231391646392,-29.031092875800535
306,hist_gradient_boosting,log1p,"{""l2_regularization"": 0.0, ""learning_rate"": 0.03, ""max_iter"": 300, ""max_leaf_nodes"": 15, ""min_samples_leaf"": 10}",1,546,22,0.7708961121314594,48.63883528344721,72.22046861075202,0.554914802516905,-42.87656518355422
306,hist_gradient_boosting,log1p,"{""l2_regularization"": 0.0, ""learning_rate"": 0.03, ""max_iter"": 300, ""max_leaf_nodes"": 15, ""min_samples_leaf"": 10}",2,568,22,0.5854067707587121,46.81444176803461,62.65438754496008,0.49546991994484385,-38.60404651730265
306,hist_gradient_boosting,log1p,"{""l2_regularization"": 0.0, ""learning_rate"": 0.03, ""max_iter"": 300, ""max_leaf_nodes"": 15, ""min_samples_leaf"": 10}",3,590,22,0.545209176695376,37.87761059623122,51.94146873479618,0.4139668372055777,-27.221583655060215
307,hist_gradient_boosting,log1p,"{""l2_regularization"": 0.0, ""learning_rate"": 0.03, ""max_iter"": 300, ""max_leaf_nodes"": 15, ""min_samples_leaf"": 20}",1,546,22,0.7567827185286948,50.95808994782996,74.81914496840137,0.5596193105885701,-45.421188341568445
307,hist_gradient_boosting,log1p,"{""l2_regularization"": 0.0, ""learning_rate"": 0.03, ""max_iter"": 300, ""max_leaf_nodes"": 15, ""min_samples_leaf"": 20}",2,568,22,0.5969396877795082,48.914491769026434,64.75050179714236,0.5204348987566124,-40.885840494670056
307,hist_gradient_boosting,log1p,"{""l2_regularization"": 0.0, ""learning_rate"": 0.03, ""max_iter"": 300, ""max_leaf_nodes"": 15, ""min_samples_leaf"": 20}",3,590,22,0.5554070111188386,42.29990186679996,57.08882859443081,0.46614462450061384,-33.48598501442546
308,hist_gradient_boosting,log1p,"{""l2_regularization"": 0.0, ""learning_rate"": 0.1, ""max_iter"": 150, ""max_leaf_nodes"": 7, ""min_samples_leaf"": 10}",1,546,22,0.7627472629659883,46.95537422186153,69.61437927640664,0.5374612322021384,-41.39340485919417
308,hist_gradient_boosting,log1p,"{""l2_regularization"": 0.0, ""learning_rate"": 0.1, ""max_iter"": 150, ""max_leaf_nodes"": 7, ""min_samples_leaf"": 10}",2,568,22,0.6385109928043864,49.338408018173304,66.31757662502827,0.5280746513027788,-41.20969389681942
308,hist_gradient_boosting,log1p,"{""l2_regularization"": 0.0, ""learning_rate"": 0.1, ""max_iter"": 150, ""max_leaf_nodes"": 7, ""min_samples_leaf"": 10}",3,590,22,0.5261707557343092,38.60974916553821,53.22531102036226,0.42295347582468795,-30.62133202815081
309,hist_gradient_boosting,log1p,"{""l2_regularization"": 0.0, ""learning_rate"": 0.1, ""max_iter"": 150, ""max_leaf_nodes"": 7, ""min_samples_leaf"": 20}",1,546,22,0.7679138697225311,51.01543058891061,75.2128660490067,0.5626974699890592,-44.83753159566428
309,hist_gradient_boosting,log1p,"{""l2_regularization"": 0.0, ""learning_rate"": 0.1, ""max_iter"": 150, ""max_leaf_nodes"": 7, ""min_samples_leaf"": 20}",2,568,22,0.5993852635710476,47.158629456130754,63.42505248798174,0.5030299305588952,-39.843793225684394
309,hist_gradient_boosting,log1p,"{""l2_regularization"": 0.0, ""learning_rate"": 0.1, ""max_iter"": 150, ""max_leaf_nodes"": 7, ""min_samples_leaf"": 20}",3,590,22,0.5111296485894935,38.16953817979957,53.32219893800137,0.4174406818217159,-29.515632051717986
310,hist_gradient_boosting,log1p,"{""l2_regularization"": 0.0, ""learning_rate"": 0.1, ""max_iter"": 150, ""max_leaf_nodes"": 15, ""min_samples_leaf"": 10}",1,546,22,0.7753552141043122,48.8604469968842,72.54808879550978,0.5567206334150677,-42.527738467915974
310,hist_gradient_boosting,log1p,"{""l2_regularization"": 0.0, ""learning_rate"": 0.1, ""max_iter"": 150, ""max_leaf_nodes"": 15, ""min_samples_leaf"": 10}",2,568,22,0.6490795478250856,48.77225992227324,65.34378697831393,0.5258147877847619,-40.30198389594512
310,hist_gradient_boosting,log1p,"{""l2_regularization"": 0.0, ""learning_rate"": 0.1, ""max_iter"": 150, ""max_leaf_nodes"": 15, ""min_samples_leaf"": 10}",3,590,22,0.5697258515028873,38.935038111947364,54.898212556309396,0.4260626813483727,-26.77770439512594
311,hist_gradient_boosting,log1p,"{""l2_regularization"": 0.0, ""learning_rate"": 0.1, ""max_iter"": 150, ""max_leaf_nodes"": 15, ""min_samples_leaf"": 20}",1,546,22,0.7692017212662976,53.53212951416852,77.45296224371288,0.5820517577629338,-46.73268716434002
311,hist_gradient_boosting,log1p,"{""l2_regularization"": 0.0, ""learning_rate"": 0.1, ""max_iter"": 150, ""max_leaf_nodes"": 15, ""min_samples_leaf"": 20}",2,568,22,0.6368512632412602,51.15570310258054,66.91979381331775,0.5475115004137014,-41.7418656930042
311,hist_gradient_boosting,log1p,"{""l2_regularization"": 0.0, ""learning_rate"": 0.1, ""max_iter"": 150, ""max_leaf_nodes"": 15, ""min_samples_leaf"": 20}",3,590,22,0.5636601126684512,42.353061514937274,58.03126149592708,0.4656067340646286,-33.41527033648314
312,hist_gradient_boosting,log1p,"{""l2_regularization"": 0.0, ""learning_rate"": 0.1, ""max_iter"": 300, ""max_leaf_nodes"": 7, ""min_samples_leaf"": 10}",1,546,22,0.7714590170225906,47.63253345837492,69.14015603843998,0.5505427895669236,-40.33026959777381
312,hist_gradient_boosting,log1p,"{""l2_regularization"": 0.0, ""learning_rate"": 0.1, ""max_iter"": 300, ""max_leaf_nodes"": 7, ""min_samples_leaf"": 10}",2,568,22,0.6932075780188116,50.354725035808876,67.18483095475844,0.555308096682004,-41.84721858890118
312,hist_gradient_boosting,log1p,"{""l2_regularization"": 0.0, ""learning_rate"": 0.1, ""max_iter"": 300, ""max_leaf_nodes"": 7, ""min_samples_leaf"": 10}",3,590,22,0.569416486747944,40.83540953428549,56.25097397838315,0.44868193628718805,-30.46819639595154
313,hist_gradient_boosting,log1p,"{""l2_regularization"": 0.0, ""learning_rate"": 0.1, ""max_iter"": 300, ""max_leaf_nodes"": 7, ""min_samples_leaf"": 20}",1,546,22,0.7737351393051239,52.48161133386061,75.58774506859855,0.5836315555836836,-44.49107464602983
313,hist_gradient_boosting,log1p,"{""l2_regularization"": 0.0, ""learning_rate"": 0.1, ""max_iter"": 300, ""max_leaf_nodes"": 7, ""min_samples_leaf"": 20}",2,568,22,0.6263253928207102,48.226902412241834,63.95417487118149,0.5239410949062295,-40.31240758939644
313,hist_gradient_boosting,log1p,"{""l2_regularization"": 0.0, ""learning_rate"": 0.1, ""max_iter"": 300, ""max_leaf_nodes"": 7, ""min_samples_leaf"": 20}",3,590,22,0.528415680574174,40.20009340853321,55.14813896519413,0.4371963960417253,-28.58649401261488
314,hist_gradient_boosting,log1p,"{""l2_regularization"": 0.0, ""learning_rate"": 0.1, ""max_iter"": 300, ""max_leaf_nodes"": 15, ""min_samples_leaf"": 10}",1,546,22,0.7762255627438733,49.27109632764398,72.71254082738349,0.5585998168800927,-42.33305221222089
314,hist_gradient_boosting,log1p,"{""l2_regularization"": 0.0, ""learning_rate"": 0.1, ""max_iter"": 300, ""max_leaf_nodes"": 15, ""min_samples_leaf"": 10}",2,568,22,0.6797337322553101,49.811830127841816,66.12923153317661,0.543400282140705,-40.788441042253616
314,hist_gradient_boosting,log1p,"{""l2_regularization"": 0.0, ""learning_rate"": 0.1, ""max_iter"": 300, ""max_leaf_nodes"": 15, ""min_samples_leaf"": 10}",3,590,22,0.6015230902874986,40.02900465530789,56.40332162597509,0.44295298311284714,-27.098991624231317
315,hist_gradient_boosting,log1p,"{""l2_regularization"": 0.0, ""learning_rate"": 0.1, ""max_iter"": 300, ""max_leaf_nodes"": 15, ""min_samples_leaf"": 20}",1,546,22,0.7606115152258597,53.27766822432566,77.10023638611129,0.5788072118608951,-45.9120506764466
315,hist_gradient_boosting,log1p,"{""l2_regularization"": 0.0, ""learning_rate"": 0.1, ""max_iter"": 300, ""max_leaf_nodes"": 15, ""min_samples_leaf"": 20}",2,568,22,0.664418723070313,52.221971516705636,67.88852147930723,0.5624584755715106,-41.76508588457407
315,hist_gradient_boosting,log1p,"{""l2_regularization"": 0.0, ""learning_rate"": 0.1, ""max_iter"": 300, ""max_leaf_nodes"": 15, ""min_samples_leaf"": 20}",3,590,22,0.5700121572406354,42.58304741655974,58.15980493514117,0.4699280519329228,-33.27610733256819
316,hist_gradient_boosting,log1p,"{""l2_regularization"": 1.0, ""learning_rate"": 0.03, ""max_iter"": 150, ""max_leaf_nodes"": 7, ""min_samples_leaf"": 10}",1,546,22,0.7459319733620206,47.06129499187657,72.75970788504829,0.5066996481323305,-43.007735351494944
316,hist_gradient_boosting,log1p,"{""l2_regularization"": 1.0, ""learning_rate"": 0.03, ""max_iter"": 150, ""max_leaf_nodes"": 7, ""min_samples_leaf"": 10}",2,568,22,0.5611674368869065,46.41201705769897,64.82155320630015,0.4670283391871562,-40.29247932163389
316,hist_gradient_boosting,log1p,"{""l2_regularization"": 1.0, ""learning_rate"": 0.03, ""max_iter"": 150, ""max_leaf_nodes"": 7, ""min_samples_leaf"": 10}",3,590,22,0.45675177963890334,35.87334174548951,51.008851142523525,0.383583068096074,-29.39803278157509
317,hist_gradient_boosting,log1p,"{""l2_regularization"": 1.0, ""learning_rate"": 0.03, ""max_iter"": 150, ""max_leaf_nodes"": 7, ""min_samples_leaf"": 20}",1,546,22,0.7293041155172643,48.841595514529374,74.02478472456401,0.5152323888019879,-45.37058106245777
317,hist_gradient_boosting,log1p,"{""l2_regularization"": 1.0, ""learning_rate"": 0.03, ""max_iter"": 150, ""max_leaf_nodes"": 7, ""min_samples_leaf"": 20}",2,568,22,0.5658054754720176,45.817729134085226,64.76554825730028,0.46380582410834587,-40.324804900896936
317,hist_gradient_boosting,log1p,"{""l2_regularization"": 1.0, ""learning_rate"": 0.03, ""max_iter"": 150, ""max_leaf_nodes"": 7, ""min_samples_leaf"": 20}",3,590,22,0.48366596303787074,36.8735841672244,52.345163067928084,0.3968261717452112,-29.712808056239506
318,hist_gradient_boosting,log1p,"{""l2_regularization"": 1.0, ""learning_rate"": 0.03, ""max_iter"": 150, ""max_leaf_nodes"": 15, ""min_samples_leaf"": 10}",1,546,22,0.7677462452018086,48.53430627038702,72.3615102343199,0.5388891714122215,-43.63081126918866
318,hist_gradient_boosting,log1p,"{""l2_regularization"": 1.0, ""learning_rate"": 0.03, ""max_iter"": 150, ""max_leaf_nodes"": 15, ""min_samples_leaf"": 10}",2,568,22,0.5822090635612538,47.51614799461808,65.01236846103208,0.49182867489468884,-40.67757033976986
318,hist_gradient_boosting,log1p,"{""l2_regularization"": 1.0, ""learning_rate"": 0.03, ""max_iter"": 150, ""max_leaf_nodes"": 15, ""min_samples_leaf"": 10}",3,590,22,0.48880209342773057,36.560311741110155,50.82070308264812,0.39112242424532523,-28.38365935196356
319,hist_gradient_boosting,log1p,"{""l2_regularization"": 1.0, ""learning_rate"": 0.03, ""max_iter"": 150, ""max_leaf_nodes"": 15, ""min_samples_leaf"": 20}",1,546,22,0.7400841509493143,50.1975268021624,74.09271157145268,0.5397496904667238,-46.176750560263386
319,hist_gradient_boosting,log1p,"{""l2_regularization"": 1.0, ""learning_rate"": 0.03, ""max_iter"": 150, ""max_leaf_nodes"": 15, ""min_samples_leaf"": 20}",2,568,22,0.5856589736729055,48.70677664522223,65.9655035191398,0.5036568371843969,-42.27012016191673
319,hist_gradient_boosting,log1p,"{""l2_regularization"": 1.0, ""learning_rate"": 0.03, ""max_iter"": 150, ""max_leaf_nodes"": 15, ""min_samples_leaf"": 20}",3,590,22,0.5299611991252259,41.135204323035836,55.94752604149441,0.4461495843703618,-32.90967803370401
320,hist_gradient_boosting,log1p,"{""l2_regularization"": 1.0, ""learning_rate"": 0.03, ""max_iter"": 300, ""max_leaf_nodes"": 7, ""min_samples_leaf"": 10}",1,546,22,0.7613773236022732,46.092937294362656,70.43586964341623,0.5181554431543548,-40.76479451350139
320,hist_gradient_boosting,log1p,"{""l2_regularization"": 1.0, ""learning_rate"": 0.03, ""max_iter"": 300, ""max_leaf_nodes"": 7, ""min_samples_leaf"": 10}",2,568,22,0.5846048109080177,47.157043958346115,63.70829824486627,0.491313395540559,-39.932486921798414
320,hist_gradient_boosting,log1p,"{""l2_regularization"": 1.0, ""learning_rate"": 0.03, ""max_iter"": 300, ""max_leaf_nodes"": 7, ""min_samples_leaf"": 10}",3,590,22,0.4972128453676186,37.27553499083414,51.948720155664674,0.4041183685586859,-29.678217321731083
321,hist_gradient_boosting,log1p,"{""l2_regularization"": 1.0, ""learning_rate"": 0.03, ""max_iter"": 300, ""max_leaf_nodes"": 7, ""min_samples_leaf"": 20}",1,546,22,0.7405076907372492,48.744640127100254,73.64576471035633,0.5271510976540202,-44.332328766986215
321,hist_gradient_boosting,log1p,"{""l2_regularization"": 1.0, ""learning_rate"": 0.03, ""max_iter"": 300, ""max_leaf_nodes"": 7, ""min_samples_leaf"": 20}",2,568,22,0.5895885971088666,47.645345534283415,65.07417871286253,0.49783834541660055,-40.588802139198656
321,hist_gradient_boosting,log1p,"{""l2_regularization"": 1.0, ""learning_rate"": 0.03, ""max_iter"": 300, ""max_leaf_nodes"": 7, ""min_samples_leaf"": 20}",3,590,22,0.4780056413398722,36.41540481777867,51.01383820327558,0.39288791987331745,-27.947624593895952
322,hist_gradient_boosting,log1p,"{""l2_regularization"": 1.0, ""learning_rate"": 0.03, ""max_iter"": 300, ""max_leaf_nodes"": 15, ""min_samples_leaf"": 10}",1,546,22,0.7637841337756576,48.118243222174165,71.18433460172719,0.5443099733964074,-42.36930205890072
322,hist_gradient_boosting,log1p,"{""l2_regularization"": 1.0, ""learning_rate"": 0.03, ""max_iter"": 300, ""max_leaf_nodes"": 15, ""min_samples_leaf"": 10}",2,568,22,0.6057981787893479,47.68654802292224,63.53745420279871,0.508651745496357,-39.58326866469587
322,hist_gradient_boosting,log1p,"{""l2_regularization"": 1.0, ""learning_rate"": 0.03, ""max_iter"": 300, ""max_leaf_nodes"": 15, ""min_samples_leaf"": 10}",3,590,22,0.5281146350809547,38.099875882197985,52.60165046137907,0.4126351951054744,-29.037007491170822
323,hist_gradient_boosting,log1p,"{""l2_regularization"": 1.0, ""learning_rate"": 0.03, ""max_iter"": 300, ""max_leaf_nodes"": 15, ""min_samples_leaf"": 20}",1,546,22,0.7583038711529891,50.84348013662937,75.15750424401735,0.5545964514539844,-45.89718035894143
323,hist_gradient_boosting,log1p,"{""l2_regularization"": 1.0, ""learning_rate"": 0.03, ""max_iter"": 300, ""max_leaf_nodes"": 15, ""min_samples_leaf"": 20}",2,568,22,0.6157210851018452,50.45587346602601,66.99702153557938,0.5356150707038145,-43.1316375659184
323,hist_gradient_boosting,log1p,"{""l2_regularization"": 1.0, ""learning_rate"": 0.03, ""max_iter"": 300, ""max_leaf_nodes"": 15, ""min_samples_leaf"": 20}",3,590,22,0.5499792007592493,41.8625460004307,56.61944484021558,0.4597540342071706,-33.064667613994914
324,hist_gradient_boosting,log1p,"{""l2_regularization"": 1.0, ""learning_rate"": 0.1, ""max_iter"": 150, ""max_leaf_nodes"": 7, ""min_samples_leaf"": 10}",1,546,22,0.7575624266013996,45.29547180708874,68.75395774817959,0.5200775846951031,-39.11592966008163
324,hist_gradient_boosting,log1p,"{""l2_regularization"": 1.0, ""learning_rate"": 0.1, ""max_iter"": 150, ""max_leaf_nodes"": 7, ""min_samples_leaf"": 10}",2,568,22,0.6485489464922174,50.03534740722834,66.28788618648946,0.5305748029653222,-41.279906973129556
324,hist_gradient_boosting,log1p,"{""l2_regularization"": 1.0, ""learning_rate"": 0.1, ""max_iter"": 150, ""max_leaf_nodes"": 7, ""min_samples_leaf"": 10}",3,590,22,0.5383720468583648,38.49157177492805,52.358687248099976,0.42316681503376774,-27.699395976768507
325,hist_gradient_boosting,log1p,"{""l2_regularization"": 1.0, ""learning_rate"": 0.1, ""max_iter"": 150, ""max_leaf_nodes"": 7, ""min_samples_leaf"": 20}",1,546,22,0.7621515297140519,48.85853304135003,74.6536456286776,0.5318344029251768,-44.772844764150975
325,hist_gradient_boosting,log1p,"{""l2_regularization"": 1.0, ""learning_rate"": 0.1, ""max_iter"": 150, ""max_leaf_nodes"": 7, ""min_samples_leaf"": 20}",2,568,22,0.6061674686804029,48.99514525939936,65.48775262973568,0.5189013613130685,-41.137014745509696
325,hist_gradient_boosting,log1p,"{""l2_regularization"": 1.0, ""learning_rate"": 0.1, ""max_iter"": 150, ""max_leaf_nodes"": 7, ""min_samples_leaf"": 20}",3,590,22,0.49929641254461143,38.06486118194636,52.949240446577754,0.41142582006506295,-27.500003505461134
326,hist_gradient_boosting,log1p,"{""l2_regularization"": 1.0, ""learning_rate"": 0.1, ""max_iter"": 150, ""max_leaf_nodes"": 15, ""min_samples_leaf"": 10}",1,546,22,0.7828196841611393,49.68952514839166,73.20849894392589,0.5611889933464255,-42.88387981880035
326,hist_gradient_boosting,log1p,"{""l2_regularization"": 1.0, ""learning_rate"": 0.1, ""max_iter"": 150, ""max_leaf_nodes"": 15, ""min_samples_leaf"": 10}",2,568,22,0.6573668522916338,48.814242656569604,63.96052432288147,0.5463587584851894,-40.28363106946111
326,hist_gradient_boosting,log1p,"{""l2_regularization"": 1.0, ""learning_rate"": 0.1, ""max_iter"": 150, ""max_leaf_nodes"": 15, ""min_samples_leaf"": 10}",3,590,22,0.5813132306675785,40.453324739627796,54.988185078361234,0.44687374658170964,-27.95639757722946
327,hist_gradient_boosting,log1p,"{""l2_regularization"": 1.0, ""learning_rate"": 0.1, ""max_iter"": 150, ""max_leaf_nodes"": 15, ""min_samples_leaf"": 20}",1,546,22,0.7686614721267979,52.37069830266643,76.87026493357934,0.5733687904455572,-46.15336694912248
327,hist_gradient_boosting,log1p,"{""l2_regularization"": 1.0, ""learning_rate"": 0.1, ""max_iter"": 150, ""max_leaf_nodes"": 15, ""min_samples_leaf"": 20}",2,568,22,0.6557466760999476,52.69161334355218,68.91286471566707,0.5684308810710454,-43.82229330779814
327,hist_gradient_boosting,log1p,"{""l2_regularization"": 1.0, ""learning_rate"": 0.1, ""max_iter"": 150, ""max_leaf_nodes"": 15, ""min_samples_leaf"": 20}",3,590,22,0.5512267385141214,41.28718584621929,57.72095449125772,0.450353055801515,-32.3853086211042
328,hist_gradient_boosting,log1p,"{""l2_regularization"": 1.0, ""learning_rate"": 0.1, ""max_iter"": 300, ""max_leaf_nodes"": 7, ""min_samples_leaf"": 10}",1,546,22,0.7702756777737283,46.62158925600206,69.52217921493302,0.5363817616431255,-39.327066376392615
328,hist_gradient_boosting,log1p,"{""l2_regularization"": 1.0, ""learning_rate"": 0.1, ""max_iter"": 300, ""max_leaf_nodes"": 7, ""min_samples_leaf"": 10}",2,568,22,0.6830943008261916,50.15080949732325,66.54913602388977,0.5443742314375052,-41.4627098252382
328,hist_gradient_boosting,log1p,"{""l2_regularization"": 1.0, ""learning_rate"": 0.1, ""max_iter"": 300, ""max_leaf_nodes"": 7, ""min_samples_leaf"": 10}",3,590,22,0.5723676109232869,39.104049896846966,54.14090433763769,0.42790507283292983,-26.470403747032204
329,hist_gradient_boosting,log1p,"{""l2_regularization"": 1.0, ""learning_rate"": 0.1, ""max_iter"": 300, ""max_leaf_nodes"": 7, ""min_samples_leaf"": 20}",1,546,22,0.7728473112435985,50.63065856068788,75.85758659972767,0.5526293069054968,-45.30648125587379
329,hist_gradient_boosting,log1p,"{""l2_regularization"": 1.0, ""learning_rate"": 0.1, ""max_iter"": 300, ""max_leaf_nodes"": 7, ""min_samples_leaf"": 20}",2,568,22,0.6341055993055907,49.55218156993712,65.72068154682226,0.5373825383900506,-41.58322347413795
329,hist_gradient_boosting,log1p,"{""l2_regularization"": 1.0, ""learning_rate"": 0.1, ""max_iter"": 300, ""max_leaf_nodes"": 7, ""min_samples_leaf"": 20}",3,590,22,0.5145069141305989,39.366081435680385,54.429002202405975,0.41989502277704316,-26.701718151612315
330,hist_gradient_boosting,log1p,"{""l2_regularization"": 1.0, ""learning_rate"": 0.1, ""max_iter"": 300, ""max_leaf_nodes"": 15, ""min_samples_leaf"": 10}",1,546,22,0.7852602475884282,49.47790647174661,72.93614014480826,0.5586776926567648,-42.19266004276234
330,hist_gradient_boosting,log1p,"{""l2_regularization"": 1.0, ""learning_rate"": 0.1, ""max_iter"": 300, ""max_leaf_nodes"": 15, ""min_samples_leaf"": 10}",2,568,22,0.6857979006000974,49.21877860943839,64.2665079226997,0.5555928486814701,-40.1805280570366
330,hist_gradient_boosting,log1p,"{""l2_regularization"": 1.0, ""learning_rate"": 0.1, ""max_iter"": 300, ""max_leaf_nodes"": 15, ""min_samples_leaf"": 10}",3,590,22,0.6187652235663409,41.42884372932057,56.39353697326224,0.4603901358607043,-26.360767069601692
331,hist_gradient_boosting,log1p,"{""l2_regularization"": 1.0, ""learning_rate"": 0.1, ""max_iter"": 300, ""max_leaf_nodes"": 15, ""min_samples_leaf"": 20}",1,546,22,0.7646529730624292,52.591738358056254,76.95024740258003,0.5769280539746107,-45.617005464667905
331,hist_gradient_boosting,log1p,"{""l2_regularization"": 1.0, ""learning_rate"": 0.1, ""max_iter"": 300, ""max_leaf_nodes"": 15, ""min_samples_leaf"": 20}",2,568,22,0.6696645846072136,53.15173271339312,68.59468548620401,0.578795569817487,-43.59635179827168
331,hist_gradient_boosting,log1p,"{""l2_regularization"": 1.0, ""learning_rate"": 0.1, ""max_iter"": 300, ""max_leaf_nodes"": 15, ""min_samples_leaf"": 20}",3,590,22,0.5823363052483272,42.79530119320528,59.24581158836417,0.4678309846060675,-32.86920399620187
332,xgboost,raw,"{""colsample_bytree"": 0.8, ""learning_rate"": 0.03, ""max_depth"": 2, ""min_child_weight"": 1.0, ""n_estimators"": 150, ""reg_alpha"": 0.0, ""reg_lambda"": 1.0, ""subsample"": 0.8}",1,546,22,0.6405018801885857,47.39085492220792,70.63170522939143,0.4949731548488145,-38.80515549399636
332,xgboost,raw,"{""colsample_bytree"": 0.8, ""learning_rate"": 0.03, ""max_depth"": 2, ""min_child_weight"": 1.0, ""n_estimators"": 150, ""reg_alpha"": 0.0, ""reg_lambda"": 1.0, ""subsample"": 0.8}",2,568,22,0.5396754859440562,43.68610884926536,62.45807915450389,0.4361511799737319,-33.55739992315119
332,xgboost,raw,"{""colsample_bytree"": 0.8, ""learning_rate"": 0.03, ""max_depth"": 2, ""min_child_weight"": 1.0, ""n_estimators"": 150, ""reg_alpha"": 0.0, ""reg_lambda"": 1.0, ""subsample"": 0.8}",3,590,22,0.5181523771778092,37.621895269914106,53.48084641403065,0.4065637926785144,-27.474410577253863
333,xgboost,raw,"{""colsample_bytree"": 0.8, ""learning_rate"": 0.03, ""max_depth"": 2, ""min_child_weight"": 1.0, ""n_estimators"": 150, ""reg_alpha"": 0.0, ""reg_lambda"": 10.0, ""subsample"": 0.8}",1,546,22,0.6434472409285897,47.256629943847656,70.95884146569932,0.49057989466581714,-39.29345616427335
333,xgboost,raw,"{""colsample_bytree"": 0.8, ""learning_rate"": 0.03, ""max_depth"": 2, ""min_child_weight"": 1.0, ""n_estimators"": 150, ""reg_alpha"": 0.0, ""reg_lambda"": 10.0, ""subsample"": 0.8}",2,568,22,0.546795021781671,44.26540062644265,62.3654752858665,0.44957956445411823,-33.91437669233842
333,xgboost,raw,"{""colsample_bytree"": 0.8, ""learning_rate"": 0.03, ""max_depth"": 2, ""min_child_weight"": 1.0, ""n_estimators"": 150, ""reg_alpha"": 0.0, ""reg_lambda"": 10.0, ""subsample"": 0.8}",3,590,22,0.5085358949760103,37.44287378137762,52.11328434526721,0.4069966250213058,-26.60073843869296
334,xgboost,raw,"{""colsample_bytree"": 0.8, ""learning_rate"": 0.03, ""max_depth"": 2, ""min_child_weight"": 1.0, ""n_estimators"": 350, ""reg_alpha"": 0.0, ""reg_lambda"": 1.0, ""subsample"": 0.8}",1,546,22,0.6816300073677571,46.62094983187589,70.49090083098882,0.4955906778695869,-38.64128182151101
334,xgboost,raw,"{""colsample_bytree"": 0.8, ""learning_rate"": 0.03, ""max_depth"": 2, ""min_child_weight"": 1.0, ""n_estimators"": 350, ""reg_alpha"": 0.0, ""reg_lambda"": 1.0, ""subsample"": 0.8}",2,568,22,0.5411480026169861,43.961202361366965,63.43082839551059,0.4325717494197786,-34.20631625435569
334,xgboost,raw,"{""colsample_bytree"": 0.8, ""learning_rate"": 0.03, ""max_depth"": 2, ""min_child_weight"": 1.0, ""n_estimators"": 350, ""reg_alpha"": 0.0, ""reg_lambda"": 1.0, ""subsample"": 0.8}",3,590,22,0.5074842820844149,37.24590943076394,52.28106066256449,0.4042130232025794,-26.859649658203125
335,xgboost,raw,"{""colsample_bytree"": 0.8, ""learning_rate"": 0.03, ""max_depth"": 2, ""min_child_weight"": 1.0, ""n_estimators"": 350, ""reg_alpha"": 0.0, ""reg_lambda"": 10.0, ""subsample"": 0.8}",1,546,22,0.6660921502206927,46.057820146734066,70.0227432474673,0.4870275502720966,-39.23727443001487
335,xgboost,raw,"{""colsample_bytree"": 0.8, ""learning_rate"": 0.03, ""max_depth"": 2, ""min_child_weight"": 1.0, ""n_estimators"": 350, ""reg_alpha"": 0.0, ""reg_lambda"": 10.0, ""subsample"": 0.8}",2,568,22,0.5504750540947927,44.36633422157981,62.28853229493783,0.45179520422108443,-34.58163400129838
335,xgboost,raw,"{""colsample_bytree"": 0.8, ""learning_rate"": 0.03, ""max_depth"": 2, ""min_child_weight"": 1.0, ""n_estimators"": 350, ""reg_alpha"": 0.0, ""reg_lambda"": 10.0, ""subsample"": 0.8}",3,590,22,0.49305047741931607,36.061391136863016,50.5631996834682,0.39169451575598385,-25.876543391834606
336,xgboost,raw,"{""colsample_bytree"": 0.8, ""learning_rate"": 0.03, ""max_depth"": 2, ""min_child_weight"": 5.0, ""n_estimators"": 150, ""reg_alpha"": 0.0, ""reg_lambda"": 1.0, ""subsample"": 0.8}",1,546,22,0.6274566375831215,46.3214074048129,70.25704555720017,0.4774111983354812,-38.7836836901578
336,xgboost,raw,"{""colsample_bytree"": 0.8, ""learning_rate"": 0.03, ""max_depth"": 2, ""min_child_weight"": 5.0, ""n_estimators"": 150, ""reg_alpha"": 0.0, ""reg_lambda"": 1.0, ""subsample"": 0.8}",2,568,22,0.54360215672951,43.764126777648926,62.63916534312372,0.43827888815349547,-33.86864063956521
336,xgboost,raw,"{""colsample_bytree"": 0.8, ""learning_rate"": 0.03, ""max_depth"": 2, ""min_child_weight"": 5.0, ""n_estimators"": 150, ""reg_alpha"": 0.0, ""reg_lambda"": 1.0, ""subsample"": 0.8}",3,590,22,0.5031788207499882,36.34973578019576,51.1993738794993,0.3982320077859543,-26.174654527144
337,xgboost,raw,"{""colsample_bytree"": 0.8, ""learning_rate"": 0.03, ""max_depth"": 2, ""min_child_weight"": 5.0, ""n_estimators"": 150, ""reg_alpha"": 0.0, ""reg_lambda"": 10.0, ""subsample"": 0.8}",1,546,22,0.6376744883729077,46.99267491427335,70.9060384424913,0.48584780189582816,-39.09388420798562
337,xgboost,raw,"{""colsample_bytree"": 0.8, ""learning_rate"": 0.03, ""max_depth"": 2, ""min_child_weight"": 5.0, ""n_estimators"": 150, ""reg_alpha"": 0.0, ""reg_lambda"": 10.0, ""subsample"": 0.8}",2,568,22,0.5517528765578806,44.5247636274858,62.844645784581246,0.45212089840089076,-34.08505561135032
337,xgboost,raw,"{""colsample_bytree"": 0.8, ""learning_rate"": 0.03, ""max_depth"": 2, ""min_child_weight"": 5.0, ""n_estimators"": 150, ""reg_alpha"": 0.0, ""reg_lambda"": 10.0, ""subsample"": 0.8}",3,590,22,0.5052737464670434,37.67113581570712,52.568501796691656,0.4067402706266152,-27.122669219970703
338,xgboost,raw,"{""colsample_bytree"": 0.8, ""learning_rate"": 0.03, ""max_depth"": 2, ""min_child_weight"": 5.0, ""n_estimators"": 350, ""reg_alpha"": 0.0, ""reg_lambda"": 1.0, ""subsample"": 0.8}",1,546,22,0.6505571996222715,45.607617291537196,69.85120867543992,0.477662696160225,-38.60778375105424
338,xgboost,raw,"{""colsample_bytree"": 0.8, ""learning_rate"": 0.03, ""max_depth"": 2, ""min_child_weight"": 5.0, ""n_estimators"": 350, ""reg_alpha"": 0.0, ""reg_lambda"": 1.0, ""subsample"": 0.8}",2,568,22,0.563436072572132,44.578580596230246,64.54211505080231,0.4463971208476783,-35.42602859843861
338,xgboost,raw,"{""colsample_bytree"": 0.8, ""learning_rate"": 0.03, ""max_depth"": 2, ""min_child_weight"": 5.0, ""n_estimators"": 350, ""reg_alpha"": 0.0, ""reg_lambda"": 1.0, ""subsample"": 0.8}",3,590,22,0.5012913204342986,36.13434982299805,51.15566333705988,0.3961644670325437,-26.057626377452504
339,xgboost,raw,"{""colsample_bytree"": 0.8, ""learning_rate"": 0.03, ""max_depth"": 2, ""min_child_weight"": 5.0, ""n_estimators"": 350, ""reg_alpha"": 0.0, ""reg_lambda"": 10.0, ""subsample"": 0.8}",1,546,22,0.6684372806291712,46.08194723996249,70.04377952543932,0.4875085372754015,-39.20400073311546
339,xgboost,raw,"{""colsample_bytree"": 0.8, ""learning_rate"": 0.03, ""max_depth"": 2, ""min_child_weight"": 5.0, ""n_estimators"": 350, ""reg_alpha"": 0.0, ""reg_lambda"": 10.0, ""subsample"": 0.8}",2,568,22,0.5607992677242982,44.94523256475275,63.05622291191085,0.4581389168707581,-34.637273441661485
339,xgboost,raw,"{""colsample_bytree"": 0.8, ""learning_rate"": 0.03, ""max_depth"": 2, ""min_child_weight"": 5.0, ""n_estimators"": 350, ""reg_alpha"": 0.0, ""reg_lambda"": 10.0, ""subsample"": 0.8}",3,590,22,0.49116196851084226,36.04921601035378,50.86560766002798,0.3898178417020324,-26.499662572687324
340,xgboost,raw,"{""colsample_bytree"": 0.8, ""learning_rate"": 0.03, ""max_depth"": 4, ""min_child_weight"": 1.0, ""n_estimators"": 150, ""reg_alpha"": 0.0, ""reg_lambda"": 1.0, ""subsample"": 0.8}",1,546,22,0.6944870609159774,46.79774188995361,72.10955797941632,0.49146252314321903,-38.80319239876487
340,xgboost,raw,"{""colsample_bytree"": 0.8, ""learning_rate"": 0.03, ""max_depth"": 4, ""min_child_weight"": 1.0, ""n_estimators"": 150, ""reg_alpha"": 0.0, ""reg_lambda"": 1.0, ""subsample"": 0.8}",2,568,22,0.5424865604028534,42.745923735878684,60.60611866891671,0.42348523954881495,-32.42372209375555
340,xgboost,raw,"{""colsample_bytree"": 0.8, ""learning_rate"": 0.03, ""max_depth"": 4, ""min_child_weight"": 1.0, ""n_estimators"": 150, ""reg_alpha"": 0.0, ""reg_lambda"": 1.0, ""subsample"": 0.8}",3,590,22,0.49959966090909697,35.9206935709173,51.421655261302924,0.38575328669037606,-24.202379486777566
341,xgboost,raw,"{""colsample_bytree"": 0.8, ""learning_rate"": 0.03, ""max_depth"": 4, ""min_child_weight"": 1.0, ""n_estimators"": 150, ""reg_alpha"": 0.0, ""reg_lambda"": 10.0, ""subsample"": 0.8}",1,546,22,0.6620572214412901,47.02667583118785,72.02199136464917,0.4873698296254247,-39.00959708473899
341,xgboost,raw,"{""colsample_bytree"": 0.8, ""learning_rate"": 0.03, ""max_depth"": 4, ""min_child_weight"": 1.0, ""n_estimators"": 150, ""reg_alpha"": 0.0, ""reg_lambda"": 10.0, ""subsample"": 0.8}",2,568,22,0.5377200813185188,43.78935995968905,62.48744042953728,0.42726609841881463,-31.913939129222523
341,xgboost,raw,"{""colsample_bytree"": 0.8, ""learning_rate"": 0.03, ""max_depth"": 4, ""min_child_weight"": 1.0, ""n_estimators"": 150, ""reg_alpha"": 0.0, ""reg_lambda"": 10.0, ""subsample"": 0.8}",3,590,22,0.5129627596197521,37.18182321028276,51.63246340329684,0.40231521788565333,-25.40306940945712
342,xgboost,raw,"{""colsample_bytree"": 0.8, ""learning_rate"": 0.03, ""max_depth"": 4, ""min_child_weight"": 1.0, ""n_estimators"": 350, ""reg_alpha"": 0.0, ""reg_lambda"": 1.0, ""subsample"": 0.8}",1,546,22,0.7149436907643164,47.44088866493919,71.74999386937908,0.5057230616183549,-38.93838622353294
342,xgboost,raw,"{""colsample_bytree"": 0.8, ""learning_rate"": 0.03, ""max_depth"": 4, ""min_child_weight"": 1.0, ""n_estimators"": 350, ""reg_alpha"": 0.0, ""reg_lambda"": 1.0, ""subsample"": 0.8}",2,568,22,0.565398766848546,44.09009699387984,60.277715212440725,0.4489966057352754,-31.94409396431663
342,xgboost,raw,"{""colsample_bytree"": 0.8, ""learning_rate"": 0.03, ""max_depth"": 4, ""min_child_weight"": 1.0, ""n_estimators"": 350, ""reg_alpha"": 0.0, ""reg_lambda"": 1.0, ""subsample"": 0.8}",3,590,22,0.5261852928904713,36.28987607088956,51.760932207984816,0.39420470246820954,-24.06656976179643
343,xgboost,raw,"{""colsample_bytree"": 0.8, ""learning_rate"": 0.03, ""max_depth"": 4, ""min_child_weight"": 1.0, ""n_estimators"": 350, ""reg_alpha"": 0.0, ""reg_lambda"": 10.0, ""subsample"": 0.8}",1,546,22,0.6902268985875323,47.90046518499201,72.17064631940137,0.5054222793245042,-39.09443525834517
343,xgboost,raw,"{""colsample_bytree"": 0.8, ""learning_rate"": 0.03, ""max_depth"": 4, ""min_child_weight"": 1.0, ""n_estimators"": 350, ""reg_alpha"": 0.0, ""reg_lambda"": 10.0, ""subsample"": 0.8}",2,568,22,0.547891235950074,44.40884720195424,62.38385266588544,0.4371357105167408,-31.67311885140159
343,xgboost,raw,"{""colsample_bytree"": 0.8, ""learning_rate"": 0.03, ""max_depth"": 4, ""min_child_weight"": 1.0, ""n_estimators"": 350, ""reg_alpha"": 0.0, ""reg_lambda"": 10.0, ""subsample"": 0.8}",3,590,22,0.5303720934344346,36.98362974687056,52.06570567910184,0.3973877971959055,-24.6435564214533
344,xgboost,raw,"{""colsample_bytree"": 0.8, ""learning_rate"": 0.03, ""max_depth"": 4, ""min_child_weight"": 5.0, ""n_estimators"": 150, ""reg_alpha"": 0.0, ""reg_lambda"": 1.0, ""subsample"": 0.8}",1,546,22,0.6818391254899991,46.88894774697044,71.33447897000596,0.4965101195436995,-37.690188667990945
344,xgboost,raw,"{""colsample_bytree"": 0.8, ""learning_rate"": 0.03, ""max_depth"": 4, ""min_child_weight"": 5.0, ""n_estimators"": 150, ""reg_alpha"": 0.0, ""reg_lambda"": 1.0, ""subsample"": 0.8}",2,568,22,0.5563639344076916,43.669857025146484,62.81992940306387,0.43057992867943184,-32.450444654984906
344,xgboost,raw,"{""colsample_bytree"": 0.8, ""learning_rate"": 0.03, ""max_depth"": 4, ""min_child_weight"": 5.0, ""n_estimators"": 150, ""reg_alpha"": 0.0, ""reg_lambda"": 1.0, ""subsample"": 0.8}",3,590,22,0.506270073612295,35.79486690868031,49.891729866177876,0.3895080009982587,-23.56429204073819
345,xgboost,raw,"{""colsample_bytree"": 0.8, ""learning_rate"": 0.03, ""max_depth"": 4, ""min_child_weight"": 5.0, ""n_estimators"": 150, ""reg_alpha"": 0.0, ""reg_lambda"": 10.0, ""subsample"": 0.8}",1,546,22,0.6801403319716329,47.551267710599035,72.63551523405911,0.497074948332119,-38.65351512215354
345,xgboost,raw,"{""colsample_bytree"": 0.8, ""learning_rate"": 0.03, ""max_depth"": 4, ""min_child_weight"": 5.0, ""n_estimators"": 150, ""reg_alpha"": 0.0, ""reg_lambda"": 10.0, ""subsample"": 0.8}",2,568,22,0.5440988298772594,44.56245023554022,63.080668752138884,0.4356078741815802,-31.711267818104137
345,xgboost,raw,"{""colsample_bytree"": 0.8, ""learning_rate"": 0.03, ""max_depth"": 4, ""min_child_weight"": 5.0, ""n_estimators"": 150, ""reg_alpha"": 0.0, ""reg_lambda"": 10.0, ""subsample"": 0.8}",3,590,22,0.5236919973287526,38.393208330327816,52.69660170286983,0.4148074669216579,-26.756704243746672
346,xgboost,raw,"{""colsample_bytree"": 0.8, ""learning_rate"": 0.03, ""max_depth"": 4, ""min_child_weight"": 5.0, ""n_estimators"": 350, ""reg_alpha"": 0.0, ""reg_lambda"": 1.0, ""subsample"": 0.8}",1,546,22,0.7020824538713454,47.48392685976896,71.99357824880205,0.5018397197786869,-38.95294042067094
346,xgboost,raw,"{""colsample_bytree"": 0.8, ""learning_rate"": 0.03, ""max_depth"": 4, ""min_child_weight"": 5.0, ""n_estimators"": 350, ""reg_alpha"": 0.0, ""reg_lambda"": 1.0, ""subsample"": 0.8}",2,568,22,0.6039258170859167,46.331806963140316,65.20837948124232,0.471097578952474,-32.89943374286998
346,xgboost,raw,"{""colsample_bytree"": 0.8, ""learning_rate"": 0.03, ""max_depth"": 4, ""min_child_weight"": 5.0, ""n_estimators"": 350, ""reg_alpha"": 0.0, ""reg_lambda"": 1.0, ""subsample"": 0.8}",3,590,22,0.5317157070597931,37.34724590995095,51.80499136507291,0.4090546462724179,-24.568982124328613
347,xgboost,raw,"{""colsample_bytree"": 0.8, ""learning_rate"": 0.03, ""max_depth"": 4, ""min_child_weight"": 5.0, ""n_estimators"": 350, ""reg_alpha"": 0.0, ""reg_lambda"": 10.0, ""subsample"": 0.8}",1,546,22,0.7020879239803286,47.835661974820226,72.87474644889281,0.5036785347164716,-38.767310576005414
347,xgboost,raw,"{""colsample_bytree"": 0.8, ""learning_rate"": 0.03, ""max_depth"": 4, ""min_child_weight"": 5.0, ""n_estimators"": 350, ""reg_alpha"": 0.0, ""reg_lambda"": 10.0, ""subsample"": 0.8}",2,568,22,0.5618673473674544,46.08101558685303,64.0202614035629,0.4525443778931903,-31.417756947604094
347,xgboost,raw,"{""colsample_bytree"": 0.8, ""learning_rate"": 0.03, ""max_depth"": 4, ""min_child_weight"": 5.0, ""n_estimators"": 350, ""reg_alpha"": 0.0, ""reg_lambda"": 10.0, ""subsample"": 0.8}",3,590,22,0.534640165304245,38.33715698935769,52.95958461364123,0.41409402138468215,-26.165278174660422
348,xgboost,raw,"{""colsample_bytree"": 0.8, ""learning_rate"": 0.1, ""max_depth"": 2, ""min_child_weight"": 1.0, ""n_estimators"": 150, ""reg_alpha"": 0.0, ""reg_lambda"": 1.0, ""subsample"": 0.8}",1,546,22,0.7169424313174735,49.47444196180864,72.00291260918324,0.5278824437500574,-40.72214291312478
348,xgboost,raw,"{""colsample_bytree"": 0.8, ""learning_rate"": 0.1, ""max_depth"": 2, ""min_child_weight"": 1.0, ""n_estimators"": 150, ""reg_alpha"": 0.0, ""reg_lambda"": 1.0, ""subsample"": 0.8}",2,568,22,0.5896099292973616,44.65239056673917,65.75345334088566,0.4423097030003344,-35.40055985884233
348,xgboost,raw,"{""colsample_bytree"": 0.8, ""learning_rate"": 0.1, ""max_depth"": 2, ""min_child_weight"": 1.0, ""n_estimators"": 150, ""reg_alpha"": 0.0, ""reg_lambda"": 1.0, ""subsample"": 0.8}",3,590,22,0.5107274258902347,38.46547933058305,53.77157951902291,0.4125099530951155,-27.849725809964266
349,xgboost,raw,"{""colsample_bytree"": 0.8, ""learning_rate"": 0.1, ""max_depth"": 2, ""min_child_weight"": 1.0, ""n_estimators"": 150, ""reg_alpha"": 0.0, ""reg_lambda"": 10.0, ""subsample"": 0.8}",1,546,22,0.700207778348956,48.405277425592594,71.50100369208748,0.5216183185718036,-40.93546693975275
349,xgboost,raw,"{""colsample_bytree"": 0.8, ""learning_rate"": 0.1, ""max_depth"": 2, ""min_child_weight"": 1.0, ""n_estimators"": 150, ""reg_alpha"": 0.0, ""reg_lambda"": 10.0, ""subsample"": 0.8}",2,568,22,0.5636409966159572,44.344975904984906,63.638521407194204,0.4402598407390746,-34.36027214743874
349,xgboost,raw,"{""colsample_bytree"": 0.8, ""learning_rate"": 0.1, ""max_depth"": 2, ""min_child_weight"": 1.0, ""n_estimators"": 150, ""reg_alpha"": 0.0, ""reg_lambda"": 10.0, ""subsample"": 0.8}",3,590,22,0.5093175971872866,37.484315698797054,52.85145103881574,0.4056252719321069,-27.20635882290927
350,xgboost,raw,"{""colsample_bytree"": 0.8, ""learning_rate"": 0.1, ""max_depth"": 2, ""min_child_weight"": 1.0, ""n_estimators"": 350, ""reg_alpha"": 0.0, ""reg_lambda"": 1.0, ""subsample"": 0.8}",1,546,22,0.7424993643367613,49.58110878684304,71.59759179927008,0.5406786407415312,-40.62647108598189
350,xgboost,raw,"{""colsample_bytree"": 0.8, ""learning_rate"": 0.1, ""max_depth"": 2, ""min_child_weight"": 1.0, ""n_estimators"": 350, ""reg_alpha"": 0.0, ""reg_lambda"": 1.0, ""subsample"": 0.8}",2,568,22,0.6066493335012227,45.23890581997958,66.07892461226609,0.4502882781808959,-35.10529067299583
350,xgboost,raw,"{""colsample_bytree"": 0.8, ""learning_rate"": 0.1, ""max_depth"": 2, ""min_child_weight"": 1.0, ""n_estimators"": 350, ""reg_alpha"": 0.0, ""reg_lambda"": 1.0, ""subsample"": 0.8}",3,590,22,0.5381497183901157,39.97447265278209,54.81200940372205,0.43536755525225934,-26.03531447323886
351,xgboost,raw,"{""colsample_bytree"": 0.8, ""learning_rate"": 0.1, ""max_depth"": 2, ""min_child_weight"": 1.0, ""n_estimators"": 350, ""reg_alpha"": 0.0, ""reg_lambda"": 10.0, ""subsample"": 0.8}",1,546,22,0.7257140357495566,47.70571726018732,71.06241505647938,0.5178420066798785,-40.11417492953214
351,xgboost,raw,"{""colsample_bytree"": 0.8, ""learning_rate"": 0.1, ""max_depth"": 2, ""min_child_weight"": 1.0, ""n_estimators"": 350, ""reg_alpha"": 0.0, ""reg_lambda"": 10.0, ""subsample"": 0.8}",2,568,22,0.6013020328722317,44.97288703918457,65.35789132572334,0.4516084312746223,-35.139784899624914
351,xgboost,raw,"{""colsample_bytree"": 0.8, ""learning_rate"": 0.1, ""max_depth"": 2, ""min_child_weight"": 1.0, ""n_estimators"": 350, ""reg_alpha"": 0.0, ""reg_lambda"": 10.0, ""subsample"": 0.8}",3,590,22,0.4933106250317299,37.55562886324796,52.12047419843118,0.4061326014033884,-25.239682110873137
352,xgboost,raw,"{""colsample_bytree"": 0.8, ""learning_rate"": 0.1, ""max_depth"": 2, ""min_child_weight"": 5.0, ""n_estimators"": 150, ""reg_alpha"": 0.0, ""reg_lambda"": 1.0, ""subsample"": 0.8}",1,546,22,0.7001842754133863,48.59517392245206,71.46018494312902,0.5222517075730434,-41.26644082502885
352,xgboost,raw,"{""colsample_bytree"": 0.8, ""learning_rate"": 0.1, ""max_depth"": 2, ""min_child_weight"": 5.0, ""n_estimators"": 150, ""reg_alpha"": 0.0, ""reg_lambda"": 1.0, ""subsample"": 0.8}",2,568,22,0.5881420937936349,44.849651770158246,65.589601007384,0.4477580409412529,-35.11418836767023
352,xgboost,raw,"{""colsample_bytree"": 0.8, ""learning_rate"": 0.1, ""max_depth"": 2, ""min_child_weight"": 5.0, ""n_estimators"": 150, ""reg_alpha"": 0.0, ""reg_lambda"": 1.0, ""subsample"": 0.8}",3,590,22,0.491436888477214,37.26632430336692,52.22935889505518,0.4052019721605234,-27.350520220669832
353,xgboost,raw,"{""colsample_bytree"": 0.8, ""learning_rate"": 0.1, ""max_depth"": 2, ""min_child_weight"": 5.0, ""n_estimators"": 150, ""reg_alpha"": 0.0, ""reg_lambda"": 10.0, ""subsample"": 0.8}",1,546,22,0.6678623625922632,47.30805058912797,70.64254160392468,0.500469717598727,-40.66850896315141
353,xgboost,raw,"{""colsample_bytree"": 0.8, ""learning_rate"": 0.1, ""max_depth"": 2, ""min_child_weight"": 5.0, ""n_estimators"": 150, ""reg_alpha"": 0.0, ""reg_lambda"": 10.0, ""subsample"": 0.8}",2,568,22,0.5710264279863716,44.437928373163395,63.651654741648116,0.4491808723926783,-34.429626031355426
353,xgboost,raw,"{""colsample_bytree"": 0.8, ""learning_rate"": 0.1, ""max_depth"": 2, ""min_child_weight"": 5.0, ""n_estimators"": 150, ""reg_alpha"": 0.0, ""reg_lambda"": 10.0, ""subsample"": 0.8}",3,590,22,0.5003959729522351,37.36008080569181,52.28516656091172,0.4013669530583265,-27.686259789900348
354,xgboost,raw,"{""colsample_bytree"": 0.8, ""learning_rate"": 0.1, ""max_depth"": 2, ""min_child_weight"": 5.0, ""n_estimators"": 350, ""reg_alpha"": 0.0, ""reg_lambda"": 1.0, ""subsample"": 0.8}",1,546,22,0.7258559852901084,48.09176202253862,71.29666480378314,0.5173800704669133,-40.81970509615812
354,xgboost,raw,"{""colsample_bytree"": 0.8, ""learning_rate"": 0.1, ""max_depth"": 2, ""min_child_weight"": 5.0, ""n_estimators"": 350, ""reg_alpha"": 0.0, ""reg_lambda"": 1.0, ""subsample"": 0.8}",2,568,22,0.6548768801885051,46.83141656355424,69.70314530475774,0.4724084022839044,-37.17957461964
354,xgboost,raw,"{""colsample_bytree"": 0.8, ""learning_rate"": 0.1, ""max_depth"": 2, ""min_child_weight"": 5.0, ""n_estimators"": 350, ""reg_alpha"": 0.0, ""reg_lambda"": 1.0, ""subsample"": 0.8}",3,590,22,0.49309237606452844,36.90406539223411,51.065403605608225,0.3989034906242288,-24.59651582891291
355,xgboost,raw,"{""colsample_bytree"": 0.8, ""learning_rate"": 0.1, ""max_depth"": 2, ""min_child_weight"": 5.0, ""n_estimators"": 350, ""reg_alpha"": 0.0, ""reg_lambda"": 10.0, ""subsample"": 0.8}",1,546,22,0.7232481195300239,48.74347331307151,72.2517018570637,0.5276011626122384,-41.44571156935258
355,xgboost,raw,"{""colsample_bytree"": 0.8, ""learning_rate"": 0.1, ""max_depth"": 2, ""min_child_weight"": 5.0, ""n_estimators"": 350, ""reg_alpha"": 0.0, ""reg_lambda"": 10.0, ""subsample"": 0.8}",2,568,22,0.6144934387105655,45.75825162367387,65.5324675302658,0.46411328076381503,-35.809850606051356
355,xgboost,raw,"{""colsample_bytree"": 0.8, ""learning_rate"": 0.1, ""max_depth"": 2, ""min_child_weight"": 5.0, ""n_estimators"": 350, ""reg_alpha"": 0.0, ""reg_lambda"": 10.0, ""subsample"": 0.8}",3,590,22,0.4720982657362443,35.84874092448842,51.12527591362841,0.3779865688607387,-25.333617903969504
356,xgboost,raw,"{""colsample_bytree"": 0.8, ""learning_rate"": 0.1, ""max_depth"": 4, ""min_child_weight"": 1.0, ""n_estimators"": 150, ""reg_alpha"": 0.0, ""reg_lambda"": 1.0, ""subsample"": 0.8}",1,546,22,0.747058681120395,48.37013071233576,72.62634335297753,0.5217742229653543,-37.34077245538885
356,xgboost,raw,"{""colsample_bytree"": 0.8, ""learning_rate"": 0.1, ""max_depth"": 4, ""min_child_weight"": 1.0, ""n_estimators"": 150, ""reg_alpha"": 0.0, ""reg_lambda"": 1.0, ""subsample"": 0.8}",2,568,22,0.6066620069033652,44.49752235412598,61.512742754749624,0.4620407475531822,-31.374921105124734
356,xgboost,raw,"{""colsample_bytree"": 0.8, ""learning_rate"": 0.1, ""max_depth"": 4, ""min_child_weight"": 1.0, ""n_estimators"": 150, ""reg_alpha"": 0.0, ""reg_lambda"": 1.0, ""subsample"": 0.8}",3,590,22,0.6045346618663177,42.5137114091353,57.44263595810977,0.4792329488186515,-26.55099001797763
357,xgboost,raw,"{""colsample_bytree"": 0.8, ""learning_rate"": 0.1, ""max_depth"": 4, ""min_child_weight"": 1.0, ""n_estimators"": 150, ""reg_alpha"": 0.0, ""reg_lambda"": 10.0, ""subsample"": 0.8}",1,546,22,0.6851127230544622,48.02822572534735,72.48163758281297,0.5054165601663165,-38.70009552348744
357,xgboost,raw,"{""colsample_bytree"": 0.8, ""learning_rate"": 0.1, ""max_depth"": 4, ""min_child_weight"": 1.0, ""n_estimators"": 150, ""reg_alpha"": 0.0, ""reg_lambda"": 10.0, ""subsample"": 0.8}",2,568,22,0.5891741242824861,46.16239001534202,63.5976926216404,0.46856581824759297,-32.85766280781139
357,xgboost,raw,"{""colsample_bytree"": 0.8, ""learning_rate"": 0.1, ""max_depth"": 4, ""min_child_weight"": 1.0, ""n_estimators"": 150, ""reg_alpha"": 0.0, ""reg_lambda"": 10.0, ""subsample"": 0.8}",3,590,22,0.538475361312225,38.15947298570113,52.3824128421316,0.41960900672235213,-25.373197122053668
358,xgboost,raw,"{""colsample_bytree"": 0.8, ""learning_rate"": 0.1, ""max_depth"": 4, ""min_child_weight"": 1.0, ""n_estimators"": 350, ""reg_alpha"": 0.0, ""reg_lambda"": 1.0, ""subsample"": 0.8}",1,546,22,0.7458202763257205,49.844670729203656,72.95695092479642,0.5512025118095202,-37.82200449163263
358,xgboost,raw,"{""colsample_bytree"": 0.8, ""learning_rate"": 0.1, ""max_depth"": 4, ""min_child_weight"": 1.0, ""n_estimators"": 350, ""reg_alpha"": 0.0, ""reg_lambda"": 1.0, ""subsample"": 0.8}",2,568,22,0.6350355908401774,45.62643155184659,61.49237768043834,0.49017742750401927,-31.459467801180754
358,xgboost,raw,"{""colsample_bytree"": 0.8, ""learning_rate"": 0.1, ""max_depth"": 4, ""min_child_weight"": 1.0, ""n_estimators"": 350, ""reg_alpha"": 0.0, ""reg_lambda"": 1.0, ""subsample"": 0.8}",3,590,22,0.639504458470769,44.45751558650624,58.8097474286855,0.5074599619249537,-27.386498061093416
359,xgboost,raw,"{""colsample_bytree"": 0.8, ""learning_rate"": 0.1, ""max_depth"": 4, ""min_child_weight"": 1.0, ""n_estimators"": 350, ""reg_alpha"": 0.0, ""reg_lambda"": 10.0, ""subsample"": 0.8}",1,546,22,0.7110986534142479,49.248408577658914,73.05307248932995,0.5261772138295056,-38.15911657159979
359,xgboost,raw,"{""colsample_bytree"": 0.8, ""learning_rate"": 0.1, ""max_depth"": 4, ""min_child_weight"": 1.0, ""n_estimators"": 350, ""reg_alpha"": 0.0, ""reg_lambda"": 10.0, ""subsample"": 0.8}",2,568,22,0.6235587399245036,48.13785648345947,64.68949546777776,0.5073241446335852,-33.76544891704213
359,xgboost,raw,"{""colsample_bytree"": 0.8, ""learning_rate"": 0.1, ""max_depth"": 4, ""min_child_weight"": 1.0, ""n_estimators"": 350, ""reg_alpha"": 0.0, ""reg_lambda"": 10.0, ""subsample"": 0.8}",3,590,22,0.575919855719723,39.92317485809326,54.3713422310798,0.4448441363177343,-26.013530124317516
360,xgboost,raw,"{""colsample_bytree"": 0.8, ""learning_rate"": 0.1, ""max_depth"": 4, ""min_child_weight"": 5.0, ""n_estimators"": 150, ""reg_alpha"": 0.0, ""reg_lambda"": 1.0, ""subsample"": 0.8}",1,546,22,0.7324148851354746,47.33742774616588,70.74111161573688,0.5194644604375471,-38.02119385112416
360,xgboost,raw,"{""colsample_bytree"": 0.8, ""learning_rate"": 0.1, ""max_depth"": 4, ""min_child_weight"": 5.0, ""n_estimators"": 150, ""reg_alpha"": 0.0, ""reg_lambda"": 1.0, ""subsample"": 0.8}",2,568,22,0.6707737375455355,47.10940074920654,68.48793370513442,0.47786153938619064,-36.54493652690541
360,xgboost,raw,"{""colsample_bytree"": 0.8, ""learning_rate"": 0.1, ""max_depth"": 4, ""min_child_weight"": 5.0, ""n_estimators"": 150, ""reg_alpha"": 0.0, ""reg_lambda"": 1.0, ""subsample"": 0.8}",3,590,22,0.570533757842469,39.282030365683816,54.24146367446945,0.42796685137510315,-23.248583446849477
361,xgboost,raw,"{""colsample_bytree"": 0.8, ""learning_rate"": 0.1, ""max_depth"": 4, ""min_child_weight"": 5.0, ""n_estimators"": 150, ""reg_alpha"": 0.0, ""reg_lambda"": 10.0, ""subsample"": 0.8}",1,546,22,0.7197389563683401,49.33130498365922,73.12885665607465,0.530022509188039,-39.80951057780873
361,xgboost,raw,"{""colsample_bytree"": 0.8, ""learning_rate"": 0.1, ""max_depth"": 4, ""min_child_weight"": 5.0, ""n_estimators"": 150, ""reg_alpha"": 0.0, ""reg_lambda"": 10.0, ""subsample"": 0.8}",2,568,22,0.5906409022610251,47.57456545396285,65.06919489707322,0.4799037506414484,-31.778583093123004
361,xgboost,raw,"{""colsample_bytree"": 0.8, ""learning_rate"": 0.1, ""max_depth"": 4, ""min_child_weight"": 5.0, ""n_estimators"": 150, ""reg_alpha"": 0.0, ""reg_lambda"": 10.0, ""subsample"": 0.8}",3,590,22,0.5556254606527145,38.01619876514781,53.14830478638763,0.4163344978702615,-25.007565585049715
362,xgboost,raw,"{""colsample_bytree"": 0.8, ""learning_rate"": 0.1, ""max_depth"": 4, ""min_child_weight"": 5.0, ""n_estimators"": 350, ""reg_alpha"": 0.0, ""reg_lambda"": 1.0, ""subsample"": 0.8}",1,546,22,0.7142445194343233,47.709580334750086,71.14162234218787,0.5202394889657603,-39.349987203424625
362,xgboost,raw,"{""colsample_bytree"": 0.8, ""learning_rate"": 0.1, ""max_depth"": 4, ""min_child_weight"": 5.0, ""n_estimators"": 350, ""reg_alpha"": 0.0, ""reg_lambda"": 1.0, ""subsample"": 0.8}",2,568,22,0.6880448083004799,48.159986756064676,67.88363053375402,0.49774627583374714,-36.454685644669965
362,xgboost,raw,"{""colsample_bytree"": 0.8, ""learning_rate"": 0.1, ""max_depth"": 4, ""min_child_weight"": 5.0, ""n_estimators"": 350, ""reg_alpha"": 0.0, ""reg_lambda"": 1.0, ""subsample"": 0.8}",3,590,22,0.6058290826150506,41.119868538596414,55.24330616410332,0.46128312428415524,-23.75679987127131
363,xgboost,raw,"{""colsample_bytree"": 0.8, ""learning_rate"": 0.1, ""max_depth"": 4, ""min_child_weight"": 5.0, ""n_estimators"": 350, ""reg_alpha"": 0.0, ""reg_lambda"": 10.0, ""subsample"": 0.8}",1,546,22,0.7500943051227736,50.420659672130235,73.83420945097217,0.5575259857363364,-40.59496567466042
363,xgboost,raw,"{""colsample_bytree"": 0.8, ""learning_rate"": 0.1, ""max_depth"": 4, ""min_child_weight"": 5.0, ""n_estimators"": 350, ""reg_alpha"": 0.0, ""reg_lambda"": 10.0, ""subsample"": 0.8}",2,568,22,0.6079323418068464,48.63590994748202,64.68307776826151,0.5044947422933129,-32.10868254574862
363,xgboost,raw,"{""colsample_bytree"": 0.8, ""learning_rate"": 0.1, ""max_depth"": 4, ""min_child_weight"": 5.0, ""n_estimators"": 350, ""reg_alpha"": 0.0, ""reg_lambda"": 10.0, ""subsample"": 0.8}",3,590,22,0.5760861802430138,39.297010074962266,54.246284979441334,0.4399087339986139,-25.60823041742498
364,xgboost,log1p,"{""colsample_bytree"": 0.8, ""learning_rate"": 0.03, ""max_depth"": 2, ""min_child_weight"": 1.0, ""n_estimators"": 150, ""reg_alpha"": 0.0, ""reg_lambda"": 1.0, ""subsample"": 0.8}",1,546,22,0.6999924009745921,48.44293212890625,74.25948875201823,0.4910149665220984,-46.035629445856266
364,xgboost,log1p,"{""colsample_bytree"": 0.8, ""learning_rate"": 0.03, ""max_depth"": 2, ""min_child_weight"": 1.0, ""n_estimators"": 150, ""reg_alpha"": 0.0, ""reg_lambda"": 1.0, ""subsample"": 0.8}",2,568,22,0.5484708745174034,46.74495471607555,67.34670306177102,0.44780178962027006,-42.4539044120095
364,xgboost,log1p,"{""colsample_bytree"": 0.8, ""learning_rate"": 0.03, ""max_depth"": 2, ""min_child_weight"": 1.0, ""n_estimators"": 150, ""reg_alpha"": 0.0, ""reg_lambda"": 1.0, ""subsample"": 0.8}",3,590,22,0.5106510276622446,40.25782099637118,56.127399307663296,0.42832655752945004,-34.48454960909757
365,xgboost,log1p,"{""colsample_bytree"": 0.8, ""learning_rate"": 0.03, ""max_depth"": 2, ""min_child_weight"": 1.0, ""n_estimators"": 150, ""reg_alpha"": 0.0, ""reg_lambda"": 10.0, ""subsample"": 0.8}",1,546,22,0.7005145743524606,48.80105538801713,74.76736917438244,0.48887728126121616,-46.569191152399235
365,xgboost,log1p,"{""colsample_bytree"": 0.8, ""learning_rate"": 0.03, ""max_depth"": 2, ""min_child_weight"": 1.0, ""n_estimators"": 150, ""reg_alpha"": 0.0, ""reg_lambda"": 10.0, ""subsample"": 0.8}",2,568,22,0.5484522078516773,46.55675307187167,67.65739090484097,0.4433444738004203,-42.4989617954601
365,xgboost,log1p,"{""colsample_bytree"": 0.8, ""learning_rate"": 0.03, ""max_depth"": 2, ""min_child_weight"": 1.0, ""n_estimators"": 150, ""reg_alpha"": 0.0, ""reg_lambda"": 10.0, ""subsample"": 0.8}",3,590,22,0.5080789269270717,40.11769901622426,56.799686005686624,0.41921245869514095,-34.825512105768375
366,xgboost,log1p,"{""colsample_bytree"": 0.8, ""learning_rate"": 0.03, ""max_depth"": 2, ""min_child_weight"": 1.0, ""n_estimators"": 350, ""reg_alpha"": 0.0, ""reg_lambda"": 1.0, ""subsample"": 0.8}",1,546,22,0.7181167325123662,47.583857709711246,71.81313254013958,0.5069440251305464,-44.89875906163996
366,xgboost,log1p,"{""colsample_bytree"": 0.8, ""learning_rate"": 0.03, ""max_depth"": 2, ""min_child_weight"": 1.0, ""n_estimators"": 350, ""reg_alpha"": 0.0, ""reg_lambda"": 1.0, ""subsample"": 0.8}",2,568,22,0.5706265897795465,47.00071742317893,66.57705426730294,0.4656615530508532,-42.0536940314553
366,xgboost,log1p,"{""colsample_bytree"": 0.8, ""learning_rate"": 0.03, ""max_depth"": 2, ""min_child_weight"": 1.0, ""n_estimators"": 350, ""reg_alpha"": 0.0, ""reg_lambda"": 1.0, ""subsample"": 0.8}",3,590,22,0.5222180027834972,38.261614019220524,54.21028077931796,0.4182414997814224,-32.669551155783914
367,xgboost,log1p,"{""colsample_bytree"": 0.8, ""learning_rate"": 0.03, ""max_depth"": 2, ""min_child_weight"": 1.0, ""n_estimators"": 350, ""reg_alpha"": 0.0, ""reg_lambda"": 10.0, ""subsample"": 0.8}",1,546,22,0.7129192440031941,47.657491423866965,72.40891463294618,0.4969490146939082,-45.5553279356523
367,xgboost,log1p,"{""colsample_bytree"": 0.8, ""learning_rate"": 0.03, ""max_depth"": 2, ""min_child_weight"": 1.0, ""n_estimators"": 350, ""reg_alpha"": 0.0, ""reg_lambda"": 10.0, ""subsample"": 0.8}",2,568,22,0.5387381603841168,45.81768790158358,64.84428504784044,0.44720649334507007,-40.78162045912309
367,xgboost,log1p,"{""colsample_bytree"": 0.8, ""learning_rate"": 0.03, ""max_depth"": 2, ""min_child_weight"": 1.0, ""n_estimators"": 350, ""reg_alpha"": 0.0, ""reg_lambda"": 10.0, ""subsample"": 0.8}",3,590,22,0.4976130260495108,37.565463759682395,53.25614666969958,0.4022441057599369,-32.336181380532004
368,xgboost,log1p,"{""colsample_bytree"": 0.8, ""learning_rate"": 0.03, ""max_depth"": 2, ""min_child_weight"": 5.0, ""n_estimators"": 150, ""reg_alpha"": 0.0, ""reg_lambda"": 1.0, ""subsample"": 0.8}",1,546,22,0.7024196896741717,48.627394762906164,74.57506667531986,0.493045799605901,-46.17511766607111
368,xgboost,log1p,"{""colsample_bytree"": 0.8, ""learning_rate"": 0.03, ""max_depth"": 2, ""min_child_weight"": 5.0, ""n_estimators"": 150, ""reg_alpha"": 0.0, ""reg_lambda"": 1.0, ""subsample"": 0.8}",2,568,22,0.5459753944763616,46.62672953172164,67.473270389196,0.44358089217458185,-42.57180274616588
368,xgboost,log1p,"{""colsample_bytree"": 0.8, ""learning_rate"": 0.03, ""max_depth"": 2, ""min_child_weight"": 5.0, ""n_estimators"": 150, ""reg_alpha"": 0.0, ""reg_lambda"": 1.0, ""subsample"": 0.8}",3,590,22,0.5122359114760932,40.01854298331521,55.97677451910023,0.42422155593399596,-34.43698978424072
369,xgboost,log1p,"{""colsample_bytree"": 0.8, ""learning_rate"": 0.03, ""max_depth"": 2, ""min_child_weight"": 5.0, ""n_estimators"": 150, ""reg_alpha"": 0.0, ""reg_lambda"": 10.0, ""subsample"": 0.8}",1,546,22,0.7020993956107664,49.04903143102472,74.88103922332942,0.4917221706995335,-46.72690781680021
369,xgboost,log1p,"{""colsample_bytree"": 0.8, ""learning_rate"": 0.03, ""max_depth"": 2, ""min_child_weight"": 5.0, ""n_estimators"": 150, ""reg_alpha"": 0.0, ""reg_lambda"": 10.0, ""subsample"": 0.8}",2,568,22,0.5467415001803012,46.3420487317172,67.18286555191925,0.4434511078366077,-42.28023052215576
369,xgboost,log1p,"{""colsample_bytree"": 0.8, ""learning_rate"": 0.03, ""max_depth"": 2, ""min_child_weight"": 5.0, ""n_estimators"": 150, ""reg_alpha"": 0.0, ""reg_lambda"": 10.0, ""subsample"": 0.8}",3,590,22,0.5101181536157297,40.26074712926691,56.97966192345559,0.41958921258017035,-34.94105052947998
370,xgboost,log1p,"{""colsample_bytree"": 0.8, ""learning_rate"": 0.03, ""max_depth"": 2, ""min_child_weight"": 5.0, ""n_estimators"": 350, ""reg_alpha"": 0.0, ""reg_lambda"": 1.0, ""subsample"": 0.8}",1,546,22,0.7291392172960817,48.0107401934537,71.89802402849183,0.5175932008502729,-45.01805678280917
370,xgboost,log1p,"{""colsample_bytree"": 0.8, ""learning_rate"": 0.03, ""max_depth"": 2, ""min_child_weight"": 5.0, ""n_estimators"": 350, ""reg_alpha"": 0.0, ""reg_lambda"": 1.0, ""subsample"": 0.8}",2,568,22,0.5590985660647941,46.79416613145308,66.9110674550152,0.45804976916119017,-42.170451857826926
370,xgboost,log1p,"{""colsample_bytree"": 0.8, ""learning_rate"": 0.03, ""max_depth"": 2, ""min_child_weight"": 5.0, ""n_estimators"": 350, ""reg_alpha"": 0.0, ""reg_lambda"": 1.0, ""subsample"": 0.8}",3,590,22,0.5133704306329078,37.923159252513535,54.055488274160965,0.41385651626239994,-32.46414245258678
371,xgboost,log1p,"{""colsample_bytree"": 0.8, ""learning_rate"": 0.03, ""max_depth"": 2, ""min_child_weight"": 5.0, ""n_estimators"": 350, ""reg_alpha"": 0.0, ""reg_lambda"": 10.0, ""subsample"": 0.8}",1,546,22,0.7159734260058734,47.82213653217662,72.42301099400233,0.4997458576363012,-45.65781515294855
371,xgboost,log1p,"{""colsample_bytree"": 0.8, ""learning_rate"": 0.03, ""max_depth"": 2, ""min_child_weight"": 5.0, ""n_estimators"": 350, ""reg_alpha"": 0.0, ""reg_lambda"": 10.0, ""subsample"": 0.8}",2,568,22,0.5422588434296988,45.73469552126798,65.03618316285265,0.4474416570638598,-41.01082689111883
371,xgboost,log1p,"{""colsample_bytree"": 0.8, ""learning_rate"": 0.03, ""max_depth"": 2, ""min_child_weight"": 5.0, ""n_estimators"": 350, ""reg_alpha"": 0.0, ""reg_lambda"": 10.0, ""subsample"": 0.8}",3,590,22,0.49633701752945153,37.85458356683905,53.571091501868175,0.4035253880953488,-32.24099419333718
372,xgboost,log1p,"{""colsample_bytree"": 0.8, ""learning_rate"": 0.03, ""max_depth"": 4, ""min_child_weight"": 1.0, ""n_estimators"": 150, ""reg_alpha"": 0.0, ""reg_lambda"": 1.0, ""subsample"": 0.8}",1,546,22,0.7323036217134281,48.226395173506305,73.27114237181688,0.5107721857533027,-44.10504271767356
372,xgboost,log1p,"{""colsample_bytree"": 0.8, ""learning_rate"": 0.03, ""max_depth"": 4, ""min_child_weight"": 1.0, ""n_estimators"": 150, ""reg_alpha"": 0.0, ""reg_lambda"": 1.0, ""subsample"": 0.8}",2,568,22,0.5707923006283762,45.798848845741965,64.03983614634967,0.45866288956884665,-38.239273678172715
372,xgboost,log1p,"{""colsample_bytree"": 0.8, ""learning_rate"": 0.03, ""max_depth"": 4, ""min_child_weight"": 1.0, ""n_estimators"": 150, ""reg_alpha"": 0.0, ""reg_lambda"": 1.0, ""subsample"": 0.8}",3,590,22,0.4953097746617726,37.729320612820715,53.069109761570985,0.40988832416926985,-29.97530286962336
373,xgboost,log1p,"{""colsample_bytree"": 0.8, ""learning_rate"": 0.03, ""max_depth"": 4, ""min_child_weight"": 1.0, ""n_estimators"": 150, ""reg_alpha"": 0.0, ""reg_lambda"": 10.0, ""subsample"": 0.8}",1,546,22,0.7140225847069538,48.0469970703125,73.57390313159421,0.49558102106288876,-44.845084797252305
373,xgboost,log1p,"{""colsample_bytree"": 0.8, ""learning_rate"": 0.03, ""max_depth"": 4, ""min_child_weight"": 1.0, ""n_estimators"": 150, ""reg_alpha"": 0.0, ""reg_lambda"": 10.0, ""subsample"": 0.8}",2,568,22,0.571778128234414,46.46660388599742,66.01444743189009,0.4641787491270849,-40.48282866044478
373,xgboost,log1p,"{""colsample_bytree"": 0.8, ""learning_rate"": 0.03, ""max_depth"": 4, ""min_child_weight"": 1.0, ""n_estimators"": 150, ""reg_alpha"": 0.0, ""reg_lambda"": 10.0, ""subsample"": 0.8}",3,590,22,0.4940347347061946,38.77421405098655,54.41086110831842,0.4150259292567069,-31.302592624317516
374,xgboost,log1p,"{""colsample_bytree"": 0.8, ""learning_rate"": 0.03, ""max_depth"": 4, ""min_child_weight"": 1.0, ""n_estimators"": 350, ""reg_alpha"": 0.0, ""reg_lambda"": 1.0, ""subsample"": 0.8}",1,546,22,0.7492118353391716,49.1438346342607,72.57518196901694,0.533762816107737,-44.066344261169434
374,xgboost,log1p,"{""colsample_bytree"": 0.8, ""learning_rate"": 0.03, ""max_depth"": 4, ""min_child_weight"": 1.0, ""n_estimators"": 350, ""reg_alpha"": 0.0, ""reg_lambda"": 1.0, ""subsample"": 0.8}",2,568,22,0.6177047239113839,47.518024704673074,65.06960121383503,0.4885146229265892,-38.59591926227916
374,xgboost,log1p,"{""colsample_bytree"": 0.8, ""learning_rate"": 0.03, ""max_depth"": 4, ""min_child_weight"": 1.0, ""n_estimators"": 350, ""reg_alpha"": 0.0, ""reg_lambda"": 1.0, ""subsample"": 0.8}",3,590,22,0.5242445812661507,38.06331018968062,53.52878315868057,0.41615705761202104,-29.914243264631793
375,xgboost,log1p,"{""colsample_bytree"": 0.8, ""learning_rate"": 0.03, ""max_depth"": 4, ""min_child_weight"": 1.0, ""n_estimators"": 350, ""reg_alpha"": 0.0, ""reg_lambda"": 10.0, ""subsample"": 0.8}",1,546,22,0.7307946372811193,48.52587803927335,72.72513038852637,0.5188028202748345,-43.54209206321023
375,xgboost,log1p,"{""colsample_bytree"": 0.8, ""learning_rate"": 0.03, ""max_depth"": 4, ""min_child_weight"": 1.0, ""n_estimators"": 350, ""reg_alpha"": 0.0, ""reg_lambda"": 10.0, ""subsample"": 0.8}",2,568,22,0.5871500388864087,47.25429222800515,64.3083951407065,0.48705660038312276,-39.396419351751156
375,xgboost,log1p,"{""colsample_bytree"": 0.8, ""learning_rate"": 0.03, ""max_depth"": 4, ""min_child_weight"": 1.0, ""n_estimators"": 350, ""reg_alpha"": 0.0, ""reg_lambda"": 10.0, ""subsample"": 0.8}",3,590,22,0.5146373916445776,38.23583836988969,53.50168125836284,0.4162114394251418,-30.016838333823465
376,xgboost,log1p,"{""colsample_bytree"": 0.8, ""learning_rate"": 0.03, ""max_depth"": 4, ""min_child_weight"": 5.0, ""n_estimators"": 150, ""reg_alpha"": 0.0, ""reg_lambda"": 1.0, ""subsample"": 0.8}",1,546,22,0.737148870769486,48.30242672833529,72.59658637406343,0.5167937315097102,-44.164366418665104
376,xgboost,log1p,"{""colsample_bytree"": 0.8, ""learning_rate"": 0.03, ""max_depth"": 4, ""min_child_weight"": 5.0, ""n_estimators"": 150, ""reg_alpha"": 0.0, ""reg_lambda"": 1.0, ""subsample"": 0.8}",2,568,22,0.577246766236854,46.29555546153676,64.4251442499888,0.4705920387114292,-39.622100136496805
376,xgboost,log1p,"{""colsample_bytree"": 0.8, ""learning_rate"": 0.03, ""max_depth"": 4, ""min_child_weight"": 5.0, ""n_estimators"": 150, ""reg_alpha"": 0.0, ""reg_lambda"": 1.0, ""subsample"": 0.8}",3,590,22,0.5042127065249236,37.54244743693959,53.70132414942624,0.4042638592604556,-29.409633549776945
377,xgboost,log1p,"{""colsample_bytree"": 0.8, ""learning_rate"": 0.03, ""max_depth"": 4, ""min_child_weight"": 5.0, ""n_estimators"": 150, ""reg_alpha"": 0.0, ""reg_lambda"": 10.0, ""subsample"": 0.8}",1,546,22,0.7152878889857915,47.75664719668302,73.04929237782092,0.49726250005758954,-44.65382740714333
377,xgboost,log1p,"{""colsample_bytree"": 0.8, ""learning_rate"": 0.03, ""max_depth"": 4, ""min_child_weight"": 5.0, ""n_estimators"": 150, ""reg_alpha"": 0.0, ""reg_lambda"": 10.0, ""subsample"": 0.8}",2,568,22,0.5814746091135247,46.99304363944314,66.38125560607006,0.4726095152455168,-40.99564248865301
377,xgboost,log1p,"{""colsample_bytree"": 0.8, ""learning_rate"": 0.03, ""max_depth"": 4, ""min_child_weight"": 5.0, ""n_estimators"": 150, ""reg_alpha"": 0.0, ""reg_lambda"": 10.0, ""subsample"": 0.8}",3,590,22,0.49732665674223925,38.61049955541437,53.924069460345315,0.41557094555649265,-31.503320607272062
378,xgboost,log1p,"{""colsample_bytree"": 0.8, ""learning_rate"": 0.03, ""max_depth"": 4, ""min_child_weight"": 5.0, ""n_estimators"": 350, ""reg_alpha"": 0.0, ""reg_lambda"": 1.0, ""subsample"": 0.8}",1,546,22,0.7614639371063502,49.25903003866022,72.19959538408695,0.5429611149510575,-43.709213733673096
378,xgboost,log1p,"{""colsample_bytree"": 0.8, ""learning_rate"": 0.03, ""max_depth"": 4, ""min_child_weight"": 5.0, ""n_estimators"": 350, ""reg_alpha"": 0.0, ""reg_lambda"": 1.0, ""subsample"": 0.8}",2,568,22,0.6280016545605028,48.36852949315851,65.6214731363603,0.5068820432381497,-40.15022303841331
378,xgboost,log1p,"{""colsample_bytree"": 0.8, ""learning_rate"": 0.03, ""max_depth"": 4, ""min_child_weight"": 5.0, ""n_estimators"": 350, ""reg_alpha"": 0.0, ""reg_lambda"": 1.0, ""subsample"": 0.8}",3,590,22,0.5380384497810918,38.37402482466264,53.72035573685239,0.41551359060262066,-28.35889278758656
379,xgboost,log1p,"{""colsample_bytree"": 0.8, ""learning_rate"": 0.03, ""max_depth"": 4, ""min_child_weight"": 5.0, ""n_estimators"": 350, ""reg_alpha"": 0.0, ""reg_lambda"": 10.0, ""subsample"": 0.8}",1,546,22,0.7336695324902067,48.373234662142664,72.42235416135387,0.5210848294566917,-43.7455808466131
379,xgboost,log1p,"{""colsample_bytree"": 0.8, ""learning_rate"": 0.03, ""max_depth"": 4, ""min_child_weight"": 5.0, ""n_estimators"": 350, ""reg_alpha"": 0.0, ""reg_lambda"": 10.0, ""subsample"": 0.8}",2,568,22,0.5994950307906589,47.913806135004215,65.40595943519942,0.49549077609435005,-40.51261112906716
379,xgboost,log1p,"{""colsample_bytree"": 0.8, ""learning_rate"": 0.03, ""max_depth"": 4, ""min_child_weight"": 5.0, ""n_estimators"": 350, ""reg_alpha"": 0.0, ""reg_lambda"": 10.0, ""subsample"": 0.8}",3,590,22,0.5172609381329877,37.87057304382324,52.63525169403099,0.4163996250798872,-29.741505709561434
380,xgboost,log1p,"{""colsample_bytree"": 0.8, ""learning_rate"": 0.1, ""max_depth"": 2, ""min_child_weight"": 1.0, ""n_estimators"": 150, ""reg_alpha"": 0.0, ""reg_lambda"": 1.0, ""subsample"": 0.8}",1,546,22,0.7444272493054135,48.440984379161485,71.29414395385875,0.5287750292059076,-44.96082149852406
380,xgboost,log1p,"{""colsample_bytree"": 0.8, ""learning_rate"": 0.1, ""max_depth"": 2, ""min_child_weight"": 1.0, ""n_estimators"": 150, ""reg_alpha"": 0.0, ""reg_lambda"": 1.0, ""subsample"": 0.8}",2,568,22,0.600331030600726,47.649737791581586,66.22817249036734,0.48693162714016275,-42.18047176707875
380,xgboost,log1p,"{""colsample_bytree"": 0.8, ""learning_rate"": 0.1, ""max_depth"": 2, ""min_child_weight"": 1.0, ""n_estimators"": 150, ""reg_alpha"": 0.0, ""reg_lambda"": 1.0, ""subsample"": 0.8}",3,590,22,0.5290636794623009,38.43943916667592,54.39075644613157,0.41837590691346294,-32.59379204836759
381,xgboost,log1p,"{""colsample_bytree"": 0.8, ""learning_rate"": 0.1, ""max_depth"": 2, ""min_child_weight"": 1.0, ""n_estimators"": 150, ""reg_alpha"": 0.0, ""reg_lambda"": 10.0, ""subsample"": 0.8}",1,546,22,0.7297867114217074,48.93884641473944,72.85097337115289,0.524356458465051,-46.13018053228205
381,xgboost,log1p,"{""colsample_bytree"": 0.8, ""learning_rate"": 0.1, ""max_depth"": 2, ""min_child_weight"": 1.0, ""n_estimators"": 150, ""reg_alpha"": 0.0, ""reg_lambda"": 10.0, ""subsample"": 0.8}",2,568,22,0.5638798957129134,47.26633522727273,66.38350033117207,0.4674201577486609,-41.69270324707031
381,xgboost,log1p,"{""colsample_bytree"": 0.8, ""learning_rate"": 0.1, ""max_depth"": 2, ""min_child_weight"": 1.0, ""n_estimators"": 150, ""reg_alpha"": 0.0, ""reg_lambda"": 10.0, ""subsample"": 0.8}",3,590,22,0.4904161702560378,37.40276345339689,52.51044437398034,0.40221715303702116,-31.314398245377973
382,xgboost,log1p,"{""colsample_bytree"": 0.8, ""learning_rate"": 0.1, ""max_depth"": 2, ""min_child_weight"": 1.0, ""n_estimators"": 350, ""reg_alpha"": 0.0, ""reg_lambda"": 1.0, ""subsample"": 0.8}",1,546,22,0.7661832005888046,50.233331420204856,71.45029453225453,0.5635973935728416,-44.910230203108355
382,xgboost,log1p,"{""colsample_bytree"": 0.8, ""learning_rate"": 0.1, ""max_depth"": 2, ""min_child_weight"": 1.0, ""n_estimators"": 350, ""reg_alpha"": 0.0, ""reg_lambda"": 1.0, ""subsample"": 0.8}",2,568,22,0.6607778826860705,50.60155565088446,68.63861112440954,0.5352697195457291,-45.36713400754061
382,xgboost,log1p,"{""colsample_bytree"": 0.8, ""learning_rate"": 0.1, ""max_depth"": 2, ""min_child_weight"": 1.0, ""n_estimators"": 350, ""reg_alpha"": 0.0, ""reg_lambda"": 1.0, ""subsample"": 0.8}",3,590,22,0.5715462675026164,40.46152045510032,56.189885293701025,0.4363394809695299,-32.02694684808905
383,xgboost,log1p,"{""colsample_bytree"": 0.8, ""learning_rate"": 0.1, ""max_depth"": 2, ""min_child_weight"": 1.0, ""n_estimators"": 350, ""reg_alpha"": 0.0, ""reg_lambda"": 10.0, ""subsample"": 0.8}",1,546,22,0.7514627363463093,50.6609771901911,72.73709264529502,0.563416403297324,-46.105623331936926
383,xgboost,log1p,"{""colsample_bytree"": 0.8, ""learning_rate"": 0.1, ""max_depth"": 2, ""min_child_weight"": 1.0, ""n_estimators"": 350, ""reg_alpha"": 0.0, ""reg_lambda"": 10.0, ""subsample"": 0.8}",2,568,22,0.5881744509260153,49.068918748335406,66.7412524223551,0.5032837485789551,-43.07609263333407
383,xgboost,log1p,"{""colsample_bytree"": 0.8, ""learning_rate"": 0.1, ""max_depth"": 2, ""min_child_weight"": 1.0, ""n_estimators"": 350, ""reg_alpha"": 0.0, ""reg_lambda"": 10.0, ""subsample"": 0.8}",3,590,22,0.5105056591048364,38.57745291969993,53.647403657097364,0.41583698979962486,-31.52978654341264
384,xgboost,log1p,"{""colsample_bytree"": 0.8, ""learning_rate"": 0.1, ""max_depth"": 2, ""min_child_weight"": 5.0, ""n_estimators"": 150, ""reg_alpha"": 0.0, ""reg_lambda"": 1.0, ""subsample"": 0.8}",1,546,22,0.7531460979800395,49.00298950888894,71.12780042886999,0.5386962856768418,-46.18309471823952
384,xgboost,log1p,"{""colsample_bytree"": 0.8, ""learning_rate"": 0.1, ""max_depth"": 2, ""min_child_weight"": 5.0, ""n_estimators"": 150, ""reg_alpha"": 0.0, ""reg_lambda"": 1.0, ""subsample"": 0.8}",2,568,22,0.6070358765026208,48.78069088675759,67.76628277999453,0.49997673849859425,-42.750041007995605
384,xgboost,log1p,"{""colsample_bytree"": 0.8, ""learning_rate"": 0.1, ""max_depth"": 2, ""min_child_weight"": 5.0, ""n_estimators"": 150, ""reg_alpha"": 0.0, ""reg_lambda"": 1.0, ""subsample"": 0.8}",3,590,22,0.49992758391559194,36.474058324640446,52.014367172438575,0.3984312927350134,-31.11312346024947
385,xgboost,log1p,"{""colsample_bytree"": 0.8, ""learning_rate"": 0.1, ""max_depth"": 2, ""min_child_weight"": 5.0, ""n_estimators"": 150, ""reg_alpha"": 0.0, ""reg_lambda"": 10.0, ""subsample"": 0.8}",1,546,22,0.7238576739600416,48.17517792094838,72.05787397015237,0.5130726424889777,-45.44231458143754
385,xgboost,log1p,"{""colsample_bytree"": 0.8, ""learning_rate"": 0.1, ""max_depth"": 2, ""min_child_weight"": 5.0, ""n_estimators"": 150, ""reg_alpha"": 0.0, ""reg_lambda"": 10.0, ""subsample"": 0.8}",2,568,22,0.571269833938254,47.74502190676603,66.85340996757962,0.4741677603921312,-41.88413854078813
385,xgboost,log1p,"{""colsample_bytree"": 0.8, ""learning_rate"": 0.1, ""max_depth"": 2, ""min_child_weight"": 5.0, ""n_estimators"": 150, ""reg_alpha"": 0.0, ""reg_lambda"": 10.0, ""subsample"": 0.8}",3,590,22,0.48175752098014724,36.41184572740035,51.25531735371718,0.3935958125096375,-29.947129422968086
386,xgboost,log1p,"{""colsample_bytree"": 0.8, ""learning_rate"": 0.1, ""max_depth"": 2, ""min_child_weight"": 5.0, ""n_estimators"": 350, ""reg_alpha"": 0.0, ""reg_lambda"": 1.0, ""subsample"": 0.8}",1,546,22,0.7659767865201218,48.526961760087445,69.18012535616487,0.5572561750381069,-43.913396315141156
386,xgboost,log1p,"{""colsample_bytree"": 0.8, ""learning_rate"": 0.1, ""max_depth"": 2, ""min_child_weight"": 5.0, ""n_estimators"": 350, ""reg_alpha"": 0.0, ""reg_lambda"": 1.0, ""subsample"": 0.8}",2,568,22,0.6719840002421434,52.029958031394266,70.35553545804412,0.5488365539395508,-44.85231312838468
386,xgboost,log1p,"{""colsample_bytree"": 0.8, ""learning_rate"": 0.1, ""max_depth"": 2, ""min_child_weight"": 5.0, ""n_estimators"": 350, ""reg_alpha"": 0.0, ""reg_lambda"": 1.0, ""subsample"": 0.8}",3,590,22,0.5529277655222169,38.63687151128595,53.39743224820575,0.4244448542939642,-30.629668669267133
387,xgboost,log1p,"{""colsample_bytree"": 0.8, ""learning_rate"": 0.1, ""max_depth"": 2, ""min_child_weight"": 5.0, ""n_estimators"": 350, ""reg_alpha"": 0.0, ""reg_lambda"": 10.0, ""subsample"": 0.8}",1,546,22,0.74927745766634,50.41814882105047,72.28029789021824,0.5594195608035286,-46.08412369814786
387,xgboost,log1p,"{""colsample_bytree"": 0.8, ""learning_rate"": 0.1, ""max_depth"": 2, ""min_child_weight"": 5.0, ""n_estimators"": 350, ""reg_alpha"": 0.0, ""reg_lambda"": 10.0, ""subsample"": 0.8}",2,568,22,0.6056401485460031,50.36441586234353,67.36054124509695,0.5244139191021846,-43.79457447745583
387,xgboost,log1p,"{""colsample_bytree"": 0.8, ""learning_rate"": 0.1, ""max_depth"": 2, ""min_child_weight"": 5.0, ""n_estimators"": 350, ""reg_alpha"": 0.0, ""reg_lambda"": 10.0, ""subsample"": 0.8}",3,590,22,0.4938480978565569,37.230541402643375,51.27735477586507,0.40589637943513907,-28.899985226717863
388,xgboost,log1p,"{""colsample_bytree"": 0.8, ""learning_rate"": 0.1, ""max_depth"": 4, ""min_child_weight"": 1.0, ""n_estimators"": 150, ""reg_alpha"": 0.0, ""reg_lambda"": 1.0, ""subsample"": 0.8}",1,546,22,0.7645133293275946,50.96731888164174,73.43839070069586,0.5641973777585167,-43.466088641773574
388,xgboost,log1p,"{""colsample_bytree"": 0.8, ""learning_rate"": 0.1, ""max_depth"": 4, ""min_child_weight"": 1.0, ""n_estimators"": 150, ""reg_alpha"": 0.0, ""reg_lambda"": 1.0, ""subsample"": 0.8}",2,568,22,0.5794253651681861,46.42900501598012,64.25412770364633,0.4708283711023498,-39.01012975519354
388,xgboost,log1p,"{""colsample_bytree"": 0.8, ""learning_rate"": 0.1, ""max_depth"": 4, ""min_child_weight"": 1.0, ""n_estimators"": 150, ""reg_alpha"": 0.0, ""reg_lambda"": 1.0, ""subsample"": 0.8}",3,590,22,0.5560025038694106,39.24792905287309,55.290449927991,0.428291154518554,-29.300227512012828
389,xgboost,log1p,"{""colsample_bytree"": 0.8, ""learning_rate"": 0.1, ""max_depth"": 4, ""min_child_weight"": 1.0, ""n_estimators"": 150, ""reg_alpha"": 0.0, ""reg_lambda"": 10.0, ""subsample"": 0.8}",1,546,22,0.7432913757494551,50.020830848000266,74.5128174339798,0.532523779125899,-43.77702782370827
389,xgboost,log1p,"{""colsample_bytree"": 0.8, ""learning_rate"": 0.1, ""max_depth"": 4, ""min_child_weight"": 1.0, ""n_estimators"": 150, ""reg_alpha"": 0.0, ""reg_lambda"": 10.0, ""subsample"": 0.8}",2,568,22,0.5991871145272936,48.27398482235995,65.12125939013691,0.5062747641702877,-41.12227396531539
389,xgboost,log1p,"{""colsample_bytree"": 0.8, ""learning_rate"": 0.1, ""max_depth"": 4, ""min_child_weight"": 1.0, ""n_estimators"": 150, ""reg_alpha"": 0.0, ""reg_lambda"": 10.0, ""subsample"": 0.8}",3,590,22,0.5631644509721033,39.9695913141424,55.998622791571385,0.43069911637410674,-28.305452173406426
390,xgboost,log1p,"{""colsample_bytree"": 0.8, ""learning_rate"": 0.1, ""max_depth"": 4, ""min_child_weight"": 1.0, ""n_estimators"": 350, ""reg_alpha"": 0.0, ""reg_lambda"": 1.0, ""subsample"": 0.8}",1,546,22,0.7571081085667357,50.965363935990766,72.60341227489414,0.5668578554763958,-41.846297004006125
390,xgboost,log1p,"{""colsample_bytree"": 0.8, ""learning_rate"": 0.1, ""max_depth"": 4, ""min_child_weight"": 1.0, ""n_estimators"": 350, ""reg_alpha"": 0.0, ""reg_lambda"": 1.0, ""subsample"": 0.8}",2,568,22,0.5784581978135627,45.2070349779996,62.249971391442834,0.4647832384796574,-37.88184625452215
390,xgboost,log1p,"{""colsample_bytree"": 0.8, ""learning_rate"": 0.1, ""max_depth"": 4, ""min_child_weight"": 1.0, ""n_estimators"": 350, ""reg_alpha"": 0.0, ""reg_lambda"": 1.0, ""subsample"": 0.8}",3,590,22,0.5793378581297832,39.88978420604359,55.94626078396824,0.43735202939553963,-29.50213553688743
391,xgboost,log1p,"{""colsample_bytree"": 0.8, ""learning_rate"": 0.1, ""max_depth"": 4, ""min_child_weight"": 1.0, ""n_estimators"": 350, ""reg_alpha"": 0.0, ""reg_lambda"": 10.0, ""subsample"": 0.8}",1,546,22,0.7511780685202657,50.86261887983842,75.07344194010426,0.5448084071867059,-44.03228256919167
391,xgboost,log1p,"{""colsample_bytree"": 0.8, ""learning_rate"": 0.1, ""max_depth"": 4, ""min_child_weight"": 1.0, ""n_estimators"": 350, ""reg_alpha"": 0.0, ""reg_lambda"": 10.0, ""subsample"": 0.8}",2,568,22,0.6201837322960437,48.12404745275324,63.27511725502221,0.5152676704112288,-38.82397105477073
391,xgboost,log1p,"{""colsample_bytree"": 0.8, ""learning_rate"": 0.1, ""max_depth"": 4, ""min_child_weight"": 1.0, ""n_estimators"": 350, ""reg_alpha"": 0.0, ""reg_lambda"": 10.0, ""subsample"": 0.8}",3,590,22,0.5981731566370663,41.669673139398746,58.15418607767611,0.4495378748666214,-29.11734607002952
392,xgboost,log1p,"{""colsample_bytree"": 0.8, ""learning_rate"": 0.1, ""max_depth"": 4, ""min_child_weight"": 5.0, ""n_estimators"": 150, ""reg_alpha"": 0.0, ""reg_lambda"": 1.0, ""subsample"": 0.8}",1,546,22,0.7775857081191236,51.144028490239926,74.00526259624999,0.5741550725115375,-44.20409228584983
392,xgboost,log1p,"{""colsample_bytree"": 0.8, ""learning_rate"": 0.1, ""max_depth"": 4, ""min_child_weight"": 5.0, ""n_estimators"": 150, ""reg_alpha"": 0.0, ""reg_lambda"": 1.0, ""subsample"": 0.8}",2,568,22,0.6720621004499172,49.72558741136031,66.56260136064694,0.5254486314845426,-40.143242835998535
392,xgboost,log1p,"{""colsample_bytree"": 0.8, ""learning_rate"": 0.1, ""max_depth"": 4, ""min_child_weight"": 5.0, ""n_estimators"": 150, ""reg_alpha"": 0.0, ""reg_lambda"": 1.0, ""subsample"": 0.8}",3,590,22,0.5759367882966445,40.3176475871693,55.71874977975766,0.4447904859959516,-28.702270334417168
393,xgboost,log1p,"{""colsample_bytree"": 0.8, ""learning_rate"": 0.1, ""max_depth"": 4, ""min_child_weight"": 5.0, ""n_estimators"": 150, ""reg_alpha"": 0.0, ""reg_lambda"": 10.0, ""subsample"": 0.8}",1,546,22,0.7496137884614434,50.21056149222634,73.93190236553129,0.5377877070646798,-43.77458997206254
393,xgboost,log1p,"{""colsample_bytree"": 0.8, ""learning_rate"": 0.1, ""max_depth"": 4, ""min_child_weight"": 5.0, ""n_estimators"": 150, ""reg_alpha"": 0.0, ""reg_lambda"": 10.0, ""subsample"": 0.8}",2,568,22,0.6173676558815913,49.01348946311257,67.13943684307715,0.5043374113545126,-40.96025241505016
393,xgboost,log1p,"{""colsample_bytree"": 0.8, ""learning_rate"": 0.1, ""max_depth"": 4, ""min_child_weight"": 5.0, ""n_estimators"": 150, ""reg_alpha"": 0.0, ""reg_lambda"": 10.0, ""subsample"": 0.8}",3,590,22,0.5511913791192887,38.558860778808594,54.53282780067509,0.4213127480605643,-28.41361600702459
394,xgboost,log1p,"{""colsample_bytree"": 0.8, ""learning_rate"": 0.1, ""max_depth"": 4, ""min_child_weight"": 5.0, ""n_estimators"": 350, ""reg_alpha"": 0.0, ""reg_lambda"": 1.0, ""subsample"": 0.8}",1,546,22,0.7530848356108026,49.743338931690566,72.44487991038542,0.5587877411565789,-42.901555581526324
394,xgboost,log1p,"{""colsample_bytree"": 0.8, ""learning_rate"": 0.1, ""max_depth"": 4, ""min_child_weight"": 5.0, ""n_estimators"": 350, ""reg_alpha"": 0.0, ""reg_lambda"": 1.0, ""subsample"": 0.8}",2,568,22,0.7002659694117113,50.85495714707808,66.52534500290247,0.5470621123019916,-39.62510013580322
394,xgboost,log1p,"{""colsample_bytree"": 0.8, ""learning_rate"": 0.1, ""max_depth"": 4, ""min_child_weight"": 5.0, ""n_estimators"": 350, ""reg_alpha"": 0.0, ""reg_lambda"": 1.0, ""subsample"": 0.8}",3,590,22,0.6159449678522267,42.731154441833496,57.904366341024414,0.47337503466338704,-29.462759104642
395,xgboost,log1p,"{""colsample_bytree"": 0.8, ""learning_rate"": 0.1, ""max_depth"": 4, ""min_child_weight"": 5.0, ""n_estimators"": 350, ""reg_alpha"": 0.0, ""reg_lambda"": 10.0, ""subsample"": 0.8}",1,546,22,0.7596024040753933,51.217178951610215,74.30739700366135,0.5564353951461397,-43.87319920279763
395,xgboost,log1p,"{""colsample_bytree"": 0.8, ""learning_rate"": 0.1, ""max_depth"": 4, ""min_child_weight"": 5.0, ""n_estimators"": 350, ""reg_alpha"": 0.0, ""reg_lambda"": 10.0, ""subsample"": 0.8}",2,568,22,0.6504922362787162,50.31762331182306,66.7757205057418,0.5308337646839802,-40.47536260431463
395,xgboost,log1p,"{""colsample_bytree"": 0.8, ""learning_rate"": 0.1, ""max_depth"": 4, ""min_child_weight"": 5.0, ""n_estimators"": 350, ""reg_alpha"": 0.0, ""reg_lambda"": 10.0, ""subsample"": 0.8}",3,590,22,0.5848443305858085,39.601943102749914,55.22751386866635,0.4435764069759051,-29.562451449307527
